# Blender 5.0.1
# www.blender.org
mtllib Brush.mtl
o brush.001
v 0.081252 0.021564 -0.000000
v 0.081603 0.041455 -0.000000
v 0.081252 0.021564 -0.003010
v 0.081603 0.041455 -0.003010
v 0.077003 0.021564 -0.007359
v 0.077355 0.041455 -0.007359
v 0.072751 0.021564 -0.011889
v 0.073103 0.041455 -0.011889
v -0.000000 0.021564 -0.011889
v -0.000000 0.041455 -0.011889
v 0.081603 0.054899 -0.000000
v 0.081603 0.054899 -0.003010
v 0.077355 0.054899 -0.007359
v 0.073103 0.054899 -0.011889
v -0.000000 0.054899 -0.011889
v 0.082375 0.057748 -0.000000
v 0.082375 0.057748 -0.003701
v 0.078127 0.057748 -0.008049
v 0.073875 0.057748 -0.012579
v -0.000000 0.057748 -0.012579
v 0.081603 0.060378 -0.000000
v 0.081603 0.060378 -0.003010
v 0.077355 0.060378 -0.007359
v 0.073103 0.060378 -0.011889
v -0.000000 0.060378 -0.011889
v 0.081603 0.090333 -0.000000
v 0.081603 0.090333 -0.003010
v 0.077355 0.090333 -0.007359
v 0.073103 0.090333 -0.011889
v -0.000000 0.090333 -0.011889
v 0.082375 0.093218 -0.000000
v 0.082375 0.093218 -0.003701
v 0.078127 0.093218 -0.008049
v 0.073875 0.093218 -0.012579
v -0.000000 0.093218 -0.012579
v 0.081603 0.095867 -0.000000
v 0.081603 0.095867 -0.003010
v 0.077355 0.095867 -0.007359
v 0.073103 0.095867 -0.011889
v -0.000000 0.095867 -0.011889
v 0.081603 0.099405 -0.000000
v 0.081603 0.099405 -0.003010
v 0.077355 0.099405 -0.007359
v 0.073103 0.099405 -0.011889
v -0.000000 0.099405 -0.011889
v 0.082375 0.101727 -0.000000
v 0.082375 0.101727 -0.003701
v 0.078127 0.101727 -0.008049
v 0.073875 0.101727 -0.012579
v -0.000000 0.101727 -0.012579
v 0.081603 0.103704 -0.000000
v 0.081603 0.103704 -0.003010
v 0.077355 0.103704 -0.007359
v 0.073103 0.103704 -0.011889
v -0.000000 0.103704 -0.011889
v 0.081603 0.107224 -0.000000
v 0.081603 0.107224 -0.003010
v 0.077355 0.107224 -0.007359
v 0.073103 0.107224 -0.011889
v -0.000000 0.107224 -0.011889
v 0.082375 0.109383 -0.000000
v 0.082375 0.109383 -0.003701
v 0.078127 0.109383 -0.008049
v 0.073875 0.109383 -0.012579
v -0.000000 0.109383 -0.012579
v 0.081603 0.111433 -0.000000
v 0.081603 0.111433 -0.003010
v 0.077355 0.111433 -0.007359
v 0.073103 0.111433 -0.011889
v -0.000000 0.111433 -0.011889
v 0.081603 0.115298 -0.000000
v 0.081603 0.115298 -0.003010
v 0.077355 0.115298 -0.007359
v 0.073103 0.115298 -0.011889
v -0.000000 0.115298 -0.011889
v -0.081252 0.021564 -0.000000
v -0.081603 0.041455 -0.000000
v -0.081252 0.021564 -0.003010
v -0.081603 0.041455 -0.003010
v -0.077003 0.021564 -0.007359
v -0.077355 0.041455 -0.007359
v -0.072751 0.021564 -0.011889
v -0.073103 0.041455 -0.011889
v -0.081603 0.054899 -0.000000
v -0.081603 0.054899 -0.003010
v -0.077355 0.054899 -0.007359
v -0.073103 0.054899 -0.011889
v -0.082375 0.057748 -0.000000
v -0.082375 0.057748 -0.003701
v -0.078127 0.057748 -0.008049
v -0.073875 0.057748 -0.012579
v -0.081603 0.060378 -0.000000
v -0.081603 0.060378 -0.003010
v -0.077355 0.060378 -0.007359
v -0.073103 0.060378 -0.011889
v -0.081603 0.090333 -0.000000
v -0.081603 0.090333 -0.003010
v -0.077355 0.090333 -0.007359
v -0.073103 0.090333 -0.011889
v -0.082375 0.093218 -0.000000
v -0.082375 0.093218 -0.003701
v -0.078127 0.093218 -0.008049
v -0.073875 0.093218 -0.012579
v -0.081603 0.095867 -0.000000
v -0.081603 0.095867 -0.003010
v -0.077355 0.095867 -0.007359
v -0.073103 0.095867 -0.011889
v -0.081603 0.099405 -0.000000
v -0.081603 0.099405 -0.003010
v -0.077355 0.099405 -0.007359
v -0.073103 0.099405 -0.011889
v -0.082375 0.101727 -0.000000
v -0.082375 0.101727 -0.003701
v -0.078127 0.101727 -0.008049
v -0.073875 0.101727 -0.012579
v -0.081603 0.103704 -0.000000
v -0.081603 0.103704 -0.003010
v -0.077355 0.103704 -0.007359
v -0.073103 0.103704 -0.011889
v -0.081603 0.107224 -0.000000
v -0.081603 0.107224 -0.003010
v -0.077355 0.107224 -0.007359
v -0.073103 0.107224 -0.011889
v -0.082375 0.109383 -0.000000
v -0.082375 0.109383 -0.003701
v -0.078127 0.109383 -0.008049
v -0.073875 0.109383 -0.012579
v -0.081603 0.111433 -0.000000
v -0.081603 0.111433 -0.003010
v -0.077355 0.111433 -0.007359
v -0.073103 0.111433 -0.011889
v -0.081603 0.115298 -0.000000
v -0.081603 0.115298 -0.003010
v -0.077355 0.115298 -0.007359
v -0.073103 0.115298 -0.011889
v 0.081252 0.021564 0.003010
v 0.081603 0.041455 0.003010
v 0.077003 0.021564 0.007359
v 0.077355 0.041455 0.007359
v 0.072751 0.021564 0.011889
v 0.073103 0.041455 0.011889
v -0.000000 0.021564 0.011889
v -0.000000 0.041455 0.011889
v 0.081603 0.054899 0.003010
v 0.077355 0.054899 0.007359
v 0.073103 0.054899 0.011889
v -0.000000 0.054899 0.011889
v 0.082375 0.057748 0.003701
v 0.078127 0.057748 0.008049
v 0.073875 0.057748 0.012579
v -0.000000 0.057748 0.012579
v 0.081603 0.060378 0.003010
v 0.077355 0.060378 0.007359
v 0.073103 0.060378 0.011889
v -0.000000 0.060378 0.011889
v 0.081603 0.090333 0.003010
v 0.077355 0.090333 0.007359
v 0.073103 0.090333 0.011889
v -0.000000 0.090333 0.011889
v 0.082375 0.093218 0.003701
v 0.078127 0.093218 0.008049
v 0.073875 0.093218 0.012579
v -0.000000 0.093218 0.012579
v 0.081603 0.095867 0.003010
v 0.077355 0.095867 0.007359
v 0.073103 0.095867 0.011889
v -0.000000 0.095867 0.011889
v 0.081603 0.099405 0.003010
v 0.077355 0.099405 0.007359
v 0.073103 0.099405 0.011889
v -0.000000 0.099405 0.011889
v 0.082375 0.101727 0.003701
v 0.078127 0.101727 0.008049
v 0.073875 0.101727 0.012579
v -0.000000 0.101727 0.012579
v 0.081603 0.103704 0.003010
v 0.077355 0.103704 0.007359
v 0.073103 0.103704 0.011889
v -0.000000 0.103704 0.011889
v 0.081603 0.107224 0.003010
v 0.077355 0.107224 0.007359
v 0.073103 0.107224 0.011889
v -0.000000 0.107224 0.011889
v 0.082375 0.109383 0.003701
v 0.078127 0.109383 0.008049
v 0.073875 0.109383 0.012579
v -0.000000 0.109383 0.012579
v 0.081603 0.111433 0.003010
v 0.077355 0.111433 0.007359
v 0.073103 0.111433 0.011889
v -0.000000 0.111433 0.011889
v 0.081603 0.115298 0.003010
v 0.077355 0.115298 0.007359
v 0.073103 0.115298 0.011889
v -0.000000 0.115298 0.011889
v -0.081252 0.021564 0.003010
v -0.081603 0.041455 0.003010
v -0.077003 0.021564 0.007359
v -0.077355 0.041455 0.007359
v -0.072751 0.021564 0.011889
v -0.073103 0.041455 0.011889
v -0.081603 0.054899 0.003010
v -0.077355 0.054899 0.007359
v -0.073103 0.054899 0.011889
v -0.082375 0.057748 0.003701
v -0.078127 0.057748 0.008049
v -0.073875 0.057748 0.012579
v -0.081603 0.060378 0.003010
v -0.077355 0.060378 0.007359
v -0.073103 0.060378 0.011889
v -0.081603 0.090333 0.003010
v -0.077355 0.090333 0.007359
v -0.073103 0.090333 0.011889
v -0.082375 0.093218 0.003701
v -0.078127 0.093218 0.008049
v -0.073875 0.093218 0.012579
v -0.081603 0.095867 0.003010
v -0.077355 0.095867 0.007359
v -0.073103 0.095867 0.011889
v -0.081603 0.099405 0.003010
v -0.077355 0.099405 0.007359
v -0.073103 0.099405 0.011889
v -0.082375 0.101727 0.003701
v -0.078127 0.101727 0.008049
v -0.073875 0.101727 0.012579
v -0.081603 0.103704 0.003010
v -0.077355 0.103704 0.007359
v -0.073103 0.103704 0.011889
v -0.081603 0.107224 0.003010
v -0.077355 0.107224 0.007359
v -0.073103 0.107224 0.011889
v -0.082375 0.109383 0.003701
v -0.078127 0.109383 0.008049
v -0.073875 0.109383 0.012579
v -0.081603 0.111433 0.003010
v -0.077355 0.111433 0.007359
v -0.073103 0.111433 0.011889
v -0.081603 0.115298 0.003010
v -0.077355 0.115298 0.007359
v -0.073103 0.115298 0.011889
v 0.074207 0.021564 -0.000000
v 0.074207 0.021564 -0.002749
v 0.070327 0.021564 -0.006721
v 0.066443 0.021564 -0.010858
v -0.000000 0.021564 -0.010858
v -0.074207 0.021564 -0.000000
v -0.074207 0.021564 -0.002749
v -0.070327 0.021564 -0.006721
v -0.066443 0.021564 -0.010858
v 0.074207 0.021564 0.002749
v 0.070327 0.021564 0.006721
v 0.066443 0.021564 0.010858
v -0.000000 0.021564 0.010858
v -0.074207 0.021564 0.002749
v -0.070327 0.021564 0.006721
v -0.066443 0.021564 0.010858
v 0.000000 -0.335027 0.000000
v 0.015212 -0.311657 0.000000
v 0.030460 -0.270613 0.000000
v 0.036203 -0.230032 0.000000
v 0.031554 -0.186880 0.000000
v 0.025374 -0.153190 0.000000
v 0.019686 -0.113976 0.000000
v 0.021381 -0.078427 0.000000
v 0.029421 -0.049714 0.000000
v 0.048713 -0.016176 0.000000
v 0.080011 0.015424 -0.000000
v 0.080362 0.035315 -0.000000
v 0.000000 -0.335027 -0.003010
v 0.015212 -0.311657 -0.003010
v 0.030460 -0.270613 -0.003010
v 0.036203 -0.230032 -0.003010
v 0.031554 -0.186880 -0.003010
v 0.025374 -0.153190 -0.003010
v 0.019686 -0.113976 -0.003010
v 0.021381 -0.078427 -0.003010
v 0.029421 -0.049714 -0.003010
v 0.048713 -0.016176 -0.003010
v 0.080011 0.015424 -0.003010
v 0.080362 0.035315 -0.003010
v 0.000000 -0.331855 -0.007359
v 0.010963 -0.311657 -0.007359
v 0.026212 -0.270613 -0.007359
v 0.031954 -0.230032 -0.007359
v 0.027306 -0.186880 -0.007359
v 0.021125 -0.153190 -0.007359
v 0.015438 -0.113976 -0.007359
v 0.017133 -0.078427 -0.007359
v 0.025173 -0.049714 -0.007359
v 0.044465 -0.016176 -0.007359
v 0.075762 0.015424 -0.007359
v 0.076114 0.035315 -0.007359
v 0.000000 -0.327613 -0.011301
v 0.006711 -0.311657 -0.011301
v 0.021960 -0.270613 -0.011301
v 0.027703 -0.230032 -0.011301
v 0.023054 -0.186880 -0.011301
v 0.016874 -0.153190 -0.011301
v 0.011186 -0.113976 -0.011301
v 0.012881 -0.078427 -0.011301
v 0.020921 -0.049714 -0.011301
v 0.040213 -0.016176 -0.011301
v 0.071511 0.015424 -0.011301
v 0.071862 0.035315 -0.011301
v 0.000000 -0.327613 -0.011301
v 0.000000 -0.311657 -0.011301
v 0.000000 -0.230032 -0.011301
v 0.000000 -0.186880 -0.011301
v 0.000000 -0.153190 -0.011301
v 0.000000 -0.113976 -0.011301
v 0.000000 -0.078427 -0.011301
v 0.000000 -0.049714 -0.011301
v 0.000000 -0.016176 -0.011301
v -0.000000 0.015424 -0.011301
v -0.000000 0.035315 -0.011301
v 0.000000 -0.275759 -0.011301
v 0.014923 -0.257424 -0.006672
v 0.013135 -0.250066 -0.006672
v 0.008004 -0.244096 -0.006672
v 0.000000 -0.242137 -0.006672
v 0.000000 -0.272710 -0.006672
v 0.000000 -0.239088 -0.011301
v 0.009168 -0.241544 -0.011301
v 0.015879 -0.248256 -0.011301
v 0.018336 -0.257424 -0.011301
v 0.015879 -0.266591 -0.011301
v 0.009168 -0.273303 -0.011301
v 0.032374 -0.257086 0.000000
v 0.034289 -0.243559 0.000000
v 0.032374 -0.257086 -0.003010
v 0.034289 -0.243559 -0.003010
v 0.028126 -0.257086 -0.007359
v 0.030040 -0.243559 -0.007359
v 0.023874 -0.257086 -0.011301
v 0.025788 -0.243559 -0.011301
v 0.012758 -0.265595 -0.006672
v 0.006199 -0.271158 -0.006672
v 0.012630 -0.257424 -0.001596
v 0.011103 -0.251118 -0.001596
v 0.006439 -0.246114 -0.001596
v 0.000000 -0.244146 -0.001596
v 0.000000 -0.270701 -0.001596
v 0.010890 -0.264295 -0.001596
v 0.005157 -0.269195 -0.001596
v 0.012630 -0.257424 0.000000
v 0.011103 -0.251118 0.000000
v 0.006439 -0.246114 0.000000
v 0.000000 -0.244146 0.000000
v 0.000000 -0.270701 0.000000
v 0.010890 -0.264295 0.000000
v 0.005157 -0.269195 0.000000
v -0.015212 -0.311657 0.000000
v -0.030460 -0.270613 0.000000
v -0.036203 -0.230032 0.000000
v -0.031554 -0.186880 0.000000
v -0.025374 -0.153190 0.000000
v -0.019686 -0.113976 0.000000
v -0.021381 -0.078427 0.000000
v -0.029421 -0.049714 0.000000
v -0.048713 -0.016176 0.000000
v -0.080011 0.015424 -0.000000
v -0.080362 0.035315 -0.000000
v -0.015212 -0.311657 -0.003010
v -0.030460 -0.270613 -0.003010
v -0.036203 -0.230032 -0.003010
v -0.031554 -0.186880 -0.003010
v -0.025374 -0.153190 -0.003010
v -0.019686 -0.113976 -0.003010
v -0.021381 -0.078427 -0.003010
v -0.029421 -0.049714 -0.003010
v -0.048713 -0.016176 -0.003010
v -0.080011 0.015424 -0.003010
v -0.080362 0.035315 -0.003010
v -0.010963 -0.311657 -0.007359
v -0.026212 -0.270613 -0.007359
v -0.031954 -0.230032 -0.007359
v -0.027306 -0.186880 -0.007359
v -0.021125 -0.153190 -0.007359
v -0.015438 -0.113976 -0.007359
v -0.017133 -0.078427 -0.007359
v -0.025173 -0.049714 -0.007359
v -0.044465 -0.016176 -0.007359
v -0.075762 0.015424 -0.007359
v -0.076114 0.035315 -0.007359
v -0.006711 -0.311657 -0.011301
v -0.021960 -0.270613 -0.011301
v -0.027703 -0.230032 -0.011301
v -0.023054 -0.186880 -0.011301
v -0.016874 -0.153190 -0.011301
v -0.011186 -0.113976 -0.011301
v -0.012881 -0.078427 -0.011301
v -0.020921 -0.049714 -0.011301
v -0.040213 -0.016176 -0.011301
v -0.071511 0.015424 -0.011301
v -0.071862 0.035315 -0.011301
v -0.014923 -0.257424 -0.006672
v -0.013135 -0.250066 -0.006672
v -0.008004 -0.244096 -0.006672
v -0.009168 -0.241544 -0.011301
v -0.015879 -0.248256 -0.011301
v -0.018336 -0.257424 -0.011301
v -0.015879 -0.266591 -0.011301
v -0.009168 -0.273303 -0.011301
v -0.032374 -0.257086 0.000000
v -0.034289 -0.243559 0.000000
v -0.032374 -0.257086 -0.003010
v -0.034289 -0.243559 -0.003010
v -0.028126 -0.257086 -0.007359
v -0.030040 -0.243559 -0.007359
v -0.023874 -0.257086 -0.011301
v -0.025788 -0.243559 -0.011301
v -0.012758 -0.265595 -0.006672
v -0.006199 -0.271158 -0.006672
v -0.012630 -0.257424 -0.001596
v -0.011103 -0.251118 -0.001596
v -0.006439 -0.246114 -0.001596
v -0.010890 -0.264295 -0.001596
v -0.005157 -0.269195 -0.001596
v -0.012630 -0.257424 0.000000
v -0.011103 -0.251118 0.000000
v -0.006439 -0.246114 0.000000
v -0.010890 -0.264295 0.000000
v -0.005157 -0.269195 0.000000
v 0.000000 -0.335027 0.003010
v 0.015212 -0.311657 0.003010
v 0.030460 -0.270613 0.003010
v 0.036203 -0.230032 0.003010
v 0.031554 -0.186880 0.003010
v 0.025374 -0.153190 0.003010
v 0.019686 -0.113976 0.003010
v 0.021381 -0.078427 0.003010
v 0.029421 -0.049714 0.003010
v 0.048713 -0.016176 0.003010
v 0.080011 0.015424 0.003010
v 0.080362 0.035315 0.003010
v 0.000000 -0.331855 0.007359
v 0.010963 -0.311657 0.007359
v 0.026212 -0.270613 0.007359
v 0.031954 -0.230032 0.007359
v 0.027306 -0.186880 0.007359
v 0.021125 -0.153190 0.007359
v 0.015438 -0.113976 0.007359
v 0.017133 -0.078427 0.007359
v 0.025173 -0.049714 0.007359
v 0.044465 -0.016176 0.007359
v 0.075762 0.015424 0.007359
v 0.076114 0.035315 0.007359
v 0.000000 -0.327613 0.011301
v 0.006711 -0.311657 0.011301
v 0.021960 -0.270613 0.011301
v 0.027703 -0.230032 0.011301
v 0.023054 -0.186880 0.011301
v 0.016874 -0.153190 0.011301
v 0.011186 -0.113976 0.011301
v 0.012881 -0.078427 0.011301
v 0.020921 -0.049714 0.011301
v 0.040213 -0.016176 0.011301
v 0.071511 0.015424 0.011301
v 0.071862 0.035315 0.011301
v 0.000000 -0.327613 0.011301
v 0.000000 -0.311657 0.011301
v 0.000000 -0.230032 0.011301
v 0.000000 -0.186880 0.011301
v 0.000000 -0.153190 0.011301
v 0.000000 -0.113976 0.011301
v 0.000000 -0.078427 0.011301
v 0.000000 -0.049714 0.011301
v 0.000000 -0.016176 0.011301
v -0.000000 0.015424 0.011301
v -0.000000 0.035315 0.011301
v 0.000000 -0.275759 0.011301
v 0.014923 -0.257424 0.006672
v 0.013135 -0.250066 0.006672
v 0.008004 -0.244096 0.006672
v 0.000000 -0.242137 0.006672
v 0.000000 -0.272710 0.006672
v 0.000000 -0.239088 0.011301
v 0.009168 -0.241544 0.011301
v 0.015879 -0.248256 0.011301
v 0.018336 -0.257424 0.011301
v 0.015879 -0.266591 0.011301
v 0.009168 -0.273303 0.011301
v 0.032374 -0.257086 0.003010
v 0.034289 -0.243559 0.003010
v 0.028126 -0.257086 0.007359
v 0.030040 -0.243559 0.007359
v 0.023874 -0.257086 0.011301
v 0.025788 -0.243559 0.011301
v 0.012758 -0.265595 0.006672
v 0.006199 -0.271158 0.006672
v 0.012630 -0.257424 0.001596
v 0.011103 -0.251118 0.001596
v 0.006439 -0.246114 0.001596
v 0.000000 -0.244146 0.001596
v 0.000000 -0.270701 0.001596
v 0.010890 -0.264295 0.001596
v 0.005157 -0.269195 0.001596
v -0.015212 -0.311657 0.003010
v -0.030460 -0.270613 0.003010
v -0.036203 -0.230032 0.003010
v -0.031554 -0.186880 0.003010
v -0.025374 -0.153190 0.003010
v -0.019686 -0.113976 0.003010
v -0.021381 -0.078427 0.003010
v -0.029421 -0.049714 0.003010
v -0.048713 -0.016176 0.003010
v -0.080011 0.015424 0.003010
v -0.080362 0.035315 0.003010
v -0.010963 -0.311657 0.007359
v -0.026212 -0.270613 0.007359
v -0.031954 -0.230032 0.007359
v -0.027306 -0.186880 0.007359
v -0.021125 -0.153190 0.007359
v -0.015438 -0.113976 0.007359
v -0.017133 -0.078427 0.007359
v -0.025173 -0.049714 0.007359
v -0.044465 -0.016176 0.007359
v -0.075762 0.015424 0.007359
v -0.076114 0.035315 0.007359
v -0.006711 -0.311657 0.011301
v -0.021960 -0.270613 0.011301
v -0.027703 -0.230032 0.011301
v -0.023054 -0.186880 0.011301
v -0.016874 -0.153190 0.011301
v -0.011186 -0.113976 0.011301
v -0.012881 -0.078427 0.011301
v -0.020921 -0.049714 0.011301
v -0.040213 -0.016176 0.011301
v -0.071511 0.015424 0.011301
v -0.071862 0.035315 0.011301
v -0.014923 -0.257424 0.006672
v -0.013135 -0.250066 0.006672
v -0.008004 -0.244096 0.006672
v -0.009168 -0.241544 0.011301
v -0.015879 -0.248256 0.011301
v -0.018336 -0.257424 0.011301
v -0.015879 -0.266591 0.011301
v -0.009168 -0.273303 0.011301
v -0.032374 -0.257086 0.003010
v -0.034289 -0.243559 0.003010
v -0.028126 -0.257086 0.007359
v -0.030040 -0.243559 0.007359
v -0.023874 -0.257086 0.011301
v -0.025788 -0.243559 0.011301
v -0.012758 -0.265595 0.006672
v -0.006199 -0.271158 0.006672
v -0.012630 -0.257424 0.001596
v -0.011103 -0.251118 0.001596
v -0.006439 -0.246114 0.001596
v -0.010890 -0.264295 0.001596
v -0.005157 -0.269195 0.001596
vn 0.9254 -0.0164 -0.3787
vn 1.0000 -0.0088 -0.0000
vn 0.9998 -0.0177 -0.0000
vn 0.7222 -0.0064 -0.6916
vn 0.9264 -0.0082 -0.3765
vn 0.7223 -0.0128 -0.6915
vn 0.3991 -0.0035 -0.9169
vn 0.3935 -0.0070 -0.9193
vn -0.0000 -0.0000 -1.0000
vn 0.7223 -0.0000 -0.6916
vn 0.9261 -0.0000 -0.3773
vn 0.3973 -0.0000 -0.9177
vn -0.0000 0.0094 -1.0000
vn 0.3418 -0.3078 -0.8879
vn -0.0000 -0.2355 -0.9719
vn 0.7221 0.0132 -0.6916
vn 0.8880 -0.3204 -0.3298
vn 0.6789 -0.3414 -0.6500
vn 0.4278 0.0116 -0.9038
vn 0.9999 0.0104 -0.0000
vn 0.9652 -0.2614 -0.0000
vn 0.3361 0.3300 -0.8821
vn 0.8812 0.3436 -0.3247
vn 0.9161 0.0118 -0.4009
vn 0.6722 0.3660 -0.6436
vn 1.0000 -0.0000 -0.0000
vn 0.8890 -0.3169 -0.3306
vn 0.9999 0.0110 -0.0000
vn 0.9660 -0.2584 -0.0000
vn -0.0000 0.0100 -0.9999
vn 0.3427 -0.3043 -0.8888
vn -0.0000 -0.2327 -0.9725
vn 0.7221 0.0140 -0.6916
vn 0.6799 -0.3376 -0.6510
vn 0.4276 0.0123 -0.9039
vn 0.6728 0.3638 -0.6442
vn 0.8818 0.3416 -0.3252
vn 0.9161 0.0126 -0.4007
vn 0.3366 0.3281 -0.8826
vn 0.4338 0.0275 -0.9006
vn 0.6598 -0.4070 -0.6317
vn 0.3261 -0.3672 -0.8711
vn 0.8684 -0.3823 -0.3157
vn 0.9997 0.0256 -0.0000
vn 0.9490 -0.3153 -0.0000
vn -0.0000 0.0235 -0.9997
vn -0.0000 -0.2849 -0.9586
vn 0.7218 0.0315 -0.6913
vn 0.6400 0.4636 -0.6128
vn 0.8477 0.4361 -0.3021
vn 0.9137 0.0280 -0.4054
vn 0.3112 0.4191 -0.8529
vn 0.7222 0.0103 -0.6916
vn 0.8597 -0.4062 -0.3098
vn 0.6514 -0.4322 -0.6236
vn 0.4344 0.0090 -0.9007
vn 0.3196 -0.3903 -0.8634
vn 1.0000 0.0084 -0.0000
vn 0.9417 -0.3365 -0.0000
vn -0.0000 0.0077 -1.0000
vn -0.0000 -0.3045 -0.9525
vn 0.3147 0.4071 -0.8574
vn 0.8528 0.4237 -0.3053
vn 0.9138 0.0091 -0.4060
vn 0.6449 0.4505 -0.6174
vn -1.0000 -0.0088 -0.0000
vn -0.9254 -0.0164 -0.3787
vn -0.9998 -0.0177 -0.0000
vn -0.7222 -0.0064 -0.6916
vn -0.7223 -0.0128 -0.6915
vn -0.3991 -0.0035 -0.9169
vn -0.3935 -0.0070 -0.9193
vn -0.9264 -0.0082 -0.3765
vn -0.7223 -0.0000 -0.6916
vn -0.9261 -0.0000 -0.3773
vn -0.3973 -0.0000 -0.9177
vn -0.3418 -0.3078 -0.8879
vn -0.8880 -0.3204 -0.3298
vn -0.7221 0.0132 -0.6916
vn -0.6789 -0.3414 -0.6500
vn -0.4278 0.0116 -0.9038
vn -0.9999 0.0104 -0.0000
vn -0.9161 0.0118 -0.4009
vn -0.3361 0.3300 -0.8821
vn -0.0000 0.2538 -0.9673
vn -0.8812 0.3436 -0.3247
vn -0.6722 0.3660 -0.6436
vn -1.0000 -0.0000 -0.0000
vn -0.8890 -0.3169 -0.3306
vn -0.9999 0.0110 -0.0000
vn -0.9161 0.0126 -0.4007
vn -0.3427 -0.3043 -0.8888
vn -0.7221 0.0140 -0.6916
vn -0.6799 -0.3376 -0.6510
vn -0.4276 0.0123 -0.9039
vn -0.6728 0.3638 -0.6442
vn -0.3366 0.3281 -0.8826
vn -0.8818 0.3416 -0.3252
vn -0.0000 0.2522 -0.9677
vn -0.6598 -0.4070 -0.6317
vn -0.4338 0.0275 -0.9006
vn -0.3261 -0.3672 -0.8711
vn -0.8684 -0.3823 -0.3157
vn -0.9997 0.0256 -0.0000
vn -0.9137 0.0280 -0.4054
vn -0.7218 0.0315 -0.6913
vn -0.6400 0.4636 -0.6128
vn -0.3112 0.4191 -0.8529
vn -0.8477 0.4361 -0.3021
vn -0.0000 0.3295 -0.9441
vn -0.8597 -0.4062 -0.3098
vn -0.7222 0.0103 -0.6916
vn -0.6514 -0.4322 -0.6236
vn -0.4344 0.0090 -0.9007
vn -0.3196 -0.3903 -0.8634
vn -1.0000 0.0084 -0.0000
vn -0.9138 0.0091 -0.4060
vn -0.3147 0.4071 -0.8574
vn -0.0000 0.3191 -0.9477
vn -0.8528 0.4237 -0.3053
vn -0.6449 0.4505 -0.6174
vn 0.9254 -0.0164 0.3787
vn 0.7222 -0.0064 0.6916
vn 0.7223 -0.0128 0.6915
vn 0.3991 -0.0035 0.9169
vn 0.3935 -0.0070 0.9193
vn -0.0000 -0.0000 1.0000
vn 0.9264 -0.0082 0.3765
vn 0.7223 -0.0000 0.6916
vn 0.9261 -0.0000 0.3773
vn 0.3973 -0.0000 0.9177
vn 0.3418 -0.3078 0.8879
vn -0.0000 0.0094 1.0000
vn -0.0000 -0.2355 0.9719
vn 0.8880 -0.3204 0.3298
vn 0.7221 0.0132 0.6916
vn 0.6789 -0.3414 0.6500
vn 0.4278 0.0116 0.9038
vn 0.9161 0.0118 0.4009
vn 0.3361 0.3300 0.8821
vn -0.0000 0.2538 0.9673
vn 0.8812 0.3436 0.3247
vn 0.6722 0.3660 0.6436
vn 0.8890 -0.3169 0.3306
vn 0.9161 0.0126 0.4007
vn 0.3427 -0.3043 0.8888
vn -0.0000 0.0100 0.9999
vn -0.0000 -0.2327 0.9725
vn 0.7221 0.0140 0.6916
vn 0.6799 -0.3376 0.6510
vn 0.4276 0.0123 0.9039
vn 0.6728 0.3638 0.6442
vn 0.3366 0.3281 0.8826
vn 0.8818 0.3416 0.3252
vn -0.0000 0.2522 0.9677
vn 0.6598 -0.4070 0.6317
vn 0.4338 0.0275 0.9006
vn 0.3261 -0.3672 0.8711
vn 0.8684 -0.3823 0.3157
vn 0.9137 0.0280 0.4054
vn -0.0000 0.0235 0.9997
vn -0.0000 -0.2849 0.9586
vn 0.7218 0.0315 0.6913
vn 0.6400 0.4636 0.6128
vn 0.3112 0.4191 0.8529
vn 0.8477 0.4361 0.3021
vn -0.0000 0.3295 0.9441
vn 0.8597 -0.4062 0.3098
vn 0.7222 0.0103 0.6916
vn 0.6514 -0.4322 0.6236
vn 0.4344 0.0090 0.9007
vn 0.3196 -0.3903 0.8634
vn 0.9138 0.0091 0.4060
vn -0.0000 0.0077 1.0000
vn -0.0000 -0.3045 0.9525
vn 0.3147 0.4071 0.8574
vn -0.0000 0.3191 0.9477
vn 0.8528 0.4237 0.3053
vn 0.6449 0.4505 0.6174
vn -0.9254 -0.0164 0.3787
vn -0.7222 -0.0064 0.6916
vn -0.9264 -0.0082 0.3765
vn -0.7223 -0.0128 0.6915
vn -0.3991 -0.0035 0.9169
vn -0.3935 -0.0070 0.9193
vn -0.7223 -0.0000 0.6916
vn -0.9261 -0.0000 0.3773
vn -0.3973 -0.0000 0.9177
vn -0.3418 -0.3078 0.8879
vn -0.7221 0.0132 0.6916
vn -0.8880 -0.3204 0.3298
vn -0.6789 -0.3414 0.6500
vn -0.4278 0.0116 0.9038
vn -0.9652 -0.2614 -0.0000
vn -0.3361 0.3300 0.8821
vn -0.8812 0.3436 0.3247
vn -0.9161 0.0118 0.4009
vn -0.6722 0.3660 0.6436
vn -0.8890 -0.3169 0.3306
vn -0.9660 -0.2584 -0.0000
vn -0.3427 -0.3043 0.8888
vn -0.7221 0.0140 0.6916
vn -0.6799 -0.3376 0.6510
vn -0.4276 0.0123 0.9039
vn -0.6728 0.3638 0.6442
vn -0.8818 0.3416 0.3252
vn -0.9161 0.0126 0.4007
vn -0.3366 0.3281 0.8826
vn -0.4338 0.0275 0.9006
vn -0.6598 -0.4070 0.6317
vn -0.3261 -0.3672 0.8711
vn -0.8684 -0.3823 0.3157
vn -0.9490 -0.3153 -0.0000
vn -0.7218 0.0315 0.6913
vn -0.6400 0.4636 0.6128
vn -0.8477 0.4361 0.3021
vn -0.9137 0.0280 0.4054
vn -0.3112 0.4191 0.8529
vn -0.7222 0.0103 0.6916
vn -0.8597 -0.4062 0.3098
vn -0.6514 -0.4322 0.6236
vn -0.4344 0.0090 0.9007
vn -0.3196 -0.3903 0.8634
vn -0.9417 -0.3365 -0.0000
vn -0.3147 0.4071 0.8574
vn -0.8528 0.4237 0.3053
vn -0.9138 0.0091 0.4060
vn -0.6449 0.4505 0.6174
vn -0.0000 -1.0000 -0.0000
vn 0.9111 -0.1508 -0.3836
vn 0.9220 -0.3871 -0.0000
vn 0.9872 -0.1596 -0.0000
vn 0.9187 0.1327 -0.3719
vn 0.9868 0.1620 -0.0000
vn 0.9896 0.1439 -0.0000
vn 0.8521 -0.4148 -0.3191
vn 0.9694 -0.2456 -0.0000
vn 0.8932 -0.4496 -0.0000
vn 0.8543 -0.3691 -0.3659
vn 0.7953 -0.6062 -0.0000
vn 0.9144 0.1507 -0.3757
vn 0.9988 0.0482 -0.0000
vn 0.9179 -0.1299 -0.3750
vn 0.9999 -0.0166 -0.0000
vn 0.9901 -0.1401 -0.0000
vn 0.7417 -0.5864 -0.3255
vn 0.9214 -0.3886 -0.0000
vn 0.9217 0.0453 -0.3853
vn 0.9300 -0.0151 -0.3673
vn 0.8749 -0.3479 -0.3370
vn -0.0000 -0.9240 -0.3824
vn 0.6987 -0.0117 -0.7153
vn 0.6979 -0.0123 -0.7161
vn 0.9266 -0.0164 -0.3758
vn -0.0000 -0.6116 -0.7912
vn 0.6684 -0.2831 -0.6878
vn 0.6945 0.1010 -0.7123
vn 0.6878 -0.1753 -0.7044
vn 0.9045 -0.2248 -0.3623
vn 0.6141 -0.4733 -0.6316
vn 0.6931 0.1138 -0.7118
vn 0.6672 -0.3042 -0.6800
vn 0.6925 -0.1127 -0.7126
vn 0.6566 -0.2595 -0.7082
vn 0.6764 0.1001 -0.7297
vn 0.7070 -0.3308 -0.6251
vn 0.6689 -0.1790 -0.7215
vn 0.6126 -0.4338 -0.6608
vn 0.6757 0.1100 -0.7289
vn 0.6966 0.0338 -0.7166
vn 0.6944 -0.0983 -0.7128
vn 0.6798 -0.0120 -0.7333
vn 0.6392 -0.3405 -0.6895
vn 0.6762 -0.1039 -0.7294
vn -0.0000 -0.5203 -0.8540
vn 0.6767 -0.0958 -0.7300
vn -0.0000 0.8405 -0.5419
vn -0.3959 0.7805 -0.4837
vn -0.4248 0.7070 -0.5654
vn -0.7007 0.4002 -0.5906
vn -0.8617 0.0052 -0.5074
vn -0.8097 0.0028 -0.5868
vn -0.7209 -0.4041 -0.5631
vn -0.4576 -0.7419 -0.4901
vn -0.4203 -0.7257 -0.5447
vn -0.7254 0.4601 -0.5120
vn -0.7643 -0.4069 -0.5002
vn -0.0000 -0.8796 -0.4758
vn -0.0000 -0.8433 -0.5375
vn -0.5106 -0.8305 -0.2227
vn -0.8605 -0.4574 -0.2242
vn -0.8287 0.5151 -0.2188
vn -0.0000 0.9789 -0.2042
vn -0.0000 0.8818 -0.4716
vn -0.5300 -0.8480 -0.0000
vn -0.0000 -0.9770 -0.2134
vn -1.0000 0.0052 -0.0000
vn -0.9765 0.0068 -0.2155
vn -0.4757 0.8796 -0.0000
vn -0.4603 0.8635 -0.2062
vn -0.8805 -0.4740 -0.0000
vn -0.8495 0.5276 -0.0000
vn -0.0000 1.0000 -0.0000
vn -0.9220 -0.3871 -0.0000
vn -0.9111 -0.1508 -0.3836
vn -0.9872 -0.1596 -0.0000
vn -0.9868 0.1620 -0.0000
vn -0.9187 0.1327 -0.3719
vn -0.9896 0.1439 -0.0000
vn -0.9694 -0.2456 -0.0000
vn -0.8521 -0.4148 -0.3191
vn -0.8932 -0.4496 -0.0000
vn -0.7953 -0.6062 -0.0000
vn -0.8543 -0.3691 -0.3659
vn -0.9988 0.0482 -0.0000
vn -0.9144 0.1507 -0.3757
vn -0.9999 -0.0166 -0.0000
vn -0.9179 -0.1299 -0.3750
vn -0.9901 -0.1401 -0.0000
vn -0.9214 -0.3886 -0.0000
vn -0.7417 -0.5864 -0.3255
vn -0.9217 0.0453 -0.3853
vn -0.9300 -0.0151 -0.3673
vn -0.8749 -0.3479 -0.3370
vn -0.6987 -0.0117 -0.7153
vn -0.6979 -0.0123 -0.7161
vn -0.6672 -0.3042 -0.6800
vn -0.6684 -0.2831 -0.6878
vn -0.6925 -0.1127 -0.7126
vn -0.6945 0.1010 -0.7123
vn -0.6878 -0.1753 -0.7044
vn -0.7070 -0.3308 -0.6251
vn -0.6141 -0.4733 -0.6316
vn -0.6931 0.1138 -0.7118
vn -0.6944 -0.0983 -0.7128
vn -0.6966 0.0338 -0.7166
vn -0.6566 -0.2595 -0.7082
vn -0.6762 -0.1039 -0.7294
vn -0.6764 0.1001 -0.7297
vn -0.6689 -0.1790 -0.7215
vn -0.7028 -0.3114 -0.6396
vn -0.6126 -0.4338 -0.6608
vn -0.6757 0.1100 -0.7289
vn -0.6798 -0.0120 -0.7333
vn -0.6767 -0.0958 -0.7300
vn -0.6392 -0.3405 -0.6895
vn -0.6795 0.0314 -0.7330
vn -0.9045 -0.2248 -0.3623
vn 0.3959 0.7805 -0.4837
vn 0.7007 0.4002 -0.5906
vn 0.8617 0.0052 -0.5074
vn 0.7254 0.4601 -0.5120
vn 0.7208 -0.4042 -0.5631
vn 0.4576 -0.7419 -0.4901
vn 0.7643 -0.4069 -0.5002
vn 0.4247 0.7070 -0.5655
vn 0.8097 0.0028 -0.5868
vn 0.4203 -0.7257 -0.5447
vn 0.5106 -0.8305 -0.2226
vn 0.8607 -0.4573 -0.2239
vn 0.9765 0.0068 -0.2155
vn 0.8287 0.5151 -0.2188
vn 0.4603 0.8635 -0.2062
vn 0.5300 -0.8480 -0.0000
vn 1.0000 0.0052 -0.0000
vn 0.4757 0.8796 -0.0000
vn 0.8805 -0.4740 -0.0000
vn 0.8495 0.5276 -0.0000
vn 0.9111 -0.1508 0.3836
vn 0.9187 0.1327 0.3719
vn 0.8521 -0.4148 0.3191
vn 0.8543 -0.3691 0.3659
vn 0.9144 0.1507 0.3757
vn 0.9179 -0.1299 0.3750
vn 0.7417 -0.5864 0.3255
vn 0.9217 0.0453 0.3853
vn 0.9300 -0.0151 0.3673
vn 0.8749 -0.3479 0.3370
vn -0.0000 -0.9240 0.3824
vn 0.6987 -0.0117 0.7153
vn 0.6979 -0.0123 0.7161
vn 0.6672 -0.3042 0.6800
vn -0.0001 -0.6116 0.7912
vn 0.6684 -0.2831 0.6878
vn 0.6925 -0.1127 0.7126
vn 0.6945 0.1010 0.7123
vn 0.6878 -0.1753 0.7044
vn 0.7070 -0.3308 0.6251
vn 0.6141 -0.4733 0.6316
vn 0.6931 0.1138 0.7118
vn 0.6944 -0.0983 0.7128
vn 0.6966 0.0338 0.7166
vn 0.6566 -0.2595 0.7082
vn 0.6762 -0.1039 0.7294
vn 0.6764 0.1001 0.7297
vn 0.6689 -0.1790 0.7215
vn 0.7028 -0.3114 0.6396
vn 0.6126 -0.4338 0.6608
vn 0.6757 0.1100 0.7289
vn 0.6798 -0.0120 0.7333
vn 0.6767 -0.0958 0.7300
vn 0.6392 -0.3405 0.6895
vn 0.6795 0.0314 0.7330
vn -0.0000 -0.5203 0.8540
vn 0.9045 -0.2248 0.3623
vn -0.0000 0.8405 0.5419
vn -0.3959 0.7805 0.4837
vn -0.0000 0.8818 0.4716
vn -0.7007 0.4002 0.5906
vn -0.8617 0.0052 0.5074
vn -0.7254 0.4601 0.5120
vn -0.7208 -0.4042 0.5631
vn -0.4576 -0.7419 0.4901
vn -0.7643 -0.4069 0.5002
vn -0.4248 0.7070 0.5654
vn -0.8097 0.0028 0.5868
vn -0.4203 -0.7257 0.5447
vn -0.0000 -0.8798 0.4754
vn -0.5106 -0.8305 0.2226
vn -0.8607 -0.4573 0.2239
vn -0.9765 0.0068 0.2156
vn -0.8287 0.5151 0.2188
vn -0.4603 0.8635 0.2062
vn -0.0000 0.9789 0.2042
vn -0.0000 -0.9770 0.2134
vn -0.9111 -0.1508 0.3836
vn -0.9187 0.1327 0.3719
vn -0.8521 -0.4148 0.3191
vn -0.8543 -0.3691 0.3659
vn -0.9144 0.1507 0.3757
vn -0.9179 -0.1299 0.3750
vn -0.7417 -0.5864 0.3255
vn -0.9217 0.0453 0.3853
vn -0.9300 -0.0151 0.3673
vn -0.8749 -0.3479 0.3370
vn -0.6987 -0.0117 0.7153
vn -0.6979 -0.0123 0.7161
vn -0.9266 -0.0164 0.3758
vn -0.6684 -0.2831 0.6878
vn -0.6945 0.1010 0.7123
vn -0.6878 -0.1753 0.7044
vn -0.9045 -0.2248 0.3623
vn -0.6141 -0.4733 0.6316
vn -0.6931 0.1138 0.7118
vn -0.6672 -0.3042 0.6800
vn -0.6925 -0.1127 0.7126
vn -0.6566 -0.2595 0.7082
vn -0.6764 0.1001 0.7297
vn -0.7070 -0.3308 0.6251
vn -0.6689 -0.1790 0.7215
vn -0.6126 -0.4338 0.6608
vn -0.6757 0.1100 0.7289
vn -0.6966 0.0338 0.7166
vn -0.6944 -0.0983 0.7128
vn -0.6798 -0.0120 0.7333
vn -0.6392 -0.3405 0.6895
vn -0.6762 -0.1039 0.7294
vn -0.6767 -0.0958 0.7300
vn 0.3959 0.7805 0.4837
vn 0.4248 0.7070 0.5654
vn 0.7007 0.4002 0.5906
vn 0.8617 0.0052 0.5074
vn 0.8097 0.0028 0.5868
vn 0.7209 -0.4041 0.5631
vn 0.4576 -0.7419 0.4901
vn 0.4203 -0.7257 0.5447
vn 0.7254 0.4601 0.5120
vn 0.7643 -0.4069 0.5002
vn -0.0000 -0.8433 0.5375
vn 0.5106 -0.8305 0.2227
vn 0.8606 -0.4574 0.2241
vn 0.8287 0.5151 0.2188
vn 0.9765 0.0068 0.2156
vn 0.4603 0.8635 0.2062
vn 0.9596 0.2814 -0.0000
vn 0.9601 0.2796 -0.0000
vn 0.9316 0.3634 -0.0000
vn 0.9359 0.3522 -0.0000
vn -0.9596 0.2814 -0.0000
vn -0.9601 0.2796 -0.0000
vn -0.9316 0.3634 -0.0000
vn -0.9359 0.3522 -0.0000
vn 0.7028 -0.3114 -0.6396
vn 0.6795 0.0314 -0.7330
vn -0.9266 -0.0164 -0.3758
vn 0.9266 -0.0164 0.3758
vn -0.7028 -0.3114 0.6396
vn -0.6795 0.0314 0.7330
vt 0.640495 0.419503
vt 0.594783 0.412507
vt 0.640499 0.412507
vt 0.594842 0.433387
vt 0.594777 0.419418
vt 0.640608 0.433624
vt 0.594852 0.447654
vt 0.640656 0.448043
vt 0.595745 0.615895
vt 0.564068 0.433458
vt 0.563892 0.419468
vt 0.564780 0.616067
vt 0.563870 0.447867
vt 0.558029 0.616103
vt 0.557072 0.433311
vt 0.557113 0.446286
vt 0.556921 0.412507
vt 0.563952 0.412507
vt 0.550833 0.447924
vt 0.550666 0.419491
vt 0.557030 0.420115
vt 0.550626 0.433544
vt 0.482772 0.616493
vt 0.551761 0.616137
vt 0.481961 0.433655
vt 0.481817 0.448158
vt 0.481875 0.419523
vt 0.550657 0.412507
vt 0.474802 0.412507
vt 0.481908 0.412507
vt 0.475943 0.616528
vt 0.474920 0.433487
vt 0.474969 0.446603
vt 0.468461 0.433688
vt 0.468522 0.419577
vt 0.474928 0.420187
vt 0.468642 0.448272
vt 0.460467 0.448324
vt 0.460336 0.419566
vt 0.468509 0.412507
vt 0.461490 0.616602
vt 0.469637 0.616560
vt 0.460522 0.433668
vt 0.454866 0.446730
vt 0.454523 0.412507
vt 0.460416 0.412507
vt 0.455912 0.616631
vt 0.454681 0.433558
vt 0.449623 0.433748
vt 0.449646 0.419600
vt 0.454631 0.420174
vt 0.450020 0.448395
vt 0.441890 0.448448
vt 0.441495 0.419599
vt 0.449649 0.412507
vt 0.442982 0.616698
vt 0.451086 0.616656
vt 0.441711 0.433746
vt 0.436179 0.433665
vt 0.436651 0.446853
vt 0.436036 0.412507
vt 0.441573 0.412507
vt 0.437763 0.616726
vt 0.431656 0.448525
vt 0.430999 0.419656
vt 0.436132 0.420223
vt 0.430926 0.433890
vt 0.423881 0.616800
vt 0.432779 0.616752
vt 0.422074 0.434027
vt 0.422751 0.448598
vt 0.422101 0.419639
vt 0.430999 0.412507
vt 0.597138 0.819397
vt 0.642787 0.811418
vt 0.642945 0.818348
vt 0.596849 0.798465
vt 0.642634 0.797417
vt 0.596671 0.784169
vt 0.642472 0.783111
vt 0.641559 0.615637
vt 0.597003 0.812470
vt 0.566049 0.798831
vt 0.566041 0.812892
vt 0.565690 0.784356
vt 0.559050 0.799056
vt 0.558950 0.786012
vt 0.559161 0.820421
vt 0.559142 0.812413
vt 0.552653 0.784438
vt 0.552777 0.812922
vt 0.552605 0.798852
vt 0.483878 0.799282
vt 0.483611 0.784808
vt 0.552786 0.819879
vt 0.483918 0.813363
vt 0.476988 0.821023
vt 0.476951 0.812987
vt 0.476827 0.799572
vt 0.476779 0.786431
vt 0.470375 0.799445
vt 0.470436 0.784824
vt 0.470569 0.813619
vt 0.462262 0.784848
vt 0.470555 0.820632
vt 0.462342 0.813680
vt 0.462438 0.799542
vt 0.456680 0.786491
vt 0.456572 0.821107
vt 0.456613 0.813174
vt 0.456598 0.799701
vt 0.451545 0.799537
vt 0.451819 0.784867
vt 0.451637 0.813724
vt 0.443691 0.784881
vt 0.451594 0.820755
vt 0.443448 0.813694
vt 0.443637 0.799570
vt 0.438108 0.799668
vt 0.438471 0.786519
vt 0.437952 0.821042
vt 0.438071 0.813110
vt 0.433460 0.784892
vt 0.432948 0.813592
vt 0.432862 0.799446
vt 0.424018 0.799320
vt 0.424556 0.784904
vt 0.432811 0.820624
vt 0.424030 0.813470
vt 0.640495 0.405512
vt 0.594842 0.391627
vt 0.640608 0.391390
vt 0.594852 0.377360
vt 0.640656 0.376971
vt 0.595745 0.209119
vt 0.641559 0.209377
vt 0.594777 0.405597
vt 0.564068 0.391557
vt 0.563892 0.405546
vt 0.564780 0.208948
vt 0.563870 0.377148
vt 0.558029 0.208911
vt 0.557072 0.391703
vt 0.557113 0.378729
vt 0.557030 0.404899
vt 0.550833 0.377091
vt 0.551761 0.208877
vt 0.550666 0.405523
vt 0.550626 0.391471
vt 0.482772 0.208522
vt 0.481961 0.391359
vt 0.481817 0.376857
vt 0.481875 0.405492
vt 0.474928 0.404828
vt 0.475943 0.208487
vt 0.474920 0.391527
vt 0.474969 0.378412
vt 0.468461 0.391326
vt 0.468642 0.376743
vt 0.468522 0.405437
vt 0.469637 0.208454
vt 0.460467 0.376691
vt 0.460336 0.405448
vt 0.461490 0.208412
vt 0.460522 0.391346
vt 0.454866 0.378285
vt 0.454631 0.404841
vt 0.455912 0.208383
vt 0.454681 0.391456
vt 0.449623 0.391267
vt 0.450020 0.376619
vt 0.449646 0.405415
vt 0.451086 0.208358
vt 0.441890 0.376566
vt 0.441495 0.405415
vt 0.442982 0.208316
vt 0.441711 0.391268
vt 0.436179 0.391349
vt 0.436651 0.378161
vt 0.436132 0.404792
vt 0.437763 0.208289
vt 0.431656 0.376489
vt 0.432779 0.208262
vt 0.430999 0.405358
vt 0.430926 0.391125
vt 0.423881 0.208215
vt 0.422074 0.390987
vt 0.422751 0.376416
vt 0.422101 0.405376
vt 0.642787 0.013596
vt 0.597138 0.005617
vt 0.642945 0.006666
vt 0.596849 0.026549
vt 0.597003 0.012545
vt 0.642634 0.027597
vt 0.596671 0.040845
vt 0.642472 0.041903
vt 0.566049 0.026184
vt 0.566041 0.012122
vt 0.565690 0.040658
vt 0.559050 0.025958
vt 0.558950 0.039003
vt 0.559161 0.004593
vt 0.566214 0.005150
vt 0.552653 0.040576
vt 0.552777 0.012092
vt 0.559142 0.012602
vt 0.552605 0.026163
vt 0.483878 0.025732
vt 0.483611 0.040206
vt 0.483918 0.011651
vt 0.552786 0.005136
vt 0.476988 0.003991
vt 0.484029 0.004694
vt 0.476827 0.025443
vt 0.476779 0.038583
vt 0.470375 0.025569
vt 0.470569 0.011395
vt 0.476951 0.012027
vt 0.470436 0.040190
vt 0.462262 0.040167
vt 0.462342 0.011334
vt 0.470555 0.004382
vt 0.462438 0.025472
vt 0.456680 0.038523
vt 0.456572 0.003907
vt 0.462477 0.004310
vt 0.456598 0.025313
vt 0.451545 0.025477
vt 0.451637 0.011290
vt 0.456613 0.011840
vt 0.451819 0.040147
vt 0.443691 0.040133
vt 0.443448 0.011320
vt 0.451594 0.004260
vt 0.443637 0.025444
vt 0.438108 0.025346
vt 0.438471 0.038495
vt 0.437952 0.003973
vt 0.443507 0.004293
vt 0.433460 0.040122
vt 0.432948 0.011423
vt 0.438071 0.011904
vt 0.432862 0.025568
vt 0.424018 0.025694
vt 0.424556 0.040110
vt 0.424030 0.011544
vt 0.432811 0.004390
vt 0.105342 0.020268
vt 0.094681 0.013914
vt 0.104580 0.004056
vt 0.140898 0.343634
vt 0.141189 0.190675
vt 0.143468 0.358120
vt 0.139087 0.023224
vt 0.127261 0.028953
vt 0.128545 0.013567
vt 0.084568 0.191165
vt 0.086718 0.344110
vt 0.084323 0.358627
vt 0.118016 0.362054
vt 0.128605 0.368529
vt 0.118569 0.378272
vt 0.118011 0.020131
vt 0.111503 0.003985
vt 0.118425 0.003907
vt 0.096240 0.029273
vt 0.084323 0.023736
vt 0.094729 0.368432
vt 0.105353 0.362018
vt 0.104716 0.378234
vt 0.136896 0.037774
vt 0.127196 0.353155
vt 0.139069 0.358786
vt 0.096228 0.353067
vt 0.086718 0.038249
vt 0.111642 0.378251
vt 0.032256 0.307827
vt 0.039293 0.237200
vt 0.039194 0.307833
vt 0.031903 0.562423
vt 0.038948 0.483648
vt 0.038838 0.562426
vt 0.031545 0.853830
vt 0.038570 0.753683
vt 0.038430 0.853843
vt 0.032328 0.237184
vt 0.039420 0.146663
vt 0.032006 0.483645
vt 0.039077 0.391490
vt 0.031556 0.692039
vt 0.038699 0.661739
vt 0.038657 0.692079
vt 0.032348 0.146634
vt 0.039559 0.047358
vt 0.032107 0.391488
vt 0.031849 0.661737
vt 0.033006 0.047308
vt 0.039619 0.003907
vt 0.031256 0.917016
vt 0.038342 0.917052
vt 0.018023 0.661385
vt 0.017213 0.006193
vt 0.031925 0.004171
vt 0.020258 0.910778
vt 0.018884 0.241082
vt 0.017982 0.561073
vt 0.018093 0.756529
vt 0.031686 0.753660
vt 0.019470 0.152276
vt 0.018100 0.482092
vt 0.020768 0.052137
vt 0.018387 0.309367
vt 0.006122 0.244837
vt 0.004700 0.559708
vt 0.018230 0.857867
vt 0.005116 0.759534
vt 0.007397 0.157894
vt 0.004843 0.480535
vt 0.018111 0.391016
vt 0.017330 0.693075
vt 0.004751 0.661001
vt 0.008922 0.057197
vt 0.005159 0.310803
vt 0.003906 0.008281
vt 0.009568 0.902425
vt 0.213829 0.496041
vt 0.241053 0.577384
vt 0.211408 0.577915
vt 0.234546 0.228477
vt 0.183379 0.328792
vt 0.170791 0.229693
vt 0.080302 0.796289
vt 0.245690 0.839157
vt 0.080302 0.842082
vt 0.230200 0.003907
vt 0.230918 0.040624
vt 0.215474 0.040927
vt 0.242229 0.643466
vt 0.194081 0.644320
vt 0.236435 0.327786
vt 0.199063 0.406048
vt 0.178410 0.167271
vt 0.196387 0.145044
vt 0.191141 0.166248
vt 0.243595 0.720652
vt 0.151046 0.722289
vt 0.237897 0.405321
vt 0.232523 0.123240
vt 0.211533 0.129301
vt 0.244881 0.793378
vt 0.004074 0.726493
vt 0.017381 0.724738
vt 0.003906 0.694170
vt 0.031507 0.723060
vt 0.038613 0.723031
vt 0.197200 0.187235
vt 0.174601 0.198481
vt 0.212941 0.202384
vt 0.182214 0.136061
vt 0.234148 0.207635
vt 0.309721 0.115172
vt 0.322818 0.129476
vt 0.309567 0.132592
vt 0.309779 0.150744
vt 0.322743 0.168212
vt 0.309579 0.168529
vt 0.309491 0.186608
vt 0.322490 0.203418
vt 0.310238 0.205893
vt 0.322666 0.148981
vt 0.322524 0.185448
vt 0.325606 0.221922
vt 0.313864 0.226437
vt 0.335660 0.202269
vt 0.335639 0.184921
vt 0.335684 0.149245
vt 0.335840 0.115172
vt 0.322983 0.115172
vt 0.339481 0.202145
vt 0.336454 0.218518
vt 0.339480 0.167957
vt 0.335712 0.167960
vt 0.339480 0.129476
vt 0.335766 0.129482
vt 0.339480 0.184888
vt 0.339480 0.149248
vt 0.339480 0.115172
vt 0.960707 0.237200
vt 0.967744 0.307827
vt 0.960806 0.307833
vt 0.961052 0.483648
vt 0.968097 0.562423
vt 0.961162 0.562426
vt 0.961430 0.753683
vt 0.968455 0.853830
vt 0.961570 0.853843
vt 0.960580 0.146663
vt 0.967672 0.237184
vt 0.960923 0.391490
vt 0.967995 0.483645
vt 0.961301 0.661739
vt 0.968444 0.692039
vt 0.961343 0.692079
vt 0.960441 0.047358
vt 0.967652 0.146634
vt 0.967893 0.391488
vt 0.968151 0.661737
vt 0.960381 0.003907
vt 0.966994 0.047308
vt 0.968744 0.917016
vt 0.961658 0.917052
vt 0.981977 0.661385
vt 0.982787 0.006193
vt 0.979232 0.052137
vt 0.979742 0.910778
vt 0.981116 0.241082
vt 0.981613 0.309367
vt 0.982018 0.561073
vt 0.981907 0.756529
vt 0.981770 0.857867
vt 0.980530 0.152276
vt 0.981900 0.482092
vt 0.982670 0.693074
vt 0.981889 0.391016
vt 0.993878 0.244837
vt 0.994841 0.310803
vt 0.995300 0.559708
vt 0.994884 0.759534
vt 0.994512 0.861831
vt 0.992603 0.157894
vt 0.995157 0.480535
vt 0.995249 0.661001
vt 0.996094 0.694170
vt 0.991078 0.057197
vt 0.995211 0.390526
vt 0.996094 0.008281
vt 0.990432 0.902425
vt 0.265315 0.495097
vt 0.239572 0.495569
vt 0.289491 0.326781
vt 0.298301 0.227261
vt 0.409460 0.790467
vt 0.270699 0.576853
vt 0.276730 0.404594
vt 0.288298 0.165159
vt 0.269476 0.143632
vt 0.283291 0.134106
vt 0.290378 0.642612
vt 0.246363 0.040323
vt 0.253731 0.128485
vt 0.336144 0.719014
vt 0.995926 0.726493
vt 0.982619 0.724738
vt 0.968314 0.753659
vt 0.968493 0.723060
vt 0.961387 0.723031
vt 0.270289 0.185836
vt 0.293300 0.196211
vt 0.255139 0.201578
vt 0.322818 0.100869
vt 0.309779 0.079601
vt 0.322743 0.062132
vt 0.322666 0.081364
vt 0.309491 0.043737
vt 0.322490 0.026927
vt 0.322524 0.044896
vt 0.309567 0.097753
vt 0.309579 0.061816
vt 0.310238 0.024452
vt 0.325606 0.008423
vt 0.335660 0.028076
vt 0.335639 0.045423
vt 0.335712 0.062385
vt 0.335684 0.081100
vt 0.335766 0.100862
vt 0.336454 0.011826
vt 0.339481 0.028200
vt 0.339480 0.062388
vt 0.339480 0.100868
vt 0.339480 0.045457
vt 0.339480 0.081097
vt 0.046132 0.307846
vt 0.045773 0.562442
vt 0.045316 0.853850
vt 0.046258 0.237204
vt 0.045891 0.483664
vt 0.045757 0.692059
vt 0.046492 0.146654
vt 0.046047 0.391507
vt 0.045549 0.661756
vt 0.046111 0.047326
vt 0.045428 0.917036
vt 0.059376 0.661443
vt 0.062019 0.006256
vt 0.058335 0.052189
vt 0.056443 0.910829
vt 0.059691 0.241139
vt 0.059997 0.309425
vt 0.059698 0.561132
vt 0.059040 0.756586
vt 0.058620 0.857923
vt 0.059354 0.152332
vt 0.059800 0.482150
vt 0.059980 0.693134
vt 0.060044 0.391075
vt 0.072442 0.244930
vt 0.073221 0.310898
vt 0.072983 0.559804
vt 0.072009 0.759628
vt 0.071349 0.861921
vt 0.071410 0.157983
vt 0.073062 0.480630
vt 0.072649 0.661096
vt 0.073401 0.694267
vt 0.070167 0.057283
vt 0.073368 0.390622
vt 0.075320 0.008381
vt 0.067155 0.902507
vt 0.784144 0.591385
vt 0.756946 0.672741
vt 0.758400 0.590925
vt 0.814507 0.424129
vt 0.763318 0.323831
vt 0.827074 0.325047
vt 0.917705 0.891645
vt 0.752317 0.934514
vt 0.753127 0.888735
vt 0.768012 0.099268
vt 0.767183 0.135983
vt 0.768012 0.099268
vt 0.786592 0.673266
vt 0.755777 0.738823
vt 0.798860 0.501384
vt 0.761451 0.423141
vt 0.819463 0.262665
vt 0.801500 0.240455
vt 0.815683 0.231498
vt 0.803926 0.739674
vt 0.754412 0.816009
vt 0.760027 0.500676
vt 0.765401 0.218595
vt 0.782627 0.136328
vt 0.786379 0.224691
vt 0.846961 0.817645
vt 0.073143 0.726590
vt 0.059840 0.724797
vt 0.045455 0.753679
vt 0.045720 0.723080
vt 0.800668 0.282605
vt 0.823265 0.293848
vt 0.784924 0.297744
vt 0.763718 0.302989
vt 0.369240 0.115172
vt 0.356143 0.129476
vt 0.355978 0.115172
vt 0.369181 0.150744
vt 0.356218 0.168212
vt 0.356294 0.148981
vt 0.369470 0.186607
vt 0.356471 0.203417
vt 0.356437 0.185448
vt 0.369393 0.132591
vt 0.369382 0.168529
vt 0.368723 0.205893
vt 0.353355 0.221922
vt 0.343301 0.202269
vt 0.343322 0.184921
vt 0.343249 0.167960
vt 0.343277 0.149245
vt 0.343195 0.129482
vt 0.343121 0.115172
vt 0.342507 0.218518
vt 0.953868 0.307846
vt 0.954228 0.562442
vt 0.954684 0.853850
vt 0.953742 0.237204
vt 0.954109 0.483664
vt 0.954243 0.692059
vt 0.953508 0.146654
vt 0.953953 0.391507
vt 0.954451 0.661756
vt 0.953889 0.047326
vt 0.954572 0.917036
vt 0.940624 0.661443
vt 0.937981 0.006256
vt 0.952687 0.004193
vt 0.943557 0.910829
vt 0.940309 0.241139
vt 0.940302 0.561132
vt 0.940961 0.756586
vt 0.954545 0.753679
vt 0.940646 0.152332
vt 0.940200 0.482150
vt 0.941665 0.052189
vt 0.940003 0.309425
vt 0.927558 0.244930
vt 0.927017 0.559804
vt 0.941380 0.857923
vt 0.927991 0.759628
vt 0.928590 0.157983
vt 0.926938 0.480630
vt 0.939956 0.391075
vt 0.940020 0.693134
vt 0.927351 0.661096
vt 0.929833 0.057283
vt 0.926779 0.310898
vt 0.924680 0.008381
vt 0.932847 0.902505
vt 0.732657 0.590465
vt 0.727301 0.672215
vt 0.708394 0.422153
vt 0.699565 0.322616
vt 0.588548 0.885825
vt 0.586929 0.931590
vt 0.751738 0.135640
vt 0.707628 0.737971
vt 0.721192 0.499969
vt 0.709576 0.260473
vt 0.728414 0.238931
vt 0.722337 0.259944
vt 0.661863 0.814372
vt 0.744183 0.223805
vt 0.926857 0.726590
vt 0.940160 0.724797
vt 0.926599 0.694267
vt 0.954280 0.723080
vt 0.727579 0.281175
vt 0.704566 0.291552
vt 0.742727 0.296927
vt 0.714610 0.229379
vt 0.356143 0.100869
vt 0.369393 0.097753
vt 0.369181 0.079601
vt 0.356218 0.062132
vt 0.369382 0.061816
vt 0.369470 0.043737
vt 0.356471 0.026927
vt 0.368723 0.024452
vt 0.356294 0.081364
vt 0.356437 0.044896
vt 0.353355 0.008423
vt 0.365097 0.003907
vt 0.343301 0.028076
vt 0.343322 0.045423
vt 0.343277 0.081100
vt 0.342507 0.011826
vt 0.343249 0.062385
vt 0.343195 0.100862
vt 0.422100 0.412507
vt 0.566214 0.819865
vt 0.484029 0.820320
vt 0.462477 0.820704
vt 0.443507 0.820721
vt 0.423892 0.820412
vt 0.423892 0.004603
vt 0.138816 0.190706
vt 0.086941 0.191166
vt 0.111676 0.020202
vt 0.136758 0.344257
vt 0.111685 0.362035
vt 0.005486 0.861829
vt 0.004789 0.390526
vt 0.230200 0.003906
vt 0.339481 0.218442
vt 0.968075 0.004171
vt 0.411079 0.836232
vt 0.275536 0.164626
vt 0.313864 0.003907
vt 0.339481 0.011903
vt 0.047313 0.004193
vt 0.917705 0.937438
vt 0.806732 0.261639
vt 0.365097 0.226437
vt 0.928650 0.861923
vt 0.926632 0.390622
s 1
usemtl Material.007
f 3/1/1 2/2/2 1/3/3
f 3/1/1 6/4/4 4/5/5
f 5/6/6 8/7/7 6/4/4
f 7/8/8 10/9/9 8/7/7
f 13/10/10 4/5/5 6/4/4
f 12/11/11 2/2/2 4/5/5
f 15/12/9 8/7/7 10/9/9
f 14/13/12 6/4/4 8/7/7
f 20/14/13 14/13/14 15/12/15
f 18/15/16 12/11/17 13/10/18
f 19/16/19 13/10/18 14/13/14
f 12/11/17 16/17/20 11/18/21
f 20/14/13 24/19/22 19/16/19
f 18/15/16 22/20/23 17/21/24
f 19/16/19 23/22/25 18/15/16
f 22/20/23 16/17/20 17/21/24
f 30/23/9 24/19/12 25/24/9
f 28/25/10 22/20/11 23/22/10
f 29/26/12 23/22/10 24/19/12
f 27/27/11 21/28/26 22/20/11
f 27/27/27 31/29/28 26/30/29
f 35/31/30 29/26/31 30/23/32
f 33/32/33 27/27/27 28/25/34
f 34/33/35 28/25/34 29/26/31
f 34/33/35 38/34/36 33/32/33
f 37/35/37 31/29/28 32/36/38
f 35/31/30 39/37/39 34/33/35
f 33/32/33 37/35/37 32/36/38
f 44/38/12 38/34/10 39/37/12
f 42/39/11 36/40/26 37/35/11
f 45/41/9 39/37/12 40/42/9
f 43/43/10 37/35/11 38/34/10
f 49/44/40 43/43/41 44/38/42
f 42/39/43 46/45/44 41/46/45
f 50/47/46 44/38/42 45/41/47
f 48/48/48 42/39/43 43/43/41
f 49/44/40 53/49/49 48/48/48
f 52/50/50 46/45/44 47/51/51
f 50/47/46 54/52/52 49/44/40
f 48/48/48 52/50/50 47/51/51
f 59/53/12 53/49/10 54/52/12
f 57/54/11 51/55/26 52/50/11
f 60/56/9 54/52/12 55/57/9
f 58/58/10 52/50/11 53/49/10
f 63/59/53 57/54/54 58/58/55
f 64/60/56 58/58/55 59/53/57
f 57/54/54 61/61/58 56/62/59
f 65/63/60 59/53/57 60/56/61
f 65/63/60 69/64/62 64/60/56
f 63/59/53 67/65/63 62/66/64
f 64/60/56 68/67/65 63/59/53
f 67/65/63 61/61/58 62/66/64
f 75/68/9 69/64/12 70/69/9
f 73/70/10 67/65/11 68/67/10
f 74/71/12 68/67/10 69/64/12
f 72/72/11 66/73/26 67/65/11
f 77/74/66 78/75/67 76/76/68
f 78/75/67 81/77/69 80/78/70
f 80/78/70 83/79/71 82/80/72
f 82/80/72 10/9/9 9/81/9
f 79/82/73 86/83/74 81/77/69
f 77/74/66 85/84/75 79/82/73
f 83/79/71 15/12/9 10/9/9
f 81/77/69 87/85/76 83/79/71
f 87/85/77 20/14/13 15/12/15
f 85/84/78 90/86/79 86/83/80
f 86/83/80 91/87/81 87/85/77
f 85/84/78 88/88/82 89/89/83
f 20/14/13 95/90/84 25/24/85
f 90/86/79 93/91/86 94/92/87
f 91/87/81 94/92/87 95/90/84
f 88/88/82 93/91/86 89/89/83
f 95/90/76 30/23/9 25/24/9
f 93/91/75 98/93/74 94/92/74
f 94/92/74 99/94/76 95/90/76
f 92/95/88 97/96/75 93/91/75
f 97/96/89 100/97/90 101/98/91
f 99/94/92 35/31/30 30/23/32
f 97/96/89 102/99/93 98/93/94
f 98/93/94 103/100/95 99/94/92
f 103/100/95 106/101/96 107/102/97
f 100/97/90 105/103/98 101/98/91
f 35/31/30 107/102/97 40/42/99
f 102/99/93 105/103/98 106/101/96
f 106/101/74 111/104/76 107/102/76
f 104/105/88 109/106/75 105/103/75
f 107/102/76 45/41/9 40/42/9
f 105/103/75 110/107/74 106/101/74
f 110/107/100 115/108/101 111/104/102
f 109/106/103 112/109/104 113/110/105
f 111/104/102 50/47/46 45/41/47
f 109/106/103 114/111/106 110/107/100
f 115/108/101 118/112/107 119/113/108
f 112/109/104 117/114/109 113/110/105
f 50/47/46 119/113/108 55/57/110
f 114/111/106 117/114/109 118/112/107
f 118/112/74 123/115/76 119/113/76
f 116/116/88 121/117/75 117/114/75
f 119/113/76 60/56/9 55/57/9
f 117/114/75 122/118/74 118/112/74
f 121/117/111 126/119/112 122/118/113
f 122/118/113 127/120/114 123/115/115
f 121/117/111 124/121/116 125/122/117
f 123/115/115 65/63/60 60/56/61
f 65/63/60 131/123/118 70/69/119
f 126/119/112 129/124/120 130/125/121
f 127/120/114 130/125/121 131/123/118
f 124/121/116 129/124/120 125/122/117
f 131/123/76 75/68/9 70/69/9
f 129/124/75 134/126/74 130/125/74
f 130/125/74 135/127/76 131/123/76
f 128/128/88 133/129/75 129/124/75
f 2/2/2 136/130/122 1/3/3
f 136/130/122 139/131/123 138/132/124
f 138/132/124 141/133/125 140/134/126
f 140/134/126 143/135/127 142/136/127
f 137/137/128 145/138/129 139/131/123
f 2/2/2 144/139/130 137/137/128
f 141/133/125 147/140/127 143/135/127
f 139/131/123 146/141/131 141/133/125
f 146/141/132 151/142/133 147/140/134
f 144/139/135 149/143/136 145/138/137
f 145/138/137 150/144/138 146/141/132
f 144/139/135 16/17/20 148/145/139
f 151/142/133 154/146/140 155/147/141
f 149/143/136 152/148/142 153/149/143
f 150/144/138 153/149/143 154/146/140
f 16/17/20 152/148/142 148/145/139
f 154/146/131 159/150/127 155/147/127
f 152/148/130 157/151/129 153/149/129
f 153/149/129 158/152/131 154/146/131
f 21/28/26 156/153/130 152/148/130
f 156/153/144 31/29/28 160/154/145
f 158/152/146 163/155/147 159/150/148
f 156/153/144 161/156/149 157/151/150
f 157/151/150 162/157/151 158/152/146
f 162/157/151 165/158/152 166/159/153
f 31/29/28 164/160/154 160/154/145
f 163/155/147 166/159/153 167/161/155
f 161/156/149 164/160/154 165/158/152
f 165/158/129 170/162/131 166/159/131
f 36/40/26 168/163/130 164/160/130
f 166/159/131 171/164/127 167/161/127
f 164/160/130 169/165/129 165/158/129
f 169/165/156 174/166/157 170/162/158
f 168/163/159 46/45/44 172/167/160
f 170/162/158 175/168/161 171/164/162
f 168/163/159 173/169/163 169/165/156
f 174/166/157 177/170/164 178/171/165
f 46/45/44 176/172/166 172/167/160
f 175/168/161 178/171/165 179/173/167
f 173/169/163 176/172/166 177/170/164
f 177/170/129 182/174/131 178/171/131
f 51/55/26 180/175/130 176/172/130
f 178/171/131 183/176/127 179/173/127
f 176/172/130 181/177/129 177/170/129
f 180/175/168 185/178/169 181/177/170
f 181/177/170 186/179/171 182/174/172
f 180/175/168 61/61/58 184/180/173
f 182/174/172 187/181/174 183/176/175
f 187/181/174 190/182/176 191/183/177
f 185/178/169 188/184/178 189/185/179
f 186/179/171 189/185/179 190/182/176
f 61/61/58 188/184/178 184/180/173
f 190/182/131 195/186/127 191/183/127
f 188/184/130 193/187/129 189/185/129
f 189/185/129 194/188/131 190/182/131
f 66/73/26 192/189/130 188/184/130
f 196/190/180 77/191/66 76/192/68
f 196/190/180 199/193/181 197/194/182
f 198/195/183 201/196/184 199/193/181
f 200/197/185 143/135/127 201/196/184
f 203/198/186 197/194/182 199/193/181
f 202/199/187 77/191/66 197/194/182
f 147/140/127 201/196/184 143/135/127
f 204/200/188 199/193/181 201/196/184
f 151/142/133 204/200/189 147/140/134
f 206/201/190 202/199/191 203/198/192
f 207/202/193 203/198/192 204/200/189
f 202/199/191 88/203/82 84/204/194
f 151/142/133 210/205/195 207/202/193
f 206/201/190 208/206/196 205/207/197
f 207/202/193 209/208/198 206/201/190
f 208/206/196 88/203/82 205/207/197
f 159/150/127 210/205/188 155/147/127
f 212/209/186 208/206/187 209/208/186
f 213/210/188 209/208/186 210/205/188
f 211/211/187 92/212/88 208/206/187
f 211/211/199 100/213/90 96/214/200
f 163/155/147 213/210/201 159/150/148
f 215/215/202 211/211/199 212/209/203
f 216/216/204 212/209/203 213/210/201
f 216/216/204 218/217/205 215/215/202
f 217/218/206 100/213/90 214/219/207
f 163/155/147 219/220/208 216/216/204
f 215/215/202 217/218/206 214/219/207
f 222/221/188 218/217/186 219/220/188
f 220/222/187 104/223/88 217/218/187
f 171/164/127 219/220/188 167/161/127
f 221/224/186 217/218/187 218/217/186
f 225/225/209 221/224/210 222/221/211
f 220/222/212 112/226/104 108/227/213
f 175/168/161 222/221/211 171/164/162
f 224/228/214 220/222/212 221/224/210
f 225/225/209 227/229/215 224/228/214
f 226/230/216 112/226/104 223/231/217
f 175/168/161 228/232/218 225/225/209
f 224/228/214 226/230/216 223/231/217
f 231/233/188 227/229/186 228/232/188
f 229/234/187 116/235/88 226/230/187
f 183/176/127 228/232/188 179/173/127
f 230/236/186 226/230/187 227/229/186
f 233/237/219 229/234/220 230/236/221
f 234/238/222 230/236/221 231/233/223
f 229/234/220 124/239/116 120/240/224
f 187/181/174 231/233/223 183/176/175
f 187/181/174 237/241/225 234/238/222
f 233/237/219 235/242/226 232/243/227
f 234/238/222 236/244/228 233/237/219
f 235/242/226 124/239/116 232/243/227
f 195/186/127 237/241/188 191/183/127
f 239/245/186 235/242/187 236/244/186
f 240/246/188 236/244/186 237/241/188
f 238/247/187 128/248/88 235/242/187
f 254/249/229 198/250/229 196/251/229
f 244/252/229 9/253/229 7/254/229
f 82/255/229 248/256/229 80/257/229
f 142/258/229 252/259/229 140/260/229
f 242/261/229 5/262/229 3/263/229
f 247/264/229 76/265/229 78/266/229
f 255/267/229 200/268/229 198/250/229
f 138/269/229 250/270/229 136/271/229
f 9/253/229 249/272/229 82/255/229
f 76/265/229 254/249/229 196/251/229
f 243/273/229 7/274/229 5/262/229
f 140/260/229 251/275/229 138/269/229
f 256/276/229 142/258/229 200/268/229
f 1/277/229 242/261/229 3/263/229
f 80/257/229 247/264/229 78/266/229
f 250/270/229 1/277/229 136/271/229
f 276/278/230 265/279/231 264/280/232
f 273/281/233 262/282/234 261/283/235
f 270/284/236 259/285/237 258/286/238
f 277/287/239 266/288/240 265/279/231
f 274/289/241 263/290/242 262/282/234
f 331/291/243 260/292/244 329/293/245
f 278/294/246 267/295/247 266/288/240
f 275/296/248 264/280/232 263/290/242
f 272/297/249 261/283/235 260/292/244
f 279/298/250 268/299/3 267/295/247
f 269/300/251 258/286/238 257/301/229
f 284/302/252 273/281/233 272/297/249
f 279/298/250 292/303/253 280/304/254
f 281/305/255 270/284/236 269/300/251
f 276/278/230 289/306/256 277/287/239
f 285/307/257 274/289/241 273/281/233
f 270/284/236 283/308/258 271/309/259
f 277/287/239 290/310/260 278/294/246
f 286/311/261 275/296/248 274/289/241
f 331/291/243 284/302/252 272/297/249
f 278/294/246 291/312/262 279/298/250
f 275/296/248 288/313/263 276/278/230
f 288/313/263 301/314/264 289/306/256
f 297/315/265 286/311/261 285/307/257
f 282/316/266 295/317/267 283/308/258
f 289/306/256 302/318/268 290/310/260
f 298/319/269 287/320/270 286/311/261
f 333/321/271 296/322/272 284/302/252
f 290/310/260 303/323/273 291/312/262
f 287/320/270 300/324/274 288/313/263
f 296/322/272 285/307/257 284/302/252
f 291/312/262 304/325/272 292/303/253
f 293/326/275 282/316/266 281/305/255
f 299/327/9 311/328/9 300/329/9
f 307/330/9 297/331/9 296/332/9
f 303/333/9 315/334/9 304/335/9
f 293/336/9 306/337/9 294/338/9
f 300/329/9 312/339/9 301/340/9
f 308/341/9 298/342/9 297/331/9
f 334/343/9 326/344/9 325/345/9
f 301/340/9 313/346/9 302/347/9
f 309/348/9 299/327/9 298/342/9
f 294/338/9 316/349/9 327/350/9
f 302/347/9 314/351/9 303/333/9
f 283/308/258 334/352/276 332/353/271
f 332/353/271 335/354/276 333/321/271
f 271/309/259 332/353/271 330/355/243
f 330/355/243 333/321/271 331/291/243
f 271/309/259 328/356/245 259/285/237
f 330/355/243 329/293/245 328/356/245
f 334/343/9 324/357/9 335/358/9
f 323/359/9 335/358/9 324/357/9
f 295/360/9 327/350/9 326/344/9
f 307/330/9 323/359/9 322/361/9
f 316/362/277 337/363/278 327/364/279
f 326/365/280 317/366/281 325/367/282
f 324/368/283 319/369/284 323/370/285
f 327/364/279 336/371/286 326/365/280
f 325/367/282 318/372/287 324/368/283
f 323/370/285 320/373/288 322/374/289
f 340/375/290 320/373/288 319/369/284
f 317/366/281 339/376/291 318/372/287
f 337/363/278 343/377/292 336/371/286
f 339/376/291 319/369/284 318/372/287
f 343/377/292 317/366/281 336/371/286
f 342/378/293 337/363/278 321/379/294
f 347/380/295 341/381/296 340/375/290
f 345/382/297 339/376/291 338/383/298
f 351/384/299 343/377/292 344/385/300
f 346/386/301 340/375/290 339/376/291
f 350/387/302 338/383/298 343/377/292
f 349/388/303 344/385/300 342/378/293
f 359/389/304 369/390/305 358/391/306
f 356/392/307 366/393/308 355/394/309
f 353/395/310 363/396/311 352/397/312
f 360/398/313 370/399/314 359/389/304
f 357/400/315 367/401/316 356/392/307
f 354/402/317 407/403/318 405/404/319
f 361/405/320 371/406/321 360/398/313
f 358/391/306 368/407/322 357/400/315
f 355/394/309 365/408/323 354/402/317
f 362/409/68 372/410/324 361/405/320
f 352/397/312 269/411/251 257/412/229
f 366/393/308 376/413/325 365/408/323
f 372/410/324 384/414/326 383/415/327
f 363/396/311 281/416/255 269/411/251
f 369/390/305 381/417/328 380/418/329
f 367/401/316 377/419/330 366/393/308
f 363/396/311 375/420/331 374/421/332
f 370/399/314 382/422/333 381/417/328
f 368/407/322 378/423/334 367/401/316
f 407/403/318 376/413/325 409/424/335
f 371/406/321 383/415/327 382/422/333
f 368/407/322 380/418/329 379/425/336
f 380/418/329 392/426/337 391/427/338
f 378/423/334 388/428/339 377/419/330
f 374/421/332 386/429/340 385/430/341
f 381/417/328 393/431/342 392/426/337
f 379/425/336 389/432/343 378/423/334
f 409/424/335 387/433/344 411/434/345
f 382/422/333 394/435/346 393/431/342
f 379/425/336 391/427/338 390/436/347
f 377/419/330 387/433/344 376/413/325
f 383/415/327 395/437/344 394/435/346
f 374/421/332 293/438/275 281/416/255
f 390/439/9 311/328/9 310/440/9
f 388/441/9 307/330/9 387/442/9
f 394/443/9 315/334/9 314/351/9
f 391/444/9 312/339/9 311/328/9
f 389/445/9 308/341/9 388/441/9
f 410/446/9 402/447/9 386/448/9
f 392/449/9 313/346/9 312/339/9
f 390/439/9 309/348/9 389/445/9
f 316/349/9 385/450/9 403/451/9
f 393/452/9 314/351/9 313/346/9
f 375/420/331 410/453/345 386/429/340
f 408/454/335 411/434/345 410/453/345
f 364/455/348 408/454/335 375/420/331
f 406/456/318 409/424/335 408/454/335
f 404/457/319 364/455/348 353/395/310
f 405/404/319 406/456/318 404/457/319
f 400/458/9 410/446/9 411/459/9
f 399/460/9 411/459/9 387/442/9
f 403/451/9 386/448/9 402/447/9
f 399/460/9 307/330/9 322/361/9
f 316/362/277 413/461/349 321/379/294
f 402/462/350 396/463/351 412/464/352
f 400/465/353 398/466/354 397/467/355
f 403/468/356 412/464/352 413/461/349
f 401/469/357 397/467/355 396/463/351
f 399/470/358 320/471/288 398/466/354
f 320/471/288 416/472/359 398/466/354
f 396/463/351 415/473/360 414/474/361
f 413/461/349 417/475/362 418/476/363
f 398/466/354 415/473/360 397/467/355
f 396/463/351 417/475/362 412/464/352
f 413/461/349 342/378/293 321/379/294
f 341/477/296 421/478/364 416/472/359
f 415/473/360 419/479/365 414/474/361
f 417/475/362 423/480/366 418/476/363
f 416/472/359 420/481/367 415/473/360
f 414/474/361 422/482/368 417/475/362
f 418/476/363 349/388/303 342/378/293
f 265/279/231 431/483/369 264/280/232
f 262/282/234 428/484/370 261/283/235
f 259/285/237 425/485/371 258/286/238
f 266/288/240 432/486/372 265/279/231
f 263/290/242 429/487/373 262/282/234
f 260/292/244 484/488/374 329/293/245
f 267/295/247 433/489/375 266/288/240
f 264/280/232 430/490/376 263/290/242
f 261/283/235 427/491/377 260/292/244
f 268/299/3 434/492/378 267/295/247
f 258/286/238 424/493/379 257/301/229
f 428/484/370 439/494/380 427/491/377
f 434/492/378 447/495/381 446/496/382
f 425/485/371 436/497/383 424/493/379
f 431/483/369 444/498/384 443/499/385
f 429/487/373 440/500/386 428/484/370
f 425/485/371 438/501/387 437/502/388
f 432/486/372 445/503/389 444/498/384
f 430/490/376 441/504/390 429/487/373
f 484/488/374 439/494/380 486/505/391
f 433/489/375 446/496/382 445/503/389
f 430/490/376 443/499/385 442/506/392
f 443/499/385 456/507/393 455/508/394
f 441/504/390 452/509/395 440/500/386
f 437/502/388 450/510/396 449/511/397
f 444/498/384 457/512/398 456/507/393
f 442/506/392 453/513/399 441/504/390
f 486/505/391 451/514/400 488/515/401
f 445/503/389 458/516/402 457/512/398
f 442/506/392 455/508/394 454/517/403
f 440/500/386 451/514/400 439/494/380
f 446/496/382 459/518/400 458/516/402
f 437/502/388 448/519/404 436/497/383
f 454/520/127 466/521/127 465/522/127
f 452/523/127 462/524/127 451/525/127
f 458/526/127 470/527/127 469/528/127
f 448/529/127 461/530/127 460/531/127
f 455/532/127 467/533/127 466/521/127
f 453/534/127 463/535/127 452/523/127
f 487/536/127 481/537/127 450/538/127
f 456/539/127 468/540/127 467/533/127
f 454/520/127 464/541/127 453/534/127
f 471/542/127 449/543/127 482/544/127
f 457/545/127 469/528/127 468/540/127
f 438/501/387 487/546/401 450/510/396
f 485/547/391 488/515/401 487/546/401
f 426/548/405 485/547/391 438/501/387
f 483/549/374 486/505/391 485/547/391
f 328/356/245 426/548/405 259/285/237
f 329/293/245 483/549/374 328/356/245
f 479/550/127 487/536/127 488/551/127
f 478/552/127 488/551/127 451/525/127
f 482/544/127 450/538/127 481/537/127
f 478/552/127 462/524/127 477/553/127
f 471/554/406 490/555/407 476/556/408
f 481/557/409 472/558/410 489/559/411
f 479/560/412 474/561/413 473/562/414
f 482/563/415 489/559/411 490/555/407
f 480/564/416 473/562/414 472/558/410
f 478/565/417 475/566/418 474/561/413
f 475/566/418 493/567/419 474/561/413
f 472/558/410 492/568/420 491/569/421
f 490/555/407 496/570/422 497/571/423
f 474/561/413 492/568/420 473/562/414
f 472/558/410 496/570/422 489/559/411
f 490/555/407 495/572/424 476/556/408
f 494/573/425 347/380/295 493/567/419
f 492/568/420 345/382/297 491/569/421
f 496/570/422 351/384/299 497/571/423
f 493/567/419 346/386/301 492/568/420
f 491/569/421 350/387/302 496/570/422
f 497/571/423 349/388/303 495/572/424
f 504/574/426 359/389/304 358/391/306
f 501/575/427 356/392/307 355/394/309
f 498/576/428 353/395/310 352/397/312
f 505/577/429 360/398/313 359/389/304
f 502/578/430 357/400/315 356/392/307
f 540/579/431 354/402/317 405/404/319
f 506/580/432 361/405/320 360/398/313
f 503/581/433 358/391/306 357/400/315
f 500/582/434 355/394/309 354/402/317
f 507/583/435 362/409/68 361/405/320
f 424/584/379 352/397/312 257/412/229
f 511/585/436 501/575/427 500/582/434
f 507/583/435 519/586/437 508/587/438
f 436/588/383 498/576/428 424/584/379
f 504/574/426 516/589/439 505/577/429
f 512/590/440 502/578/430 501/575/427
f 498/576/428 510/591/441 499/592/442
f 505/577/429 517/593/443 506/580/432
f 513/594/444 503/581/433 502/578/430
f 540/579/431 511/585/436 500/582/434
f 506/580/432 518/595/445 507/583/435
f 503/581/433 515/596/446 504/574/426
f 515/596/446 527/597/447 516/589/439
f 523/598/448 513/594/444 512/590/440
f 509/599/449 521/600/450 510/591/441
f 516/589/439 528/601/451 517/593/443
f 524/602/452 514/603/453 513/594/444
f 542/604/454 522/605/455 511/585/436
f 517/593/443 529/606/456 518/595/445
f 514/603/453 526/607/457 515/596/446
f 522/605/455 512/590/440 511/585/436
f 518/595/445 530/608/455 519/586/437
f 448/609/404 509/599/449 436/588/383
f 525/610/127 466/521/127 526/611/127
f 462/524/127 523/612/127 522/613/127
f 529/614/127 470/527/127 530/615/127
f 448/529/127 461/530/127 520/616/127
f 526/611/127 467/533/127 527/617/127
f 463/535/127 524/618/127 523/612/127
f 543/619/127 537/620/127 536/621/127
f 527/617/127 468/540/127 528/622/127
f 464/541/127 525/610/127 524/618/127
f 520/616/127 471/542/127 538/623/127
f 528/622/127 469/528/127 529/614/127
f 510/591/441 543/624/458 541/625/454
f 541/625/454 544/626/458 542/604/454
f 499/592/442 541/625/454 539/627/431
f 539/627/431 542/604/454 540/579/431
f 499/592/442 404/457/319 353/395/310
f 539/627/431 405/404/319 404/457/319
f 543/619/127 535/628/127 544/629/127
f 534/630/127 544/629/127 535/628/127
f 521/631/127 538/623/127 537/620/127
f 462/524/127 534/630/127 477/553/127
f 471/554/406 546/632/459 538/633/460
f 537/634/461 531/635/462 536/636/463
f 535/637/464 533/638/465 534/639/466
f 538/633/460 545/640/467 537/634/461
f 536/636/463 532/641/468 535/637/464
f 534/639/466 475/642/418 477/643/469
f 549/644/470 475/642/418 533/638/465
f 531/635/462 548/645/471 532/641/468
f 546/632/459 550/646/472 545/640/467
f 548/645/471 533/638/465 532/641/468
f 550/646/472 531/635/462 545/640/467
f 495/572/424 546/632/459 476/556/408
f 421/478/364 494/647/425 549/644/470
f 419/479/365 548/645/471 547/648/473
f 423/480/366 550/646/472 551/649/474
f 420/481/367 549/644/470 548/645/471
f 422/482/368 547/648/473 550/646/472
f 349/388/303 551/649/474 495/572/424
f 3/1/1 4/5/5 2/2/2
f 3/1/1 5/6/6 6/4/4
f 5/6/6 7/8/8 8/7/7
f 7/8/8 9/81/9 10/9/9
f 13/10/10 12/11/11 4/5/5
f 12/11/11 11/18/26 2/2/2
f 15/12/9 14/13/12 8/7/7
f 14/13/12 13/10/10 6/4/4
f 20/14/13 19/16/19 14/13/14
f 18/15/16 17/21/24 12/11/17
f 19/16/19 18/15/16 13/10/18
f 12/11/17 17/21/24 16/17/20
f 20/14/13 25/24/85 24/19/22
f 18/15/16 23/22/25 22/20/23
f 19/16/19 24/19/22 23/22/25
f 22/20/23 21/28/475 16/17/20
f 30/23/9 29/26/12 24/19/12
f 28/25/10 27/27/11 22/20/11
f 29/26/12 28/25/10 23/22/10
f 27/27/11 26/30/26 21/28/26
f 27/27/27 32/36/38 31/29/28
f 35/31/30 34/33/35 29/26/31
f 33/32/33 32/36/38 27/27/27
f 34/33/35 33/32/33 28/25/34
f 34/33/35 39/37/39 38/34/36
f 37/35/37 36/40/476 31/29/28
f 35/31/30 40/42/99 39/37/39
f 33/32/33 38/34/36 37/35/37
f 44/38/12 43/43/10 38/34/10
f 42/39/11 41/46/26 36/40/26
f 45/41/9 44/38/12 39/37/12
f 43/43/10 42/39/11 37/35/11
f 49/44/40 48/48/48 43/43/41
f 42/39/43 47/51/51 46/45/44
f 50/47/46 49/44/40 44/38/42
f 48/48/48 47/51/51 42/39/43
f 49/44/40 54/52/52 53/49/49
f 52/50/50 51/55/477 46/45/44
f 50/47/46 55/57/110 54/52/52
f 48/48/48 53/49/49 52/50/50
f 59/53/12 58/58/10 53/49/10
f 57/54/11 56/62/26 51/55/26
f 60/56/9 59/53/12 54/52/12
f 58/58/10 57/54/11 52/50/11
f 63/59/53 62/66/64 57/54/54
f 64/60/56 63/59/53 58/58/55
f 57/54/54 62/66/64 61/61/58
f 65/63/60 64/60/56 59/53/57
f 65/63/60 70/69/119 69/64/62
f 63/59/53 68/67/65 67/65/63
f 64/60/56 69/64/62 68/67/65
f 67/65/63 66/73/478 61/61/58
f 75/68/9 74/71/12 69/64/12
f 73/70/10 72/72/11 67/65/11
f 74/71/12 73/70/10 68/67/10
f 72/72/11 71/650/26 66/73/26
f 77/74/66 79/82/73 78/75/67
f 78/75/67 79/82/73 81/77/69
f 80/78/70 81/77/69 83/79/71
f 82/80/72 83/79/71 10/9/9
f 79/82/73 85/84/75 86/83/74
f 77/74/66 84/651/88 85/84/75
f 83/79/71 87/85/76 15/12/9
f 81/77/69 86/83/74 87/85/76
f 87/85/77 91/87/81 20/14/13
f 85/84/78 89/89/83 90/86/79
f 86/83/80 90/86/79 91/87/81
f 85/84/78 84/651/194 88/88/82
f 20/14/13 91/87/81 95/90/84
f 90/86/79 89/89/83 93/91/86
f 91/87/81 90/86/79 94/92/87
f 88/88/82 92/95/479 93/91/86
f 95/90/76 99/94/76 30/23/9
f 93/91/75 97/96/75 98/93/74
f 94/92/74 98/93/74 99/94/76
f 92/95/88 96/652/88 97/96/75
f 97/96/89 96/652/200 100/97/90
f 99/94/92 103/100/95 35/31/30
f 97/96/89 101/98/91 102/99/93
f 98/93/94 102/99/93 103/100/95
f 103/100/95 102/99/93 106/101/96
f 100/97/90 104/105/480 105/103/98
f 35/31/30 103/100/95 107/102/97
f 102/99/93 101/98/91 105/103/98
f 106/101/74 110/107/74 111/104/76
f 104/105/88 108/653/88 109/106/75
f 107/102/76 111/104/76 45/41/9
f 105/103/75 109/106/75 110/107/74
f 110/107/100 114/111/106 115/108/101
f 109/106/103 108/653/213 112/109/104
f 111/104/102 115/108/101 50/47/46
f 109/106/103 113/110/105 114/111/106
f 115/108/101 114/111/106 118/112/107
f 112/109/104 116/116/481 117/114/109
f 50/47/46 115/108/101 119/113/108
f 114/111/106 113/110/105 117/114/109
f 118/112/74 122/118/74 123/115/76
f 116/116/88 120/654/88 121/117/75
f 119/113/76 123/115/76 60/56/9
f 117/114/75 121/117/75 122/118/74
f 121/117/111 125/122/117 126/119/112
f 122/118/113 126/119/112 127/120/114
f 121/117/111 120/654/224 124/121/116
f 123/115/115 127/120/114 65/63/60
f 65/63/60 127/120/114 131/123/118
f 126/119/112 125/122/117 129/124/120
f 127/120/114 126/119/112 130/125/121
f 124/121/116 128/128/482 129/124/120
f 131/123/76 135/127/76 75/68/9
f 129/124/75 133/129/75 134/126/74
f 130/125/74 134/126/74 135/127/76
f 128/128/88 132/655/88 133/129/75
f 2/2/2 137/137/128 136/130/122
f 136/130/122 137/137/128 139/131/123
f 138/132/124 139/131/123 141/133/125
f 140/134/126 141/133/125 143/135/127
f 137/137/128 144/139/130 145/138/129
f 2/2/2 11/18/26 144/139/130
f 141/133/125 146/141/131 147/140/127
f 139/131/123 145/138/129 146/141/131
f 146/141/132 150/144/138 151/142/133
f 144/139/135 148/145/139 149/143/136
f 145/138/137 149/143/136 150/144/138
f 144/139/135 11/18/21 16/17/20
f 151/142/133 150/144/138 154/146/140
f 149/143/136 148/145/139 152/148/142
f 150/144/138 149/143/136 153/149/143
f 16/17/20 21/28/475 152/148/142
f 154/146/131 158/152/131 159/150/127
f 152/148/130 156/153/130 157/151/129
f 153/149/129 157/151/129 158/152/131
f 21/28/26 26/30/26 156/153/130
f 156/153/144 26/30/29 31/29/28
f 158/152/146 162/157/151 163/155/147
f 156/153/144 160/154/145 161/156/149
f 157/151/150 161/156/149 162/157/151
f 162/157/151 161/156/149 165/158/152
f 31/29/28 36/40/476 164/160/154
f 163/155/147 162/157/151 166/159/153
f 161/156/149 160/154/145 164/160/154
f 165/158/129 169/165/129 170/162/131
f 36/40/26 41/46/26 168/163/130
f 166/159/131 170/162/131 171/164/127
f 164/160/130 168/163/130 169/165/129
f 169/165/156 173/169/163 174/166/157
f 168/163/159 41/46/45 46/45/44
f 170/162/158 174/166/157 175/168/161
f 168/163/159 172/167/160 173/169/163
f 174/166/157 173/169/163 177/170/164
f 46/45/44 51/55/477 176/172/166
f 175/168/161 174/166/157 178/171/165
f 173/169/163 172/167/160 176/172/166
f 177/170/129 181/177/129 182/174/131
f 51/55/26 56/62/26 180/175/130
f 178/171/131 182/174/131 183/176/127
f 176/172/130 180/175/130 181/177/129
f 180/175/168 184/180/173 185/178/169
f 181/177/170 185/178/169 186/179/171
f 180/175/168 56/62/59 61/61/58
f 182/174/172 186/179/171 187/181/174
f 187/181/174 186/179/171 190/182/176
f 185/178/169 184/180/173 188/184/178
f 186/179/171 185/178/169 189/185/179
f 61/61/58 66/73/478 188/184/178
f 190/182/131 194/188/131 195/186/127
f 188/184/130 192/189/130 193/187/129
f 189/185/129 193/187/129 194/188/131
f 66/73/26 71/650/26 192/189/130
f 196/190/180 197/194/182 77/191/66
f 196/190/180 198/195/183 199/193/181
f 198/195/183 200/197/185 201/196/184
f 200/197/185 142/136/127 143/135/127
f 203/198/186 202/199/187 197/194/182
f 202/199/187 84/204/88 77/191/66
f 147/140/127 204/200/188 201/196/184
f 204/200/188 203/198/186 199/193/181
f 151/142/133 207/202/193 204/200/189
f 206/201/190 205/207/197 202/199/191
f 207/202/193 206/201/190 203/198/192
f 202/199/191 205/207/197 88/203/82
f 151/142/133 155/147/141 210/205/195
f 206/201/190 209/208/198 208/206/196
f 207/202/193 210/205/195 209/208/198
f 208/206/196 92/212/479 88/203/82
f 159/150/127 213/210/188 210/205/188
f 212/209/186 211/211/187 208/206/187
f 213/210/188 212/209/186 209/208/186
f 211/211/187 96/214/88 92/212/88
f 211/211/199 214/219/207 100/213/90
f 163/155/147 216/216/204 213/210/201
f 215/215/202 214/219/207 211/211/199
f 216/216/204 215/215/202 212/209/203
f 216/216/204 219/220/208 218/217/205
f 217/218/206 104/223/480 100/213/90
f 163/155/147 167/161/155 219/220/208
f 215/215/202 218/217/205 217/218/206
f 222/221/188 221/224/186 218/217/186
f 220/222/187 108/227/88 104/223/88
f 171/164/127 222/221/188 219/220/188
f 221/224/186 220/222/187 217/218/187
f 225/225/209 224/228/214 221/224/210
f 220/222/212 223/231/217 112/226/104
f 175/168/161 225/225/209 222/221/211
f 224/228/214 223/231/217 220/222/212
f 225/225/209 228/232/218 227/229/215
f 226/230/216 116/235/481 112/226/104
f 175/168/161 179/173/167 228/232/218
f 224/228/214 227/229/215 226/230/216
f 231/233/188 230/236/186 227/229/186
f 229/234/187 120/240/88 116/235/88
f 183/176/127 231/233/188 228/232/188
f 230/236/186 229/234/187 226/230/187
f 233/237/219 232/243/227 229/234/220
f 234/238/222 233/237/219 230/236/221
f 229/234/220 232/243/227 124/239/116
f 187/181/174 234/238/222 231/233/223
f 187/181/174 191/183/177 237/241/225
f 233/237/219 236/244/228 235/242/226
f 234/238/222 237/241/225 236/244/228
f 235/242/226 128/248/482 124/239/116
f 195/186/127 240/246/188 237/241/188
f 239/245/186 238/247/187 235/242/187
f 240/246/188 239/245/186 236/244/186
f 238/247/187 132/656/88 128/248/88
f 254/249/229 255/267/229 198/250/229
f 244/252/229 245/657/229 9/253/229
f 82/255/229 249/272/229 248/256/229
f 142/258/229 253/658/229 252/259/229
f 242/261/229 243/273/229 5/262/229
f 247/264/229 246/659/229 76/265/229
f 255/267/229 256/276/229 200/268/229
f 138/269/229 251/275/229 250/270/229
f 9/253/229 245/657/229 249/272/229
f 76/265/229 246/659/229 254/249/229
f 243/273/229 244/660/229 7/274/229
f 140/260/229 252/259/229 251/275/229
f 256/276/229 253/658/229 142/258/229
f 1/277/229 241/661/229 242/261/229
f 80/257/229 248/256/229 247/264/229
f 250/270/229 241/661/229 1/277/229
f 276/278/230 277/287/239 265/279/231
f 273/281/233 274/289/241 262/282/234
f 270/284/236 271/309/259 259/285/237
f 277/287/239 278/294/246 266/288/240
f 274/289/241 275/296/248 263/290/242
f 331/291/243 272/297/249 260/292/244
f 278/294/246 279/298/250 267/295/247
f 275/296/248 276/278/230 264/280/232
f 272/297/249 273/281/233 261/283/235
f 279/298/250 280/304/254 268/299/3
f 269/300/251 270/284/236 258/286/238
f 284/302/252 285/307/257 273/281/233
f 279/298/250 291/312/262 292/303/253
f 281/305/255 282/316/266 270/284/236
f 276/278/230 288/313/263 289/306/256
f 285/307/257 286/311/261 274/289/241
f 270/284/236 282/316/266 283/308/258
f 277/287/239 289/306/256 290/310/260
f 286/311/261 287/320/270 275/296/248
f 331/291/243 333/321/271 284/302/252
f 278/294/246 290/310/260 291/312/262
f 275/296/248 287/320/270 288/313/263
f 288/313/263 300/324/274 301/314/264
f 297/315/265 298/319/269 286/311/261
f 282/316/266 294/662/483 295/317/267
f 289/306/256 301/314/264 302/318/268
f 298/319/269 299/663/484 287/320/270
f 333/321/271 335/354/276 296/322/272
f 290/310/260 302/318/268 303/323/273
f 287/320/270 299/663/484 300/324/274
f 296/322/272 297/315/265 285/307/257
f 291/312/262 303/323/273 304/325/272
f 293/326/275 294/662/483 282/316/266
f 299/327/9 310/440/9 311/328/9
f 307/330/9 308/341/9 297/331/9
f 303/333/9 314/351/9 315/334/9
f 293/336/9 305/664/9 306/337/9
f 300/329/9 311/328/9 312/339/9
f 308/341/9 309/348/9 298/342/9
f 334/343/9 295/360/9 326/344/9
f 301/340/9 312/339/9 313/346/9
f 309/348/9 310/440/9 299/327/9
f 294/338/9 306/337/9 316/349/9
f 302/347/9 313/346/9 314/351/9
f 283/308/258 295/317/267 334/352/276
f 332/353/271 334/352/276 335/354/276
f 271/309/259 283/308/258 332/353/271
f 330/355/243 332/353/271 333/321/271
f 271/309/259 330/355/243 328/356/245
f 330/355/243 331/291/243 329/293/245
f 334/343/9 325/345/9 324/357/9
f 323/359/9 296/332/9 335/358/9
f 295/360/9 294/338/9 327/350/9
f 307/330/9 296/332/9 323/359/9
f 316/362/277 321/379/294 337/363/278
f 326/365/280 336/371/286 317/366/281
f 324/368/283 318/372/287 319/369/284
f 327/364/279 337/363/278 336/371/286
f 325/367/282 317/366/281 318/372/287
f 323/370/285 319/369/284 320/373/288
f 340/375/290 341/381/296 320/373/288
f 317/366/281 338/383/298 339/376/291
f 337/363/278 344/385/300 343/377/292
f 339/376/291 340/375/290 319/369/284
f 343/377/292 338/383/298 317/366/281
f 342/378/293 344/385/300 337/363/278
f 347/380/295 348/665/229 341/381/296
f 345/382/297 346/386/301 339/376/291
f 351/384/299 350/387/302 343/377/292
f 346/386/301 347/380/295 340/375/290
f 350/387/302 345/382/297 338/383/298
f 349/388/303 351/384/299 344/385/300
f 359/389/304 370/399/314 369/390/305
f 356/392/307 367/401/316 366/393/308
f 353/395/310 364/455/348 363/396/311
f 360/398/313 371/406/321 370/399/314
f 357/400/315 368/407/322 367/401/316
f 354/402/317 365/408/323 407/403/318
f 361/405/320 372/410/324 371/406/321
f 358/391/306 369/390/305 368/407/322
f 355/394/309 366/393/308 365/408/323
f 362/409/68 373/666/485 372/410/324
f 352/397/312 363/396/311 269/411/251
f 366/393/308 377/419/330 376/413/325
f 372/410/324 373/666/485 384/414/326
f 363/396/311 374/421/332 281/416/255
f 369/390/305 370/399/314 381/417/328
f 367/401/316 378/423/334 377/419/330
f 363/396/311 364/455/348 375/420/331
f 370/399/314 371/406/321 382/422/333
f 368/407/322 379/425/336 378/423/334
f 407/403/318 365/408/323 376/413/325
f 371/406/321 372/410/324 383/415/327
f 368/407/322 369/390/305 380/418/329
f 380/418/329 381/417/328 392/426/337
f 378/423/334 389/432/343 388/428/339
f 374/421/332 375/420/331 386/429/340
f 381/417/328 382/422/333 393/431/342
f 379/425/336 390/436/347 389/432/343
f 409/424/335 376/413/325 387/433/344
f 382/422/333 383/415/327 394/435/346
f 379/425/336 380/418/329 391/427/338
f 377/419/330 388/428/339 387/433/344
f 383/415/327 384/414/326 395/437/344
f 374/421/332 385/430/341 293/438/275
f 390/439/9 391/444/9 311/328/9
f 388/441/9 308/341/9 307/330/9
f 394/443/9 395/667/9 315/334/9
f 293/336/9 385/450/9 306/337/9
f 391/444/9 392/449/9 312/339/9
f 389/445/9 309/348/9 308/341/9
f 410/446/9 401/668/9 402/447/9
f 392/449/9 393/452/9 313/346/9
f 390/439/9 310/440/9 309/348/9
f 316/349/9 306/337/9 385/450/9
f 393/452/9 394/443/9 314/351/9
f 375/420/331 408/454/335 410/453/345
f 408/454/335 409/424/335 411/434/345
f 364/455/348 406/456/318 408/454/335
f 406/456/318 407/403/318 409/424/335
f 404/457/319 406/456/318 364/455/348
f 405/404/319 407/403/318 406/456/318
f 400/458/9 401/668/9 410/446/9
f 399/460/9 400/458/9 411/459/9
f 403/451/9 385/450/9 386/448/9
f 399/460/9 387/442/9 307/330/9
f 316/362/277 403/468/356 413/461/349
f 402/462/350 401/469/357 396/463/351
f 400/465/353 399/470/358 398/466/354
f 403/468/356 402/462/350 412/464/352
f 401/469/357 400/465/353 397/467/355
f 399/470/358 322/669/289 320/471/288
f 320/471/288 341/477/296 416/472/359
f 396/463/351 397/467/355 415/473/360
f 413/461/349 412/464/352 417/475/362
f 398/466/354 416/472/359 415/473/360
f 396/463/351 414/474/361 417/475/362
f 413/461/349 418/476/363 342/378/293
f 341/477/296 348/670/229 421/478/364
f 415/473/360 420/481/367 419/479/365
f 417/475/362 422/482/368 423/480/366
f 416/472/359 421/478/364 420/481/367
f 414/474/361 419/479/365 422/482/368
f 418/476/363 423/480/366 349/388/303
f 265/279/231 432/486/372 431/483/369
f 262/282/234 429/487/373 428/484/370
f 259/285/237 426/548/405 425/485/371
f 266/288/240 433/489/375 432/486/372
f 263/290/242 430/490/376 429/487/373
f 260/292/244 427/491/377 484/488/374
f 267/295/247 434/492/378 433/489/375
f 264/280/232 431/483/369 430/490/376
f 261/283/235 428/484/370 427/491/377
f 268/299/3 435/671/486 434/492/378
f 258/286/238 425/485/371 424/493/379
f 428/484/370 440/500/386 439/494/380
f 434/492/378 435/671/486 447/495/381
f 425/485/371 437/502/388 436/497/383
f 431/483/369 432/486/372 444/498/384
f 429/487/373 441/504/390 440/500/386
f 425/485/371 426/548/405 438/501/387
f 432/486/372 433/489/375 445/503/389
f 430/490/376 442/506/392 441/504/390
f 484/488/374 427/491/377 439/494/380
f 433/489/375 434/492/378 446/496/382
f 430/490/376 431/483/369 443/499/385
f 443/499/385 444/498/384 456/507/393
f 441/504/390 453/513/399 452/509/395
f 437/502/388 438/501/387 450/510/396
f 444/498/384 445/503/389 457/512/398
f 442/506/392 454/517/403 453/513/399
f 486/505/391 439/494/380 451/514/400
f 445/503/389 446/496/382 458/516/402
f 442/506/392 443/499/385 455/508/394
f 440/500/386 452/509/395 451/514/400
f 446/496/382 447/495/381 459/518/400
f 437/502/388 449/511/397 448/519/404
f 454/520/127 455/532/127 466/521/127
f 452/523/127 463/535/127 462/524/127
f 458/526/127 459/672/127 470/527/127
f 448/529/127 449/543/127 461/530/127
f 455/532/127 456/539/127 467/533/127
f 453/534/127 464/541/127 463/535/127
f 487/536/127 480/673/127 481/537/127
f 456/539/127 457/545/127 468/540/127
f 454/520/127 465/522/127 464/541/127
f 471/542/127 461/530/127 449/543/127
f 457/545/127 458/526/127 469/528/127
f 438/501/387 485/547/391 487/546/401
f 485/547/391 486/505/391 488/515/401
f 426/548/405 483/549/374 485/547/391
f 483/549/374 484/488/374 486/505/391
f 328/356/245 483/549/374 426/548/405
f 329/293/245 484/488/374 483/549/374
f 479/550/127 480/673/127 487/536/127
f 478/552/127 479/550/127 488/551/127
f 482/544/127 449/543/127 450/538/127
f 478/552/127 451/525/127 462/524/127
f 471/554/406 482/563/415 490/555/407
f 481/557/409 480/564/416 472/558/410
f 479/560/412 478/565/417 474/561/413
f 482/563/415 481/557/409 489/559/411
f 480/564/416 479/560/412 473/562/414
f 478/565/417 477/674/469 475/566/418
f 475/566/418 494/573/425 493/567/419
f 472/558/410 473/562/414 492/568/420
f 490/555/407 489/559/411 496/570/422
f 474/561/413 493/567/419 492/568/420
f 472/558/410 491/569/421 496/570/422
f 490/555/407 497/571/423 495/572/424
f 494/573/425 348/665/229 347/380/295
f 492/568/420 346/386/301 345/382/297
f 496/570/422 350/387/302 351/384/299
f 493/567/419 347/380/295 346/386/301
f 491/569/421 345/382/297 350/387/302
f 497/571/423 351/384/299 349/388/303
f 504/574/426 505/577/429 359/389/304
f 501/575/427 502/578/430 356/392/307
f 498/576/428 499/592/442 353/395/310
f 505/577/429 506/580/432 360/398/313
f 502/578/430 503/581/433 357/400/315
f 540/579/431 500/582/434 354/402/317
f 506/580/432 507/583/435 361/405/320
f 503/581/433 504/574/426 358/391/306
f 500/582/434 501/575/427 355/394/309
f 507/583/435 508/587/438 362/409/68
f 424/584/379 498/576/428 352/397/312
f 511/585/436 512/590/440 501/575/427
f 507/583/435 518/595/445 519/586/437
f 436/588/383 509/599/449 498/576/428
f 504/574/426 515/596/446 516/589/439
f 512/590/440 513/594/444 502/578/430
f 498/576/428 509/599/449 510/591/441
f 505/577/429 516/589/439 517/593/443
f 513/594/444 514/603/453 503/581/433
f 540/579/431 542/604/454 511/585/436
f 506/580/432 517/593/443 518/595/445
f 503/581/433 514/603/453 515/596/446
f 515/596/446 526/607/457 527/597/447
f 523/598/448 524/602/452 513/594/444
f 509/599/449 520/675/487 521/600/450
f 516/589/439 527/597/447 528/601/451
f 524/602/452 525/676/488 514/603/453
f 542/604/454 544/626/458 522/605/455
f 517/593/443 528/601/451 529/606/456
f 514/603/453 525/676/488 526/607/457
f 522/605/455 523/598/448 512/590/440
f 518/595/445 529/606/456 530/608/455
f 448/609/404 520/675/487 509/599/449
f 525/610/127 465/522/127 466/521/127
f 462/524/127 463/535/127 523/612/127
f 529/614/127 469/528/127 470/527/127
f 526/611/127 466/521/127 467/533/127
f 463/535/127 464/541/127 524/618/127
f 543/619/127 521/631/127 537/620/127
f 527/617/127 467/533/127 468/540/127
f 464/541/127 465/522/127 525/610/127
f 520/616/127 461/530/127 471/542/127
f 528/622/127 468/540/127 469/528/127
f 510/591/441 521/600/450 543/624/458
f 541/625/454 543/624/458 544/626/458
f 499/592/442 510/591/441 541/625/454
f 539/627/431 541/625/454 542/604/454
f 499/592/442 539/627/431 404/457/319
f 539/627/431 540/579/431 405/404/319
f 543/619/127 536/621/127 535/628/127
f 534/630/127 522/613/127 544/629/127
f 521/631/127 520/616/127 538/623/127
f 462/524/127 522/613/127 534/630/127
f 471/554/406 476/556/408 546/632/459
f 537/634/461 545/640/467 531/635/462
f 535/637/464 532/641/468 533/638/465
f 538/633/460 546/632/459 545/640/467
f 536/636/463 531/635/462 532/641/468
f 534/639/466 533/638/465 475/642/418
f 549/644/470 494/647/425 475/642/418
f 531/635/462 547/648/473 548/645/471
f 546/632/459 551/649/474 550/646/472
f 548/645/471 549/644/470 533/638/465
f 550/646/472 547/648/473 531/635/462
f 495/572/424 551/649/474 546/632/459
f 421/478/364 348/670/229 494/647/425
f 419/479/365 420/481/367 548/645/471
f 423/480/366 422/482/368 550/646/472
f 420/481/367 421/478/364 549/644/470
f 422/482/368 419/479/365 547/648/473
f 349/388/303 423/480/366 551/649/474
o brush.002
v -0.079383 0.057652 0.004518
v -0.078189 0.057652 0.004518
v -0.079383 0.106648 0.004518
v -0.078189 0.106648 0.004518
v -0.079383 0.152652 0.004518
v -0.078189 0.152652 0.004518
v -0.079383 0.198656 0.004518
v -0.078189 0.198656 0.004518
v -0.079383 0.247652 0.004518
v -0.078189 0.247652 0.004518
v -0.074804 0.057652 0.007308
v -0.073610 0.057652 0.007308
v -0.074804 0.106648 0.007308
v -0.073610 0.106648 0.007308
v -0.074804 0.152652 0.007308
v -0.073610 0.152652 0.007308
v -0.074804 0.198656 0.007308
v -0.073610 0.198656 0.007308
v -0.074804 0.247652 0.007308
v -0.073610 0.247652 0.007308
v -0.074664 0.057652 0.007611
v -0.073469 0.057652 0.007611
v -0.074664 0.106648 0.007611
v -0.073469 0.106648 0.007611
v -0.074664 0.152652 0.007611
v -0.073469 0.152652 0.007611
v -0.074664 0.198656 0.007611
v -0.073469 0.198656 0.007611
v -0.074664 0.247652 0.007611
v -0.073469 0.247652 0.007611
v -0.074517 0.057652 0.009806
v -0.073322 0.057652 0.009806
v -0.074517 0.106648 0.009806
v -0.073322 0.106648 0.009806
v -0.074517 0.152652 0.009806
v -0.073322 0.152652 0.009806
v -0.074517 0.198656 0.009806
v -0.073322 0.198656 0.009806
v -0.074517 0.247652 0.009806
v -0.073322 0.247652 0.009806
v -0.076381 0.057652 0.004664
v -0.075186 0.057652 0.004664
v -0.076381 0.106648 0.004664
v -0.075186 0.106648 0.004664
v -0.076381 0.152652 0.004664
v -0.075186 0.152652 0.004664
v -0.076381 0.198656 0.004664
v -0.075186 0.198656 0.004664
v -0.076381 0.247652 0.004664
v -0.075186 0.247652 0.004664
v -0.076884 0.057652 0.004393
v -0.075689 0.057652 0.004393
v -0.076884 0.106648 0.004393
v -0.075689 0.106648 0.004393
v -0.076884 0.152652 0.004393
v -0.075689 0.152652 0.004393
v -0.076884 0.198656 0.004393
v -0.075689 0.198656 0.004393
v -0.076884 0.247652 0.004393
v -0.075689 0.247652 0.004393
v -0.075735 0.057652 0.007991
v -0.074541 0.057652 0.007991
v -0.075735 0.106648 0.007991
v -0.074541 0.106648 0.007991
v -0.075735 0.152652 0.007991
v -0.074541 0.152652 0.007991
v -0.075735 0.198656 0.007991
v -0.074541 0.198656 0.007991
v -0.075735 0.247652 0.007991
v -0.074541 0.247652 0.007991
v -0.076540 0.057652 0.007560
v -0.075345 0.057652 0.007560
v -0.076540 0.106648 0.007560
v -0.075345 0.106648 0.007560
v -0.076540 0.152652 0.007560
v -0.075345 0.152652 0.007560
v -0.076540 0.198656 0.007560
v -0.075345 0.198656 0.007560
v -0.076540 0.247652 0.007560
v -0.075345 0.247652 0.007560
v -0.074076 0.057652 0.003148
v -0.075270 0.057652 0.003148
v -0.074076 0.106648 0.003148
v -0.075270 0.106648 0.003148
v -0.074076 0.152652 0.003148
v -0.075270 0.152652 0.003148
v -0.074076 0.198656 0.003148
v -0.075270 0.198656 0.003148
v -0.074076 0.247652 0.003148
v -0.075270 0.247652 0.003148
v -0.079267 0.057652 0.003619
v -0.078072 0.057652 0.003619
v -0.079267 0.106648 0.003619
v -0.078072 0.106648 0.003619
v -0.079267 0.152652 0.003619
v -0.078072 0.152652 0.003619
v -0.079267 0.198656 0.003619
v -0.078072 0.198656 0.003619
v -0.079267 0.247652 0.003619
v -0.078072 0.247652 0.003619
v -0.076927 0.057652 0.006389
v -0.075732 0.057652 0.006389
v -0.076927 0.106648 0.006389
v -0.075732 0.106648 0.006389
v -0.076927 0.152652 0.006389
v -0.075732 0.152652 0.006389
v -0.076927 0.198656 0.006389
v -0.075732 0.198656 0.006389
v -0.076927 0.247652 0.006389
v -0.075732 0.247652 0.006389
v -0.073466 0.057652 0.002866
v -0.074661 0.057652 0.002866
v -0.073466 0.106648 0.002866
v -0.074661 0.106648 0.002866
v -0.073466 0.152652 0.002866
v -0.074661 0.152652 0.002866
v -0.073466 0.198656 0.002866
v -0.074661 0.198656 0.002866
v -0.073466 0.247652 0.002866
v -0.074661 0.247652 0.002866
v -0.074323 0.057652 0.003399
v -0.075518 0.057652 0.003399
v -0.074323 0.106648 0.003399
v -0.075518 0.106648 0.003399
v -0.074323 0.152652 0.003399
v -0.075518 0.152652 0.003399
v -0.074323 0.198656 0.003399
v -0.075518 0.198656 0.003399
v -0.074323 0.247652 0.003399
v -0.075518 0.247652 0.003399
v -0.071388 0.057652 0.002245
v -0.072583 0.057652 0.002245
v -0.071388 0.106648 0.002245
v -0.072583 0.106648 0.002245
v -0.071388 0.152652 0.002245
v -0.072583 0.152652 0.002245
v -0.071388 0.198656 0.002245
v -0.072583 0.198656 0.002245
v -0.071388 0.247652 0.002245
v -0.072583 0.247652 0.002245
v -0.067418 0.057652 0.000082
v -0.068613 0.057652 0.000082
v -0.067418 0.106648 0.000082
v -0.068613 0.106648 0.000082
v -0.067418 0.152652 0.000082
v -0.068613 0.152652 0.000082
v -0.067418 0.198656 0.000082
v -0.068613 0.198656 0.000082
v -0.067418 0.247652 0.000082
v -0.068613 0.247652 0.000082
v -0.068548 0.057652 0.001245
v -0.069742 0.057652 0.001245
v -0.068548 0.106648 0.001245
v -0.069742 0.106648 0.001245
v -0.068548 0.152652 0.001245
v -0.069742 0.152652 0.001245
v -0.068548 0.198656 0.001245
v -0.069742 0.198656 0.001245
v -0.068548 0.247652 0.001245
v -0.069742 0.247652 0.001245
v -0.020657 0.057652 0.000692
v -0.021851 0.057652 0.000692
v -0.020657 0.106648 0.000692
v -0.021851 0.106648 0.000692
v -0.020657 0.152652 0.000692
v -0.021851 0.152652 0.000692
v -0.020657 0.198656 0.000692
v -0.021851 0.198656 0.000692
v -0.020657 0.247652 0.000692
v -0.021851 0.247652 0.000692
v -0.033766 0.057652 0.001936
v -0.034960 0.057652 0.001936
v -0.033766 0.106648 0.001936
v -0.034960 0.106648 0.001936
v -0.033766 0.152652 0.001936
v -0.034960 0.152652 0.001936
v -0.033766 0.198656 0.001936
v -0.034960 0.198656 0.001936
v -0.033766 0.247652 0.001936
v -0.034960 0.247652 0.001936
v -0.017804 0.057652 0.001565
v -0.018999 0.057652 0.001565
v -0.017804 0.106648 0.001565
v -0.018999 0.106648 0.001565
v -0.017804 0.152652 0.001565
v -0.018999 0.152652 0.001565
v -0.017804 0.198656 0.001565
v -0.018999 0.198656 0.001565
v -0.017804 0.247652 0.001565
v -0.018999 0.247652 0.001565
v -0.061178 0.057652 0.002721
v -0.059983 0.057652 0.002721
v -0.061178 0.106648 0.002721
v -0.059983 0.106648 0.002721
v -0.061178 0.152652 0.002721
v -0.059983 0.152652 0.002721
v -0.061178 0.198656 0.002721
v -0.059983 0.198656 0.002721
v -0.061178 0.247652 0.002721
v -0.059983 0.247652 0.002721
v -0.063413 0.057652 0.001633
v -0.064608 0.057652 0.001633
v -0.063413 0.106648 0.001633
v -0.064608 0.106648 0.001633
v -0.063413 0.152652 0.001633
v -0.064608 0.152652 0.001633
v -0.063413 0.198656 0.001633
v -0.064608 0.198656 0.001633
v -0.063413 0.247652 0.001633
v -0.064608 0.247652 0.001633
v -0.047499 0.057652 0.002506
v -0.046304 0.057652 0.002506
v -0.047499 0.106648 0.002506
v -0.046304 0.106648 0.002506
v -0.047499 0.152652 0.002506
v -0.046304 0.152652 0.002506
v -0.047499 0.198656 0.002506
v -0.046304 0.198656 0.002506
v -0.047499 0.247652 0.002506
v -0.046304 0.247652 0.002506
v -0.049171 0.057652 0.000014
v -0.050366 0.057652 0.000014
v -0.049171 0.106648 0.000014
v -0.050366 0.106648 0.000014
v -0.049171 0.152652 0.000014
v -0.050366 0.152652 0.000014
v -0.049171 0.198656 0.000014
v -0.050366 0.198656 0.000014
v -0.049171 0.247652 0.000014
v -0.050366 0.247652 0.000014
v -0.010962 0.057652 0.001860
v -0.012157 0.057652 0.001860
v -0.010962 0.106648 0.001860
v -0.012157 0.106648 0.001860
v -0.010962 0.152652 0.001860
v -0.012157 0.152652 0.001860
v -0.010962 0.198656 0.001860
v -0.012157 0.198656 0.001860
v -0.010962 0.247652 0.001860
v -0.012157 0.247652 0.001860
v -0.069695 0.057652 0.000529
v -0.070890 0.057652 0.000529
v -0.069695 0.106648 0.000529
v -0.070890 0.106648 0.000529
v -0.069695 0.152652 0.000529
v -0.070890 0.152652 0.000529
v -0.069695 0.198656 0.000529
v -0.070890 0.198656 0.000529
v -0.069695 0.247652 0.000529
v -0.070890 0.247652 0.000529
v -0.060571 0.057652 0.000625
v -0.061766 0.057652 0.000625
v -0.060571 0.106648 0.000625
v -0.061766 0.106648 0.000625
v -0.060571 0.152652 0.000625
v -0.061766 0.152652 0.000625
v -0.060571 0.198656 0.000625
v -0.061766 0.198656 0.000625
v -0.060571 0.247652 0.000625
v -0.061766 0.247652 0.000625
v -0.042937 0.057652 0.002701
v -0.041743 0.057652 0.002701
v -0.042937 0.106648 0.002701
v -0.041743 0.106648 0.002701
v -0.042937 0.152652 0.002701
v -0.041743 0.152652 0.002701
v -0.042937 0.198656 0.002701
v -0.041743 0.198656 0.002701
v -0.042937 0.247652 0.002701
v -0.041743 0.247652 0.002701
v -0.038378 0.057652 0.002483
v -0.037184 0.057652 0.002483
v -0.038378 0.106648 0.002483
v -0.037184 0.106648 0.002483
v -0.038378 0.152652 0.002483
v -0.037184 0.152652 0.002483
v -0.038378 0.198656 0.002483
v -0.037184 0.198656 0.002483
v -0.038378 0.247652 0.002483
v -0.037184 0.247652 0.002483
v -0.027497 0.057652 0.001178
v -0.028692 0.057652 0.001178
v -0.027497 0.106648 0.001178
v -0.028692 0.106648 0.001178
v -0.027497 0.152652 0.001178
v -0.028692 0.152652 0.001178
v -0.027497 0.198656 0.001178
v -0.028692 0.198656 0.001178
v -0.027497 0.247652 0.001178
v -0.028692 0.247652 0.001178
v -0.044608 0.057652 0.000198
v -0.045803 0.057652 0.000198
v -0.044608 0.106648 0.000198
v -0.045803 0.106648 0.000198
v -0.044608 0.152652 0.000198
v -0.045803 0.152652 0.000198
v -0.044608 0.198656 0.000198
v -0.045803 0.198656 0.000198
v -0.044608 0.247652 0.000198
v -0.045803 0.247652 0.000198
v -0.025783 0.057652 0.002418
v -0.026978 0.057652 0.002418
v -0.025783 0.106648 0.002418
v -0.026978 0.106648 0.002418
v -0.025783 0.152652 0.002418
v -0.026978 0.152652 0.002418
v -0.025783 0.198656 0.002418
v -0.026978 0.198656 0.002418
v -0.025783 0.247652 0.002418
v -0.026978 0.247652 0.002418
v -0.034904 0.057652 0.002303
v -0.036099 0.057652 0.002303
v -0.034904 0.106648 0.002303
v -0.036099 0.106648 0.002303
v -0.034904 0.152652 0.002303
v -0.036099 0.152652 0.002303
v -0.034904 0.198656 0.002303
v -0.036099 0.198656 0.002303
v -0.034904 0.247652 0.002303
v -0.036099 0.247652 0.002303
v -0.017237 0.057652 0.000131
v -0.018432 0.057652 0.000131
v -0.017237 0.106648 0.000131
v -0.018432 0.106648 0.000131
v -0.017237 0.152652 0.000131
v -0.018432 0.152652 0.000131
v -0.017237 0.198656 0.000131
v -0.018432 0.198656 0.000131
v -0.017237 0.247652 0.000131
v -0.018432 0.247652 0.000131
v -0.067976 0.057652 0.001447
v -0.069170 0.057652 0.001447
v -0.067976 0.106648 0.001447
v -0.069170 0.106648 0.001447
v -0.067976 0.152652 0.001447
v -0.069170 0.152652 0.001447
v -0.067976 0.198656 0.001447
v -0.069170 0.198656 0.001447
v -0.067976 0.247652 0.001447
v -0.069170 0.247652 0.001447
v -0.012675 0.057652 0.000037
v -0.013870 0.057652 0.000037
v -0.012675 0.106648 0.000037
v -0.013870 0.106648 0.000037
v -0.012675 0.152652 0.000037
v -0.013870 0.152652 0.000037
v -0.012675 0.198656 0.000037
v -0.013870 0.198656 0.000037
v -0.012675 0.247652 0.000037
v -0.013870 0.247652 0.000037
v -0.065692 0.057652 0.001808
v -0.066886 0.057652 0.001808
v -0.065692 0.106648 0.001808
v -0.066886 0.106648 0.001808
v -0.065692 0.152652 0.001808
v -0.066886 0.152652 0.001808
v -0.065692 0.198656 0.001808
v -0.066886 0.198656 0.001808
v -0.065692 0.247652 0.001808
v -0.066886 0.247652 0.001808
v -0.005832 0.057652 0.000606
v -0.007026 0.057652 0.000606
v -0.005832 0.106648 0.000606
v -0.007026 0.106648 0.000606
v -0.005832 0.152652 0.000606
v -0.007026 0.152652 0.000606
v -0.005832 0.198656 0.000606
v -0.007026 0.198656 0.000606
v -0.005832 0.247652 0.000606
v -0.007026 0.247652 0.000606
v -0.059425 0.057652 0.001346
v -0.060619 0.057652 0.001346
v -0.059425 0.106648 0.001346
v -0.060619 0.106648 0.001346
v -0.059425 0.152652 0.001346
v -0.060619 0.152652 0.001346
v -0.059425 0.198656 0.001346
v -0.060619 0.198656 0.001346
v -0.059425 0.247652 0.001346
v -0.060619 0.247652 0.001346
v -0.045170 0.057652 0.001594
v -0.046364 0.057652 0.001594
v -0.045170 0.106648 0.001594
v -0.046364 0.106648 0.001594
v -0.045170 0.152652 0.001594
v -0.046364 0.152652 0.001594
v -0.045170 0.198656 0.001594
v -0.046364 0.198656 0.001594
v -0.045170 0.247652 0.001594
v -0.046364 0.247652 0.001594
v -0.019517 0.057652 0.000317
v -0.020712 0.057652 0.000317
v -0.019517 0.106648 0.000317
v -0.020712 0.106648 0.000317
v -0.019517 0.152652 0.000317
v -0.020712 0.152652 0.000317
v -0.019517 0.198656 0.000317
v -0.020712 0.198656 0.000317
v -0.019517 0.247652 0.000317
v -0.020712 0.247652 0.000317
v -0.057766 0.057652 0.001666
v -0.056571 0.057652 0.001666
v -0.057766 0.106648 0.001666
v -0.056571 0.106648 0.001666
v -0.057766 0.152652 0.001666
v -0.056571 0.152652 0.001666
v -0.057766 0.198656 0.001666
v -0.056571 0.198656 0.001666
v -0.057766 0.247652 0.001666
v -0.056571 0.247652 0.001666
v -0.048644 0.057652 0.001772
v -0.047449 0.057652 0.001772
v -0.048644 0.106648 0.001772
v -0.047449 0.106648 0.001772
v -0.048644 0.152652 0.001772
v -0.047449 0.152652 0.001772
v -0.048644 0.198656 0.001772
v -0.047449 0.198656 0.001772
v -0.048644 0.247652 0.001772
v -0.047449 0.247652 0.001772
v -0.021791 0.057652 0.002871
v -0.022986 0.057652 0.002871
v -0.021791 0.106648 0.002871
v -0.022986 0.106648 0.002871
v -0.021791 0.152652 0.002871
v -0.022986 0.152652 0.002871
v -0.021791 0.198656 0.002871
v -0.022986 0.198656 0.002871
v -0.021791 0.247652 0.002871
v -0.022986 0.247652 0.002871
v -0.053204 0.057652 0.001855
v -0.052009 0.057652 0.001855
v -0.053204 0.106648 0.001855
v -0.052009 0.106648 0.001855
v -0.053204 0.152652 0.001855
v -0.052009 0.152652 0.001855
v -0.053204 0.198656 0.001855
v -0.052009 0.198656 0.001855
v -0.053204 0.247652 0.001855
v -0.052009 0.247652 0.001855
v -0.038903 0.057652 0.000705
v -0.040098 0.057652 0.000705
v -0.038903 0.106648 0.000705
v -0.040098 0.106648 0.000705
v -0.038903 0.152652 0.000705
v -0.040098 0.152652 0.000705
v -0.038903 0.198656 0.000705
v -0.040098 0.198656 0.000705
v -0.038903 0.247652 0.000705
v -0.040098 0.247652 0.000705
v -0.030344 0.057652 0.002221
v -0.031539 0.057652 0.002221
v -0.030344 0.106648 0.002221
v -0.031539 0.106648 0.002221
v -0.030344 0.152652 0.002221
v -0.031539 0.152652 0.002221
v -0.030344 0.198656 0.002221
v -0.031539 0.198656 0.002221
v -0.030344 0.247652 0.002221
v -0.031539 0.247652 0.002221
v -0.050303 0.057652 0.001199
v -0.051498 0.057652 0.001199
v -0.050303 0.106648 0.001199
v -0.051498 0.106648 0.001199
v -0.050303 0.152652 0.001199
v -0.051498 0.152652 0.001199
v -0.050303 0.198656 0.001199
v -0.051498 0.198656 0.001199
v -0.050303 0.247652 0.001199
v -0.051498 0.247652 0.001199
v -0.042325 0.057652 0.000566
v -0.043520 0.057652 0.000566
v -0.042325 0.106648 0.000566
v -0.043520 0.106648 0.000566
v -0.042325 0.152652 0.000566
v -0.043520 0.152652 0.000566
v -0.042325 0.198656 0.000566
v -0.043520 0.198656 0.000566
v -0.042325 0.247652 0.000566
v -0.043520 0.247652 0.000566
v -0.043463 0.057652 0.000932
v -0.044658 0.057652 0.000932
v -0.043463 0.106648 0.000932
v -0.044658 0.106648 0.000932
v -0.043463 0.152652 0.000932
v -0.044658 0.152652 0.000932
v -0.043463 0.198656 0.000932
v -0.044658 0.198656 0.000932
v -0.043463 0.247652 0.000932
v -0.044658 0.247652 0.000932
v -0.032058 0.057652 0.001266
v -0.033253 0.057652 0.001266
v -0.032058 0.106648 0.001266
v -0.033253 0.106648 0.001266
v -0.032058 0.152652 0.001266
v -0.033253 0.152652 0.001266
v -0.032058 0.198656 0.001266
v -0.033253 0.198656 0.001266
v -0.032058 0.247652 0.001266
v -0.033253 0.247652 0.001266
v -0.009821 0.057652 0.002621
v -0.011016 0.057652 0.002621
v -0.009821 0.106648 0.002621
v -0.011016 0.106648 0.002621
v -0.009821 0.152652 0.002621
v -0.011016 0.152652 0.002621
v -0.009821 0.198656 0.002621
v -0.011016 0.198656 0.002621
v -0.009821 0.247652 0.002621
v -0.011016 0.247652 0.002621
v -0.054866 0.057652 0.001013
v -0.056061 0.057652 0.001013
v -0.054866 0.106648 0.001013
v -0.056061 0.106648 0.001013
v -0.054866 0.152652 0.001013
v -0.056061 0.152652 0.001013
v -0.054866 0.198656 0.001013
v -0.056061 0.198656 0.001013
v -0.054866 0.247652 0.001013
v -0.056061 0.247652 0.001013
v -0.013813 0.057652 0.001264
v -0.015008 0.057652 0.001264
v -0.013813 0.106648 0.001264
v -0.015008 0.106648 0.001264
v -0.013813 0.152652 0.001264
v -0.015008 0.152652 0.001264
v -0.013813 0.198656 0.001264
v -0.015008 0.198656 0.001264
v -0.013813 0.247652 0.001264
v -0.015008 0.247652 0.001264
v -0.034340 0.057652 0.000893
v -0.035535 0.057652 0.000893
v -0.034340 0.106648 0.000893
v -0.035535 0.106648 0.000893
v -0.034340 0.152652 0.000893
v -0.035535 0.152652 0.000893
v -0.034340 0.198656 0.000893
v -0.035535 0.198656 0.000893
v -0.034340 0.247652 0.000893
v -0.035535 0.247652 0.000893
v -0.036620 0.057652 0.001076
v -0.037815 0.057652 0.001076
v -0.036620 0.106648 0.001076
v -0.037815 0.106648 0.001076
v -0.036620 0.152652 0.001076
v -0.037815 0.152652 0.001076
v -0.036620 0.198656 0.001076
v -0.037815 0.198656 0.001076
v -0.036620 0.247652 0.001076
v -0.037815 0.247652 0.001076
v -0.056620 0.057652 0.002392
v -0.055425 0.057652 0.002392
v -0.056620 0.106648 0.002392
v -0.055425 0.106648 0.002392
v -0.056620 0.152652 0.002392
v -0.055425 0.152652 0.002392
v -0.056620 0.198656 0.002392
v -0.055425 0.198656 0.002392
v -0.056620 0.247652 0.002392
v -0.055425 0.247652 0.002392
v -0.049732 0.057652 0.001405
v -0.050927 0.057652 0.001405
v -0.049732 0.106648 0.001405
v -0.050927 0.106648 0.001405
v -0.049732 0.152652 0.001405
v -0.050927 0.152652 0.001405
v -0.049732 0.198656 0.001405
v -0.050927 0.198656 0.001405
v -0.049732 0.247652 0.001405
v -0.050927 0.247652 0.001405
v -0.026360 0.057652 0.000246
v -0.027555 0.057652 0.000246
v -0.026360 0.106648 0.000246
v -0.027555 0.106648 0.000246
v -0.026360 0.152652 0.000246
v -0.027555 0.152652 0.000246
v -0.026360 0.198656 0.000246
v -0.027555 0.198656 0.000246
v -0.026360 0.247652 0.000246
v -0.027555 0.247652 0.000246
v -0.024644 0.057652 0.002047
v -0.025839 0.057652 0.002047
v -0.024644 0.106648 0.002047
v -0.025839 0.106648 0.002047
v -0.024644 0.152652 0.002047
v -0.025839 0.152652 0.002047
v -0.024644 0.198656 0.002047
v -0.025839 0.198656 0.002047
v -0.024644 0.247652 0.002047
v -0.025839 0.247652 0.002047
v -0.024078 0.057652 0.000620
v -0.025273 0.057652 0.000620
v -0.024078 0.106648 0.000620
v -0.025273 0.106648 0.000620
v -0.024078 0.152652 0.000620
v -0.025273 0.152652 0.000620
v -0.024078 0.198656 0.000620
v -0.025273 0.198656 0.000620
v -0.024078 0.247652 0.000620
v -0.025273 0.247652 0.000620
v -0.016095 0.057652 0.000883
v -0.017289 0.057652 0.000883
v -0.016095 0.106648 0.000883
v -0.017289 0.106648 0.000883
v -0.016095 0.152652 0.000883
v -0.017289 0.152652 0.000883
v -0.016095 0.198656 0.000883
v -0.017289 0.198656 0.000883
v -0.016095 0.247652 0.000883
v -0.017289 0.247652 0.000883
v -0.058903 0.057652 0.002025
v -0.057708 0.057652 0.002025
v -0.058903 0.106648 0.002025
v -0.057708 0.106648 0.002025
v -0.058903 0.152652 0.002025
v -0.057708 0.152652 0.002025
v -0.058903 0.198656 0.002025
v -0.057708 0.198656 0.002025
v -0.058903 0.247652 0.002025
v -0.057709 0.247652 0.002025
v -0.002980 0.057652 0.002207
v -0.004175 0.057652 0.002207
v -0.002980 0.106648 0.002207
v -0.004175 0.106648 0.002207
v -0.002980 0.152652 0.002207
v -0.004175 0.152652 0.002207
v -0.002980 0.198656 0.002207
v -0.004175 0.198656 0.002207
v -0.002980 0.247652 0.002207
v -0.004175 0.247652 0.002207
v -0.057150 0.057652 0.000650
v -0.058344 0.057652 0.000650
v -0.057150 0.106648 0.000650
v -0.058344 0.106648 0.000650
v -0.057150 0.152652 0.000650
v -0.058344 0.152652 0.000650
v -0.057150 0.198656 0.000650
v -0.058344 0.198656 0.000650
v -0.057150 0.247652 0.000650
v -0.058344 0.247652 0.000650
v -0.038327 0.057652 0.001742
v -0.039522 0.057652 0.001742
v -0.038327 0.106648 0.001742
v -0.039522 0.106648 0.001742
v -0.038327 0.152652 0.001742
v -0.039522 0.152652 0.001742
v -0.038327 0.198656 0.001742
v -0.039522 0.198656 0.001742
v -0.038327 0.247652 0.001742
v -0.039522 0.247652 0.001742
v -0.020084 0.057652 0.001750
v -0.021279 0.057652 0.001750
v -0.020084 0.106648 0.001750
v -0.021279 0.106648 0.001750
v -0.020084 0.152652 0.001750
v -0.021279 0.152652 0.001750
v -0.020084 0.198656 0.001750
v -0.021279 0.198656 0.001750
v -0.020084 0.247652 0.001750
v -0.021279 0.247652 0.001750
v -0.029779 0.057652 0.000803
v -0.030974 0.057652 0.000803
v -0.029779 0.106648 0.000803
v -0.030974 0.106648 0.000803
v -0.029779 0.152652 0.000803
v -0.030974 0.152652 0.000803
v -0.029779 0.198656 0.000803
v -0.030974 0.198656 0.000803
v -0.029779 0.247652 0.000803
v -0.030974 0.247652 0.000803
v -0.016662 0.057652 0.002322
v -0.017857 0.057652 0.002322
v -0.016662 0.106648 0.002322
v -0.017857 0.106648 0.002322
v -0.016662 0.152652 0.002322
v -0.017857 0.152652 0.002322
v -0.016662 0.198656 0.002322
v -0.017857 0.198656 0.002322
v -0.016662 0.247652 0.002322
v -0.017857 0.247652 0.002322
v -0.063461 0.057652 0.002354
v -0.062266 0.057652 0.002354
v -0.063461 0.106648 0.002354
v -0.062266 0.106648 0.002354
v -0.063461 0.152652 0.002354
v -0.062266 0.152652 0.002354
v -0.063461 0.198656 0.002354
v -0.062266 0.198656 0.002354
v -0.063461 0.247652 0.002354
v -0.062266 0.247652 0.002354
v -0.000130 0.057652 0.001137
v -0.001325 0.057652 0.001137
v -0.000130 0.106648 0.001137
v -0.001325 0.106648 0.001137
v -0.000130 0.152652 0.001137
v -0.001325 0.152652 0.001137
v -0.000130 0.198656 0.001137
v -0.001325 0.198656 0.001137
v -0.000130 0.247652 0.001137
v -0.001325 0.247652 0.001137
v -0.023501 0.057652 0.002796
v -0.024696 0.057652 0.002796
v -0.023501 0.106648 0.002796
v -0.024696 0.106648 0.002796
v -0.023501 0.152652 0.002796
v -0.024696 0.152652 0.002796
v -0.023501 0.198656 0.002796
v -0.024696 0.198656 0.002796
v -0.023501 0.247652 0.002796
v -0.024696 0.247652 0.002796
v -0.022936 0.057652 0.001370
v -0.024130 0.057652 0.001370
v -0.022936 0.106648 0.001370
v -0.024130 0.106648 0.001370
v -0.022936 0.152652 0.001370
v -0.024130 0.152652 0.001370
v -0.022936 0.198656 0.001370
v -0.024130 0.198656 0.001370
v -0.022936 0.247652 0.001370
v -0.024130 0.247652 0.001370
v -0.028640 0.057652 0.000432
v -0.029835 0.057652 0.000432
v -0.028640 0.106648 0.000432
v -0.029835 0.106648 0.000432
v -0.028640 0.152652 0.000432
v -0.029835 0.152652 0.000432
v -0.028640 0.198656 0.000432
v -0.029835 0.198656 0.000432
v -0.028640 0.247652 0.000432
v -0.029835 0.247652 0.000432
v -0.052059 0.057652 0.002586
v -0.050864 0.057652 0.002586
v -0.052059 0.106648 0.002586
v -0.050864 0.106648 0.002586
v -0.052059 0.152652 0.002586
v -0.050864 0.152652 0.002586
v -0.052059 0.198656 0.002586
v -0.050864 0.198656 0.002586
v -0.052059 0.247652 0.002586
v -0.050864 0.247652 0.002586
v -0.045743 0.057652 0.001113
v -0.046937 0.057652 0.001113
v -0.045743 0.106648 0.001113
v -0.046937 0.106648 0.001113
v -0.045743 0.152652 0.001113
v -0.046937 0.152652 0.001113
v -0.045743 0.198656 0.001113
v -0.046937 0.198656 0.001113
v -0.045743 0.247652 0.001113
v -0.046937 0.247652 0.001113
v -0.040035 0.057652 0.006941
v -0.038840 0.057652 0.006941
v -0.040035 0.106648 0.006941
v -0.038840 0.106648 0.006941
v -0.040035 0.152652 0.006941
v -0.038840 0.152652 0.006941
v -0.040035 0.198656 0.006941
v -0.038840 0.198656 0.006941
v -0.040035 0.247652 0.006941
v -0.038840 0.247652 0.006941
v -0.006197 0.057652 0.010073
v -0.005002 0.057652 0.010073
v -0.006197 0.106648 0.010073
v -0.005002 0.106648 0.010073
v -0.006197 0.152652 0.010073
v -0.005002 0.152652 0.010073
v -0.006197 0.198656 0.010073
v -0.005002 0.198656 0.010073
v -0.006197 0.247652 0.010073
v -0.005002 0.247652 0.010073
v -0.025446 0.057652 0.008165
v -0.024252 0.057652 0.008165
v -0.025446 0.106648 0.008165
v -0.024252 0.106648 0.008165
v -0.025446 0.152652 0.008165
v -0.024252 0.152652 0.008165
v -0.025446 0.198656 0.008165
v -0.024252 0.198656 0.008165
v -0.025446 0.247652 0.008165
v -0.024252 0.247652 0.008165
v -0.021955 0.057652 0.005131
v -0.020760 0.057652 0.005131
v -0.021955 0.106648 0.005131
v -0.020760 0.106648 0.005131
v -0.021955 0.152652 0.005131
v -0.020760 0.152652 0.005131
v -0.021955 0.198656 0.005131
v -0.020760 0.198656 0.005131
v -0.021955 0.247652 0.005131
v -0.020760 0.247652 0.005131
v -0.037105 0.057652 0.009492
v -0.035910 0.057652 0.009492
v -0.037105 0.106648 0.009492
v -0.035910 0.106648 0.009492
v -0.037105 0.152652 0.009492
v -0.035910 0.152652 0.009492
v -0.037105 0.198656 0.009492
v -0.035910 0.198656 0.009492
v -0.037105 0.247652 0.009492
v -0.035910 0.247652 0.009492
v -0.033620 0.057652 0.006378
v -0.032425 0.057652 0.006378
v -0.033620 0.106648 0.006378
v -0.032425 0.106648 0.006378
v -0.033620 0.152652 0.006378
v -0.032425 0.152652 0.006378
v -0.033620 0.198656 0.006378
v -0.032425 0.198656 0.006378
v -0.033620 0.247652 0.006378
v -0.032425 0.247652 0.006378
v -0.009116 0.057652 0.006795
v -0.007921 0.057652 0.006795
v -0.009116 0.106648 0.006795
v -0.007921 0.106648 0.006795
v -0.009116 0.152652 0.006795
v -0.007921 0.152652 0.006795
v -0.009116 0.198656 0.006795
v -0.007921 0.198656 0.006795
v -0.009116 0.247652 0.006795
v -0.007921 0.247652 0.006795
v -0.066317 0.057652 0.003688
v -0.065122 0.057652 0.003688
v -0.066317 0.106648 0.003688
v -0.065122 0.106648 0.003688
v -0.066317 0.152652 0.003688
v -0.065122 0.152652 0.003688
v -0.066317 0.198656 0.003688
v -0.065122 0.198656 0.003688
v -0.066317 0.247652 0.003688
v -0.065122 0.247652 0.003688
v -0.071562 0.057652 0.004385
v -0.070367 0.057652 0.004385
v -0.071562 0.106648 0.004385
v -0.070367 0.106648 0.004385
v -0.071562 0.152652 0.004385
v -0.070367 0.152652 0.004385
v -0.071562 0.198656 0.004385
v -0.070367 0.198656 0.004385
v -0.071562 0.247652 0.004385
v -0.070367 0.247652 0.004385
v -0.040596 0.057652 0.011020
v -0.039401 0.057652 0.011020
v -0.040596 0.106648 0.011020
v -0.039401 0.106648 0.011020
v -0.040596 0.152652 0.011020
v -0.039401 0.152652 0.011020
v -0.040596 0.198656 0.011020
v -0.039401 0.198656 0.011020
v -0.040596 0.247652 0.011020
v -0.039401 0.247652 0.011020
v -0.029522 0.057652 0.009940
v -0.028328 0.057652 0.009940
v -0.029522 0.106648 0.009940
v -0.028328 0.106648 0.009940
v -0.029522 0.152652 0.009940
v -0.028328 0.152652 0.009940
v -0.029522 0.198656 0.009940
v -0.028328 0.198656 0.009940
v -0.029522 0.247652 0.009940
v -0.028328 0.247652 0.009940
v -0.059878 0.057652 0.006015
v -0.058683 0.057652 0.006015
v -0.059878 0.106648 0.006015
v -0.058683 0.106648 0.006015
v -0.059878 0.152652 0.006015
v -0.058683 0.152652 0.006015
v -0.059878 0.198656 0.006015
v -0.058683 0.198656 0.006015
v -0.059878 0.247652 0.006015
v -0.058683 0.247652 0.006015
v -0.037699 0.057652 0.007454
v -0.036504 0.057652 0.007454
v -0.037699 0.106648 0.007454
v -0.036504 0.106648 0.007454
v -0.037699 0.152652 0.007454
v -0.036504 0.152652 0.007454
v -0.037699 0.198656 0.007454
v -0.036504 0.198656 0.007454
v -0.037699 0.247652 0.007454
v -0.036504 0.247652 0.007454
v -0.002115 0.057652 0.007560
v -0.000920 0.057652 0.007560
v -0.002115 0.106648 0.007560
v -0.000920 0.106648 0.007560
v -0.002115 0.152652 0.007560
v -0.000920 0.152652 0.007560
v -0.002115 0.198656 0.007560
v -0.000920 0.198656 0.007560
v -0.002115 0.247652 0.007560
v -0.000920 0.247652 0.007560
v -0.048770 0.057652 0.009232
v -0.047575 0.057652 0.009232
v -0.048770 0.106648 0.009232
v -0.047575 0.106648 0.009232
v -0.048770 0.152652 0.009232
v -0.047575 0.152652 0.009232
v -0.048770 0.198656 0.009232
v -0.047575 0.198656 0.009232
v -0.048770 0.247652 0.009232
v -0.047575 0.247652 0.009232
v -0.019619 0.057652 0.005642
v -0.018424 0.057652 0.005642
v -0.019619 0.106648 0.005642
v -0.018424 0.106648 0.005642
v -0.019619 0.152652 0.005642
v -0.018424 0.152652 0.005642
v -0.019619 0.198656 0.005642
v -0.018424 0.198656 0.005642
v -0.019619 0.247652 0.005642
v -0.018424 0.247652 0.005642
v -0.013196 0.057652 0.009313
v -0.012001 0.057652 0.009313
v -0.013196 0.106648 0.009313
v -0.012001 0.106648 0.009313
v -0.013196 0.152652 0.009313
v -0.012001 0.152652 0.009313
v -0.013196 0.198656 0.009313
v -0.012001 0.198656 0.009313
v -0.013196 0.247652 0.009313
v -0.012001 0.247652 0.009313
v -0.030713 0.057652 0.003842
v -0.029518 0.057652 0.003842
v -0.030713 0.106648 0.003842
v -0.029518 0.106648 0.003842
v -0.030713 0.152652 0.003842
v -0.029518 0.152652 0.003842
v -0.030713 0.198656 0.003842
v -0.029518 0.198656 0.003842
v -0.030713 0.247652 0.003842
v -0.029518 0.247652 0.003842
v -0.072709 0.057652 0.006445
v -0.071514 0.057652 0.006445
v -0.072709 0.106648 0.006445
v -0.071514 0.106648 0.006445
v -0.072709 0.152652 0.006445
v -0.071514 0.152652 0.006445
v -0.072709 0.198656 0.006445
v -0.071514 0.198656 0.006445
v -0.072709 0.247652 0.006445
v -0.071514 0.247652 0.006445
v -0.009694 0.057652 0.010830
v -0.008500 0.057652 0.010830
v -0.009694 0.106648 0.010830
v -0.008500 0.106648 0.010830
v -0.009694 0.152652 0.010830
v -0.008500 0.152652 0.010830
v -0.009694 0.198656 0.010830
v -0.008500 0.198656 0.010830
v -0.009694 0.247652 0.010830
v -0.008500 0.247652 0.010830
v -0.053440 0.057652 0.008589
v -0.052245 0.057652 0.008589
v -0.053440 0.106648 0.008589
v -0.052245 0.106648 0.008589
v -0.053440 0.152652 0.008589
v -0.052245 0.152652 0.008589
v -0.053440 0.198656 0.008589
v -0.052245 0.198656 0.008589
v -0.053440 0.247652 0.008589
v -0.052245 0.247652 0.008589
v -0.010283 0.057652 0.005785
v -0.009088 0.057652 0.005785
v -0.010283 0.106648 0.005785
v -0.009088 0.106648 0.005785
v -0.010283 0.152652 0.005785
v -0.009088 0.152652 0.005785
v -0.010283 0.198656 0.005785
v -0.009088 0.198656 0.005785
v -0.010283 0.247652 0.005785
v -0.009088 0.247652 0.005785
v -0.038879 0.057652 0.004904
v -0.037684 0.057652 0.004904
v -0.038879 0.106648 0.004904
v -0.037684 0.106648 0.004904
v -0.038879 0.152652 0.004904
v -0.037684 0.152652 0.004904
v -0.038879 0.198656 0.004904
v -0.037684 0.198656 0.004904
v -0.038879 0.247652 0.004904
v -0.037684 0.247652 0.004904
v -0.050541 0.057652 0.006159
v -0.049347 0.057652 0.006159
v -0.050541 0.106648 0.006159
v -0.049347 0.106648 0.006159
v -0.050541 0.152652 0.006159
v -0.049347 0.152652 0.006159
v -0.050541 0.198656 0.006159
v -0.049347 0.198656 0.006159
v -0.050541 0.247652 0.006159
v -0.049347 0.247652 0.006159
v -0.007367 0.057652 0.004026
v -0.006172 0.057652 0.004026
v -0.007367 0.106648 0.004026
v -0.006172 0.106648 0.004026
v -0.007367 0.152652 0.004026
v -0.006172 0.152652 0.004026
v -0.007367 0.198656 0.004026
v -0.006172 0.198656 0.004026
v -0.007367 0.247652 0.004026
v -0.006172 0.247652 0.004026
v -0.051096 0.057652 0.010254
v -0.049901 0.057652 0.010254
v -0.051096 0.106648 0.010254
v -0.049901 0.106648 0.010254
v -0.051096 0.152652 0.010254
v -0.049901 0.152652 0.010254
v -0.051096 0.198656 0.010254
v -0.049901 0.198656 0.010254
v -0.051096 0.247652 0.010254
v -0.049901 0.247652 0.010254
v -0.068656 0.057652 0.003168
v -0.067461 0.057652 0.003168
v -0.068656 0.106648 0.003168
v -0.067461 0.106648 0.003168
v -0.068656 0.152652 0.003168
v -0.067461 0.152652 0.003168
v -0.068656 0.198656 0.003168
v -0.067461 0.198656 0.003168
v -0.068656 0.247652 0.003168
v -0.067461 0.247652 0.003168
v -0.073252 0.057652 0.010569
v -0.072057 0.057652 0.010569
v -0.073252 0.106648 0.010569
v -0.072057 0.106648 0.010569
v -0.073252 0.152652 0.010569
v -0.072057 0.152652 0.010569
v -0.073252 0.198656 0.010569
v -0.072057 0.198656 0.010569
v -0.073252 0.247652 0.010569
v -0.072057 0.247652 0.010569
v -0.067431 0.057652 0.009350
v -0.066236 0.057652 0.009350
v -0.067431 0.106648 0.009350
v -0.066236 0.106648 0.009350
v -0.067431 0.152652 0.009350
v -0.066236 0.152652 0.009350
v -0.067431 0.198656 0.009350
v -0.066236 0.198656 0.009350
v -0.067431 0.247652 0.009350
v -0.066236 0.247652 0.009350
v -0.022517 0.057652 0.003098
v -0.023712 0.057652 0.003098
v -0.022517 0.106648 0.003098
v -0.023712 0.106648 0.003098
v -0.022517 0.152652 0.003098
v -0.023712 0.152652 0.003098
v -0.022517 0.198656 0.003098
v -0.023712 0.198656 0.003098
v -0.022517 0.247652 0.003098
v -0.023712 0.247652 0.003098
v -0.049978 0.057652 0.003090
v -0.048784 0.057652 0.003090
v -0.049978 0.106648 0.003090
v -0.048784 0.106648 0.003090
v -0.049978 0.152652 0.003090
v -0.048784 0.152652 0.003090
v -0.049978 0.198656 0.003090
v -0.048784 0.198656 0.003090
v -0.049978 0.247652 0.003090
v -0.048784 0.247652 0.003090
v -0.005034 0.057652 0.003022
v -0.003839 0.057652 0.003022
v -0.005034 0.106648 0.003022
v -0.003839 0.106648 0.003022
v -0.005034 0.152652 0.003022
v -0.003839 0.152652 0.003022
v -0.005034 0.198656 0.003022
v -0.003839 0.198656 0.003022
v -0.005034 0.247652 0.003022
v -0.003839 0.247652 0.003022
v -0.013782 0.057652 0.007293
v -0.012587 0.057652 0.007293
v -0.013782 0.106648 0.007293
v -0.012587 0.106648 0.007293
v -0.013782 0.152652 0.007293
v -0.012587 0.152652 0.007293
v -0.013782 0.198656 0.007293
v -0.012587 0.198656 0.007293
v -0.013782 0.247652 0.007293
v -0.012587 0.247652 0.007293
v -0.056980 0.057652 0.003455
v -0.055785 0.057652 0.003455
v -0.056980 0.106648 0.003455
v -0.055785 0.106648 0.003455
v -0.056980 0.152652 0.003455
v -0.055785 0.152652 0.003455
v -0.056980 0.198656 0.003455
v -0.055785 0.198656 0.003455
v -0.056980 0.247652 0.003455
v -0.055785 0.247652 0.003455
v -0.012036 0.057652 0.003762
v -0.010842 0.057652 0.003762
v -0.012036 0.106648 0.003762
v -0.010842 0.106648 0.003762
v -0.012036 0.152652 0.003762
v -0.010842 0.152652 0.003762
v -0.012036 0.198656 0.003762
v -0.010842 0.198656 0.003762
v -0.012036 0.247652 0.003762
v -0.010842 0.247652 0.003762
v -0.026043 0.057652 0.004107
v -0.024848 0.057652 0.004107
v -0.026043 0.106648 0.004107
v -0.024848 0.106648 0.004107
v -0.026043 0.152652 0.004107
v -0.024848 0.152652 0.004107
v -0.026043 0.198656 0.004107
v -0.024848 0.198656 0.004107
v -0.026043 0.247652 0.004107
v -0.024848 0.247652 0.004107
v -0.034185 0.057652 0.010448
v -0.032990 0.057652 0.010448
v -0.034185 0.106648 0.010448
v -0.032990 0.106648 0.010448
v -0.034185 0.152652 0.010448
v -0.032990 0.152652 0.010448
v -0.034185 0.198656 0.010448
v -0.032990 0.198656 0.010448
v -0.034185 0.247652 0.010448
v -0.032990 0.247652 0.010448
v -0.024857 0.057652 0.010195
v -0.023662 0.057652 0.010195
v -0.024857 0.106648 0.010195
v -0.023662 0.106648 0.010195
v -0.024857 0.152652 0.010195
v -0.023662 0.152652 0.010195
v -0.024857 0.198656 0.010195
v -0.023662 0.198656 0.010195
v -0.024857 0.247652 0.010195
v -0.023662 0.247652 0.010195
v -0.052306 0.057652 0.004107
v -0.051112 0.057652 0.004107
v -0.052306 0.106648 0.004107
v -0.051112 0.106648 0.004107
v -0.052306 0.152652 0.004107
v -0.051112 0.152652 0.004107
v -0.052306 0.198656 0.004107
v -0.051112 0.198656 0.004107
v -0.052306 0.247652 0.004107
v -0.051112 0.247652 0.004107
v -0.055765 0.057652 0.009613
v -0.054570 0.057652 0.009613
v -0.055765 0.106648 0.009613
v -0.054570 0.106648 0.009613
v -0.055765 0.152652 0.009613
v -0.054570 0.152652 0.009613
v -0.055765 0.198656 0.009613
v -0.054570 0.198656 0.009613
v -0.055765 0.247652 0.009613
v -0.054570 0.247652 0.009613
v -0.027194 0.057652 0.008925
v -0.025999 0.057652 0.008925
v -0.027194 0.106648 0.008925
v -0.025999 0.106648 0.008925
v -0.027194 0.152652 0.008925
v -0.025999 0.152652 0.008925
v -0.027194 0.198656 0.008925
v -0.025999 0.198656 0.008925
v -0.027194 0.247652 0.008925
v -0.025999 0.247652 0.008925
v -0.065695 0.057652 0.007807
v -0.064501 0.057652 0.007807
v -0.065695 0.106648 0.007807
v -0.064501 0.106648 0.007807
v -0.065695 0.152652 0.007807
v -0.064501 0.152652 0.007807
v -0.065695 0.198656 0.007807
v -0.064501 0.198656 0.007807
v -0.065695 0.247652 0.007807
v -0.064501 0.247652 0.007807
v -0.007950 0.057652 0.004781
v -0.006755 0.057652 0.004781
v -0.007950 0.106648 0.004781
v -0.006755 0.106648 0.004781
v -0.007950 0.152652 0.004781
v -0.006755 0.152652 0.004781
v -0.007950 0.198656 0.004781
v -0.006755 0.198656 0.004781
v -0.007950 0.247652 0.004781
v -0.006755 0.247652 0.004781
v -0.068034 0.057652 0.007289
v -0.066839 0.057652 0.007289
v -0.068034 0.106648 0.007289
v -0.066839 0.106648 0.007289
v -0.068034 0.152652 0.007289
v -0.066839 0.152652 0.007289
v -0.068034 0.198656 0.007289
v -0.066839 0.198656 0.007289
v -0.068034 0.247652 0.007289
v -0.066839 0.247652 0.007289
v -0.004448 0.057652 0.007053
v -0.003254 0.057652 0.007053
v -0.004448 0.106648 0.007053
v -0.003254 0.106648 0.007053
v -0.004448 0.152652 0.007053
v -0.003254 0.152652 0.007053
v -0.004448 0.198656 0.007053
v -0.003254 0.198656 0.007053
v -0.004448 0.247652 0.007053
v -0.003254 0.247652 0.007053
v -0.060426 0.057652 0.010124
v -0.059231 0.057652 0.010124
v -0.060426 0.106648 0.010124
v -0.059231 0.106648 0.010124
v -0.060426 0.152652 0.010124
v -0.059231 0.152652 0.010124
v -0.060426 0.198656 0.010124
v -0.059231 0.198656 0.010124
v -0.060426 0.247652 0.010124
v -0.059232 0.247652 0.010124
v -0.003282 0.057652 0.005041
v -0.002087 0.057652 0.005041
v -0.003282 0.106648 0.005041
v -0.002087 0.106648 0.005041
v -0.003282 0.152652 0.005041
v -0.002087 0.152652 0.005041
v -0.003282 0.198656 0.005041
v -0.002087 0.198656 0.005041
v -0.003282 0.247652 0.005041
v -0.002087 0.247652 0.005041
v -0.069754 0.057652 0.010378
v -0.068559 0.057652 0.010378
v -0.069754 0.106648 0.010378
v -0.068559 0.106648 0.010378
v -0.069754 0.152652 0.010378
v -0.068559 0.152652 0.010378
v -0.069754 0.198656 0.010378
v -0.068559 0.198656 0.010378
v -0.069754 0.247652 0.010378
v -0.068559 0.247652 0.010378
v -0.054039 0.057652 0.006537
v -0.052844 0.057652 0.006537
v -0.054039 0.106648 0.006537
v -0.052844 0.106648 0.006537
v -0.054039 0.152652 0.006537
v -0.052844 0.152652 0.006537
v -0.054039 0.198656 0.006537
v -0.052844 0.198656 0.006537
v -0.054039 0.247652 0.006537
v -0.052844 0.247652 0.006537
v -0.019024 0.057652 0.010703
v -0.017829 0.057652 0.010703
v -0.019024 0.106648 0.010703
v -0.017829 0.106648 0.010703
v -0.019024 0.152652 0.010703
v -0.017829 0.152652 0.010703
v -0.019024 0.198656 0.010703
v -0.017829 0.198656 0.010703
v -0.019024 0.247652 0.010703
v -0.017829 0.247652 0.010703
v -0.012618 0.057652 0.005276
v -0.011423 0.057652 0.005276
v -0.012618 0.106648 0.005276
v -0.011423 0.106648 0.005276
v -0.012618 0.152652 0.005276
v -0.011423 0.152652 0.005276
v -0.012618 0.198656 0.005276
v -0.011423 0.198656 0.005276
v -0.012618 0.247652 0.005276
v -0.011423 0.247652 0.005276
v -0.062770 0.057652 0.008839
v -0.061575 0.057652 0.008839
v -0.062770 0.106648 0.008839
v -0.061575 0.106648 0.008839
v -0.062770 0.152652 0.008839
v -0.061575 0.152652 0.008839
v -0.062770 0.198656 0.008839
v -0.061575 0.198656 0.008839
v -0.062770 0.247652 0.008839
v -0.061575 0.247652 0.008839
v -0.063919 0.057652 0.010893
v -0.062724 0.057652 0.010893
v -0.063919 0.106648 0.010893
v -0.062724 0.106648 0.010893
v -0.063919 0.152652 0.010893
v -0.062724 0.152652 0.010893
v -0.063919 0.198656 0.010893
v -0.062724 0.198656 0.010893
v -0.063919 0.247652 0.010892
v -0.062724 0.247652 0.010892
v -0.047030 0.057652 0.007699
v -0.045836 0.057652 0.007699
v -0.047030 0.106648 0.007699
v -0.045836 0.106648 0.007699
v -0.047030 0.152652 0.007699
v -0.045836 0.152652 0.007699
v -0.047030 0.198656 0.007699
v -0.045836 0.198656 0.007699
v -0.047030 0.247652 0.007699
v -0.045836 0.247652 0.007699
v -0.042362 0.057652 0.007959
v -0.041168 0.057652 0.007959
v -0.042362 0.106648 0.007959
v -0.041168 0.106648 0.007959
v -0.042362 0.152652 0.007959
v -0.041168 0.152652 0.007959
v -0.042362 0.198656 0.007959
v -0.041168 0.198656 0.007959
v -0.042362 0.247652 0.007959
v -0.041168 0.247652 0.007959
v -0.021375 0.057652 0.003612
v -0.020181 0.057652 0.003612
v -0.021375 0.106648 0.003612
v -0.020181 0.106648 0.003612
v -0.021375 0.152652 0.003612
v -0.020181 0.152652 0.003612
v -0.021375 0.198656 0.003612
v -0.020181 0.198656 0.003612
v -0.021375 0.247652 0.003612
v -0.020181 0.247652 0.003612
v -0.045262 0.057652 0.010765
v -0.044067 0.057652 0.010765
v -0.045262 0.106648 0.010765
v -0.044067 0.106648 0.010765
v -0.045262 0.152652 0.010765
v -0.044067 0.152652 0.010765
v -0.045262 0.198656 0.010765
v -0.044067 0.198656 0.010765
v -0.045262 0.247652 0.010765
v -0.044067 0.247652 0.010765
v -0.057552 0.057652 0.004992
v -0.056357 0.057652 0.004992
v -0.057552 0.106648 0.004992
v -0.056357 0.106648 0.004992
v -0.057552 0.152652 0.004992
v -0.056357 0.152652 0.004992
v -0.057552 0.198656 0.004992
v -0.056357 0.198656 0.004992
v -0.057552 0.247652 0.004992
v -0.056357 0.247652 0.004992
v -0.020193 0.057652 0.009689
v -0.018998 0.057652 0.009689
v -0.020193 0.106648 0.009689
v -0.018998 0.106648 0.009689
v -0.020193 0.152652 0.009689
v -0.018998 0.152652 0.009689
v -0.020193 0.198656 0.009689
v -0.018998 0.198656 0.009689
v -0.020193 0.247652 0.009689
v -0.018998 0.247652 0.009689
v -0.041767 0.057652 0.010001
v -0.040573 0.057652 0.010001
v -0.041767 0.106648 0.010001
v -0.040573 0.106648 0.010001
v -0.041767 0.152652 0.010001
v -0.040573 0.152652 0.010001
v -0.041767 0.198656 0.010001
v -0.040573 0.198656 0.010001
v -0.041767 0.247652 0.010001
v -0.040573 0.247652 0.010001
v -0.010863 0.057652 0.009819
v -0.009668 0.057652 0.009819
v -0.010863 0.106648 0.009819
v -0.009668 0.106648 0.009819
v -0.010863 0.152652 0.009819
v -0.009668 0.152652 0.009819
v -0.010863 0.198656 0.009819
v -0.009668 0.198656 0.009819
v -0.010863 0.247652 0.009819
v -0.009668 0.247652 0.009819
v -0.055214 0.057652 0.005509
v -0.054019 0.057652 0.005509
v -0.055214 0.106648 0.005509
v -0.054019 0.106648 0.005509
v -0.055214 0.152652 0.005509
v -0.054019 0.152652 0.005509
v -0.055214 0.198656 0.005509
v -0.054019 0.198656 0.005509
v -0.055214 0.247652 0.005509
v -0.054019 0.247652 0.005509
v -0.059318 0.057652 0.002937
v -0.058124 0.057652 0.002937
v -0.059318 0.106648 0.002937
v -0.058124 0.106648 0.002937
v -0.059318 0.152652 0.002937
v -0.058124 0.152652 0.002937
v -0.059318 0.198656 0.002937
v -0.058124 0.198656 0.002937
v -0.059318 0.247652 0.002937
v -0.058124 0.247652 0.002937
v -0.002699 0.057652 0.003532
v -0.001504 0.057652 0.003532
v -0.002699 0.106648 0.003532
v -0.001504 0.106648 0.003532
v -0.002699 0.152652 0.003532
v -0.001504 0.152652 0.003532
v -0.002699 0.198656 0.003532
v -0.001504 0.198656 0.003532
v -0.002699 0.247652 0.003532
v -0.001504 0.247652 0.003532
v -0.033050 0.057652 0.003327
v -0.031855 0.057652 0.003327
v -0.033050 0.106648 0.003327
v -0.031855 0.106648 0.003327
v -0.033050 0.152652 0.003327
v -0.031855 0.152652 0.003327
v -0.033050 0.198656 0.003327
v -0.031855 0.198656 0.003327
v -0.033050 0.247652 0.003327
v -0.031855 0.247652 0.003327
v -0.017863 0.057652 0.008678
v -0.016668 0.057652 0.008678
v -0.017863 0.106648 0.008678
v -0.016668 0.106648 0.008678
v -0.017863 0.152652 0.008678
v -0.016668 0.152652 0.008678
v -0.017863 0.198656 0.008678
v -0.016668 0.198656 0.008678
v -0.017863 0.247652 0.008678
v -0.016668 0.247652 0.008678
v -0.049367 0.057652 0.007184
v -0.048172 0.057652 0.007184
v -0.049367 0.106648 0.007184
v -0.048172 0.106648 0.007184
v -0.049367 0.152652 0.007184
v -0.048172 0.152652 0.007184
v -0.049367 0.198656 0.007184
v -0.048172 0.198656 0.007184
v -0.049367 0.247652 0.007184
v -0.048172 0.247652 0.007184
v -0.039440 0.057652 0.008982
v -0.038246 0.057652 0.008982
v -0.039440 0.106648 0.008982
v -0.038246 0.106648 0.008982
v -0.039440 0.152652 0.008982
v -0.038246 0.152652 0.008982
v -0.039440 0.198656 0.008982
v -0.038246 0.198656 0.008982
v -0.039440 0.247652 0.008982
v -0.038246 0.247652 0.008982
v -0.070980 0.057652 0.004193
v -0.069786 0.057652 0.004193
v -0.070980 0.106648 0.004193
v -0.069786 0.106648 0.004193
v -0.070980 0.152652 0.004193
v -0.069786 0.152652 0.004193
v -0.070980 0.198656 0.004193
v -0.069786 0.198656 0.004193
v -0.070980 0.247652 0.004193
v -0.069786 0.247652 0.004193
v -0.042970 0.057652 0.003874
v -0.041775 0.057652 0.003874
v -0.042970 0.106648 0.003874
v -0.041775 0.106648 0.003874
v -0.042970 0.152652 0.003874
v -0.041775 0.152652 0.003874
v -0.042970 0.198656 0.003874
v -0.041775 0.198656 0.003874
v -0.042970 0.247652 0.003874
v -0.041775 0.247652 0.003874
v -0.064547 0.057652 0.005750
v -0.063353 0.057652 0.005750
v -0.064547 0.106648 0.005750
v -0.063353 0.106648 0.005750
v -0.064547 0.152652 0.005750
v -0.063353 0.152652 0.005750
v -0.064547 0.198656 0.005750
v -0.063353 0.198656 0.005750
v -0.064547 0.247652 0.005750
v -0.063353 0.247652 0.005750
v -0.000948 0.057652 0.005549
v 0.000247 0.057652 0.005549
v -0.000948 0.106648 0.005549
v 0.000247 0.106648 0.005549
v -0.000948 0.152652 0.005549
v 0.000247 0.152652 0.005549
v -0.000948 0.198656 0.005549
v 0.000247 0.198656 0.005549
v -0.000948 0.247652 0.005549
v 0.000247 0.247652 0.005549
v -0.046434 0.057652 0.009744
v -0.045239 0.057652 0.009744
v -0.046434 0.106648 0.009744
v -0.045239 0.106648 0.009744
v -0.046434 0.152652 0.009744
v -0.045239 0.152652 0.009744
v -0.046434 0.198656 0.009744
v -0.045239 0.198656 0.009744
v -0.046434 0.247652 0.009744
v -0.045239 0.247652 0.009744
v -0.014372 0.057652 0.003250
v -0.013178 0.057652 0.003250
v -0.014372 0.106648 0.003250
v -0.013178 0.106648 0.003250
v -0.014372 0.152652 0.003250
v -0.013178 0.152652 0.003250
v -0.014372 0.198656 0.003250
v -0.013178 0.198656 0.003250
v -0.014372 0.247652 0.003250
v -0.013178 0.247652 0.003250
v -0.016704 0.057652 0.004257
v -0.015510 0.057652 0.004257
v -0.016704 0.106648 0.004257
v -0.015510 0.106648 0.004257
v -0.016704 0.152652 0.004257
v -0.015510 0.152652 0.004257
v -0.016704 0.198656 0.004257
v -0.015510 0.198656 0.004257
v -0.016704 0.247652 0.004257
v -0.015510 0.247652 0.004257
v -0.069210 0.057652 0.006257
v -0.068015 0.057652 0.006257
v -0.069210 0.106648 0.006257
v -0.068015 0.106648 0.006257
v -0.069210 0.152652 0.006257
v -0.068015 0.152652 0.006257
v -0.069210 0.198656 0.006257
v -0.068015 0.198656 0.006257
v -0.069210 0.247652 0.006257
v -0.068015 0.247652 0.006257
v -0.063371 0.057652 0.006781
v -0.062177 0.057652 0.006781
v -0.063371 0.106648 0.006781
v -0.062177 0.106648 0.006781
v -0.063371 0.152652 0.006781
v -0.062177 0.152652 0.006781
v -0.063371 0.198656 0.006781
v -0.062177 0.198656 0.006781
v -0.063371 0.247652 0.006781
v -0.062177 0.247652 0.006781
v -0.030114 0.057652 0.007907
v -0.028919 0.057652 0.007907
v -0.030114 0.106648 0.007907
v -0.028919 0.106648 0.007907
v -0.030114 0.152652 0.007907
v -0.028919 0.152652 0.007907
v -0.030114 0.198656 0.007907
v -0.028919 0.198656 0.007907
v -0.030114 0.247652 0.007907
v -0.028919 0.247652 0.007907
v -0.005615 0.057652 0.006045
v -0.004421 0.057652 0.006045
v -0.005615 0.106648 0.006045
v -0.004421 0.106648 0.006045
v -0.005615 0.152652 0.006045
v -0.004421 0.152652 0.006045
v -0.005615 0.198656 0.006045
v -0.004421 0.198656 0.006045
v -0.005615 0.247652 0.006045
v -0.004421 0.247652 0.006045
v -0.061027 0.057652 0.008069
v -0.059832 0.057652 0.008069
v -0.061027 0.106648 0.008069
v -0.059832 0.106648 0.008069
v -0.061027 0.152652 0.008069
v -0.059832 0.152652 0.008069
v -0.061027 0.198656 0.008069
v -0.059832 0.198656 0.008069
v -0.061027 0.247652 0.008069
v -0.059832 0.247652 0.008069
v -0.058702 0.057652 0.007044
v -0.057507 0.057652 0.007044
v -0.058702 0.106648 0.007044
v -0.057507 0.106648 0.007044
v -0.058702 0.152652 0.007044
v -0.057507 0.152652 0.007044
v -0.058702 0.198656 0.007044
v -0.057507 0.198656 0.007044
v -0.058702 0.247652 0.007044
v -0.057507 0.247652 0.007044
v -0.003864 0.057652 0.009068
v -0.002670 0.057652 0.009068
v -0.003864 0.106648 0.009068
v -0.002670 0.106648 0.009068
v -0.003864 0.152652 0.009068
v -0.002670 0.152652 0.009068
v -0.003864 0.198656 0.009068
v -0.002670 0.198656 0.009068
v -0.003864 0.247652 0.009068
v -0.002670 0.247652 0.009068
v -0.038303 0.057652 0.003377
v -0.037108 0.057652 0.003377
v -0.038303 0.106648 0.003377
v -0.037108 0.106648 0.003377
v -0.038303 0.152652 0.003377
v -0.037108 0.152652 0.003377
v -0.038303 0.198656 0.003377
v -0.037108 0.198656 0.003377
v -0.038303 0.247652 0.003377
v -0.037108 0.247652 0.003377
v -0.001531 0.057652 0.009573
v -0.000337 0.057652 0.009573
v -0.001531 0.106648 0.009573
v -0.000337 0.106648 0.009573
v -0.001531 0.152652 0.009573
v -0.000337 0.152652 0.009573
v -0.001531 0.198656 0.009573
v -0.000337 0.198656 0.009573
v -0.001531 0.247652 0.009573
v -0.000337 0.247652 0.009573
v -0.047641 0.057652 0.003607
v -0.046446 0.057652 0.003607
v -0.047641 0.106648 0.003607
v -0.046446 0.106648 0.003607
v -0.047641 0.152652 0.003607
v -0.046446 0.152652 0.003607
v -0.047641 0.198656 0.003607
v -0.046446 0.198656 0.003607
v -0.047641 0.247652 0.003607
v -0.046446 0.247652 0.003607
v -0.015527 0.057652 0.010323
v -0.014332 0.057652 0.010323
v -0.015527 0.106648 0.010323
v -0.014332 0.106648 0.010323
v -0.015527 0.152652 0.010323
v -0.014332 0.152652 0.010323
v -0.015527 0.198656 0.010323
v -0.014332 0.198656 0.010323
v -0.015527 0.247652 0.010323
v -0.014332 0.247652 0.010323
v -0.035380 0.057652 0.004339
v -0.034185 0.057652 0.004339
v -0.035380 0.106648 0.004339
v -0.034185 0.106648 0.004339
v -0.035380 0.152652 0.004339
v -0.034185 0.152652 0.004339
v -0.035380 0.198656 0.004339
v -0.034185 0.198656 0.004339
v -0.035380 0.247652 0.004339
v -0.034185 0.247652 0.004339
v -0.041207 0.057652 0.005919
v -0.040013 0.057652 0.005919
v -0.041207 0.106648 0.005919
v -0.040013 0.106648 0.005919
v -0.041207 0.152652 0.005919
v -0.040013 0.152652 0.005919
v -0.041207 0.198656 0.005919
v -0.040013 0.198656 0.005919
v -0.041207 0.247652 0.005919
v -0.040013 0.247652 0.005919
v -0.008531 0.057652 0.008812
v -0.007336 0.057652 0.008812
v -0.008531 0.106648 0.008812
v -0.007336 0.106648 0.008812
v -0.008531 0.152652 0.008812
v -0.007336 0.152652 0.008812
v -0.008531 0.198656 0.008812
v -0.007336 0.198656 0.008812
v -0.008531 0.247652 0.008812
v -0.007336 0.247652 0.008812
v -0.043549 0.057652 0.004638
v -0.042354 0.057652 0.004638
v -0.043549 0.106648 0.004638
v -0.042354 0.106648 0.004638
v -0.043549 0.152652 0.004638
v -0.042354 0.152652 0.004638
v -0.043549 0.198656 0.004638
v -0.042354 0.198656 0.004638
v -0.043549 0.247652 0.004638
v -0.042354 0.247652 0.004638
v -0.045877 0.057652 0.005655
v -0.044682 0.057652 0.005655
v -0.045877 0.106648 0.005655
v -0.044682 0.106648 0.005655
v -0.045877 0.152652 0.005655
v -0.044682 0.152652 0.005655
v -0.045877 0.198656 0.005655
v -0.044682 0.198656 0.005655
v -0.045877 0.247652 0.005655
v -0.044682 0.247652 0.005655
v -0.072105 0.057652 0.008508
v -0.070910 0.057652 0.008508
v -0.072105 0.106648 0.008508
v -0.070910 0.106648 0.008508
v -0.072105 0.152652 0.008508
v -0.070910 0.152652 0.008508
v -0.072105 0.198656 0.008508
v -0.070910 0.198656 0.008508
v -0.072105 0.247652 0.008508
v -0.070910 0.247652 0.008508
v -0.048214 0.057652 0.005139
v -0.047020 0.057652 0.005139
v -0.048214 0.106648 0.005139
v -0.047020 0.106648 0.005139
v -0.048214 0.152652 0.005139
v -0.047020 0.152652 0.005139
v -0.048214 0.198656 0.005139
v -0.047020 0.198656 0.005139
v -0.048214 0.247652 0.005139
v -0.047020 0.247652 0.005139
v -0.018450 0.057652 0.006655
v -0.017255 0.057652 0.006655
v -0.018450 0.106648 0.006655
v -0.017255 0.106648 0.006655
v -0.018450 0.152652 0.006655
v -0.017255 0.152652 0.006655
v -0.018450 0.198656 0.006655
v -0.017255 0.198656 0.006655
v -0.018450 0.247652 0.006655
v -0.017255 0.247652 0.006655
v -0.056364 0.057652 0.007560
v -0.055170 0.057652 0.007560
v -0.056364 0.106648 0.007560
v -0.055170 0.106648 0.007560
v -0.056364 0.152652 0.007560
v -0.055170 0.152652 0.007560
v -0.056364 0.198656 0.007560
v -0.055170 0.198656 0.007560
v -0.056364 0.247652 0.007560
v -0.055170 0.247652 0.007560
v -0.031290 0.057652 0.005365
v -0.030096 0.057652 0.005365
v -0.031290 0.106648 0.005365
v -0.030096 0.106648 0.005365
v -0.031290 0.152652 0.005365
v -0.030096 0.152652 0.005365
v -0.031290 0.198656 0.005365
v -0.030096 0.198656 0.005365
v -0.031290 0.247652 0.005365
v -0.030096 0.247652 0.005365
v -0.014950 0.057652 0.006282
v -0.013756 0.057652 0.006282
v -0.014950 0.106648 0.006282
v -0.013756 0.106648 0.006282
v -0.014950 0.152652 0.006282
v -0.013756 0.152652 0.006282
v -0.014950 0.198656 0.006282
v -0.013756 0.198656 0.006282
v -0.014950 0.247652 0.006282
v -0.013756 0.247652 0.006282
v -0.024286 0.057652 0.006140
v -0.023091 0.057652 0.006140
v -0.024286 0.106648 0.006140
v -0.023091 0.106648 0.006140
v -0.024286 0.152652 0.006140
v -0.023091 0.152652 0.006140
v -0.024286 0.198656 0.006140
v -0.023091 0.198656 0.006140
v -0.024286 0.247652 0.006140
v -0.023091 0.247652 0.006140
v -0.032449 0.057652 0.007397
v -0.031254 0.057652 0.007397
v -0.032449 0.106648 0.007397
v -0.031254 0.106648 0.007397
v -0.032449 0.152652 0.007397
v -0.031254 0.152652 0.007397
v -0.032449 0.198656 0.007397
v -0.031254 0.198656 0.007397
v -0.032449 0.247652 0.007397
v -0.031254 0.247652 0.007397
v -0.065093 0.057652 0.009866
v -0.063899 0.057652 0.009866
v -0.065093 0.106648 0.009866
v -0.063899 0.106648 0.009866
v -0.065093 0.152652 0.009866
v -0.063899 0.152652 0.009866
v -0.065093 0.198656 0.009866
v -0.063899 0.198656 0.009866
v -0.065094 0.247652 0.009866
v -0.063899 0.247652 0.009866
v -0.026624 0.057652 0.004867
v -0.025429 0.057652 0.004867
v -0.026624 0.106648 0.004867
v -0.025429 0.106648 0.004867
v -0.026624 0.152652 0.004867
v -0.025429 0.152652 0.004867
v -0.026624 0.198656 0.004867
v -0.025429 0.198656 0.004867
v -0.026624 0.247652 0.004867
v -0.025429 0.247652 0.004867
v -0.031857 0.057652 0.009431
v -0.030662 0.057652 0.009431
v -0.031857 0.106648 0.009431
v -0.030662 0.106648 0.009431
v -0.031857 0.152652 0.009431
v -0.030662 0.152652 0.009431
v -0.031857 0.198656 0.009431
v -0.030662 0.198656 0.009431
v -0.031857 0.247652 0.009431
v -0.030662 0.247652 0.009431
v -0.023116 0.057652 0.007155
v -0.021921 0.057652 0.007155
v -0.023116 0.106648 0.007155
v -0.021921 0.106648 0.007155
v -0.023116 0.152652 0.007155
v -0.021921 0.152652 0.007155
v -0.023116 0.198656 0.007155
v -0.021921 0.198656 0.007155
v -0.023116 0.247652 0.007155
v -0.021921 0.247652 0.007155
v -0.027784 0.057652 0.006895
v -0.026589 0.057652 0.006895
v -0.027784 0.106648 0.006895
v -0.026589 0.106648 0.006895
v -0.027784 0.152652 0.006895
v -0.026589 0.152652 0.006895
v -0.027784 0.198656 0.006895
v -0.026589 0.198656 0.006895
v -0.027784 0.247652 0.006895
v -0.026589 0.247652 0.006895
v -0.062223 0.057652 0.004725
v -0.061028 0.057652 0.004725
v -0.062223 0.106648 0.004725
v -0.061028 0.106648 0.004725
v -0.062223 0.152652 0.004725
v -0.061028 0.152652 0.004725
v -0.062223 0.198656 0.004725
v -0.061028 0.198656 0.004725
v -0.062223 0.247652 0.004725
v -0.061028 0.247652 0.004725
v -0.036542 0.057652 0.005418
v -0.035347 0.057652 0.005418
v -0.036542 0.106648 0.005418
v -0.035347 0.106648 0.005418
v -0.036542 0.152652 0.005418
v -0.035347 0.152652 0.005418
v -0.036542 0.198656 0.005418
v -0.035347 0.198656 0.005418
v -0.036542 0.247652 0.005418
v -0.035347 0.247652 0.005418
v -0.006781 0.057652 0.008058
v -0.005587 0.057652 0.008058
v -0.006781 0.106648 0.008058
v -0.005587 0.106648 0.008058
v -0.006781 0.152652 0.008058
v -0.005587 0.152652 0.008058
v -0.006781 0.198656 0.008058
v -0.005587 0.198656 0.008058
v -0.006781 0.247652 0.008058
v -0.005587 0.247652 0.008058
v -0.051693 0.057652 0.008206
v -0.050498 0.057652 0.008206
v -0.051693 0.106648 0.008206
v -0.050498 0.106648 0.008206
v -0.051693 0.152652 0.008206
v -0.050498 0.152652 0.008206
v -0.051693 0.198656 0.008206
v -0.050498 0.198656 0.008206
v -0.051693 0.247652 0.008206
v -0.050498 0.247652 0.008206
v -0.016114 0.057652 0.008300
v -0.014919 0.057652 0.008300
v -0.016114 0.106648 0.008300
v -0.014919 0.106648 0.008300
v -0.016114 0.152652 0.008300
v -0.014919 0.152652 0.008300
v -0.016114 0.198656 0.008300
v -0.014919 0.198656 0.008300
v -0.016114 0.247652 0.008300
v -0.014919 0.247652 0.008300
v -0.022527 0.057652 0.009181
v -0.021333 0.057652 0.009181
v -0.022527 0.106648 0.009181
v -0.021333 0.106648 0.009181
v -0.022527 0.152652 0.009181
v -0.021333 0.152652 0.009181
v -0.022527 0.198656 0.009181
v -0.021333 0.198656 0.009181
v -0.022527 0.247652 0.009181
v -0.021333 0.247652 0.009181
v -0.052887 0.057652 0.004489
v -0.051693 0.057652 0.004489
v -0.052887 0.106648 0.004489
v -0.051693 0.106648 0.004489
v -0.052887 0.152652 0.004489
v -0.051693 0.152652 0.004489
v -0.052887 0.198656 0.004489
v -0.051693 0.198656 0.004489
v -0.052887 0.247652 0.004489
v -0.051693 0.247652 0.004489
v -0.054592 0.057652 0.010637
v -0.053397 0.057652 0.010637
v -0.054592 0.106648 0.010637
v -0.053397 0.106648 0.010637
v -0.054592 0.152652 0.010637
v -0.053397 0.152652 0.010637
v -0.054592 0.198656 0.010637
v -0.053397 0.198656 0.010637
v -0.054592 0.247652 0.010637
v -0.053397 0.247652 0.010637
v -0.017287 0.057652 0.004635
v -0.016092 0.057652 0.004635
v -0.017287 0.106648 0.004635
v -0.016092 0.106648 0.004635
v -0.017287 0.152652 0.004635
v -0.016092 0.152652 0.004635
v -0.017287 0.198656 0.004635
v -0.016092 0.198656 0.004635
v -0.017287 0.247652 0.004635
v -0.016092 0.247652 0.004635
v -0.044703 0.057652 0.006679
v -0.043509 0.057652 0.006679
v -0.044703 0.106648 0.006679
v -0.043509 0.106648 0.006679
v -0.044703 0.152652 0.006679
v -0.043509 0.152652 0.006679
v -0.044703 0.198656 0.006679
v -0.043509 0.198656 0.006679
v -0.044703 0.247652 0.006679
v -0.043509 0.247652 0.006679
v -0.044108 0.057652 0.008724
v -0.042913 0.057652 0.008724
v -0.044108 0.106648 0.008724
v -0.042913 0.106648 0.008724
v -0.044108 0.152652 0.008724
v -0.042913 0.152652 0.008724
v -0.044108 0.198656 0.008724
v -0.042913 0.198656 0.008724
v -0.044108 0.247652 0.008724
v -0.042913 0.247652 0.008724
v -0.020781 0.057652 0.007664
v -0.019587 0.057652 0.007664
v -0.020781 0.106648 0.007664
v -0.019587 0.106648 0.007664
v -0.020781 0.152652 0.007664
v -0.019587 0.152652 0.007664
v -0.020781 0.198656 0.007664
v -0.019587 0.198656 0.007664
v -0.020781 0.247652 0.007664
v -0.019587 0.247652 0.007664
v -0.058102 0.057652 0.009099
v -0.056907 0.057652 0.009099
v -0.058102 0.106648 0.009099
v -0.056907 0.106648 0.009099
v -0.058102 0.152652 0.009099
v -0.056907 0.152652 0.009099
v -0.058102 0.198656 0.009099
v -0.056907 0.198656 0.009099
v -0.058102 0.247652 0.009099
v -0.056907 0.247652 0.009099
v -0.061646 0.057652 0.003956
v -0.060451 0.057652 0.003956
v -0.061646 0.106648 0.003956
v -0.060451 0.106648 0.003956
v -0.061646 0.152652 0.003956
v -0.060451 0.152652 0.003956
v -0.061646 0.198656 0.003956
v -0.060451 0.198656 0.003956
v -0.061646 0.247652 0.003956
v -0.060451 0.247652 0.003956
v -0.028352 0.057652 0.010957
v -0.027157 0.057652 0.010957
v -0.028352 0.106648 0.010957
v -0.027157 0.106648 0.010957
v -0.028352 0.152652 0.010957
v -0.027157 0.152652 0.010957
v -0.028352 0.198656 0.010957
v -0.027157 0.198656 0.010957
v -0.028352 0.247652 0.010957
v -0.027157 0.247652 0.010957
v -0.070357 0.057652 0.008317
v -0.069162 0.057652 0.008317
v -0.070357 0.106648 0.008317
v -0.069162 0.106648 0.008317
v -0.070357 0.152652 0.008317
v -0.069162 0.152652 0.008317
v -0.070357 0.198656 0.008317
v -0.069162 0.198656 0.008317
v -0.070357 0.247652 0.008317
v -0.069162 0.247652 0.008317
v -0.034778 0.057652 0.008412
v -0.033583 0.057652 0.008412
v -0.034778 0.106648 0.008412
v -0.033583 0.106648 0.008412
v -0.034778 0.152652 0.008412
v -0.033583 0.152652 0.008412
v -0.034778 0.198656 0.008412
v -0.033583 0.198656 0.008412
v -0.034778 0.247652 0.008412
v -0.033583 0.247652 0.008412
v -0.011448 0.057652 0.007800
v -0.010253 0.057652 0.007800
v -0.011448 0.106648 0.007800
v -0.010253 0.106648 0.007800
v -0.011448 0.152652 0.007800
v -0.010253 0.152652 0.007800
v -0.011448 0.198656 0.007800
v -0.010253 0.198656 0.007800
v -0.011448 0.247652 0.007800
v -0.010253 0.247652 0.007800
v -0.066886 0.057652 0.005231
v -0.065691 0.057652 0.005231
v -0.066886 0.106648 0.005231
v -0.065691 0.106648 0.005231
v -0.066886 0.152652 0.005231
v -0.065691 0.152652 0.005231
v -0.066886 0.198656 0.005231
v -0.065691 0.198656 0.005231
v -0.066886 0.247652 0.005231
v -0.065691 0.247652 0.005231
v -0.028954 0.057652 0.005878
v -0.027760 0.057652 0.005878
v -0.028954 0.106648 0.005878
v -0.027760 0.106648 0.005878
v -0.028954 0.152652 0.005878
v -0.027760 0.152652 0.005878
v -0.028954 0.198656 0.005878
v -0.027760 0.198656 0.005878
v -0.028954 0.247652 0.005878
v -0.027760 0.247652 0.005878
v -0.040035 0.057652 0.006941
v -0.038840 0.057652 0.006941
v -0.040035 0.106648 0.006941
v -0.038840 0.106648 0.006941
v -0.040035 0.152652 0.006941
v -0.038840 0.152652 0.006941
v -0.040035 0.198656 0.006941
v -0.038840 0.198656 0.006941
v -0.040035 0.247652 0.006941
v -0.038840 0.247652 0.006941
v -0.006197 0.057652 0.010073
v -0.005002 0.057652 0.010073
v -0.006197 0.106648 0.010073
v -0.005002 0.106648 0.010073
v -0.006197 0.152652 0.010073
v -0.005002 0.152652 0.010073
v -0.006197 0.198656 0.010073
v -0.005002 0.198656 0.010073
v -0.006197 0.247652 0.010073
v -0.005002 0.247652 0.010073
v -0.025446 0.057652 0.008165
v -0.024252 0.057652 0.008165
v -0.025446 0.106648 0.008165
v -0.024252 0.106648 0.008165
v -0.025446 0.152652 0.008165
v -0.024252 0.152652 0.008165
v -0.025446 0.198656 0.008165
v -0.024252 0.198656 0.008165
v -0.025446 0.247652 0.008165
v -0.024252 0.247652 0.008165
v -0.021955 0.057652 0.005131
v -0.020760 0.057652 0.005131
v -0.021955 0.106648 0.005131
v -0.020760 0.106648 0.005131
v -0.021955 0.152652 0.005131
v -0.020760 0.152652 0.005131
v -0.021955 0.198656 0.005131
v -0.020760 0.198656 0.005131
v -0.021955 0.247652 0.005131
v -0.020760 0.247652 0.005131
v -0.037105 0.057652 0.009492
v -0.035910 0.057652 0.009492
v -0.037105 0.106648 0.009492
v -0.035910 0.106648 0.009492
v -0.037105 0.152652 0.009492
v -0.035910 0.152652 0.009492
v -0.037105 0.198656 0.009492
v -0.035910 0.198656 0.009492
v -0.037105 0.247652 0.009492
v -0.035910 0.247652 0.009492
v -0.033620 0.057652 0.006378
v -0.032425 0.057652 0.006378
v -0.033620 0.106648 0.006378
v -0.032425 0.106648 0.006378
v -0.033620 0.152652 0.006378
v -0.032425 0.152652 0.006378
v -0.033620 0.198656 0.006378
v -0.032425 0.198656 0.006378
v -0.033620 0.247652 0.006378
v -0.032425 0.247652 0.006378
v -0.009116 0.057652 0.006795
v -0.007921 0.057652 0.006795
v -0.009116 0.106648 0.006795
v -0.007921 0.106648 0.006795
v -0.009116 0.152652 0.006795
v -0.007921 0.152652 0.006795
v -0.009116 0.198656 0.006795
v -0.007921 0.198656 0.006795
v -0.009116 0.247652 0.006795
v -0.007921 0.247652 0.006795
v -0.066317 0.057652 0.003688
v -0.065122 0.057652 0.003688
v -0.066317 0.106648 0.003688
v -0.065122 0.106648 0.003688
v -0.066317 0.152652 0.003688
v -0.065122 0.152652 0.003688
v -0.066317 0.198656 0.003688
v -0.065122 0.198656 0.003688
v -0.066317 0.247652 0.003688
v -0.065122 0.247652 0.003688
v -0.071562 0.057652 0.004385
v -0.070367 0.057652 0.004385
v -0.071562 0.106648 0.004385
v -0.070367 0.106648 0.004385
v -0.071562 0.152652 0.004385
v -0.070367 0.152652 0.004385
v -0.071562 0.198656 0.004385
v -0.070367 0.198656 0.004385
v -0.071562 0.247652 0.004385
v -0.070367 0.247652 0.004385
v -0.040596 0.057652 0.011020
v -0.039401 0.057652 0.011020
v -0.040596 0.106648 0.011020
v -0.039401 0.106648 0.011020
v -0.040596 0.152652 0.011020
v -0.039401 0.152652 0.011020
v -0.040596 0.198656 0.011020
v -0.039401 0.198656 0.011020
v -0.040596 0.247652 0.011020
v -0.039401 0.247652 0.011020
v -0.029522 0.057652 0.009940
v -0.028328 0.057652 0.009940
v -0.029522 0.106648 0.009940
v -0.028328 0.106648 0.009940
v -0.029522 0.152652 0.009940
v -0.028328 0.152652 0.009940
v -0.029522 0.198656 0.009940
v -0.028328 0.198656 0.009940
v -0.029522 0.247652 0.009940
v -0.028328 0.247652 0.009940
v -0.059878 0.057652 0.006015
v -0.058683 0.057652 0.006015
v -0.059878 0.106648 0.006015
v -0.058683 0.106648 0.006015
v -0.059878 0.152652 0.006015
v -0.058683 0.152652 0.006015
v -0.059878 0.198656 0.006015
v -0.058683 0.198656 0.006015
v -0.059878 0.247652 0.006015
v -0.058683 0.247652 0.006015
v -0.037699 0.057652 0.007454
v -0.036504 0.057652 0.007454
v -0.037699 0.106648 0.007454
v -0.036504 0.106648 0.007454
v -0.037699 0.152652 0.007454
v -0.036504 0.152652 0.007454
v -0.037699 0.198656 0.007454
v -0.036504 0.198656 0.007454
v -0.037699 0.247652 0.007454
v -0.036504 0.247652 0.007454
v -0.002115 0.057652 0.007560
v -0.000920 0.057652 0.007560
v -0.002115 0.106648 0.007560
v -0.000920 0.106648 0.007560
v -0.002115 0.152652 0.007560
v -0.000920 0.152652 0.007560
v -0.002115 0.198656 0.007560
v -0.000920 0.198656 0.007560
v -0.002115 0.247652 0.007560
v -0.000920 0.247652 0.007560
v -0.048770 0.057652 0.009232
v -0.047575 0.057652 0.009232
v -0.048770 0.106648 0.009232
v -0.047575 0.106648 0.009232
v -0.048770 0.152652 0.009232
v -0.047575 0.152652 0.009232
v -0.048770 0.198656 0.009232
v -0.047575 0.198656 0.009232
v -0.048770 0.247652 0.009232
v -0.047575 0.247652 0.009232
v -0.019619 0.057652 0.005642
v -0.018424 0.057652 0.005642
v -0.019619 0.106648 0.005642
v -0.018424 0.106648 0.005642
v -0.019619 0.152652 0.005642
v -0.018424 0.152652 0.005642
v -0.019619 0.198656 0.005642
v -0.018424 0.198656 0.005642
v -0.019619 0.247652 0.005642
v -0.018424 0.247652 0.005642
v -0.013196 0.057652 0.009313
v -0.012001 0.057652 0.009313
v -0.013196 0.106648 0.009313
v -0.012001 0.106648 0.009313
v -0.013196 0.152652 0.009313
v -0.012001 0.152652 0.009313
v -0.013196 0.198656 0.009313
v -0.012001 0.198656 0.009313
v -0.013196 0.247652 0.009313
v -0.012001 0.247652 0.009313
v -0.030713 0.057652 0.003842
v -0.029518 0.057652 0.003842
v -0.030713 0.106648 0.003842
v -0.029518 0.106648 0.003842
v -0.030713 0.152652 0.003842
v -0.029518 0.152652 0.003842
v -0.030713 0.198656 0.003842
v -0.029518 0.198656 0.003842
v -0.030713 0.247652 0.003842
v -0.029518 0.247652 0.003842
v -0.072709 0.057652 0.006445
v -0.071514 0.057652 0.006445
v -0.072709 0.106648 0.006445
v -0.071514 0.106648 0.006445
v -0.072709 0.152652 0.006445
v -0.071514 0.152652 0.006445
v -0.072709 0.198656 0.006445
v -0.071514 0.198656 0.006445
v -0.072709 0.247652 0.006445
v -0.071514 0.247652 0.006445
v -0.009694 0.057652 0.010830
v -0.008500 0.057652 0.010830
v -0.009694 0.106648 0.010830
v -0.008500 0.106648 0.010830
v -0.009694 0.152652 0.010830
v -0.008500 0.152652 0.010830
v -0.009694 0.198656 0.010830
v -0.008500 0.198656 0.010830
v -0.009694 0.247652 0.010830
v -0.008500 0.247652 0.010830
v -0.053440 0.057652 0.008589
v -0.052245 0.057652 0.008589
v -0.053440 0.106648 0.008589
v -0.052245 0.106648 0.008589
v -0.053440 0.152652 0.008589
v -0.052245 0.152652 0.008589
v -0.053440 0.198656 0.008589
v -0.052245 0.198656 0.008589
v -0.053440 0.247652 0.008589
v -0.052245 0.247652 0.008589
v -0.010283 0.057652 0.005785
v -0.009088 0.057652 0.005785
v -0.010283 0.106648 0.005785
v -0.009088 0.106648 0.005785
v -0.010283 0.152652 0.005785
v -0.009088 0.152652 0.005785
v -0.010283 0.198656 0.005785
v -0.009088 0.198656 0.005785
v -0.010283 0.247652 0.005785
v -0.009088 0.247652 0.005785
v -0.038879 0.057652 0.004904
v -0.037684 0.057652 0.004904
v -0.038879 0.106648 0.004904
v -0.037684 0.106648 0.004904
v -0.038879 0.152652 0.004904
v -0.037684 0.152652 0.004904
v -0.038879 0.198656 0.004904
v -0.037684 0.198656 0.004904
v -0.038879 0.247652 0.004904
v -0.037684 0.247652 0.004904
v -0.050541 0.057652 0.006159
v -0.049347 0.057652 0.006159
v -0.050541 0.106648 0.006159
v -0.049347 0.106648 0.006159
v -0.050541 0.152652 0.006159
v -0.049347 0.152652 0.006159
v -0.050541 0.198656 0.006159
v -0.049347 0.198656 0.006159
v -0.050541 0.247652 0.006159
v -0.049347 0.247652 0.006159
v -0.007367 0.057652 0.004026
v -0.006172 0.057652 0.004026
v -0.007367 0.106648 0.004026
v -0.006172 0.106648 0.004026
v -0.007367 0.152652 0.004026
v -0.006172 0.152652 0.004026
v -0.007367 0.198656 0.004026
v -0.006172 0.198656 0.004026
v -0.007367 0.247652 0.004026
v -0.006172 0.247652 0.004026
v -0.051096 0.057652 0.010254
v -0.049901 0.057652 0.010254
v -0.051096 0.106648 0.010254
v -0.049901 0.106648 0.010254
v -0.051096 0.152652 0.010254
v -0.049901 0.152652 0.010254
v -0.051096 0.198656 0.010254
v -0.049901 0.198656 0.010254
v -0.051096 0.247652 0.010254
v -0.049901 0.247652 0.010254
v -0.068656 0.057652 0.003168
v -0.067461 0.057652 0.003168
v -0.068656 0.106648 0.003168
v -0.067461 0.106648 0.003168
v -0.068656 0.152652 0.003168
v -0.067461 0.152652 0.003168
v -0.068656 0.198656 0.003168
v -0.067461 0.198656 0.003168
v -0.068656 0.247652 0.003168
v -0.067461 0.247652 0.003168
v -0.073252 0.057652 0.010569
v -0.072057 0.057652 0.010569
v -0.073252 0.106648 0.010569
v -0.072057 0.106648 0.010569
v -0.073252 0.152652 0.010569
v -0.072057 0.152652 0.010569
v -0.073252 0.198656 0.010569
v -0.072057 0.198656 0.010569
v -0.073252 0.247652 0.010569
v -0.072057 0.247652 0.010569
v -0.067431 0.057652 0.009350
v -0.066236 0.057652 0.009350
v -0.067431 0.106648 0.009350
v -0.066236 0.106648 0.009350
v -0.067431 0.152652 0.009350
v -0.066236 0.152652 0.009350
v -0.067431 0.198656 0.009350
v -0.066236 0.198656 0.009350
v -0.067431 0.247652 0.009350
v -0.066236 0.247652 0.009350
v -0.072541 0.057652 0.001904
v -0.073736 0.057652 0.001904
v -0.072541 0.106648 0.001904
v -0.073736 0.106648 0.001904
v -0.072541 0.152652 0.001904
v -0.073736 0.152652 0.001904
v -0.072541 0.198656 0.001904
v -0.073736 0.198656 0.001904
v -0.072541 0.247652 0.001904
v -0.073736 0.247652 0.001904
v -0.072612 0.057652 0.000901
v -0.073806 0.057652 0.000901
v -0.072612 0.106648 0.000901
v -0.073806 0.106648 0.000901
v -0.072612 0.152652 0.000901
v -0.073806 0.152652 0.000901
v -0.072612 0.198656 0.000901
v -0.073806 0.198656 0.000901
v -0.072612 0.247652 0.000901
v -0.073806 0.247652 0.000901
v -0.072412 0.057652 0.002618
v -0.073607 0.057652 0.002618
v -0.072412 0.106648 0.002618
v -0.073607 0.106648 0.002618
v -0.072412 0.152652 0.002618
v -0.073607 0.152652 0.002618
v -0.072412 0.198656 0.002618
v -0.073607 0.198656 0.002618
v -0.072412 0.247652 0.002618
v -0.073607 0.247652 0.002618
v -0.077759 0.057652 0.002274
v -0.076565 0.057652 0.002274
v -0.077759 0.106648 0.002274
v -0.076565 0.106648 0.002274
v -0.077759 0.152652 0.002274
v -0.076565 0.152652 0.002274
v -0.077759 0.198656 0.002274
v -0.076565 0.198656 0.002274
v -0.077759 0.247652 0.002274
v -0.076565 0.247652 0.002274
v -0.072980 0.057652 0.000633
v -0.074175 0.057652 0.000633
v -0.072980 0.106648 0.000633
v -0.074175 0.106648 0.000633
v -0.072980 0.152652 0.000633
v -0.074175 0.152652 0.000633
v -0.072980 0.198656 0.000633
v -0.074175 0.198656 0.000633
v -0.072980 0.247652 0.000633
v -0.074175 0.247652 0.000633
v 0.073584 0.057652 0.003605
v 0.074778 0.057652 0.003605
v 0.073584 0.106648 0.003605
v 0.074778 0.106648 0.003605
v 0.073584 0.152652 0.003605
v 0.074778 0.152652 0.003605
v 0.073584 0.198656 0.003605
v 0.074778 0.198656 0.003605
v 0.073584 0.247652 0.003605
v 0.074778 0.247652 0.003605
v 0.075080 0.057652 0.003987
v 0.076275 0.057652 0.003987
v 0.075080 0.106648 0.003987
v 0.076275 0.106648 0.003987
v 0.075080 0.152652 0.003987
v 0.076275 0.152652 0.003987
v 0.075080 0.198656 0.003987
v 0.076275 0.198656 0.003987
v 0.075080 0.247652 0.003987
v 0.076275 0.247652 0.003987
v 0.076574 0.057652 0.003374
v 0.077769 0.057652 0.003374
v 0.076574 0.106648 0.003374
v 0.077769 0.106648 0.003374
v 0.076574 0.152652 0.003374
v 0.077769 0.152652 0.003374
v 0.076574 0.198656 0.003374
v 0.077769 0.198656 0.003374
v 0.076574 0.247652 0.003374
v 0.077769 0.247652 0.003374
v 0.077572 0.057652 0.003629
v 0.078767 0.057652 0.003629
v 0.077572 0.106648 0.003629
v 0.078767 0.106648 0.003629
v 0.077572 0.152652 0.003629
v 0.078767 0.152652 0.003629
v 0.077572 0.198656 0.003629
v 0.078767 0.198656 0.003629
v 0.077572 0.247652 0.003629
v 0.078767 0.247652 0.003629
v 0.077893 0.057652 0.004044
v 0.079088 0.057652 0.004044
v 0.077893 0.106648 0.004044
v 0.079088 0.106648 0.004044
v 0.077893 0.152652 0.004044
v 0.079088 0.152652 0.004044
v 0.077893 0.198656 0.004044
v 0.079088 0.198656 0.004044
v 0.077893 0.247652 0.004044
v 0.079088 0.247652 0.004044
v 0.074253 0.057652 0.004218
v 0.075447 0.057652 0.004218
v 0.074253 0.106648 0.004218
v 0.075447 0.106648 0.004218
v 0.074253 0.152652 0.004218
v 0.075447 0.152652 0.004218
v 0.074253 0.198656 0.004218
v 0.075447 0.198656 0.004218
v 0.074253 0.247652 0.004218
v 0.075447 0.247652 0.004218
v 0.077309 0.057652 0.004919
v 0.078504 0.057652 0.004919
v 0.077309 0.106648 0.004919
v 0.078504 0.106648 0.004919
v 0.077309 0.152652 0.004919
v 0.078504 0.152652 0.004919
v 0.077309 0.198656 0.004919
v 0.078504 0.198656 0.004919
v 0.077309 0.247652 0.004919
v 0.078504 0.247652 0.004919
v 0.073172 0.057652 0.006026
v 0.074367 0.057652 0.006026
v 0.073172 0.106648 0.006026
v 0.074367 0.106648 0.006026
v 0.073172 0.152652 0.006026
v 0.074367 0.152652 0.006026
v 0.073172 0.198656 0.006026
v 0.074367 0.198656 0.006026
v 0.073172 0.247652 0.006026
v 0.074367 0.247652 0.006026
v 0.073136 0.057652 0.004637
v 0.074331 0.057652 0.004637
v 0.073136 0.106648 0.004637
v 0.074331 0.106648 0.004637
v 0.073136 0.152652 0.004637
v 0.074331 0.152652 0.004637
v 0.073136 0.198656 0.004637
v 0.074331 0.198656 0.004637
v 0.073136 0.247652 0.004637
v 0.074331 0.247652 0.004637
v 0.072917 0.057652 0.006542
v 0.074112 0.057652 0.006542
v 0.072917 0.106648 0.006542
v 0.074112 0.106648 0.006542
v 0.072917 0.152652 0.006542
v 0.074112 0.152652 0.006542
v 0.072917 0.198656 0.006542
v 0.074112 0.198656 0.006542
v 0.072917 0.247652 0.006542
v 0.074112 0.247652 0.006542
v 0.073933 0.057652 0.006959
v 0.072738 0.057652 0.006959
v 0.073933 0.106648 0.006959
v 0.072738 0.106648 0.006959
v 0.073933 0.152652 0.006958
v 0.072738 0.152652 0.006958
v 0.073933 0.198656 0.006958
v 0.072738 0.198656 0.006958
v 0.073933 0.247652 0.006958
v 0.072738 0.247652 0.006958
v 0.073758 0.057652 0.003704
v 0.074952 0.057652 0.003704
v 0.073758 0.106648 0.003704
v 0.074952 0.106648 0.003704
v 0.073758 0.152652 0.003704
v 0.074952 0.152652 0.003704
v 0.073758 0.198656 0.003704
v 0.074952 0.198656 0.003704
v 0.073758 0.247652 0.003704
v 0.074952 0.247652 0.003704
v 0.072633 0.057652 0.004896
v 0.073828 0.057652 0.004896
v 0.072633 0.106648 0.004896
v 0.073828 0.106648 0.004896
v 0.072633 0.152652 0.004896
v 0.073828 0.152652 0.004896
v 0.072633 0.198656 0.004896
v 0.073828 0.198656 0.004896
v 0.072633 0.247652 0.004896
v 0.073828 0.247652 0.004896
v 0.069850 0.057652 0.000226
v 0.068655 0.057652 0.000226
v 0.069850 0.106648 0.000226
v 0.068655 0.106648 0.000226
v 0.069850 0.152652 0.000226
v 0.068655 0.152652 0.000226
v 0.069850 0.198656 0.000226
v 0.068655 0.198656 0.000226
v 0.069850 0.247652 0.000226
v 0.068655 0.247652 0.000226
v 0.054075 0.057652 0.001560
v 0.052880 0.057652 0.001560
v 0.054075 0.106648 0.001560
v 0.052880 0.106648 0.001560
v 0.054075 0.152652 0.001560
v 0.052880 0.152652 0.001560
v 0.054075 0.198656 0.001560
v 0.052880 0.198656 0.001560
v 0.054075 0.247652 0.001560
v 0.052880 0.247652 0.001560
v 0.019050 0.057652 0.000120
v 0.017855 0.057652 0.000120
v 0.019050 0.106648 0.000120
v 0.017855 0.106648 0.000120
v 0.019050 0.152652 0.000120
v 0.017855 0.152652 0.000120
v 0.019050 0.198656 0.000120
v 0.017855 0.198656 0.000120
v 0.019050 0.247652 0.000120
v 0.017855 0.247652 0.000120
v 0.012624 0.057652 0.002109
v 0.011429 0.057652 0.002109
v 0.012624 0.106648 0.002109
v 0.011429 0.106648 0.002109
v 0.012624 0.152652 0.002109
v 0.011429 0.152652 0.002109
v 0.012624 0.198656 0.002109
v 0.011429 0.198656 0.002109
v 0.012624 0.247652 0.002109
v 0.011429 0.247652 0.002109
v 0.062839 0.057652 0.000756
v 0.061644 0.057652 0.000756
v 0.062839 0.106648 0.000756
v 0.061644 0.106648 0.000756
v 0.062839 0.152652 0.000756
v 0.061644 0.152652 0.000756
v 0.062839 0.198656 0.000756
v 0.061644 0.198656 0.000756
v 0.062839 0.247652 0.000756
v 0.061644 0.247652 0.000756
v 0.064012 0.057652 0.000051
v 0.062818 0.057652 0.000051
v 0.064012 0.106648 0.000051
v 0.062818 0.106648 0.000051
v 0.064012 0.152652 0.000051
v 0.062818 0.152652 0.000051
v 0.064012 0.198656 0.000051
v 0.062818 0.198656 0.000051
v 0.064012 0.247652 0.000051
v 0.062818 0.247652 0.000051
v 0.047072 0.057652 0.001169
v 0.045877 0.057652 0.001169
v 0.047072 0.106648 0.001169
v 0.045877 0.106648 0.001169
v 0.047072 0.152652 0.001169
v 0.045877 0.152652 0.001169
v 0.047072 0.198656 0.001169
v 0.045877 0.198656 0.001169
v 0.047072 0.247652 0.001169
v 0.045877 0.247652 0.001169
v 0.042401 0.057652 0.001084
v 0.041207 0.057652 0.001084
v 0.042401 0.106648 0.001084
v 0.041207 0.106648 0.001084
v 0.042401 0.152652 0.001084
v 0.041207 0.152652 0.001084
v 0.042401 0.198656 0.001084
v 0.041207 0.198656 0.001084
v 0.042401 0.247652 0.001084
v 0.041207 0.247652 0.001084
v 0.020184 0.057652 0.002687
v 0.021379 0.057652 0.002687
v 0.020184 0.106648 0.002687
v 0.021379 0.106648 0.002687
v 0.020184 0.152652 0.002687
v 0.021379 0.152652 0.002687
v 0.020184 0.198656 0.002687
v 0.021379 0.198656 0.002687
v 0.020184 0.247652 0.002687
v 0.021379 0.247652 0.002687
v 0.045326 0.057652 0.000096
v 0.044132 0.057652 0.000096
v 0.045326 0.106648 0.000096
v 0.044132 0.106648 0.000096
v 0.045326 0.152652 0.000096
v 0.044132 0.152652 0.000096
v 0.045326 0.198656 0.000096
v 0.044132 0.198656 0.000096
v 0.045326 0.247652 0.000096
v 0.044132 0.247652 0.000096
v 0.056379 0.057652 0.002084
v 0.057573 0.057652 0.002084
v 0.056379 0.106648 0.002084
v 0.057573 0.106648 0.002084
v 0.056379 0.152652 0.002084
v 0.057573 0.152652 0.002084
v 0.056379 0.198656 0.002084
v 0.057573 0.198656 0.002084
v 0.056379 0.247652 0.002084
v 0.057573 0.247652 0.002084
v 0.020217 0.057652 0.000486
v 0.019022 0.057652 0.000486
v 0.020217 0.106648 0.000486
v 0.019022 0.106648 0.000486
v 0.020217 0.152652 0.000486
v 0.019022 0.152652 0.000486
v 0.020217 0.198656 0.000486
v 0.019022 0.198656 0.000486
v 0.020217 0.247652 0.000486
v 0.019022 0.247652 0.000486
v 0.041822 0.057652 0.000366
v 0.040627 0.057652 0.000366
v 0.041822 0.106648 0.000366
v 0.040627 0.106648 0.000366
v 0.041822 0.152652 0.000366
v 0.040627 0.152652 0.000366
v 0.041822 0.198656 0.000366
v 0.040627 0.198656 0.000366
v 0.041822 0.247652 0.000366
v 0.040627 0.247652 0.000366
v 0.010874 0.057652 0.000443
v 0.009680 0.057652 0.000443
v 0.010874 0.106648 0.000443
v 0.009680 0.106648 0.000443
v 0.010874 0.152652 0.000443
v 0.009680 0.152652 0.000443
v 0.010874 0.198656 0.000443
v 0.009680 0.198656 0.000443
v 0.010874 0.247652 0.000443
v 0.009680 0.247652 0.000443
v 0.054045 0.057652 0.001911
v 0.055240 0.057652 0.001911
v 0.054045 0.106648 0.001911
v 0.055240 0.106648 0.001911
v 0.054045 0.152652 0.001911
v 0.055240 0.152652 0.001911
v 0.054045 0.198656 0.001911
v 0.055240 0.198656 0.001911
v 0.054045 0.247652 0.001911
v 0.055240 0.247652 0.001911
v 0.058125 0.057652 0.002788
v 0.059319 0.057652 0.002788
v 0.058125 0.106648 0.002788
v 0.059319 0.106648 0.002788
v 0.058125 0.152652 0.002788
v 0.059319 0.152652 0.002788
v 0.058125 0.198656 0.002788
v 0.059319 0.198656 0.002788
v 0.058125 0.247652 0.002788
v 0.059319 0.247652 0.002788
v 0.001505 0.057652 0.002780
v 0.002700 0.057652 0.002780
v 0.001505 0.106648 0.002780
v 0.002700 0.106648 0.002780
v 0.001505 0.152652 0.002780
v 0.002700 0.152652 0.002780
v 0.001505 0.198656 0.002780
v 0.002700 0.198656 0.002780
v 0.001505 0.247652 0.002780
v 0.002700 0.247652 0.002780
v 0.031858 0.057652 0.002747
v 0.033053 0.057652 0.002747
v 0.031858 0.106648 0.002747
v 0.033053 0.106648 0.002747
v 0.031858 0.152652 0.002747
v 0.033053 0.152652 0.002747
v 0.031858 0.198656 0.002747
v 0.033053 0.198656 0.002747
v 0.031858 0.247652 0.002747
v 0.033053 0.247652 0.002747
v 0.017880 0.057652 0.000854
v 0.016685 0.057652 0.000854
v 0.017880 0.106648 0.000854
v 0.016685 0.106648 0.000854
v 0.017880 0.152652 0.000854
v 0.016685 0.152652 0.000854
v 0.017880 0.198656 0.000854
v 0.016685 0.198656 0.000854
v 0.017880 0.247652 0.000854
v 0.016685 0.247652 0.000854
v 0.049406 0.057652 0.001344
v 0.048211 0.057652 0.001344
v 0.049406 0.106648 0.001344
v 0.048211 0.106648 0.001344
v 0.049406 0.152652 0.001344
v 0.048211 0.152652 0.001344
v 0.049406 0.198656 0.001344
v 0.048211 0.198656 0.001344
v 0.049406 0.247652 0.001344
v 0.048211 0.247652 0.001344
v 0.039484 0.057652 0.000727
v 0.038289 0.057652 0.000727
v 0.039484 0.106648 0.000727
v 0.038289 0.106648 0.000727
v 0.039484 0.152652 0.000727
v 0.038289 0.152652 0.000727
v 0.039484 0.198656 0.000727
v 0.038289 0.198656 0.000727
v 0.039484 0.247652 0.000727
v 0.038289 0.247652 0.000727
v 0.070998 0.057652 0.002319
v 0.069803 0.057652 0.002319
v 0.070998 0.106648 0.002319
v 0.069803 0.106648 0.002319
v 0.070998 0.152652 0.002319
v 0.069803 0.152652 0.002319
v 0.070998 0.198656 0.002319
v 0.069803 0.198656 0.002319
v 0.070998 0.247652 0.002319
v 0.069803 0.247652 0.002319
v 0.041782 0.057652 0.002518
v 0.042977 0.057652 0.002518
v 0.041782 0.106648 0.002518
v 0.042977 0.106648 0.002518
v 0.041782 0.152652 0.002518
v 0.042977 0.152652 0.002518
v 0.041782 0.198656 0.002518
v 0.042977 0.198656 0.002518
v 0.041782 0.247652 0.002518
v 0.042977 0.247652 0.002518
v 0.064581 0.057652 0.001807
v 0.063386 0.057652 0.001807
v 0.064581 0.106648 0.001807
v 0.063386 0.106648 0.001807
v 0.064581 0.152652 0.001807
v 0.063386 0.152652 0.001807
v 0.064581 0.198656 0.001807
v 0.063386 0.198656 0.001807
v 0.064581 0.247652 0.001807
v 0.063386 0.247652 0.001807
v 0.000948 0.057652 0.002037
v -0.000246 0.057652 0.002037
v 0.000948 0.106648 0.002037
v -0.000246 0.106648 0.002037
v 0.000948 0.152652 0.002037
v -0.000246 0.152652 0.002037
v 0.000948 0.198656 0.002037
v -0.000246 0.198656 0.002037
v 0.000948 0.247652 0.002037
v -0.000246 0.247652 0.002037
v 0.046492 0.057652 0.000455
v 0.045298 0.057652 0.000455
v 0.046492 0.106648 0.000455
v 0.045298 0.106648 0.000455
v 0.046492 0.152652 0.000455
v 0.045298 0.152652 0.000455
v 0.046492 0.198656 0.000455
v 0.045298 0.198656 0.000455
v 0.046492 0.247652 0.000455
v 0.045298 0.247652 0.000455
v 0.013179 0.057652 0.002842
v 0.014374 0.057652 0.002842
v 0.013179 0.106648 0.002842
v 0.014374 0.106648 0.002842
v 0.013179 0.152652 0.002842
v 0.014374 0.152652 0.002842
v 0.013179 0.198656 0.002842
v 0.014374 0.198656 0.002842
v 0.013179 0.247652 0.002842
v 0.014374 0.247652 0.002842
v 0.015515 0.057652 0.002470
v 0.016710 0.057652 0.002470
v 0.015515 0.106648 0.002470
v 0.016710 0.106648 0.002470
v 0.015515 0.152652 0.002470
v 0.016710 0.152652 0.002470
v 0.015515 0.198656 0.002470
v 0.016710 0.198656 0.002470
v 0.015515 0.247652 0.002470
v 0.016710 0.247652 0.002470
v 0.069253 0.057652 0.001624
v 0.068058 0.057652 0.001624
v 0.069253 0.106648 0.001624
v 0.068058 0.106648 0.001624
v 0.069253 0.152652 0.001624
v 0.068058 0.152652 0.001624
v 0.069253 0.198656 0.001624
v 0.068058 0.198656 0.001624
v 0.069253 0.247652 0.001624
v 0.068058 0.247652 0.001624
v 0.063417 0.057652 0.001458
v 0.062222 0.057652 0.001458
v 0.063417 0.106648 0.001458
v 0.062222 0.106648 0.001458
v 0.063417 0.152652 0.001458
v 0.062222 0.152652 0.001458
v 0.063417 0.198656 0.001458
v 0.062222 0.198656 0.001458
v 0.063417 0.247652 0.001458
v 0.062222 0.247652 0.001458
v 0.030141 0.057652 0.001119
v 0.028946 0.057652 0.001119
v 0.030141 0.106648 0.001119
v 0.028946 0.106648 0.001119
v 0.030141 0.152652 0.001119
v 0.028946 0.152652 0.001119
v 0.030141 0.198656 0.001119
v 0.028946 0.198656 0.001119
v 0.030141 0.247652 0.001119
v 0.028946 0.247652 0.001119
v 0.005619 0.057652 0.001843
v 0.004424 0.057652 0.001843
v 0.005619 0.106648 0.001843
v 0.004424 0.106648 0.001843
v 0.005619 0.152652 0.001843
v 0.004424 0.152652 0.001843
v 0.005619 0.198656 0.001843
v 0.004424 0.198656 0.001843
v 0.005619 0.247652 0.001843
v 0.004424 0.247652 0.001843
v 0.061085 0.057652 0.001022
v 0.059890 0.057652 0.001022
v 0.061085 0.106648 0.001022
v 0.059890 0.106648 0.001022
v 0.061085 0.152652 0.001022
v 0.059890 0.152652 0.001022
v 0.061085 0.198656 0.001022
v 0.059890 0.198656 0.001022
v 0.061085 0.247652 0.001022
v 0.059890 0.247652 0.001022
v 0.058747 0.057652 0.001376
v 0.057552 0.057652 0.001376
v 0.058747 0.106648 0.001376
v 0.057552 0.106648 0.001376
v 0.058747 0.152652 0.001376
v 0.057552 0.152652 0.001376
v 0.058747 0.198656 0.001376
v 0.057552 0.198656 0.001376
v 0.058747 0.247652 0.001376
v 0.057552 0.247652 0.001376
v 0.003868 0.057652 0.000727
v 0.002673 0.057652 0.000727
v 0.003868 0.106648 0.000727
v 0.002673 0.106648 0.000727
v 0.003868 0.152652 0.000727
v 0.002673 0.152652 0.000727
v 0.003868 0.198656 0.000727
v 0.002673 0.198656 0.000727
v 0.003868 0.247652 0.000727
v 0.002673 0.247652 0.000727
v 0.037112 0.057652 0.002710
v 0.038307 0.057652 0.002710
v 0.037112 0.106648 0.002710
v 0.038306 0.106648 0.002710
v 0.037112 0.152652 0.002710
v 0.038306 0.152652 0.002710
v 0.037112 0.198656 0.002710
v 0.038306 0.198656 0.002710
v 0.037112 0.247652 0.002710
v 0.038306 0.247652 0.002710
v 0.001532 0.057652 0.000542
v 0.000338 0.057652 0.000542
v 0.001532 0.106648 0.000542
v 0.000338 0.106648 0.000542
v 0.001532 0.152652 0.000542
v 0.000338 0.152652 0.000542
v 0.001532 0.198656 0.000542
v 0.000338 0.198656 0.000542
v 0.001532 0.247652 0.000542
v 0.000338 0.247652 0.000542
v 0.046452 0.057652 0.002596
v 0.047646 0.057652 0.002596
v 0.046452 0.106648 0.002596
v 0.047646 0.106648 0.002596
v 0.046452 0.152652 0.002596
v 0.047646 0.152652 0.002596
v 0.046452 0.198656 0.002596
v 0.047646 0.198656 0.002596
v 0.046452 0.247652 0.002596
v 0.047646 0.247652 0.002596
v 0.015546 0.057652 0.000258
v 0.014351 0.057652 0.000258
v 0.015546 0.106648 0.000258
v 0.014351 0.106648 0.000258
v 0.015546 0.152652 0.000258
v 0.014351 0.152652 0.000258
v 0.015546 0.198656 0.000258
v 0.014351 0.198656 0.000258
v 0.015546 0.247652 0.000258
v 0.014351 0.247652 0.000258
v 0.034195 0.057652 0.002379
v 0.035389 0.057652 0.002379
v 0.034195 0.106648 0.002379
v 0.035389 0.106648 0.002379
v 0.034195 0.152652 0.002379
v 0.035389 0.152652 0.002379
v 0.034195 0.198656 0.002379
v 0.035389 0.198656 0.002379
v 0.034195 0.247652 0.002379
v 0.035389 0.247652 0.002379
v 0.041230 0.057652 0.001804
v 0.040035 0.057652 0.001804
v 0.041230 0.106648 0.001804
v 0.040035 0.106648 0.001804
v 0.041230 0.152652 0.001804
v 0.040035 0.152652 0.001804
v 0.041230 0.198656 0.001804
v 0.040035 0.198656 0.001804
v 0.041230 0.247652 0.001804
v 0.040035 0.247652 0.001804
v 0.008538 0.057652 0.000816
v 0.007344 0.057652 0.000816
v 0.008538 0.106648 0.000816
v 0.007344 0.106648 0.000816
v 0.008538 0.152652 0.000816
v 0.007344 0.152652 0.000816
v 0.008538 0.198656 0.000816
v 0.007344 0.198656 0.000816
v 0.008538 0.247652 0.000816
v 0.007344 0.247652 0.000816
v 0.043562 0.057652 0.002248
v 0.042368 0.057652 0.002248
v 0.043562 0.106648 0.002248
v 0.042368 0.106648 0.002248
v 0.043562 0.152652 0.002248
v 0.042368 0.152652 0.002248
v 0.043562 0.198656 0.002248
v 0.042368 0.198656 0.002248
v 0.043562 0.247652 0.002248
v 0.042368 0.247652 0.002248
v 0.045900 0.057652 0.001885
v 0.044705 0.057652 0.001885
v 0.045900 0.106648 0.001885
v 0.044705 0.106648 0.001885
v 0.045900 0.152652 0.001885
v 0.044705 0.152652 0.001885
v 0.045900 0.198656 0.001885
v 0.044705 0.198656 0.001885
v 0.045900 0.247652 0.001885
v 0.044705 0.247652 0.001885
v 0.072179 0.057652 0.000857
v 0.070985 0.057652 0.000857
v 0.072179 0.106648 0.000857
v 0.070985 0.106648 0.000857
v 0.072179 0.152652 0.000857
v 0.070985 0.152652 0.000857
v 0.072179 0.198656 0.000857
v 0.070985 0.198656 0.000857
v 0.072179 0.247652 0.000857
v 0.070985 0.247652 0.000857
v 0.048234 0.057652 0.002059
v 0.047039 0.057652 0.002059
v 0.048234 0.106648 0.002059
v 0.047039 0.106648 0.002059
v 0.048234 0.152652 0.002059
v 0.047039 0.152652 0.002059
v 0.048234 0.198656 0.002059
v 0.047039 0.198656 0.002059
v 0.048234 0.247652 0.002059
v 0.047039 0.247652 0.002059
v 0.018463 0.057652 0.001591
v 0.017268 0.057652 0.001591
v 0.018463 0.106648 0.001591
v 0.017268 0.106648 0.001591
v 0.018463 0.152652 0.001591
v 0.017268 0.152652 0.001591
v 0.018463 0.198656 0.001591
v 0.017268 0.198656 0.001591
v 0.018463 0.247652 0.001591
v 0.017268 0.247652 0.001591
v 0.056413 0.057652 0.001203
v 0.055218 0.057652 0.001203
v 0.056413 0.106648 0.001203
v 0.055218 0.106648 0.001203
v 0.056413 0.152652 0.001203
v 0.055218 0.152652 0.001203
v 0.056413 0.198656 0.001203
v 0.055218 0.198656 0.001203
v 0.056413 0.247652 0.001203
v 0.055218 0.247652 0.001203
v 0.031305 0.057652 0.002026
v 0.030110 0.057652 0.002026
v 0.031305 0.106648 0.002026
v 0.030110 0.106648 0.002026
v 0.031305 0.152652 0.002026
v 0.030110 0.152652 0.002026
v 0.031305 0.198656 0.002026
v 0.030110 0.198656 0.002026
v 0.031305 0.247652 0.002026
v 0.030110 0.247652 0.002026
v 0.014960 0.057652 0.001735
v 0.013765 0.057652 0.001735
v 0.014960 0.106648 0.001735
v 0.013765 0.106648 0.001735
v 0.014960 0.152652 0.001735
v 0.013765 0.152652 0.001735
v 0.014960 0.198656 0.001735
v 0.013765 0.198656 0.001735
v 0.014960 0.247652 0.001735
v 0.013765 0.247652 0.001735
v 0.024300 0.057652 0.001765
v 0.023106 0.057652 0.001765
v 0.024300 0.106648 0.001765
v 0.023106 0.106648 0.001765
v 0.024300 0.152652 0.001765
v 0.023106 0.152652 0.001765
v 0.024300 0.198656 0.001765
v 0.023106 0.198656 0.001765
v 0.024300 0.247652 0.001765
v 0.023106 0.247652 0.001765
v 0.032475 0.057652 0.001298
v 0.031280 0.057652 0.001298
v 0.032475 0.106648 0.001298
v 0.031280 0.106648 0.001298
v 0.032475 0.152652 0.001298
v 0.031280 0.152652 0.001298
v 0.032475 0.198656 0.001298
v 0.031280 0.198656 0.001298
v 0.032475 0.247652 0.001298
v 0.031280 0.247652 0.001298
v 0.065177 0.057652 0.000404
v 0.063983 0.057652 0.000404
v 0.065177 0.106648 0.000404
v 0.063983 0.106648 0.000404
v 0.065177 0.152652 0.000404
v 0.063983 0.152652 0.000404
v 0.065177 0.198656 0.000404
v 0.063983 0.198656 0.000404
v 0.065177 0.247652 0.000404
v 0.063983 0.247652 0.000404
v 0.025439 0.057652 0.002218
v 0.026634 0.057652 0.002218
v 0.025439 0.106648 0.002218
v 0.026634 0.106648 0.002218
v 0.025439 0.152652 0.002218
v 0.026634 0.152652 0.002218
v 0.025439 0.198656 0.002218
v 0.026634 0.198656 0.002218
v 0.025439 0.247652 0.002218
v 0.026634 0.247652 0.002218
v 0.031894 0.057652 0.000572
v 0.030699 0.057652 0.000572
v 0.031894 0.106648 0.000572
v 0.030699 0.106648 0.000572
v 0.031894 0.152652 0.000572
v 0.030699 0.152652 0.000572
v 0.031894 0.198656 0.000572
v 0.030699 0.198656 0.000572
v 0.031894 0.247652 0.000572
v 0.030699 0.247652 0.000572
v 0.023134 0.057652 0.001401
v 0.021939 0.057652 0.001401
v 0.023134 0.106648 0.001401
v 0.021939 0.106648 0.001401
v 0.023134 0.152652 0.001401
v 0.021939 0.152652 0.001401
v 0.023134 0.198656 0.001401
v 0.021939 0.198656 0.001401
v 0.023134 0.247652 0.001401
v 0.021939 0.247652 0.001401
v 0.027804 0.057652 0.001486
v 0.026609 0.057652 0.001486
v 0.027804 0.106648 0.001486
v 0.026609 0.106648 0.001486
v 0.027804 0.152652 0.001486
v 0.026609 0.152652 0.001486
v 0.027804 0.198656 0.001486
v 0.026609 0.198656 0.001486
v 0.027804 0.247652 0.001486
v 0.026609 0.247652 0.001486
v 0.061048 0.057652 0.002162
v 0.062243 0.057652 0.002162
v 0.061048 0.106648 0.002162
v 0.062243 0.106648 0.002162
v 0.061048 0.152652 0.002162
v 0.062243 0.152652 0.002162
v 0.061048 0.198656 0.002162
v 0.062243 0.198656 0.002162
v 0.061048 0.247652 0.002162
v 0.062243 0.247652 0.002162
v 0.036559 0.057652 0.001993
v 0.035364 0.057652 0.001993
v 0.036559 0.106648 0.001993
v 0.035364 0.106648 0.001993
v 0.036559 0.152652 0.001993
v 0.035364 0.152652 0.001993
v 0.036559 0.198656 0.001993
v 0.035364 0.198656 0.001993
v 0.036559 0.247652 0.001993
v 0.035364 0.247652 0.001993
v 0.006787 0.057652 0.001096
v 0.005592 0.057652 0.001096
v 0.006787 0.106648 0.001096
v 0.005592 0.106648 0.001096
v 0.006787 0.152652 0.001096
v 0.005592 0.152652 0.001096
v 0.006787 0.198656 0.001096
v 0.005592 0.198656 0.001096
v 0.006787 0.247652 0.001096
v 0.005592 0.247652 0.001096
v 0.051744 0.057652 0.000986
v 0.050549 0.057652 0.000986
v 0.051744 0.106648 0.000986
v 0.050549 0.106648 0.000986
v 0.051744 0.152652 0.000986
v 0.050549 0.152652 0.000986
v 0.051744 0.198656 0.000986
v 0.050549 0.198656 0.000986
v 0.051744 0.247652 0.000986
v 0.050549 0.247652 0.000986
v 0.016128 0.057652 0.000994
v 0.014934 0.057652 0.000994
v 0.016128 0.106648 0.000994
v 0.014934 0.106648 0.000994
v 0.016128 0.152652 0.000994
v 0.014934 0.152652 0.000994
v 0.016128 0.198656 0.000994
v 0.014934 0.198656 0.000994
v 0.016128 0.247652 0.000994
v 0.014934 0.247652 0.000994
v 0.022552 0.057652 0.000668
v 0.021357 0.057652 0.000668
v 0.022552 0.106648 0.000668
v 0.021357 0.106648 0.000668
v 0.022552 0.152652 0.000668
v 0.021357 0.152652 0.000668
v 0.022552 0.198656 0.000668
v 0.021357 0.198656 0.000668
v 0.022552 0.247652 0.000668
v 0.021357 0.247652 0.000668
v 0.051707 0.057652 0.002271
v 0.052902 0.057652 0.002271
v 0.051707 0.106648 0.002271
v 0.052902 0.106648 0.002271
v 0.051707 0.152652 0.002271
v 0.052902 0.152652 0.002271
v 0.051707 0.198656 0.002271
v 0.052902 0.198656 0.002271
v 0.051707 0.247652 0.002271
v 0.052902 0.247652 0.002271
v 0.054669 0.057652 0.000140
v 0.053474 0.057652 0.000140
v 0.054669 0.106648 0.000140
v 0.053474 0.106648 0.000140
v 0.054669 0.152652 0.000140
v 0.053474 0.152652 0.000140
v 0.054669 0.198656 0.000140
v 0.053474 0.198656 0.000140
v 0.054669 0.247652 0.000140
v 0.053474 0.247652 0.000140
v 0.016099 0.057652 0.002330
v 0.017294 0.057652 0.002330
v 0.016099 0.106648 0.002330
v 0.017294 0.106648 0.002330
v 0.016099 0.152652 0.002330
v 0.017294 0.152652 0.002330
v 0.016099 0.198656 0.002330
v 0.017294 0.198656 0.002330
v 0.016099 0.247652 0.002330
v 0.017294 0.247652 0.002330
v 0.044734 0.057652 0.001529
v 0.043539 0.057652 0.001529
v 0.044734 0.106648 0.001529
v 0.043539 0.106648 0.001529
v 0.044734 0.152652 0.001529
v 0.043539 0.152652 0.001529
v 0.044734 0.198656 0.001529
v 0.043539 0.198656 0.001529
v 0.044734 0.247652 0.001529
v 0.043539 0.247652 0.001529
v 0.044155 0.057652 0.000814
v 0.042960 0.057652 0.000814
v 0.044155 0.106648 0.000814
v 0.042960 0.106648 0.000814
v 0.044155 0.152652 0.000814
v 0.042960 0.152652 0.000814
v 0.044155 0.198656 0.000814
v 0.042960 0.198656 0.000814
v 0.044155 0.247652 0.000814
v 0.042960 0.247652 0.000814
v 0.020799 0.057652 0.001220
v 0.019604 0.057652 0.001220
v 0.020799 0.106648 0.001220
v 0.019604 0.106648 0.001220
v 0.020799 0.152652 0.001220
v 0.019604 0.152652 0.001220
v 0.020799 0.198656 0.001220
v 0.019604 0.198656 0.001220
v 0.020799 0.247652 0.001220
v 0.019604 0.247652 0.001220
v 0.055058 0.057652 0.009308
v 0.056253 0.057652 0.009308
v 0.055058 0.106648 0.009308
v 0.056253 0.106648 0.009308
v 0.055058 0.152652 0.009308
v 0.056253 0.152652 0.009308
v 0.055058 0.198656 0.009308
v 0.056253 0.198656 0.009308
v 0.055058 0.247652 0.009308
v 0.056253 0.247652 0.009308
v 0.009498 0.057652 0.009717
v 0.010692 0.057652 0.009717
v 0.009498 0.106648 0.009717
v 0.010692 0.106648 0.009717
v 0.009498 0.152652 0.009717
v 0.010692 0.152652 0.009717
v 0.009498 0.198656 0.009717
v 0.010692 0.198656 0.009717
v 0.009498 0.247652 0.009717
v 0.010692 0.247652 0.009717
v 0.072803 0.057652 0.005931
v 0.071608 0.057652 0.005931
v 0.072803 0.106648 0.005931
v 0.071608 0.106648 0.005931
v 0.072803 0.152652 0.005931
v 0.071608 0.152652 0.005931
v 0.072803 0.198656 0.005931
v 0.071608 0.198656 0.005931
v 0.072803 0.247652 0.005931
v 0.071608 0.247652 0.005931
v 0.048216 0.057652 0.010685
v 0.049410 0.057652 0.010685
v 0.048216 0.106648 0.010685
v 0.049410 0.106648 0.010685
v 0.048216 0.152652 0.010685
v 0.049410 0.152652 0.010685
v 0.048216 0.198656 0.010685
v 0.049410 0.198656 0.010685
v 0.048216 0.247652 0.010685
v 0.049410 0.247652 0.010685
v 0.048812 0.057652 0.006690
v 0.050007 0.057652 0.006690
v 0.048812 0.106648 0.006690
v 0.050007 0.106648 0.006690
v 0.048812 0.152652 0.006690
v 0.050007 0.152652 0.006690
v 0.048812 0.198656 0.006690
v 0.050007 0.198656 0.006690
v 0.048812 0.247652 0.006690
v 0.050007 0.247652 0.006690
v 0.043131 0.057652 0.004083
v 0.044326 0.057652 0.004083
v 0.043131 0.106648 0.004083
v 0.044326 0.106648 0.004083
v 0.043131 0.152652 0.004083
v 0.044326 0.152652 0.004083
v 0.043131 0.198656 0.004083
v 0.044326 0.198656 0.004083
v 0.043131 0.247652 0.004083
v 0.044326 0.247652 0.004083
v 0.020885 0.057652 0.010297
v 0.022080 0.057652 0.010297
v 0.020885 0.106648 0.010297
v 0.022080 0.106648 0.010297
v 0.020885 0.152652 0.010297
v 0.022080 0.152652 0.010297
v 0.020885 0.198656 0.010297
v 0.022080 0.198656 0.010297
v 0.020885 0.247652 0.010297
v 0.022080 0.247652 0.010297
v 0.026025 0.057652 0.006074
v 0.027220 0.057652 0.006074
v 0.026025 0.106648 0.006074
v 0.027220 0.106648 0.006074
v 0.026025 0.152652 0.006074
v 0.027220 0.152652 0.006074
v 0.026025 0.198656 0.006074
v 0.027220 0.198656 0.006074
v 0.026025 0.247652 0.006074
v 0.027220 0.247652 0.006074
v 0.035705 0.057652 0.007296
v 0.036900 0.057652 0.007296
v 0.035705 0.106648 0.007296
v 0.036900 0.106648 0.007296
v 0.035705 0.152652 0.007296
v 0.036900 0.152652 0.007296
v 0.035705 0.198656 0.007296
v 0.036900 0.198656 0.007296
v 0.035705 0.247652 0.007296
v 0.036900 0.247652 0.007296
v 0.063654 0.057652 0.003442
v 0.064849 0.057652 0.003442
v 0.063654 0.106648 0.003442
v 0.064849 0.106648 0.003442
v 0.063654 0.152652 0.003442
v 0.064849 0.152652 0.003442
v 0.063654 0.198656 0.003442
v 0.064849 0.198656 0.003442
v 0.063654 0.247652 0.003442
v 0.064849 0.247652 0.003442
v 0.046540 0.057652 0.005645
v 0.047735 0.057652 0.005645
v 0.046540 0.106648 0.005645
v 0.047735 0.106648 0.005645
v 0.046540 0.152652 0.005645
v 0.047735 0.152652 0.005645
v 0.046540 0.198656 0.005645
v 0.047735 0.198656 0.005645
v 0.046540 0.247652 0.005645
v 0.047735 0.247652 0.005645
v 0.019189 0.057652 0.005308
v 0.020384 0.057652 0.005308
v 0.019189 0.106648 0.005308
v 0.020384 0.106648 0.005308
v 0.019189 0.152652 0.005308
v 0.020384 0.152652 0.005308
v 0.019189 0.198656 0.005308
v 0.020384 0.198656 0.005308
v 0.019189 0.247652 0.005308
v 0.020384 0.247652 0.005308
v 0.058495 0.057652 0.006939
v 0.059690 0.057652 0.006939
v 0.058495 0.106648 0.006939
v 0.059690 0.106648 0.006939
v 0.058495 0.152652 0.006939
v 0.059690 0.152652 0.006939
v 0.058495 0.198656 0.006939
v 0.059690 0.198656 0.006939
v 0.058495 0.247652 0.006939
v 0.059690 0.247652 0.006939
v 0.030581 0.057652 0.006586
v 0.031776 0.057652 0.006586
v 0.030581 0.106648 0.006586
v 0.031776 0.106648 0.006586
v 0.030581 0.152652 0.006586
v 0.031776 0.152652 0.006586
v 0.030581 0.198656 0.006586
v 0.031776 0.198656 0.006586
v 0.030581 0.247652 0.006586
v 0.031776 0.247652 0.006586
v 0.034013 0.057652 0.003845
v 0.035207 0.057652 0.003845
v 0.034013 0.106648 0.003845
v 0.035207 0.106648 0.003845
v 0.034013 0.152652 0.003845
v 0.035207 0.152652 0.003845
v 0.034013 0.198656 0.003845
v 0.035207 0.198656 0.003845
v 0.034013 0.247652 0.003845
v 0.035207 0.247652 0.003845
v 0.007219 0.057652 0.010235
v 0.008414 0.057652 0.010235
v 0.007219 0.106648 0.010235
v 0.008414 0.106648 0.010235
v 0.007219 0.152652 0.010235
v 0.008414 0.152652 0.010235
v 0.007219 0.198656 0.010235
v 0.008414 0.198656 0.010235
v 0.007219 0.247652 0.010235
v 0.008414 0.247652 0.010235
v 0.013481 0.057652 0.010817
v 0.014676 0.057652 0.010817
v 0.013481 0.106648 0.010817
v 0.014676 0.106648 0.010817
v 0.013481 0.152652 0.010817
v 0.014676 0.152652 0.010817
v 0.013481 0.198656 0.010817
v 0.014676 0.198656 0.010817
v 0.013481 0.247652 0.010817
v 0.014676 0.247652 0.010817
v 0.072165 0.057652 0.007316
v 0.073359 0.057652 0.007316
v 0.072165 0.106648 0.007316
v 0.073359 0.106648 0.007316
v 0.072165 0.152652 0.007316
v 0.073359 0.152652 0.007316
v 0.072165 0.198656 0.007316
v 0.073359 0.198656 0.007316
v 0.072165 0.247652 0.007316
v 0.073359 0.247652 0.007316
v 0.062491 0.057652 0.006077
v 0.063686 0.057652 0.006077
v 0.062491 0.106648 0.006077
v 0.063686 0.106648 0.006077
v 0.062491 0.152652 0.006077
v 0.063686 0.152652 0.006077
v 0.062491 0.198656 0.006077
v 0.063686 0.198656 0.006077
v 0.062491 0.247652 0.006077
v 0.063686 0.247652 0.006077
v 0.027722 0.057652 0.009515
v 0.028916 0.057652 0.009515
v 0.027722 0.106648 0.009515
v 0.028916 0.106648 0.009515
v 0.027722 0.152652 0.009515
v 0.028916 0.152652 0.009515
v 0.027722 0.198656 0.009515
v 0.028916 0.198656 0.009515
v 0.027722 0.247652 0.009515
v 0.028916 0.247652 0.009515
v 0.040264 0.057652 0.007029
v 0.041459 0.057652 0.007029
v 0.040264 0.106648 0.007029
v 0.041459 0.106648 0.007029
v 0.040264 0.152652 0.007029
v 0.041459 0.152652 0.007029
v 0.040264 0.198656 0.007029
v 0.041459 0.198656 0.007029
v 0.040264 0.247652 0.007029
v 0.041459 0.247652 0.007029
v 0.040857 0.057652 0.003044
v 0.042051 0.057652 0.003044
v 0.040857 0.106648 0.003044
v 0.042051 0.106648 0.003044
v 0.040857 0.152652 0.003044
v 0.042051 0.152652 0.003044
v 0.040857 0.198656 0.003044
v 0.042051 0.198656 0.003044
v 0.040857 0.247652 0.003044
v 0.042051 0.247652 0.003044
v 0.056206 0.057652 0.008256
v 0.057401 0.057652 0.008256
v 0.056206 0.106648 0.008256
v 0.057401 0.106648 0.008256
v 0.056206 0.152652 0.008256
v 0.057401 0.152652 0.008256
v 0.056206 0.198656 0.008256
v 0.057401 0.198656 0.008256
v 0.056206 0.247652 0.008256
v 0.057401 0.247652 0.008256
v 0.023749 0.057652 0.005040
v 0.024944 0.057652 0.005040
v 0.023749 0.106648 0.005040
v 0.024944 0.106648 0.005040
v 0.023749 0.152652 0.005040
v 0.024944 0.152652 0.005040
v 0.023749 0.198656 0.005040
v 0.024944 0.198656 0.005040
v 0.023749 0.247652 0.005040
v 0.024944 0.247652 0.005040
v 0.056808 0.057652 0.004246
v 0.058003 0.057652 0.004246
v 0.056808 0.106648 0.004246
v 0.058003 0.106648 0.004246
v 0.056808 0.152652 0.004246
v 0.058003 0.152652 0.004246
v 0.056808 0.198656 0.004246
v 0.058003 0.198656 0.004246
v 0.056808 0.247652 0.004246
v 0.058003 0.247652 0.004246
v 0.007792 0.057652 0.006298
v 0.008987 0.057652 0.006298
v 0.007792 0.106648 0.006298
v 0.008987 0.106648 0.006298
v 0.007792 0.152652 0.006298
v 0.008987 0.152652 0.006298
v 0.007792 0.198656 0.006298
v 0.008987 0.198656 0.006298
v 0.007792 0.247652 0.006298
v 0.008987 0.247652 0.006298
v 0.031702 0.057652 0.010947
v 0.032896 0.057652 0.010947
v 0.031702 0.106648 0.010947
v 0.032896 0.106648 0.010947
v 0.031702 0.152652 0.010947
v 0.032896 0.152652 0.010947
v 0.031702 0.198656 0.010947
v 0.032896 0.198656 0.010947
v 0.031702 0.247652 0.010947
v 0.032896 0.247652 0.010947
v 0.071684 0.057652 0.003821
v 0.070490 0.057652 0.003821
v 0.071684 0.106648 0.003821
v 0.070490 0.106648 0.003821
v 0.071684 0.152652 0.003821
v 0.070490 0.152652 0.003821
v 0.071684 0.198656 0.003821
v 0.070490 0.198656 0.003821
v 0.071684 0.247652 0.003821
v 0.070490 0.247652 0.003821
v 0.050506 0.057652 0.008786
v 0.051701 0.057652 0.008786
v 0.050506 0.106648 0.008786
v 0.051701 0.106648 0.008786
v 0.050506 0.152652 0.008786
v 0.051701 0.152652 0.008786
v 0.050506 0.198656 0.008786
v 0.051701 0.198656 0.008786
v 0.050506 0.247652 0.008786
v 0.051701 0.247652 0.008786
v 0.024892 0.057652 0.003998
v 0.026087 0.057652 0.003998
v 0.024892 0.106648 0.003998
v 0.026087 0.106648 0.003998
v 0.024892 0.152652 0.003998
v 0.026087 0.152652 0.003998
v 0.024892 0.198656 0.003998
v 0.026087 0.198656 0.003998
v 0.024892 0.247652 0.003998
v 0.026087 0.247652 0.003998
v 0.017476 0.057652 0.007189
v 0.018671 0.057652 0.007189
v 0.017476 0.106648 0.007189
v 0.018671 0.106648 0.007189
v 0.017476 0.152652 0.007189
v 0.018671 0.152652 0.007189
v 0.017476 0.198656 0.007189
v 0.018671 0.198656 0.007189
v 0.017476 0.247652 0.007189
v 0.018671 0.247652 0.007189
v 0.028865 0.057652 0.008474
v 0.030060 0.057652 0.008474
v 0.028865 0.106648 0.008474
v 0.030060 0.106648 0.008474
v 0.028865 0.152652 0.008474
v 0.030060 0.152652 0.008474
v 0.028865 0.198656 0.008474
v 0.030060 0.198656 0.008474
v 0.028865 0.247652 0.008474
v 0.030060 0.247652 0.008474
v 0.008934 0.057652 0.003714
v 0.010129 0.057652 0.003714
v 0.008934 0.106648 0.003714
v 0.010129 0.106648 0.003714
v 0.008934 0.152652 0.003714
v 0.010129 0.152652 0.003714
v 0.008934 0.198656 0.003714
v 0.010129 0.198656 0.003714
v 0.008934 0.247652 0.003714
v 0.010129 0.247652 0.003714
v 0.065317 0.057652 0.008511
v 0.066512 0.057652 0.008511
v 0.065317 0.106648 0.008511
v 0.066512 0.106648 0.008511
v 0.065317 0.152652 0.008511
v 0.066512 0.152652 0.008511
v 0.065317 0.198656 0.008511
v 0.066512 0.198656 0.008511
v 0.065317 0.247652 0.008511
v 0.066512 0.247652 0.008511
v 0.002663 0.057652 0.010495
v 0.003858 0.057652 0.010495
v 0.002663 0.106648 0.010495
v 0.003858 0.106648 0.010495
v 0.002663 0.152652 0.010495
v 0.003858 0.152652 0.010495
v 0.002663 0.198656 0.010495
v 0.003858 0.198656 0.010495
v 0.002663 0.247652 0.010495
v 0.003858 0.247652 0.010495
v 0.068142 0.057652 0.011012
v 0.069337 0.057652 0.011012
v 0.068142 0.106648 0.011012
v 0.069337 0.106648 0.011012
v 0.068142 0.152652 0.011012
v 0.069337 0.152652 0.011012
v 0.068142 0.198656 0.011012
v 0.069337 0.198656 0.011012
v 0.068142 0.247652 0.011012
v 0.069337 0.247652 0.011012
v 0.057328 0.057652 0.010357
v 0.058523 0.057652 0.010357
v 0.057328 0.106648 0.010357
v 0.058523 0.106648 0.010357
v 0.057328 0.152652 0.010357
v 0.058523 0.152652 0.010357
v 0.057328 0.198656 0.010357
v 0.058523 0.198656 0.010357
v 0.057328 0.247652 0.010357
v 0.058523 0.247652 0.010357
v 0.000955 0.057652 0.005536
v 0.002150 0.057652 0.005536
v 0.000955 0.106648 0.005536
v 0.002150 0.106648 0.005536
v 0.000955 0.152652 0.005536
v 0.002150 0.152652 0.005536
v 0.000955 0.198656 0.005536
v 0.002150 0.198656 0.005536
v 0.000955 0.247652 0.005536
v 0.002150 0.247652 0.005536
v 0.001524 0.057652 0.008434
v 0.002719 0.057652 0.008434
v 0.001524 0.106648 0.008434
v 0.002719 0.106648 0.008434
v 0.001524 0.152652 0.008434
v 0.002719 0.152652 0.008434
v 0.001524 0.198656 0.008434
v 0.002719 0.198656 0.008434
v 0.001524 0.247652 0.008434
v 0.002719 0.247652 0.008434
v -0.000185 0.057652 0.003477
v 0.001010 0.057652 0.003477
v -0.000185 0.106648 0.003477
v 0.001010 0.106648 0.003477
v -0.000185 0.152652 0.003477
v 0.001010 0.152652 0.003477
v -0.000185 0.198656 0.003477
v 0.001010 0.198656 0.003477
v -0.000185 0.247652 0.003477
v 0.001010 0.247652 0.003477
v 0.038570 0.057652 0.004355
v 0.039764 0.057652 0.004355
v 0.038570 0.106648 0.004355
v 0.039764 0.106648 0.004355
v 0.038570 0.152652 0.004355
v 0.039764 0.152652 0.004355
v 0.038570 0.198656 0.004355
v 0.039764 0.198656 0.004355
v 0.038570 0.247652 0.004355
v 0.039764 0.247652 0.004355
v 0.004942 0.057652 0.009204
v 0.006136 0.057652 0.009204
v 0.004942 0.106648 0.009204
v 0.006136 0.106648 0.009204
v 0.004942 0.152652 0.009204
v 0.006136 0.152652 0.009204
v 0.004942 0.198656 0.009204
v 0.006136 0.198656 0.009204
v 0.004942 0.247652 0.009204
v 0.006136 0.247652 0.009204
v 0.006654 0.057652 0.004236
v 0.007848 0.057652 0.004236
v 0.006654 0.106648 0.004236
v 0.007848 0.106648 0.004236
v 0.006654 0.152652 0.004236
v 0.007848 0.152652 0.004236
v 0.006654 0.198656 0.004236
v 0.007848 0.198656 0.004236
v 0.006654 0.247652 0.004236
v 0.007848 0.247652 0.004236
v 0.010071 0.057652 0.005778
v 0.011266 0.057652 0.005778
v 0.010071 0.106648 0.005778
v 0.011266 0.106648 0.005778
v 0.010071 0.152652 0.005778
v 0.011266 0.152652 0.005778
v 0.010071 0.198656 0.005778
v 0.011266 0.198656 0.005778
v 0.010071 0.247652 0.005778
v 0.011266 0.247652 0.005778
v 0.067044 0.057652 0.006597
v 0.068239 0.057652 0.006597
v 0.067044 0.106648 0.006597
v 0.068239 0.106648 0.006597
v 0.067044 0.152652 0.006597
v 0.068239 0.152652 0.006597
v 0.067044 0.198656 0.006597
v 0.068239 0.198656 0.006597
v 0.067044 0.247652 0.006597
v 0.068239 0.247652 0.006597
v 0.064775 0.057652 0.005546
v 0.065970 0.057652 0.005546
v 0.064775 0.106648 0.005546
v 0.065970 0.106648 0.005546
v 0.064775 0.152652 0.005546
v 0.065970 0.152652 0.005546
v 0.064775 0.198656 0.005546
v 0.065970 0.198656 0.005546
v 0.064775 0.247652 0.005546
v 0.065970 0.247652 0.005546
v 0.010638 0.057652 0.008683
v 0.011833 0.057652 0.008683
v 0.010638 0.106648 0.008683
v 0.011833 0.106648 0.008683
v 0.010638 0.152652 0.008683
v 0.011833 0.152652 0.008683
v 0.010638 0.198656 0.008683
v 0.011833 0.198656 0.008683
v 0.010638 0.247652 0.008683
v 0.011833 0.247652 0.008683
v 0.059617 0.057652 0.009042
v 0.060811 0.057652 0.009042
v 0.059617 0.106648 0.009042
v 0.060811 0.106648 0.009042
v 0.059617 0.152652 0.009042
v 0.060811 0.152652 0.009042
v 0.059617 0.198656 0.009042
v 0.060811 0.198656 0.009042
v 0.059617 0.247652 0.009042
v 0.060811 0.247652 0.009042
v 0.053377 0.057652 0.005829
v 0.054571 0.057652 0.005829
v 0.053377 0.106648 0.005829
v 0.054571 0.106648 0.005829
v 0.053377 0.152652 0.005829
v 0.054571 0.152652 0.005829
v 0.053377 0.198656 0.005829
v 0.054571 0.198656 0.005829
v 0.053377 0.247652 0.005829
v 0.054571 0.247652 0.005829
v 0.043663 0.057652 0.010163
v 0.044858 0.057652 0.010163
v 0.043663 0.106648 0.010163
v 0.044858 0.106648 0.010163
v 0.043663 0.152652 0.010163
v 0.044858 0.152652 0.010163
v 0.043663 0.198656 0.010163
v 0.044858 0.198656 0.010163
v 0.043663 0.247652 0.010163
v 0.044858 0.247652 0.010163
v 0.015774 0.057652 0.003761
v 0.016968 0.057652 0.003761
v 0.015774 0.106648 0.003761
v 0.016968 0.106648 0.003761
v 0.015774 0.152652 0.003761
v 0.016968 0.152652 0.003761
v 0.015774 0.198656 0.003761
v 0.016968 0.198656 0.003761
v 0.015774 0.247652 0.003761
v 0.016968 0.247652 0.003761
v 0.039106 0.057652 0.010425
v 0.040301 0.057652 0.010425
v 0.039106 0.106648 0.010425
v 0.040301 0.106648 0.010425
v 0.039106 0.152652 0.010425
v 0.040301 0.152652 0.010425
v 0.039106 0.198656 0.010425
v 0.040301 0.198656 0.010425
v 0.039106 0.247652 0.010425
v 0.040301 0.247652 0.010425
v 0.036295 0.057652 0.003317
v 0.037490 0.057652 0.003317
v 0.036295 0.106648 0.003317
v 0.037490 0.106648 0.003317
v 0.036295 0.152652 0.003317
v 0.037490 0.152652 0.003317
v 0.036295 0.198656 0.003317
v 0.037490 0.198656 0.003317
v 0.036295 0.247652 0.003317
v 0.037490 0.247652 0.003317
v 0.064168 0.057652 0.009566
v 0.065363 0.057652 0.009566
v 0.064168 0.106648 0.009566
v 0.065363 0.106648 0.009566
v 0.064168 0.152652 0.009566
v 0.065363 0.152652 0.009566
v 0.064168 0.198656 0.009566
v 0.065363 0.198656 0.009566
v 0.064168 0.247652 0.009566
v 0.065363 0.247652 0.009566
v 0.018055 0.057652 0.003236
v 0.019250 0.057652 0.003236
v 0.018055 0.106648 0.003236
v 0.019250 0.106648 0.003236
v 0.018055 0.152652 0.003236
v 0.019250 0.152652 0.003236
v 0.018055 0.198656 0.003236
v 0.019250 0.198656 0.003236
v 0.018055 0.247652 0.003236
v 0.019250 0.247652 0.003236
v 0.066437 0.057652 0.010618
v 0.067632 0.057652 0.010618
v 0.066437 0.106648 0.010618
v 0.067632 0.106648 0.010618
v 0.066437 0.152652 0.010618
v 0.067632 0.152652 0.010618
v 0.066437 0.198656 0.010618
v 0.067632 0.198656 0.010618
v 0.066437 0.247652 0.010618
v 0.067632 0.247652 0.010618
v 0.032280 0.057652 0.008863
v 0.033475 0.057652 0.008863
v 0.032280 0.106648 0.008863
v 0.033475 0.106648 0.008863
v 0.032280 0.152652 0.008863
v 0.033475 0.152652 0.008863
v 0.032280 0.198656 0.008863
v 0.033475 0.198656 0.008863
v 0.032280 0.247652 0.008863
v 0.033475 0.247652 0.008863
v 0.070534 0.057652 0.004879
v 0.069340 0.057652 0.004879
v 0.070534 0.106648 0.004879
v 0.069340 0.106648 0.004879
v 0.070534 0.152652 0.004879
v 0.069340 0.152652 0.004879
v 0.070534 0.198656 0.004879
v 0.069340 0.198656 0.004879
v 0.070534 0.247652 0.004879
v 0.069340 0.247652 0.004879
v 0.020332 0.057652 0.004269
v 0.021527 0.057652 0.004269
v 0.020332 0.106648 0.004269
v 0.021527 0.106648 0.004269
v 0.020332 0.152652 0.004269
v 0.021527 0.152652 0.004269
v 0.020332 0.198656 0.004269
v 0.021527 0.198656 0.004269
v 0.020332 0.247652 0.004269
v 0.021527 0.247652 0.004269
v 0.052777 0.057652 0.009834
v 0.053971 0.057652 0.009834
v 0.052777 0.106648 0.009834
v 0.053971 0.106648 0.009834
v 0.052777 0.152652 0.009834
v 0.053971 0.152652 0.009834
v 0.052777 0.198656 0.009834
v 0.053971 0.198656 0.009834
v 0.052777 0.247652 0.009834
v 0.053971 0.247652 0.009834
v 0.070999 0.057652 0.009957
v 0.072194 0.057652 0.009957
v 0.070999 0.106648 0.009957
v 0.072194 0.106648 0.009957
v 0.070999 0.152652 0.009957
v 0.072194 0.152652 0.009957
v 0.070999 0.198656 0.009957
v 0.072194 0.198656 0.009957
v 0.070999 0.247652 0.009957
v 0.072194 0.247652 0.009957
v 0.042537 0.057652 0.008072
v 0.043732 0.057652 0.008072
v 0.042537 0.106648 0.008072
v 0.043732 0.106648 0.008072
v 0.042537 0.152652 0.008072
v 0.043732 0.152652 0.008072
v 0.042537 0.198656 0.008072
v 0.043732 0.198656 0.008072
v 0.042537 0.247652 0.008072
v 0.043732 0.247652 0.008072
v 0.044819 0.057652 0.007546
v 0.046013 0.057652 0.007546
v 0.044819 0.106648 0.007546
v 0.046013 0.106648 0.007546
v 0.044819 0.152652 0.007546
v 0.046013 0.152652 0.007546
v 0.044819 0.198656 0.007546
v 0.046013 0.198656 0.007546
v 0.044819 0.247652 0.007546
v 0.046013 0.247652 0.007546
v 0.005513 0.057652 0.005270
v 0.006708 0.057652 0.005270
v 0.005513 0.106648 0.005270
v 0.006708 0.106648 0.005270
v 0.005513 0.152652 0.005270
v 0.006708 0.152652 0.005270
v 0.005513 0.198656 0.005270
v 0.006708 0.198656 0.005270
v 0.005513 0.247652 0.005270
v 0.006708 0.247652 0.005270
v 0.069881 0.057652 0.007847
v 0.071075 0.057652 0.007847
v 0.069881 0.106648 0.007847
v 0.071075 0.106648 0.007847
v 0.069881 0.152652 0.007847
v 0.071075 0.152652 0.007847
v 0.069881 0.198656 0.007847
v 0.071075 0.198656 0.007847
v 0.069881 0.247652 0.007847
v 0.071075 0.247652 0.007847
v 0.018611 0.057652 0.009260
v 0.019805 0.057652 0.009260
v 0.018611 0.106648 0.009260
v 0.019805 0.106648 0.009260
v 0.018611 0.152652 0.009260
v 0.019805 0.152652 0.009260
v 0.018611 0.198656 0.009260
v 0.019805 0.198656 0.009260
v 0.018611 0.247652 0.009260
v 0.019805 0.247652 0.009260
v 0.060221 0.057652 0.005028
v 0.061416 0.057652 0.005028
v 0.060221 0.106648 0.005028
v 0.061416 0.106648 0.005028
v 0.060221 0.152652 0.005028
v 0.061416 0.152652 0.005028
v 0.060221 0.198656 0.005028
v 0.061416 0.198656 0.005028
v 0.060221 0.247652 0.005028
v 0.061416 0.247652 0.005028
v 0.063048 0.057652 0.007459
v 0.064243 0.057652 0.007459
v 0.063048 0.106648 0.007459
v 0.064243 0.106648 0.007459
v 0.063048 0.152652 0.007459
v 0.064243 0.152652 0.007459
v 0.063048 0.198656 0.007459
v 0.064243 0.198656 0.007459
v 0.063048 0.247652 0.007459
v 0.064243 0.247652 0.007459
v 0.061370 0.057652 0.003973
v 0.062565 0.057652 0.003973
v 0.061370 0.106648 0.003973
v 0.062565 0.106648 0.003973
v 0.061370 0.152652 0.003973
v 0.062565 0.152652 0.003973
v 0.061370 0.198656 0.003973
v 0.062565 0.198656 0.003973
v 0.061370 0.247652 0.003973
v 0.062565 0.247652 0.003973
v 0.023168 0.057652 0.008998
v 0.024362 0.057652 0.008998
v 0.023168 0.106648 0.008998
v 0.024362 0.106648 0.008998
v 0.023168 0.152652 0.008998
v 0.024362 0.152652 0.008998
v 0.023168 0.198656 0.008998
v 0.024362 0.198656 0.008998
v 0.023168 0.247652 0.008998
v 0.024362 0.247652 0.008998
v 0.000385 0.057652 0.009466
v 0.001580 0.057652 0.009466
v 0.000385 0.106648 0.009466
v 0.001580 0.106648 0.009466
v 0.000385 0.152652 0.009466
v 0.001580 0.152652 0.009466
v 0.000385 0.198656 0.009466
v 0.001580 0.198656 0.009466
v 0.000385 0.247652 0.009466
v 0.001580 0.247652 0.009466
v 0.004375 0.057652 0.003208
v 0.005570 0.057652 0.003208
v 0.004375 0.106648 0.003208
v 0.005570 0.106648 0.003208
v 0.004375 0.152652 0.003208
v 0.005570 0.152652 0.003208
v 0.004375 0.198656 0.003208
v 0.005570 0.198656 0.003208
v 0.004375 0.247652 0.003208
v 0.005570 0.247652 0.003208
v 0.003234 0.057652 0.006563
v 0.004428 0.057652 0.006563
v 0.003234 0.106648 0.006563
v 0.004428 0.106648 0.006563
v 0.003234 0.152652 0.006563
v 0.004428 0.152652 0.006563
v 0.003234 0.198656 0.006563
v 0.004428 0.198656 0.006563
v 0.003234 0.247652 0.006563
v 0.004428 0.247652 0.006563
v 0.051105 0.057652 0.004784
v 0.052300 0.057652 0.004784
v 0.051105 0.106648 0.004784
v 0.052300 0.106648 0.004784
v 0.051105 0.152652 0.004784
v 0.052300 0.152652 0.004784
v 0.051105 0.198656 0.004784
v 0.052300 0.198656 0.004784
v 0.051105 0.247652 0.004784
v 0.052300 0.247652 0.004784
v 0.037979 0.057652 0.008337
v 0.039173 0.057652 0.008337
v 0.037979 0.106648 0.008337
v 0.039173 0.106648 0.008337
v 0.037979 0.152652 0.008337
v 0.039173 0.152652 0.008337
v 0.037979 0.198656 0.008337
v 0.039173 0.198656 0.008337
v 0.037979 0.247652 0.008337
v 0.039173 0.247652 0.008337
v 0.053936 0.057652 0.007208
v 0.055130 0.057652 0.007208
v 0.053936 0.106648 0.007208
v 0.055130 0.106648 0.007208
v 0.053936 0.152652 0.007208
v 0.055130 0.152652 0.007208
v 0.053936 0.198656 0.007208
v 0.055130 0.198656 0.007208
v 0.053936 0.247652 0.007208
v 0.055130 0.247652 0.007208
v 0.011773 0.057652 0.010752
v 0.012968 0.057652 0.010752
v 0.011773 0.106648 0.010752
v 0.012968 0.106648 0.010752
v 0.011773 0.152652 0.010752
v 0.012968 0.152652 0.010752
v 0.011773 0.198656 0.010752
v 0.012968 0.198656 0.010752
v 0.011773 0.247652 0.010752
v 0.012968 0.247652 0.010752
v 0.008360 0.057652 0.007653
v 0.009555 0.057652 0.007653
v 0.008360 0.106648 0.007653
v 0.009555 0.106648 0.007653
v 0.008360 0.152652 0.007653
v 0.009555 0.152652 0.007653
v 0.008360 0.198656 0.007653
v 0.009555 0.198656 0.007653
v 0.008360 0.247652 0.007653
v 0.009555 0.247652 0.007653
v 0.025442 0.057652 0.010036
v 0.026637 0.057652 0.010036
v 0.025442 0.106648 0.010036
v 0.026637 0.106648 0.010036
v 0.025442 0.152652 0.010036
v 0.026637 0.152652 0.010036
v 0.025442 0.198656 0.010036
v 0.026637 0.198656 0.010036
v 0.025442 0.247652 0.010036
v 0.026637 0.247652 0.010036
v 0.022617 0.057652 0.002963
v 0.023811 0.057652 0.002963
v 0.022617 0.106648 0.002963
v 0.023811 0.106648 0.002963
v 0.022617 0.152652 0.002963
v 0.023811 0.152652 0.002963
v 0.022617 0.198656 0.002963
v 0.023811 0.198656 0.002963
v 0.022617 0.247652 0.002963
v 0.023811 0.247652 0.002963
v 0.060765 0.057652 0.007989
v 0.061960 0.057652 0.007989
v 0.060765 0.106648 0.007989
v 0.061960 0.106648 0.007989
v 0.060765 0.152652 0.007989
v 0.061960 0.152652 0.007989
v 0.060765 0.198656 0.007989
v 0.061960 0.198656 0.007989
v 0.060765 0.247652 0.007989
v 0.061960 0.247652 0.007989
v 0.002095 0.057652 0.004503
v 0.003289 0.057652 0.004503
v 0.002095 0.106648 0.004503
v 0.003289 0.106648 0.004503
v 0.002095 0.152652 0.004503
v 0.003289 0.152652 0.004503
v 0.002095 0.198656 0.004503
v 0.003289 0.198656 0.004503
v 0.002095 0.247652 0.004503
v 0.003289 0.247652 0.004503
v 0.011212 0.057652 0.004743
v 0.012407 0.057652 0.004743
v 0.011212 0.106648 0.004743
v 0.012407 0.106648 0.004743
v 0.011212 0.152652 0.004743
v 0.012407 0.152652 0.004743
v 0.011212 0.198656 0.004743
v 0.012407 0.198656 0.004743
v 0.011212 0.247652 0.004743
v 0.012407 0.247652 0.004743
v 0.029995 0.057652 0.010556
v 0.031190 0.057652 0.010556
v 0.029995 0.106648 0.010556
v 0.031190 0.106648 0.010556
v 0.029995 0.152652 0.010556
v 0.031190 0.152652 0.010556
v 0.029995 0.198656 0.010556
v 0.031190 0.198656 0.010556
v 0.029995 0.247652 0.010556
v 0.031190 0.247652 0.010556
v 0.034554 0.057652 0.009904
v 0.035748 0.057652 0.009904
v 0.034554 0.106648 0.009904
v 0.035748 0.106648 0.009904
v 0.034554 0.152652 0.009904
v 0.035748 0.152652 0.009904
v 0.034554 0.198656 0.009904
v 0.035748 0.198656 0.009904
v 0.034554 0.247652 0.009904
v 0.035748 0.247652 0.009904
v 0.044258 0.057652 0.006173
v 0.045452 0.057652 0.006173
v 0.044258 0.106648 0.006173
v 0.045452 0.106648 0.006173
v 0.044258 0.152652 0.006173
v 0.045452 0.152652 0.006173
v 0.044258 0.198656 0.006173
v 0.045452 0.198656 0.006173
v 0.044258 0.247652 0.006173
v 0.045452 0.247652 0.006173
v 0.027174 0.057652 0.003472
v 0.028369 0.057652 0.003472
v 0.027174 0.106648 0.003472
v 0.028369 0.106648 0.003472
v 0.027174 0.152652 0.003472
v 0.028369 0.152652 0.003472
v 0.027174 0.198656 0.003472
v 0.028369 0.198656 0.003472
v 0.027174 0.247652 0.003472
v 0.028369 0.247652 0.003472
v 0.045944 0.057652 0.009639
v 0.047139 0.057652 0.009639
v 0.045944 0.106648 0.009639
v 0.047139 0.106648 0.009639
v 0.045944 0.152652 0.009639
v 0.047139 0.152652 0.009639
v 0.045944 0.198656 0.009639
v 0.047139 0.198656 0.009639
v 0.045944 0.247652 0.009639
v 0.047139 0.247652 0.009639
v 0.036834 0.057652 0.009382
v 0.038029 0.057652 0.009382
v 0.036834 0.106648 0.009382
v 0.038029 0.106648 0.009382
v 0.036834 0.152652 0.009382
v 0.038029 0.152652 0.009382
v 0.036834 0.198656 0.009382
v 0.038029 0.198656 0.009382
v 0.036834 0.247652 0.009382
v 0.038029 0.247652 0.009382
v 0.054536 0.057652 0.003203
v 0.055731 0.057652 0.003203
v 0.054536 0.106648 0.003203
v 0.055731 0.106648 0.003203
v 0.054536 0.152652 0.003203
v 0.055731 0.152652 0.003203
v 0.054536 0.198656 0.003203
v 0.055731 0.198656 0.003203
v 0.054536 0.247652 0.003203
v 0.055731 0.247652 0.003203
v 0.003803 0.057652 0.007142
v 0.004998 0.057652 0.007142
v 0.003803 0.106648 0.007142
v 0.004998 0.106648 0.007142
v 0.003803 0.152652 0.007142
v 0.004998 0.152652 0.007142
v 0.003803 0.198656 0.007142
v 0.004998 0.198656 0.007142
v 0.003803 0.247652 0.007142
v 0.004998 0.247652 0.007142
v 0.059098 0.057652 0.002929
v 0.060293 0.057652 0.002929
v 0.059098 0.106648 0.002929
v 0.060293 0.106648 0.002929
v 0.059098 0.152652 0.002929
v 0.060293 0.152652 0.002929
v 0.059098 0.198656 0.002929
v 0.060293 0.198656 0.002929
v 0.059098 0.247652 0.002929
v 0.060293 0.247652 0.002929
v 0.006082 0.057652 0.008171
v 0.007276 0.057652 0.008171
v 0.006082 0.106648 0.008171
v 0.007276 0.106648 0.008171
v 0.006082 0.152652 0.008171
v 0.007276 0.152652 0.008171
v 0.006082 0.198656 0.008171
v 0.007276 0.198656 0.008171
v 0.006082 0.247652 0.008171
v 0.007276 0.247652 0.008171
v 0.065924 0.057652 0.004490
v 0.067119 0.057652 0.004490
v 0.065924 0.106648 0.004490
v 0.067119 0.106648 0.004490
v 0.065924 0.152652 0.004490
v 0.067119 0.152652 0.004490
v 0.065924 0.198656 0.004490
v 0.067119 0.198656 0.004490
v 0.065924 0.247652 0.004490
v 0.067119 0.247652 0.004490
v 0.012349 0.057652 0.006808
v 0.013544 0.057652 0.006808
v 0.012349 0.106648 0.006808
v 0.013544 0.106648 0.006808
v 0.012349 0.152652 0.006808
v 0.013544 0.152652 0.006808
v 0.012349 0.198656 0.006808
v 0.013544 0.198656 0.006808
v 0.012349 0.247652 0.006808
v 0.013544 0.247652 0.006808
v 0.026590 0.057652 0.007437
v 0.027785 0.057652 0.007437
v 0.026590 0.106648 0.007437
v 0.027785 0.106648 0.007437
v 0.026590 0.152652 0.007437
v 0.027785 0.152652 0.007437
v 0.026590 0.198656 0.007437
v 0.027785 0.198656 0.007437
v 0.026590 0.247652 0.007437
v 0.027785 0.247652 0.007437
v 0.052252 0.057652 0.003733
v 0.053447 0.057652 0.003733
v 0.052252 0.106648 0.003733
v 0.053447 0.106648 0.003733
v 0.052252 0.152652 0.003733
v 0.053447 0.152652 0.003733
v 0.052252 0.198656 0.003733
v 0.053447 0.198656 0.003733
v 0.052252 0.247652 0.003733
v 0.053447 0.247652 0.003733
v 0.015196 0.057652 0.007709
v 0.016391 0.057652 0.007709
v 0.015196 0.106648 0.007709
v 0.016391 0.106648 0.007709
v 0.015196 0.152652 0.007709
v 0.016391 0.152652 0.007709
v 0.015196 0.198656 0.007709
v 0.016391 0.198656 0.007709
v 0.015196 0.247652 0.007709
v 0.016391 0.247652 0.007709
v 0.024310 0.057652 0.007959
v 0.025505 0.057652 0.007959
v 0.024310 0.106648 0.007959
v 0.025505 0.106648 0.007959
v 0.024310 0.152652 0.007959
v 0.025505 0.152652 0.007959
v 0.024310 0.198656 0.007959
v 0.025505 0.198656 0.007959
v 0.024310 0.247652 0.007959
v 0.025505 0.247652 0.007959
v 0.049923 0.057652 0.010881
v 0.051117 0.057652 0.010881
v 0.049923 0.106648 0.010881
v 0.051117 0.106648 0.010881
v 0.049923 0.152652 0.010881
v 0.051117 0.152652 0.010881
v 0.049923 0.198656 0.010881
v 0.051117 0.198656 0.010881
v 0.049923 0.247652 0.010881
v 0.051117 0.247652 0.010881
v 0.019752 0.057652 0.008222
v 0.020947 0.057652 0.008222
v 0.019752 0.106648 0.008222
v 0.020947 0.106648 0.008222
v 0.019752 0.152652 0.008222
v 0.020947 0.152652 0.008222
v 0.019752 0.198656 0.008222
v 0.020947 0.198656 0.008222
v 0.019752 0.247652 0.008222
v 0.020947 0.247652 0.008222
v 0.032868 0.057652 0.004890
v 0.034063 0.057652 0.004890
v 0.032868 0.106648 0.004890
v 0.034063 0.106648 0.004890
v 0.032868 0.152652 0.004890
v 0.034063 0.152652 0.004890
v 0.032868 0.198656 0.004890
v 0.034063 0.198656 0.004890
v 0.032868 0.247652 0.004890
v 0.034063 0.247652 0.004890
v 0.041391 0.057652 0.009118
v 0.042586 0.057652 0.009118
v 0.041391 0.106648 0.009118
v 0.042586 0.106648 0.009118
v 0.041391 0.152652 0.009118
v 0.042586 0.152652 0.009118
v 0.041391 0.198656 0.009118
v 0.042586 0.198656 0.009118
v 0.041391 0.247652 0.009118
v 0.042586 0.247652 0.009118
v 0.021466 0.057652 0.006341
v 0.022661 0.057652 0.006341
v 0.021466 0.106648 0.006341
v 0.022661 0.106648 0.006341
v 0.021466 0.152652 0.006341
v 0.022661 0.152652 0.006341
v 0.021466 0.198656 0.006341
v 0.022661 0.198656 0.006341
v 0.021466 0.247652 0.006341
v 0.022661 0.247652 0.006341
v 0.029450 0.057652 0.004507
v 0.030645 0.057652 0.004507
v 0.029450 0.106648 0.004507
v 0.030645 0.106648 0.004507
v 0.029450 0.152652 0.004507
v 0.030645 0.152652 0.004507
v 0.029450 0.198656 0.004507
v 0.030645 0.198656 0.004507
v 0.029450 0.247652 0.004507
v 0.030645 0.247652 0.004507
v 0.028306 0.057652 0.005550
v 0.029501 0.057652 0.005550
v 0.028306 0.106648 0.005550
v 0.029501 0.106648 0.005550
v 0.028306 0.152652 0.005550
v 0.029501 0.152652 0.005550
v 0.028306 0.198656 0.005550
v 0.029501 0.198656 0.005550
v 0.028306 0.247652 0.005550
v 0.029501 0.247652 0.005550
v 0.039698 0.057652 0.006442
v 0.040893 0.057652 0.006442
v 0.039698 0.106648 0.006442
v 0.040893 0.106648 0.006442
v 0.039698 0.152652 0.006442
v 0.040893 0.152652 0.006442
v 0.039698 0.198656 0.006442
v 0.040893 0.198656 0.006442
v 0.039698 0.247652 0.006442
v 0.040893 0.247652 0.006442
v 0.061886 0.057652 0.010093
v 0.063081 0.057652 0.010093
v 0.061886 0.106648 0.010093
v 0.063081 0.106648 0.010093
v 0.061886 0.152652 0.010093
v 0.063081 0.152652 0.010093
v 0.061886 0.198656 0.010093
v 0.063081 0.198656 0.010093
v 0.061886 0.247652 0.010093
v 0.063081 0.247652 0.010093
v 0.016909 0.057652 0.005831
v 0.018104 0.057652 0.005831
v 0.016909 0.106648 0.005831
v 0.018104 0.106648 0.005831
v 0.016909 0.152652 0.005831
v 0.018104 0.152652 0.005831
v 0.016909 0.198656 0.005831
v 0.018104 0.198656 0.005831
v 0.016909 0.247652 0.005831
v 0.018104 0.247652 0.005831
v 0.057931 0.057652 0.006347
v 0.059125 0.057652 0.006347
v 0.057931 0.106648 0.006347
v 0.059125 0.106648 0.006347
v 0.057931 0.152652 0.006347
v 0.059125 0.152652 0.006347
v 0.057931 0.198656 0.006347
v 0.059125 0.198656 0.006347
v 0.057931 0.247652 0.006347
v 0.059125 0.247652 0.006347
v 0.037424 0.057652 0.005402
v 0.038619 0.057652 0.005402
v 0.037424 0.106648 0.005402
v 0.038619 0.106648 0.005402
v 0.037424 0.152652 0.005402
v 0.038619 0.152652 0.005402
v 0.037424 0.198656 0.005402
v 0.038619 0.198656 0.005402
v 0.037424 0.247652 0.005402
v 0.038619 0.247652 0.005402
v 0.035142 0.057652 0.005928
v 0.036337 0.057652 0.005928
v 0.035142 0.106648 0.005928
v 0.036337 0.106648 0.005928
v 0.035142 0.152652 0.005928
v 0.036337 0.152652 0.005928
v 0.035142 0.198656 0.005928
v 0.036337 0.198656 0.005928
v 0.035142 0.247652 0.005928
v 0.036337 0.247652 0.005928
v 0.016331 0.057652 0.009779
v 0.017526 0.057652 0.009779
v 0.016331 0.106648 0.009779
v 0.017526 0.106648 0.009779
v 0.016331 0.152652 0.009779
v 0.017526 0.152652 0.009779
v 0.016331 0.198656 0.009779
v 0.017526 0.198656 0.009779
v 0.016331 0.247652 0.009779
v 0.017526 0.247652 0.009779
v 0.022034 0.057652 0.006924
v 0.023229 0.057652 0.006924
v 0.022034 0.106648 0.006924
v 0.023229 0.106648 0.006924
v 0.022034 0.152652 0.006924
v 0.023229 0.152652 0.006924
v 0.022034 0.198656 0.006924
v 0.023229 0.198656 0.006924
v 0.022034 0.247652 0.006924
v 0.023229 0.247652 0.006924
v 0.045414 0.057652 0.003554
v 0.046609 0.057652 0.003554
v 0.045414 0.106648 0.003554
v 0.046609 0.106648 0.003554
v 0.045414 0.152652 0.003554
v 0.046609 0.152652 0.003554
v 0.045414 0.198656 0.003554
v 0.046609 0.198656 0.003554
v 0.045414 0.247652 0.003554
v 0.046609 0.247652 0.003554
v 0.047090 0.057652 0.008592
v 0.048285 0.057652 0.008592
v 0.047090 0.106648 0.008592
v 0.048285 0.106648 0.008592
v 0.047090 0.152652 0.008592
v 0.048285 0.152652 0.008592
v 0.047090 0.198656 0.008592
v 0.048285 0.198656 0.008592
v 0.047090 0.247652 0.008592
v 0.048285 0.247652 0.008592
v 0.047687 0.057652 0.004595
v 0.048882 0.057652 0.004595
v 0.047687 0.106648 0.004595
v 0.048882 0.106648 0.004595
v 0.047687 0.152652 0.004595
v 0.048882 0.152652 0.004595
v 0.047687 0.198656 0.004595
v 0.048882 0.198656 0.004595
v 0.047687 0.247652 0.004595
v 0.048882 0.247652 0.004595
v 0.055660 0.057652 0.005300
v 0.056855 0.057652 0.005300
v 0.055660 0.106648 0.005300
v 0.056855 0.106648 0.005300
v 0.055660 0.152652 0.005300
v 0.056855 0.152652 0.005300
v 0.055660 0.198656 0.005300
v 0.056855 0.198656 0.005300
v 0.055660 0.247652 0.005300
v 0.056855 0.247652 0.005300
v 0.014055 0.057652 0.008745
v 0.015250 0.057652 0.008745
v 0.014055 0.106648 0.008745
v 0.015250 0.106648 0.008745
v 0.014055 0.152652 0.008745
v 0.015250 0.152652 0.008745
v 0.014055 0.198656 0.008745
v 0.015250 0.198656 0.008745
v 0.014055 0.247652 0.008745
v 0.015250 0.247652 0.008745
v 0.068731 0.057652 0.008903
v 0.069926 0.057652 0.008903
v 0.068731 0.106648 0.008903
v 0.069926 0.106648 0.008903
v 0.068731 0.152652 0.008903
v 0.069926 0.152652 0.008903
v 0.068731 0.198656 0.008903
v 0.069926 0.198656 0.008903
v 0.068731 0.247652 0.008903
v 0.069926 0.247652 0.008903
v 0.014631 0.057652 0.004800
v 0.015826 0.057652 0.004800
v 0.014631 0.106648 0.004800
v 0.015826 0.106648 0.004800
v 0.014631 0.152652 0.004800
v 0.015826 0.152652 0.004800
v 0.014631 0.198656 0.004800
v 0.015826 0.198656 0.004800
v 0.014631 0.247652 0.004800
v 0.015826 0.247652 0.004800
v 0.033424 0.057652 0.007820
v 0.034619 0.057652 0.007820
v 0.033424 0.106648 0.007820
v 0.034619 0.106648 0.007820
v 0.033424 0.152652 0.007820
v 0.034619 0.152652 0.007820
v 0.033424 0.198656 0.007820
v 0.034619 0.198656 0.007820
v 0.033424 0.247652 0.007820
v 0.034619 0.247652 0.007820
v 0.051653 0.057652 0.007735
v 0.052848 0.057652 0.007735
v 0.051653 0.106648 0.007735
v 0.052848 0.106648 0.007735
v 0.051653 0.152652 0.007735
v 0.052848 0.152652 0.007735
v 0.051653 0.198656 0.007735
v 0.052848 0.198656 0.007735
v 0.051653 0.247652 0.007735
v 0.052848 0.247652 0.007735
v 0.041985 0.057652 0.005131
v 0.043180 0.057652 0.005131
v 0.041985 0.106648 0.005131
v 0.043180 0.106648 0.005131
v 0.041985 0.152652 0.005131
v 0.043180 0.152652 0.005131
v 0.041985 0.198656 0.005131
v 0.043180 0.198656 0.005131
v 0.041985 0.247652 0.005131
v 0.043180 0.247652 0.005131
v 0.055058 0.057652 0.009308
v 0.056253 0.057652 0.009308
v 0.055058 0.106648 0.009308
v 0.056253 0.106648 0.009308
v 0.055058 0.152652 0.009308
v 0.056253 0.152652 0.009308
v 0.055058 0.198656 0.009308
v 0.056253 0.198656 0.009308
v 0.055058 0.247652 0.009308
v 0.056253 0.247652 0.009308
v 0.009498 0.057652 0.009717
v 0.010692 0.057652 0.009717
v 0.009498 0.106648 0.009717
v 0.010692 0.106648 0.009717
v 0.009498 0.152652 0.009717
v 0.010692 0.152652 0.009717
v 0.009498 0.198656 0.009717
v 0.010692 0.198656 0.009717
v 0.009498 0.247652 0.009717
v 0.010692 0.247652 0.009717
v 0.072803 0.057652 0.005931
v 0.071608 0.057652 0.005931
v 0.072803 0.106648 0.005931
v 0.071608 0.106648 0.005931
v 0.072803 0.152652 0.005931
v 0.071608 0.152652 0.005931
v 0.072803 0.198656 0.005931
v 0.071608 0.198656 0.005931
v 0.072803 0.247652 0.005931
v 0.071608 0.247652 0.005931
v 0.048216 0.057652 0.010685
v 0.049410 0.057652 0.010685
v 0.048216 0.106648 0.010685
v 0.049410 0.106648 0.010685
v 0.048216 0.152652 0.010685
v 0.049410 0.152652 0.010685
v 0.048216 0.198656 0.010685
v 0.049410 0.198656 0.010685
v 0.048216 0.247652 0.010685
v 0.049410 0.247652 0.010685
v 0.048812 0.057652 0.006690
v 0.050007 0.057652 0.006690
v 0.048812 0.106648 0.006690
v 0.050007 0.106648 0.006690
v 0.048812 0.152652 0.006690
v 0.050007 0.152652 0.006690
v 0.048812 0.198656 0.006690
v 0.050007 0.198656 0.006690
v 0.048812 0.247652 0.006690
v 0.050007 0.247652 0.006690
v 0.043131 0.057652 0.004083
v 0.044326 0.057652 0.004083
v 0.043131 0.106648 0.004083
v 0.044326 0.106648 0.004083
v 0.043131 0.152652 0.004083
v 0.044326 0.152652 0.004083
v 0.043131 0.198656 0.004083
v 0.044326 0.198656 0.004083
v 0.043131 0.247652 0.004083
v 0.044326 0.247652 0.004083
v 0.020885 0.057652 0.010297
v 0.022080 0.057652 0.010297
v 0.020885 0.106648 0.010297
v 0.022080 0.106648 0.010297
v 0.020885 0.152652 0.010297
v 0.022080 0.152652 0.010297
v 0.020885 0.198656 0.010297
v 0.022080 0.198656 0.010297
v 0.020885 0.247652 0.010297
v 0.022080 0.247652 0.010297
v 0.026025 0.057652 0.006074
v 0.027220 0.057652 0.006074
v 0.026025 0.106648 0.006074
v 0.027220 0.106648 0.006074
v 0.026025 0.152652 0.006074
v 0.027220 0.152652 0.006074
v 0.026025 0.198656 0.006074
v 0.027220 0.198656 0.006074
v 0.026025 0.247652 0.006074
v 0.027220 0.247652 0.006074
v 0.035705 0.057652 0.007296
v 0.036900 0.057652 0.007296
v 0.035705 0.106648 0.007296
v 0.036900 0.106648 0.007296
v 0.035705 0.152652 0.007296
v 0.036900 0.152652 0.007296
v 0.035705 0.198656 0.007296
v 0.036900 0.198656 0.007296
v 0.035705 0.247652 0.007296
v 0.036900 0.247652 0.007296
v 0.063654 0.057652 0.003442
v 0.064849 0.057652 0.003442
v 0.063654 0.106648 0.003442
v 0.064849 0.106648 0.003442
v 0.063654 0.152652 0.003442
v 0.064849 0.152652 0.003442
v 0.063654 0.198656 0.003442
v 0.064849 0.198656 0.003442
v 0.063654 0.247652 0.003442
v 0.064849 0.247652 0.003442
v 0.046540 0.057652 0.005645
v 0.047735 0.057652 0.005645
v 0.046540 0.106648 0.005645
v 0.047735 0.106648 0.005645
v 0.046540 0.152652 0.005645
v 0.047735 0.152652 0.005645
v 0.046540 0.198656 0.005645
v 0.047735 0.198656 0.005645
v 0.046540 0.247652 0.005645
v 0.047735 0.247652 0.005645
v 0.019189 0.057652 0.005308
v 0.020384 0.057652 0.005308
v 0.019189 0.106648 0.005308
v 0.020384 0.106648 0.005308
v 0.019189 0.152652 0.005308
v 0.020384 0.152652 0.005308
v 0.019189 0.198656 0.005308
v 0.020384 0.198656 0.005308
v 0.019189 0.247652 0.005308
v 0.020384 0.247652 0.005308
v 0.058495 0.057652 0.006939
v 0.059690 0.057652 0.006939
v 0.058495 0.106648 0.006939
v 0.059690 0.106648 0.006939
v 0.058495 0.152652 0.006939
v 0.059690 0.152652 0.006939
v 0.058495 0.198656 0.006939
v 0.059690 0.198656 0.006939
v 0.058495 0.247652 0.006939
v 0.059690 0.247652 0.006939
v 0.030581 0.057652 0.006586
v 0.031776 0.057652 0.006586
v 0.030581 0.106648 0.006586
v 0.031776 0.106648 0.006586
v 0.030581 0.152652 0.006586
v 0.031776 0.152652 0.006586
v 0.030581 0.198656 0.006586
v 0.031776 0.198656 0.006586
v 0.030581 0.247652 0.006586
v 0.031776 0.247652 0.006586
v 0.034013 0.057652 0.003845
v 0.035207 0.057652 0.003845
v 0.034013 0.106648 0.003845
v 0.035207 0.106648 0.003845
v 0.034013 0.152652 0.003845
v 0.035207 0.152652 0.003845
v 0.034013 0.198656 0.003845
v 0.035207 0.198656 0.003845
v 0.034013 0.247652 0.003845
v 0.035207 0.247652 0.003845
v 0.007219 0.057652 0.010235
v 0.008414 0.057652 0.010235
v 0.007219 0.106648 0.010235
v 0.008414 0.106648 0.010235
v 0.007219 0.152652 0.010235
v 0.008414 0.152652 0.010235
v 0.007219 0.198656 0.010235
v 0.008414 0.198656 0.010235
v 0.007219 0.247652 0.010235
v 0.008414 0.247652 0.010235
v 0.013481 0.057652 0.010817
v 0.014676 0.057652 0.010817
v 0.013481 0.106648 0.010817
v 0.014676 0.106648 0.010817
v 0.013481 0.152652 0.010817
v 0.014676 0.152652 0.010817
v 0.013481 0.198656 0.010817
v 0.014676 0.198656 0.010817
v 0.013481 0.247652 0.010817
v 0.014676 0.247652 0.010817
v 0.072165 0.057652 0.007316
v 0.073359 0.057652 0.007316
v 0.072165 0.106648 0.007316
v 0.073359 0.106648 0.007316
v 0.072165 0.152652 0.007316
v 0.073359 0.152652 0.007316
v 0.072165 0.198656 0.007316
v 0.073359 0.198656 0.007316
v 0.072165 0.247652 0.007316
v 0.073359 0.247652 0.007316
v 0.062491 0.057652 0.006077
v 0.063686 0.057652 0.006077
v 0.062491 0.106648 0.006077
v 0.063686 0.106648 0.006077
v 0.062491 0.152652 0.006077
v 0.063686 0.152652 0.006077
v 0.062491 0.198656 0.006077
v 0.063686 0.198656 0.006077
v 0.062491 0.247652 0.006077
v 0.063686 0.247652 0.006077
v 0.027722 0.057652 0.009515
v 0.028916 0.057652 0.009515
v 0.027722 0.106648 0.009515
v 0.028916 0.106648 0.009515
v 0.027722 0.152652 0.009515
v 0.028916 0.152652 0.009515
v 0.027722 0.198656 0.009515
v 0.028916 0.198656 0.009515
v 0.027722 0.247652 0.009515
v 0.028916 0.247652 0.009515
v 0.040264 0.057652 0.007029
v 0.041459 0.057652 0.007029
v 0.040264 0.106648 0.007029
v 0.041459 0.106648 0.007029
v 0.040264 0.152652 0.007029
v 0.041459 0.152652 0.007029
v 0.040264 0.198656 0.007029
v 0.041459 0.198656 0.007029
v 0.040264 0.247652 0.007029
v 0.041459 0.247652 0.007029
v 0.040857 0.057652 0.003044
v 0.042051 0.057652 0.003044
v 0.040857 0.106648 0.003044
v 0.042051 0.106648 0.003044
v 0.040857 0.152652 0.003044
v 0.042051 0.152652 0.003044
v 0.040857 0.198656 0.003044
v 0.042051 0.198656 0.003044
v 0.040857 0.247652 0.003044
v 0.042051 0.247652 0.003044
v 0.056206 0.057652 0.008256
v 0.057401 0.057652 0.008256
v 0.056206 0.106648 0.008256
v 0.057401 0.106648 0.008256
v 0.056206 0.152652 0.008256
v 0.057401 0.152652 0.008256
v 0.056206 0.198656 0.008256
v 0.057401 0.198656 0.008256
v 0.056206 0.247652 0.008256
v 0.057401 0.247652 0.008256
v 0.023749 0.057652 0.005040
v 0.024944 0.057652 0.005040
v 0.023749 0.106648 0.005040
v 0.024944 0.106648 0.005040
v 0.023749 0.152652 0.005040
v 0.024944 0.152652 0.005040
v 0.023749 0.198656 0.005040
v 0.024944 0.198656 0.005040
v 0.023749 0.247652 0.005040
v 0.024944 0.247652 0.005040
v 0.056808 0.057652 0.004246
v 0.058003 0.057652 0.004246
v 0.056808 0.106648 0.004246
v 0.058003 0.106648 0.004246
v 0.056808 0.152652 0.004246
v 0.058003 0.152652 0.004246
v 0.056808 0.198656 0.004246
v 0.058003 0.198656 0.004246
v 0.056808 0.247652 0.004246
v 0.058003 0.247652 0.004246
v 0.075594 0.057652 0.002459
v 0.076789 0.057652 0.002459
v 0.075594 0.106648 0.002459
v 0.076789 0.106648 0.002459
v 0.075594 0.152652 0.002459
v 0.076789 0.152652 0.002459
v 0.075594 0.198656 0.002459
v 0.076789 0.198656 0.002459
v 0.075594 0.247652 0.002459
v 0.076789 0.247652 0.002459
v 0.080094 0.057652 0.001541
v 0.081289 0.057652 0.001541
v 0.080094 0.106648 0.001541
v 0.081289 0.106648 0.001541
v 0.080094 0.152652 0.001541
v 0.081289 0.152652 0.001541
v 0.080094 0.198656 0.001541
v 0.081289 0.198656 0.001541
v 0.080094 0.247652 0.001541
v 0.081289 0.247652 0.001541
v 0.074560 0.057652 0.000071
v 0.073365 0.057652 0.000071
v 0.074560 0.106648 0.000071
v 0.073365 0.106648 0.000071
v 0.074560 0.152652 0.000071
v 0.073365 0.152652 0.000071
v 0.074560 0.198656 0.000071
v 0.073365 0.198656 0.000071
v 0.074560 0.247652 0.000071
v 0.073365 0.247652 0.000071
v 0.078036 0.057652 0.000829
v 0.079231 0.057652 0.000829
v 0.078036 0.106648 0.000829
v 0.079231 0.106648 0.000829
v 0.078036 0.152652 0.000829
v 0.079231 0.152652 0.000829
v 0.078036 0.198656 0.000829
v 0.079231 0.198656 0.000829
v 0.078036 0.247652 0.000829
v 0.079231 0.247652 0.000829
v 0.073412 0.057652 0.001812
v 0.074607 0.057652 0.001812
v 0.073412 0.106648 0.001812
v 0.074607 0.106648 0.001812
v 0.073412 0.152652 0.001812
v 0.074607 0.152652 0.001812
v 0.073412 0.198656 0.001812
v 0.074607 0.198656 0.001812
v 0.073412 0.247652 0.001812
v 0.074607 0.247652 0.001812
v 0.076471 0.057652 0.002088
v 0.077666 0.057652 0.002088
v 0.076471 0.106648 0.002088
v 0.077666 0.106648 0.002088
v 0.076471 0.152652 0.002088
v 0.077666 0.152652 0.002088
v 0.076471 0.198656 0.002088
v 0.077666 0.198656 0.002088
v 0.076471 0.247652 0.002088
v 0.077666 0.247652 0.002088
v 0.077722 0.057652 0.001652
v 0.078917 0.057652 0.001652
v 0.077722 0.106648 0.001652
v 0.078917 0.106648 0.001652
v 0.077722 0.152652 0.001652
v 0.078917 0.152652 0.001652
v 0.077722 0.198656 0.001652
v 0.078917 0.198656 0.001652
v 0.077722 0.247652 0.001652
v 0.078917 0.247652 0.001652
v 0.073095 0.057652 0.002422
v 0.074289 0.057652 0.002422
v 0.073095 0.106648 0.002422
v 0.074289 0.106648 0.002422
v 0.073095 0.152652 0.002422
v 0.074289 0.152652 0.002422
v 0.073095 0.198656 0.002422
v 0.074289 0.198656 0.002422
v 0.073095 0.247652 0.002422
v 0.074289 0.247652 0.002422
v 0.077788 0.057652 0.000266
v 0.078983 0.057652 0.000266
v 0.077788 0.106648 0.000266
v 0.078983 0.106648 0.000266
v 0.077788 0.152652 0.000266
v 0.078983 0.152652 0.000266
v 0.077788 0.198656 0.000266
v 0.078983 0.198656 0.000266
v 0.077788 0.247652 0.000266
v 0.078983 0.247652 0.000266
v 0.079657 0.057652 0.002644
v 0.080852 0.057652 0.002644
v 0.079657 0.106648 0.002644
v 0.080852 0.106648 0.002644
v 0.079657 0.152652 0.002644
v 0.080852 0.152652 0.002644
v 0.079657 0.198656 0.002644
v 0.080852 0.198656 0.002644
v 0.079657 0.247652 0.002644
v 0.080852 0.247652 0.002644
v -0.072386 0.057652 -0.003257
v -0.073581 0.057652 -0.003257
v -0.072386 0.106648 -0.003257
v -0.073581 0.106648 -0.003257
v -0.072386 0.152652 -0.003257
v -0.073581 0.152652 -0.003257
v -0.072386 0.198656 -0.003257
v -0.073581 0.198656 -0.003257
v -0.072386 0.247652 -0.003257
v -0.073581 0.247652 -0.003257
v -0.073000 0.057652 -0.004480
v -0.074194 0.057652 -0.004480
v -0.073000 0.106648 -0.004480
v -0.074194 0.106648 -0.004480
v -0.073000 0.152652 -0.004480
v -0.074194 0.152652 -0.004480
v -0.073000 0.198656 -0.004480
v -0.074194 0.198656 -0.004480
v -0.073000 0.247652 -0.004480
v -0.074194 0.247652 -0.004480
v -0.074840 0.057652 -0.002957
v -0.076035 0.057652 -0.002957
v -0.074840 0.106648 -0.002957
v -0.076035 0.106648 -0.002957
v -0.074840 0.152652 -0.002957
v -0.076035 0.152652 -0.002957
v -0.074840 0.198656 -0.002957
v -0.076035 0.198656 -0.002957
v -0.074840 0.247652 -0.002957
v -0.076035 0.247652 -0.002957
v -0.078848 0.057652 -0.003013
v -0.077653 0.057652 -0.003013
v -0.078848 0.106648 -0.003013
v -0.077653 0.106648 -0.003013
v -0.078848 0.152652 -0.003013
v -0.077653 0.152652 -0.003013
v -0.078848 0.198656 -0.003013
v -0.077653 0.198656 -0.003013
v -0.078848 0.247652 -0.003013
v -0.077653 0.247652 -0.003013
v -0.072841 0.057652 -0.002833
v -0.074036 0.057652 -0.002833
v -0.072841 0.106648 -0.002833
v -0.074036 0.106648 -0.002833
v -0.072841 0.152652 -0.002833
v -0.074036 0.152652 -0.002833
v -0.072841 0.198656 -0.002833
v -0.074036 0.198656 -0.002833
v -0.072841 0.247652 -0.002833
v -0.074036 0.247652 -0.002833
v -0.073736 0.057652 -0.007214
v -0.074930 0.057652 -0.007214
v -0.073736 0.106648 -0.007214
v -0.074930 0.106648 -0.007214
v -0.073736 0.152652 -0.007214
v -0.074930 0.152652 -0.007214
v -0.073736 0.198656 -0.007214
v -0.074930 0.198656 -0.007214
v -0.073736 0.247652 -0.007214
v -0.074930 0.247652 -0.007214
v -0.079595 0.057652 -0.003398
v -0.078400 0.057652 -0.003398
v -0.079595 0.106648 -0.003398
v -0.078400 0.106648 -0.003398
v -0.079595 0.152652 -0.003398
v -0.078400 0.152652 -0.003398
v -0.079595 0.198656 -0.003398
v -0.078400 0.198656 -0.003398
v -0.079595 0.247652 -0.003398
v -0.078400 0.247652 -0.003398
v -0.010845 0.057652 -0.002665
v -0.012039 0.057652 -0.002665
v -0.010845 0.106648 -0.002665
v -0.012039 0.106648 -0.002665
v -0.010845 0.152652 -0.002665
v -0.012039 0.152652 -0.002665
v -0.010845 0.198656 -0.002665
v -0.012039 0.198656 -0.002665
v -0.010845 0.247652 -0.002665
v -0.012039 0.247652 -0.002665
v -0.024855 0.057652 -0.002493
v -0.026049 0.057652 -0.002493
v -0.024855 0.106648 -0.002493
v -0.026049 0.106648 -0.002493
v -0.024855 0.152652 -0.002493
v -0.026049 0.152652 -0.002493
v -0.024855 0.198656 -0.002493
v -0.026049 0.198656 -0.002493
v -0.024855 0.247652 -0.002493
v -0.026049 0.247652 -0.002493
v -0.033037 0.057652 -0.000210
v -0.034231 0.057652 -0.000210
v -0.033037 0.106648 -0.000210
v -0.034231 0.106648 -0.000210
v -0.033037 0.152652 -0.000210
v -0.034231 0.152652 -0.000210
v -0.033037 0.198656 -0.000210
v -0.034231 0.198656 -0.000210
v -0.033037 0.247652 -0.000210
v -0.034231 0.247652 -0.000210
v -0.023694 0.057652 -0.000302
v -0.024888 0.057652 -0.000302
v -0.023694 0.106648 -0.000302
v -0.024888 0.106648 -0.000302
v -0.023694 0.152652 -0.000302
v -0.024888 0.152652 -0.000302
v -0.023694 0.198656 -0.000302
v -0.024888 0.198656 -0.000302
v -0.023694 0.247652 -0.000302
v -0.024888 0.247652 -0.000302
v -0.051123 0.057652 -0.002406
v -0.052317 0.057652 -0.002406
v -0.051123 0.106648 -0.002406
v -0.052317 0.106648 -0.002406
v -0.051123 0.152652 -0.002406
v -0.052317 0.152652 -0.002406
v -0.051123 0.198656 -0.002406
v -0.052317 0.198656 -0.002406
v -0.051123 0.247652 -0.002406
v -0.052317 0.247652 -0.002406
v -0.054640 0.057652 -0.000496
v -0.055834 0.057652 -0.000496
v -0.054640 0.106648 -0.000496
v -0.055834 0.106648 -0.000496
v -0.054640 0.152652 -0.000496
v -0.055834 0.152652 -0.000496
v -0.054640 0.198656 -0.000496
v -0.055834 0.198656 -0.000496
v -0.054640 0.247652 -0.000496
v -0.055834 0.247652 -0.000496
v -0.026028 0.057652 -0.000757
v -0.027222 0.057652 -0.000757
v -0.026028 0.106648 -0.000757
v -0.027222 0.106648 -0.000757
v -0.026028 0.152652 -0.000757
v -0.027222 0.152652 -0.000757
v -0.026028 0.198656 -0.000757
v -0.027222 0.198656 -0.000757
v -0.026028 0.247652 -0.000757
v -0.027222 0.247652 -0.000757
v -0.064560 0.057652 -0.001104
v -0.065755 0.057652 -0.001104
v -0.064560 0.106648 -0.001104
v -0.065755 0.106648 -0.001104
v -0.064560 0.152652 -0.001104
v -0.065755 0.152652 -0.001104
v -0.064560 0.198656 -0.001104
v -0.065755 0.198656 -0.001104
v -0.064560 0.247652 -0.001104
v -0.065755 0.247652 -0.001104
v -0.006759 0.057652 -0.002304
v -0.007954 0.057652 -0.002304
v -0.006759 0.106648 -0.002304
v -0.007954 0.106648 -0.002304
v -0.006759 0.152652 -0.002304
v -0.007954 0.152652 -0.002304
v -0.006759 0.198656 -0.002304
v -0.007954 0.198656 -0.002304
v -0.006759 0.247652 -0.002304
v -0.007954 0.247652 -0.002304
v -0.066894 0.057652 -0.001276
v -0.068089 0.057652 -0.001276
v -0.066894 0.106648 -0.001276
v -0.068089 0.106648 -0.001276
v -0.066894 0.152652 -0.001276
v -0.068089 0.152652 -0.001276
v -0.066894 0.198656 -0.001276
v -0.068089 0.198656 -0.001276
v -0.066894 0.247652 -0.001276
v -0.068089 0.247652 -0.001276
v -0.003256 0.057652 -0.001472
v -0.004451 0.057652 -0.001472
v -0.003256 0.106648 -0.001472
v -0.004451 0.106648 -0.001472
v -0.003256 0.152652 -0.001472
v -0.004451 0.152652 -0.001472
v -0.003256 0.198656 -0.001472
v -0.004451 0.198656 -0.001472
v -0.003256 0.247652 -0.001472
v -0.004451 0.247652 -0.001472
v -0.059312 0.057652 -0.000317
v -0.060507 0.057652 -0.000317
v -0.059312 0.106648 -0.000317
v -0.060507 0.106648 -0.000317
v -0.059312 0.152652 -0.000317
v -0.060507 0.152652 -0.000317
v -0.059312 0.198656 -0.000317
v -0.060507 0.198656 -0.000317
v -0.059312 0.247652 -0.000317
v -0.060507 0.247652 -0.000317
v -0.002089 0.057652 -0.002220
v -0.003283 0.057652 -0.002220
v -0.002089 0.106648 -0.002220
v -0.003283 0.106648 -0.002220
v -0.002089 0.152652 -0.002220
v -0.003283 0.152652 -0.002220
v -0.002089 0.198656 -0.002220
v -0.003283 0.198656 -0.002220
v -0.002089 0.247652 -0.002220
v -0.003283 0.247652 -0.002220
v -0.068655 0.057652 -0.000226
v -0.069850 0.057652 -0.000226
v -0.068655 0.106648 -0.000226
v -0.069850 0.106648 -0.000226
v -0.068655 0.152652 -0.000226
v -0.069850 0.152652 -0.000226
v -0.068655 0.198656 -0.000226
v -0.069850 0.198656 -0.000226
v -0.068655 0.247652 -0.000226
v -0.069850 0.247652 -0.000226
v -0.052880 0.057652 -0.001560
v -0.054075 0.057652 -0.001560
v -0.052880 0.106648 -0.001560
v -0.054075 0.106648 -0.001560
v -0.052880 0.152652 -0.001560
v -0.054075 0.152652 -0.001560
v -0.052880 0.198656 -0.001560
v -0.054075 0.198656 -0.001560
v -0.052880 0.247652 -0.001560
v -0.054075 0.247652 -0.001560
v -0.017855 0.057652 -0.000120
v -0.019050 0.057652 -0.000120
v -0.017855 0.106648 -0.000120
v -0.019050 0.106648 -0.000120
v -0.017855 0.152652 -0.000120
v -0.019050 0.152652 -0.000120
v -0.017855 0.198656 -0.000120
v -0.019050 0.198656 -0.000120
v -0.017855 0.247652 -0.000120
v -0.019050 0.247652 -0.000120
v -0.011429 0.057652 -0.002109
v -0.012624 0.057652 -0.002109
v -0.011429 0.106648 -0.002109
v -0.012624 0.106648 -0.002109
v -0.011429 0.152652 -0.002109
v -0.012624 0.152652 -0.002109
v -0.011429 0.198656 -0.002109
v -0.012624 0.198656 -0.002109
v -0.011429 0.247652 -0.002109
v -0.012624 0.247652 -0.002109
v -0.061644 0.057652 -0.000756
v -0.062839 0.057652 -0.000756
v -0.061644 0.106648 -0.000756
v -0.062839 0.106648 -0.000756
v -0.061644 0.152652 -0.000756
v -0.062839 0.152652 -0.000756
v -0.061644 0.198656 -0.000756
v -0.062839 0.198656 -0.000756
v -0.061644 0.247652 -0.000756
v -0.062839 0.247652 -0.000756
v -0.062818 0.057652 -0.000051
v -0.064012 0.057652 -0.000051
v -0.062818 0.106648 -0.000051
v -0.064012 0.106648 -0.000051
v -0.062818 0.152652 -0.000051
v -0.064012 0.152652 -0.000051
v -0.062818 0.198656 -0.000051
v -0.064012 0.198656 -0.000051
v -0.062818 0.247652 -0.000051
v -0.064012 0.247652 -0.000051
v -0.045877 0.057652 -0.001169
v -0.047072 0.057652 -0.001169
v -0.045877 0.106648 -0.001169
v -0.047072 0.106648 -0.001169
v -0.045877 0.152652 -0.001169
v -0.047072 0.152652 -0.001169
v -0.045877 0.198656 -0.001169
v -0.047072 0.198656 -0.001169
v -0.045877 0.247652 -0.001169
v -0.047072 0.247652 -0.001169
v -0.041207 0.057652 -0.001084
v -0.042401 0.057652 -0.001084
v -0.041207 0.106648 -0.001084
v -0.042401 0.106648 -0.001084
v -0.041207 0.152652 -0.001084
v -0.042401 0.152652 -0.001084
v -0.041207 0.198656 -0.001084
v -0.042401 0.198656 -0.001084
v -0.041207 0.247652 -0.001084
v -0.042401 0.247652 -0.001084
v -0.020184 0.057652 -0.002687
v -0.021379 0.057652 -0.002687
v -0.020184 0.106648 -0.002687
v -0.021379 0.106648 -0.002687
v -0.020184 0.152652 -0.002687
v -0.021379 0.152652 -0.002687
v -0.020184 0.198656 -0.002687
v -0.021379 0.198656 -0.002687
v -0.020184 0.247652 -0.002687
v -0.021379 0.247652 -0.002687
v -0.044132 0.057652 -0.000096
v -0.045326 0.057652 -0.000096
v -0.044132 0.106648 -0.000096
v -0.045326 0.106648 -0.000096
v -0.044132 0.152652 -0.000096
v -0.045326 0.152652 -0.000096
v -0.044132 0.198656 -0.000096
v -0.045326 0.198656 -0.000096
v -0.044132 0.247652 -0.000096
v -0.045326 0.247652 -0.000096
v -0.056379 0.057652 -0.002084
v -0.057573 0.057652 -0.002084
v -0.056379 0.106648 -0.002084
v -0.057573 0.106648 -0.002084
v -0.056379 0.152652 -0.002084
v -0.057573 0.152652 -0.002084
v -0.056379 0.198656 -0.002084
v -0.057573 0.198656 -0.002084
v -0.056379 0.247652 -0.002084
v -0.057573 0.247652 -0.002084
v -0.019022 0.057652 -0.000486
v -0.020216 0.057652 -0.000486
v -0.019022 0.106648 -0.000486
v -0.020216 0.106648 -0.000486
v -0.019022 0.152652 -0.000486
v -0.020216 0.152652 -0.000486
v -0.019022 0.198656 -0.000486
v -0.020216 0.198656 -0.000486
v -0.019022 0.247652 -0.000486
v -0.020216 0.247652 -0.000486
v -0.040627 0.057652 -0.000366
v -0.041821 0.057652 -0.000366
v -0.040627 0.106648 -0.000366
v -0.041821 0.106648 -0.000366
v -0.040627 0.152652 -0.000366
v -0.041821 0.152652 -0.000366
v -0.040627 0.198656 -0.000366
v -0.041821 0.198656 -0.000366
v -0.040627 0.247652 -0.000366
v -0.041821 0.247652 -0.000366
v -0.009679 0.057652 -0.000443
v -0.010874 0.057652 -0.000443
v -0.009679 0.106648 -0.000443
v -0.010874 0.106648 -0.000443
v -0.009679 0.152652 -0.000443
v -0.010874 0.152652 -0.000443
v -0.009679 0.198656 -0.000443
v -0.010874 0.198656 -0.000443
v -0.009679 0.247652 -0.000443
v -0.010874 0.247652 -0.000443
v -0.054045 0.057652 -0.001911
v -0.055240 0.057652 -0.001911
v -0.054045 0.106648 -0.001911
v -0.055240 0.106648 -0.001911
v -0.054045 0.152652 -0.001911
v -0.055240 0.152652 -0.001911
v -0.054045 0.198656 -0.001911
v -0.055240 0.198656 -0.001911
v -0.054045 0.247652 -0.001911
v -0.055240 0.247652 -0.001911
v -0.058125 0.057652 -0.002788
v -0.059319 0.057652 -0.002788
v -0.058125 0.106648 -0.002788
v -0.059319 0.106648 -0.002788
v -0.058125 0.152652 -0.002788
v -0.059319 0.152652 -0.002788
v -0.058125 0.198656 -0.002788
v -0.059319 0.198656 -0.002788
v -0.058125 0.247652 -0.002788
v -0.059319 0.247652 -0.002788
v -0.001505 0.057652 -0.002780
v -0.002700 0.057652 -0.002780
v -0.001505 0.106648 -0.002780
v -0.002700 0.106648 -0.002780
v -0.001505 0.152652 -0.002780
v -0.002700 0.152652 -0.002780
v -0.001505 0.198656 -0.002780
v -0.002700 0.198656 -0.002780
v -0.001505 0.247652 -0.002780
v -0.002700 0.247652 -0.002780
v -0.031858 0.057652 -0.002747
v -0.033053 0.057652 -0.002747
v -0.031858 0.106648 -0.002747
v -0.033053 0.106648 -0.002747
v -0.031858 0.152652 -0.002747
v -0.033053 0.152652 -0.002747
v -0.031858 0.198656 -0.002747
v -0.033053 0.198656 -0.002747
v -0.031858 0.247652 -0.002747
v -0.033053 0.247652 -0.002747
v -0.016685 0.057652 -0.000854
v -0.017880 0.057652 -0.000854
v -0.016685 0.106648 -0.000854
v -0.017880 0.106648 -0.000854
v -0.016685 0.152652 -0.000854
v -0.017880 0.152652 -0.000854
v -0.016685 0.198656 -0.000854
v -0.017880 0.198656 -0.000854
v -0.016685 0.247652 -0.000854
v -0.017880 0.247652 -0.000854
v -0.048211 0.057652 -0.001344
v -0.049406 0.057652 -0.001344
v -0.048211 0.106648 -0.001344
v -0.049406 0.106648 -0.001344
v -0.048211 0.152652 -0.001344
v -0.049406 0.152652 -0.001344
v -0.048211 0.198656 -0.001344
v -0.049406 0.198656 -0.001344
v -0.048211 0.247652 -0.001344
v -0.049406 0.247652 -0.001344
v -0.038289 0.057652 -0.000727
v -0.039484 0.057652 -0.000727
v -0.038289 0.106648 -0.000727
v -0.039484 0.106648 -0.000727
v -0.038289 0.152652 -0.000727
v -0.039484 0.152652 -0.000727
v -0.038289 0.198656 -0.000727
v -0.039484 0.198656 -0.000727
v -0.038289 0.247652 -0.000727
v -0.039484 0.247652 -0.000727
v -0.069803 0.057652 -0.002319
v -0.070998 0.057652 -0.002319
v -0.069803 0.106648 -0.002319
v -0.070998 0.106648 -0.002319
v -0.069803 0.152652 -0.002319
v -0.070998 0.152652 -0.002319
v -0.069803 0.198656 -0.002319
v -0.070998 0.198656 -0.002319
v -0.069803 0.247652 -0.002319
v -0.070998 0.247652 -0.002319
v -0.041782 0.057652 -0.002518
v -0.042977 0.057652 -0.002518
v -0.041782 0.106648 -0.002518
v -0.042977 0.106648 -0.002518
v -0.041782 0.152652 -0.002518
v -0.042977 0.152652 -0.002518
v -0.041782 0.198656 -0.002518
v -0.042977 0.198656 -0.002518
v -0.041782 0.247652 -0.002518
v -0.042977 0.247652 -0.002518
v -0.063386 0.057652 -0.001807
v -0.064581 0.057652 -0.001807
v -0.063386 0.106648 -0.001807
v -0.064581 0.106648 -0.001807
v -0.063386 0.152652 -0.001807
v -0.064581 0.152652 -0.001807
v -0.063386 0.198656 -0.001807
v -0.064581 0.198656 -0.001807
v -0.063386 0.247652 -0.001807
v -0.064581 0.247652 -0.001807
v 0.000246 0.057652 -0.002037
v -0.000948 0.057652 -0.002037
v 0.000246 0.106648 -0.002037
v -0.000948 0.106648 -0.002037
v 0.000246 0.152652 -0.002037
v -0.000948 0.152652 -0.002037
v 0.000246 0.198656 -0.002037
v -0.000948 0.198656 -0.002037
v 0.000246 0.247652 -0.002037
v -0.000948 0.247652 -0.002037
v -0.045297 0.057652 -0.000455
v -0.046492 0.057652 -0.000455
v -0.045297 0.106648 -0.000455
v -0.046492 0.106648 -0.000455
v -0.045297 0.152652 -0.000455
v -0.046492 0.152652 -0.000455
v -0.045297 0.198656 -0.000455
v -0.046492 0.198656 -0.000455
v -0.045297 0.247652 -0.000455
v -0.046492 0.247652 -0.000455
v -0.013179 0.057652 -0.002842
v -0.014374 0.057652 -0.002842
v -0.013179 0.106648 -0.002842
v -0.014374 0.106648 -0.002842
v -0.013179 0.152652 -0.002842
v -0.014374 0.152652 -0.002842
v -0.013179 0.198656 -0.002842
v -0.014374 0.198656 -0.002842
v -0.013179 0.247652 -0.002842
v -0.014374 0.247652 -0.002842
v -0.015515 0.057652 -0.002470
v -0.016710 0.057652 -0.002470
v -0.015515 0.106648 -0.002470
v -0.016710 0.106648 -0.002470
v -0.015515 0.152652 -0.002470
v -0.016710 0.152652 -0.002470
v -0.015515 0.198656 -0.002470
v -0.016710 0.198656 -0.002470
v -0.015515 0.247652 -0.002470
v -0.016710 0.247652 -0.002470
v -0.068058 0.057652 -0.001624
v -0.069253 0.057652 -0.001624
v -0.068058 0.106648 -0.001624
v -0.069253 0.106648 -0.001624
v -0.068058 0.152652 -0.001624
v -0.069253 0.152652 -0.001624
v -0.068058 0.198656 -0.001624
v -0.069253 0.198656 -0.001624
v -0.068058 0.247652 -0.001624
v -0.069253 0.247652 -0.001624
v -0.062222 0.057652 -0.001458
v -0.063416 0.057652 -0.001458
v -0.062222 0.106648 -0.001458
v -0.063416 0.106648 -0.001458
v -0.062222 0.152652 -0.001458
v -0.063416 0.152652 -0.001458
v -0.062222 0.198656 -0.001458
v -0.063416 0.198656 -0.001458
v -0.062222 0.247652 -0.001458
v -0.063416 0.247652 -0.001458
v -0.028946 0.057652 -0.001119
v -0.030140 0.057652 -0.001119
v -0.028946 0.106648 -0.001119
v -0.030140 0.106648 -0.001119
v -0.028946 0.152652 -0.001119
v -0.030140 0.152652 -0.001119
v -0.028946 0.198656 -0.001119
v -0.030140 0.198656 -0.001119
v -0.028946 0.247652 -0.001119
v -0.030140 0.247652 -0.001119
v -0.004424 0.057652 -0.001843
v -0.005619 0.057652 -0.001843
v -0.004424 0.106648 -0.001843
v -0.005619 0.106648 -0.001843
v -0.004424 0.152652 -0.001843
v -0.005619 0.152652 -0.001843
v -0.004424 0.198656 -0.001843
v -0.005619 0.198656 -0.001843
v -0.004424 0.247652 -0.001843
v -0.005619 0.247652 -0.001843
v -0.059890 0.057652 -0.001022
v -0.061085 0.057652 -0.001022
v -0.059890 0.106648 -0.001022
v -0.061085 0.106648 -0.001022
v -0.059890 0.152652 -0.001022
v -0.061085 0.152652 -0.001022
v -0.059890 0.198656 -0.001022
v -0.061085 0.198656 -0.001022
v -0.059890 0.247652 -0.001022
v -0.061085 0.247652 -0.001022
v -0.057552 0.057652 -0.001376
v -0.058747 0.057652 -0.001376
v -0.057552 0.106648 -0.001376
v -0.058747 0.106648 -0.001376
v -0.057552 0.152652 -0.001376
v -0.058747 0.152652 -0.001376
v -0.057552 0.198656 -0.001376
v -0.058747 0.198656 -0.001376
v -0.057552 0.247652 -0.001376
v -0.058747 0.247652 -0.001376
v -0.002673 0.057652 -0.000727
v -0.003868 0.057652 -0.000727
v -0.002673 0.106648 -0.000727
v -0.003868 0.106648 -0.000727
v -0.002673 0.152652 -0.000727
v -0.003868 0.152652 -0.000727
v -0.002673 0.198656 -0.000727
v -0.003868 0.198656 -0.000727
v -0.002673 0.247652 -0.000727
v -0.003868 0.247652 -0.000727
v -0.037112 0.057652 -0.002710
v -0.038306 0.057652 -0.002710
v -0.037112 0.106648 -0.002710
v -0.038306 0.106648 -0.002710
v -0.037112 0.152652 -0.002710
v -0.038306 0.152652 -0.002710
v -0.037112 0.198656 -0.002710
v -0.038306 0.198656 -0.002710
v -0.037112 0.247652 -0.002710
v -0.038306 0.247652 -0.002710
v -0.000337 0.057652 -0.000542
v -0.001532 0.057652 -0.000542
v -0.000337 0.106648 -0.000542
v -0.001532 0.106648 -0.000542
v -0.000337 0.152652 -0.000542
v -0.001532 0.152652 -0.000542
v -0.000337 0.198656 -0.000542
v -0.001532 0.198656 -0.000542
v -0.000337 0.247652 -0.000542
v -0.001532 0.247652 -0.000542
v -0.046452 0.057652 -0.002596
v -0.047646 0.057652 -0.002596
v -0.046452 0.106648 -0.002596
v -0.047646 0.106648 -0.002596
v -0.046452 0.152652 -0.002596
v -0.047646 0.152652 -0.002596
v -0.046452 0.198656 -0.002596
v -0.047646 0.198656 -0.002596
v -0.046452 0.247652 -0.002596
v -0.047646 0.247652 -0.002596
v -0.014351 0.057652 -0.000258
v -0.015546 0.057652 -0.000258
v -0.014351 0.106648 -0.000258
v -0.015546 0.106648 -0.000258
v -0.014351 0.152652 -0.000258
v -0.015546 0.152652 -0.000258
v -0.014351 0.198656 -0.000258
v -0.015546 0.198656 -0.000258
v -0.014351 0.247652 -0.000258
v -0.015546 0.247652 -0.000258
v -0.034195 0.057652 -0.002379
v -0.035389 0.057652 -0.002379
v -0.034195 0.106648 -0.002379
v -0.035389 0.106648 -0.002379
v -0.034195 0.152652 -0.002379
v -0.035389 0.152652 -0.002379
v -0.034195 0.198656 -0.002379
v -0.035389 0.198656 -0.002379
v -0.034195 0.247652 -0.002379
v -0.035389 0.247652 -0.002379
v -0.040035 0.057652 -0.001804
v -0.041230 0.057652 -0.001804
v -0.040035 0.106648 -0.001804
v -0.041230 0.106648 -0.001804
v -0.040035 0.152652 -0.001804
v -0.041230 0.152652 -0.001804
v -0.040035 0.198656 -0.001804
v -0.041230 0.198656 -0.001804
v -0.040035 0.247652 -0.001804
v -0.041230 0.247652 -0.001804
v -0.007344 0.057652 -0.000816
v -0.008538 0.057652 -0.000816
v -0.007344 0.106648 -0.000816
v -0.008538 0.106648 -0.000816
v -0.007344 0.152652 -0.000816
v -0.008538 0.152652 -0.000816
v -0.007344 0.198656 -0.000816
v -0.008538 0.198656 -0.000816
v -0.007344 0.247652 -0.000816
v -0.008538 0.247652 -0.000816
v -0.042368 0.057652 -0.002248
v -0.043562 0.057652 -0.002248
v -0.042368 0.106648 -0.002248
v -0.043562 0.106648 -0.002248
v -0.042368 0.152652 -0.002248
v -0.043562 0.152652 -0.002248
v -0.042368 0.198656 -0.002248
v -0.043562 0.198656 -0.002248
v -0.042368 0.247652 -0.002248
v -0.043562 0.247652 -0.002248
v -0.044705 0.057652 -0.001885
v -0.045899 0.057652 -0.001885
v -0.044705 0.106648 -0.001885
v -0.045899 0.106648 -0.001885
v -0.044705 0.152652 -0.001885
v -0.045899 0.152652 -0.001885
v -0.044705 0.198656 -0.001885
v -0.045899 0.198656 -0.001885
v -0.044705 0.247652 -0.001885
v -0.045899 0.247652 -0.001885
v -0.070985 0.057652 -0.000857
v -0.072179 0.057652 -0.000857
v -0.070985 0.106648 -0.000857
v -0.072179 0.106648 -0.000857
v -0.070985 0.152652 -0.000857
v -0.072179 0.152652 -0.000857
v -0.070985 0.198656 -0.000857
v -0.072179 0.198656 -0.000857
v -0.070985 0.247652 -0.000857
v -0.072179 0.247652 -0.000857
v -0.047039 0.057652 -0.002059
v -0.048233 0.057652 -0.002059
v -0.047039 0.106648 -0.002059
v -0.048233 0.106648 -0.002059
v -0.047039 0.152652 -0.002059
v -0.048233 0.152652 -0.002059
v -0.047039 0.198656 -0.002059
v -0.048233 0.198656 -0.002059
v -0.047039 0.247652 -0.002059
v -0.048233 0.247652 -0.002059
v -0.017268 0.057652 -0.001591
v -0.018463 0.057652 -0.001591
v -0.017268 0.106648 -0.001591
v -0.018463 0.106648 -0.001591
v -0.017268 0.152652 -0.001591
v -0.018463 0.152652 -0.001591
v -0.017268 0.198656 -0.001591
v -0.018463 0.198656 -0.001591
v -0.017268 0.247652 -0.001591
v -0.018463 0.247652 -0.001591
v -0.055218 0.057652 -0.001203
v -0.056413 0.057652 -0.001203
v -0.055218 0.106648 -0.001203
v -0.056413 0.106648 -0.001203
v -0.055218 0.152652 -0.001203
v -0.056413 0.152652 -0.001203
v -0.055218 0.198656 -0.001203
v -0.056413 0.198656 -0.001203
v -0.055218 0.247652 -0.001203
v -0.056413 0.247652 -0.001203
v -0.030110 0.057652 -0.002026
v -0.031305 0.057652 -0.002026
v -0.030110 0.106648 -0.002026
v -0.031305 0.106648 -0.002026
v -0.030110 0.152652 -0.002026
v -0.031305 0.152652 -0.002026
v -0.030110 0.198656 -0.002026
v -0.031305 0.198656 -0.002026
v -0.030110 0.247652 -0.002026
v -0.031305 0.247652 -0.002026
v -0.013765 0.057652 -0.001735
v -0.014960 0.057652 -0.001735
v -0.013765 0.106648 -0.001735
v -0.014960 0.106648 -0.001735
v -0.013765 0.152652 -0.001735
v -0.014960 0.152652 -0.001735
v -0.013765 0.198656 -0.001735
v -0.014960 0.198656 -0.001735
v -0.013765 0.247652 -0.001735
v -0.014960 0.247652 -0.001735
v -0.023105 0.057652 -0.001765
v -0.024300 0.057652 -0.001765
v -0.023105 0.106648 -0.001765
v -0.024300 0.106648 -0.001765
v -0.023105 0.152652 -0.001765
v -0.024300 0.152652 -0.001765
v -0.023105 0.198656 -0.001765
v -0.024300 0.198656 -0.001765
v -0.023105 0.247652 -0.001765
v -0.024300 0.247652 -0.001765
v -0.031280 0.057652 -0.001298
v -0.032475 0.057652 -0.001298
v -0.031280 0.106648 -0.001298
v -0.032475 0.106648 -0.001298
v -0.031280 0.152652 -0.001298
v -0.032475 0.152652 -0.001298
v -0.031280 0.198656 -0.001298
v -0.032475 0.198656 -0.001298
v -0.031280 0.247652 -0.001298
v -0.032475 0.247652 -0.001298
v -0.063983 0.057652 -0.000404
v -0.065177 0.057652 -0.000404
v -0.063983 0.106648 -0.000404
v -0.065177 0.106648 -0.000404
v -0.063983 0.152652 -0.000404
v -0.065177 0.152652 -0.000404
v -0.063983 0.198656 -0.000404
v -0.065177 0.198656 -0.000404
v -0.063983 0.247652 -0.000404
v -0.065177 0.247652 -0.000404
v -0.025439 0.057652 -0.002218
v -0.026634 0.057652 -0.002218
v -0.025439 0.106648 -0.002218
v -0.026634 0.106648 -0.002218
v -0.025439 0.152652 -0.002218
v -0.026634 0.152652 -0.002218
v -0.025439 0.198656 -0.002218
v -0.026634 0.198656 -0.002218
v -0.025439 0.247652 -0.002218
v -0.026634 0.247652 -0.002218
v -0.030699 0.057652 -0.000572
v -0.031894 0.057652 -0.000572
v -0.030699 0.106648 -0.000572
v -0.031894 0.106648 -0.000572
v -0.030699 0.152652 -0.000572
v -0.031894 0.152652 -0.000572
v -0.030699 0.198656 -0.000572
v -0.031894 0.198656 -0.000572
v -0.030699 0.247652 -0.000572
v -0.031894 0.247652 -0.000572
v -0.021939 0.057652 -0.001401
v -0.023134 0.057652 -0.001401
v -0.021939 0.106648 -0.001401
v -0.023134 0.106648 -0.001401
v -0.021939 0.152652 -0.001401
v -0.023134 0.152652 -0.001401
v -0.021939 0.198656 -0.001401
v -0.023134 0.198656 -0.001401
v -0.021939 0.247652 -0.001401
v -0.023134 0.247652 -0.001401
v -0.026609 0.057652 -0.001486
v -0.027804 0.057652 -0.001486
v -0.026609 0.106648 -0.001486
v -0.027804 0.106648 -0.001486
v -0.026609 0.152652 -0.001486
v -0.027804 0.152652 -0.001486
v -0.026609 0.198656 -0.001486
v -0.027804 0.198656 -0.001486
v -0.026609 0.247652 -0.001486
v -0.027804 0.247652 -0.001486
v -0.061048 0.057652 -0.002162
v -0.062243 0.057652 -0.002162
v -0.061048 0.106648 -0.002162
v -0.062243 0.106648 -0.002162
v -0.061048 0.152652 -0.002162
v -0.062243 0.152652 -0.002162
v -0.061048 0.198656 -0.002162
v -0.062243 0.198656 -0.002162
v -0.061048 0.247652 -0.002162
v -0.062243 0.247652 -0.002162
v -0.035364 0.057652 -0.001993
v -0.036559 0.057652 -0.001993
v -0.035364 0.106648 -0.001993
v -0.036559 0.106648 -0.001993
v -0.035364 0.152652 -0.001993
v -0.036559 0.152652 -0.001993
v -0.035364 0.198656 -0.001993
v -0.036559 0.198656 -0.001993
v -0.035364 0.247652 -0.001993
v -0.036559 0.247652 -0.001993
v -0.005592 0.057652 -0.001096
v -0.006787 0.057652 -0.001096
v -0.005592 0.106648 -0.001096
v -0.006787 0.106648 -0.001096
v -0.005592 0.152652 -0.001096
v -0.006787 0.152652 -0.001096
v -0.005592 0.198656 -0.001096
v -0.006787 0.198656 -0.001096
v -0.005592 0.247652 -0.001096
v -0.006787 0.247652 -0.001096
v -0.050549 0.057652 -0.000986
v -0.051744 0.057652 -0.000986
v -0.050549 0.106648 -0.000986
v -0.051744 0.106648 -0.000986
v -0.050549 0.152652 -0.000986
v -0.051744 0.152652 -0.000986
v -0.050549 0.198656 -0.000986
v -0.051744 0.198656 -0.000986
v -0.050549 0.247652 -0.000986
v -0.051744 0.247652 -0.000986
v -0.014934 0.057652 -0.000994
v -0.016128 0.057652 -0.000994
v -0.014934 0.106648 -0.000994
v -0.016128 0.106648 -0.000994
v -0.014934 0.152652 -0.000994
v -0.016128 0.152652 -0.000994
v -0.014934 0.198656 -0.000994
v -0.016128 0.198656 -0.000994
v -0.014934 0.247652 -0.000994
v -0.016128 0.247652 -0.000994
v -0.021357 0.057652 -0.000668
v -0.022552 0.057652 -0.000668
v -0.021357 0.106648 -0.000668
v -0.022552 0.106648 -0.000668
v -0.021357 0.152652 -0.000668
v -0.022552 0.152652 -0.000668
v -0.021357 0.198656 -0.000668
v -0.022552 0.198656 -0.000668
v -0.021357 0.247652 -0.000668
v -0.022552 0.247652 -0.000668
v -0.051707 0.057652 -0.002271
v -0.052902 0.057652 -0.002271
v -0.051707 0.106648 -0.002271
v -0.052902 0.106648 -0.002271
v -0.051707 0.152652 -0.002271
v -0.052902 0.152652 -0.002271
v -0.051707 0.198656 -0.002271
v -0.052902 0.198656 -0.002271
v -0.051707 0.247652 -0.002271
v -0.052902 0.247652 -0.002271
v -0.053474 0.057652 -0.000140
v -0.054669 0.057652 -0.000140
v -0.053474 0.106648 -0.000140
v -0.054669 0.106648 -0.000140
v -0.053474 0.152652 -0.000140
v -0.054669 0.152652 -0.000140
v -0.053474 0.198656 -0.000140
v -0.054669 0.198656 -0.000140
v -0.053474 0.247652 -0.000140
v -0.054669 0.247652 -0.000140
v -0.014631 0.057652 -0.004800
v -0.015826 0.057652 -0.004800
v -0.014631 0.106648 -0.004800
v -0.015826 0.106648 -0.004800
v -0.014631 0.152652 -0.004800
v -0.015826 0.152652 -0.004800
v -0.014631 0.198656 -0.004800
v -0.015826 0.198656 -0.004800
v -0.014631 0.247652 -0.004800
v -0.015826 0.247652 -0.004800
v -0.033424 0.057652 -0.007820
v -0.034619 0.057652 -0.007820
v -0.033424 0.106648 -0.007820
v -0.034619 0.106648 -0.007820
v -0.033424 0.152652 -0.007820
v -0.034619 0.152652 -0.007820
v -0.033424 0.198656 -0.007820
v -0.034619 0.198656 -0.007820
v -0.033424 0.247652 -0.007820
v -0.034619 0.247652 -0.007820
v -0.051653 0.057652 -0.007735
v -0.052848 0.057652 -0.007735
v -0.051653 0.106648 -0.007735
v -0.052848 0.106648 -0.007735
v -0.051653 0.152652 -0.007735
v -0.052848 0.152652 -0.007735
v -0.051653 0.198656 -0.007735
v -0.052848 0.198656 -0.007735
v -0.051653 0.247652 -0.007735
v -0.052848 0.247652 -0.007735
v -0.041985 0.057652 -0.005131
v -0.043179 0.057652 -0.005131
v -0.041985 0.106648 -0.005131
v -0.043179 0.106648 -0.005131
v -0.041985 0.152652 -0.005131
v -0.043179 0.152652 -0.005131
v -0.041985 0.198656 -0.005131
v -0.043179 0.198656 -0.005131
v -0.041985 0.247652 -0.005131
v -0.043179 0.247652 -0.005131
v -0.055058 0.057652 -0.009308
v -0.056253 0.057652 -0.009308
v -0.055058 0.106648 -0.009308
v -0.056253 0.106648 -0.009308
v -0.055058 0.152652 -0.009308
v -0.056253 0.152652 -0.009308
v -0.055058 0.198656 -0.009308
v -0.056253 0.198656 -0.009308
v -0.055058 0.247652 -0.009308
v -0.056253 0.247652 -0.009308
v -0.009498 0.057652 -0.009717
v -0.010692 0.057652 -0.009717
v -0.009498 0.106648 -0.009717
v -0.010692 0.106648 -0.009717
v -0.009498 0.152652 -0.009717
v -0.010692 0.152652 -0.009717
v -0.009498 0.198656 -0.009717
v -0.010692 0.198656 -0.009717
v -0.009498 0.247652 -0.009717
v -0.010692 0.247652 -0.009717
v -0.071608 0.057652 -0.005931
v -0.072803 0.057652 -0.005931
v -0.071608 0.106648 -0.005931
v -0.072803 0.106648 -0.005931
v -0.071608 0.152652 -0.005931
v -0.072803 0.152652 -0.005931
v -0.071608 0.198656 -0.005931
v -0.072803 0.198656 -0.005931
v -0.071608 0.247652 -0.005931
v -0.072803 0.247652 -0.005931
v -0.048215 0.057652 -0.010685
v -0.049410 0.057652 -0.010685
v -0.048215 0.106648 -0.010685
v -0.049410 0.106648 -0.010685
v -0.048215 0.152652 -0.010685
v -0.049410 0.152652 -0.010685
v -0.048215 0.198656 -0.010685
v -0.049410 0.198656 -0.010685
v -0.048215 0.247652 -0.010685
v -0.049410 0.247652 -0.010685
v -0.048812 0.057652 -0.006690
v -0.050007 0.057652 -0.006690
v -0.048812 0.106648 -0.006690
v -0.050007 0.106648 -0.006690
v -0.048812 0.152652 -0.006690
v -0.050007 0.152652 -0.006690
v -0.048812 0.198656 -0.006690
v -0.050007 0.198656 -0.006690
v -0.048812 0.247652 -0.006690
v -0.050007 0.247652 -0.006690
v -0.043131 0.057652 -0.004083
v -0.044325 0.057652 -0.004083
v -0.043131 0.106648 -0.004083
v -0.044325 0.106648 -0.004083
v -0.043131 0.152652 -0.004083
v -0.044325 0.152652 -0.004083
v -0.043131 0.198656 -0.004083
v -0.044325 0.198656 -0.004083
v -0.043131 0.247652 -0.004083
v -0.044325 0.247652 -0.004083
v -0.020885 0.057652 -0.010297
v -0.022080 0.057652 -0.010297
v -0.020885 0.106648 -0.010297
v -0.022080 0.106648 -0.010297
v -0.020885 0.152652 -0.010297
v -0.022080 0.152652 -0.010297
v -0.020885 0.198656 -0.010297
v -0.022080 0.198656 -0.010297
v -0.020885 0.247652 -0.010297
v -0.022080 0.247652 -0.010297
v -0.026025 0.057652 -0.006074
v -0.027220 0.057652 -0.006074
v -0.026025 0.106648 -0.006074
v -0.027220 0.106648 -0.006074
v -0.026025 0.152652 -0.006074
v -0.027220 0.152652 -0.006074
v -0.026025 0.198656 -0.006074
v -0.027220 0.198656 -0.006074
v -0.026025 0.247652 -0.006074
v -0.027220 0.247652 -0.006074
v -0.035705 0.057652 -0.007296
v -0.036900 0.057652 -0.007296
v -0.035705 0.106648 -0.007296
v -0.036900 0.106648 -0.007296
v -0.035705 0.152652 -0.007296
v -0.036900 0.152652 -0.007296
v -0.035705 0.198656 -0.007296
v -0.036900 0.198656 -0.007296
v -0.035705 0.247652 -0.007296
v -0.036900 0.247652 -0.007296
v -0.063654 0.057652 -0.003442
v -0.064849 0.057652 -0.003442
v -0.063654 0.106648 -0.003442
v -0.064849 0.106648 -0.003442
v -0.063654 0.152652 -0.003442
v -0.064849 0.152652 -0.003442
v -0.063654 0.198656 -0.003442
v -0.064849 0.198656 -0.003442
v -0.063654 0.247652 -0.003442
v -0.064849 0.247652 -0.003442
v -0.046540 0.057652 -0.005645
v -0.047735 0.057652 -0.005645
v -0.046540 0.106648 -0.005645
v -0.047735 0.106648 -0.005645
v -0.046540 0.152652 -0.005645
v -0.047735 0.152652 -0.005645
v -0.046540 0.198656 -0.005645
v -0.047735 0.198656 -0.005645
v -0.046540 0.247652 -0.005645
v -0.047735 0.247652 -0.005645
v -0.019189 0.057652 -0.005308
v -0.020384 0.057652 -0.005308
v -0.019189 0.106648 -0.005308
v -0.020384 0.106648 -0.005308
v -0.019189 0.152652 -0.005308
v -0.020384 0.152652 -0.005308
v -0.019189 0.198656 -0.005309
v -0.020384 0.198656 -0.005309
v -0.019189 0.247652 -0.005309
v -0.020384 0.247652 -0.005309
v -0.058495 0.057652 -0.006939
v -0.059690 0.057652 -0.006939
v -0.058495 0.106648 -0.006939
v -0.059690 0.106648 -0.006939
v -0.058495 0.152652 -0.006939
v -0.059690 0.152652 -0.006939
v -0.058495 0.198656 -0.006939
v -0.059690 0.198656 -0.006939
v -0.058495 0.247652 -0.006939
v -0.059690 0.247652 -0.006939
v -0.030581 0.057652 -0.006586
v -0.031776 0.057652 -0.006586
v -0.030581 0.106648 -0.006586
v -0.031776 0.106648 -0.006586
v -0.030581 0.152652 -0.006586
v -0.031776 0.152652 -0.006586
v -0.030581 0.198656 -0.006586
v -0.031776 0.198656 -0.006586
v -0.030581 0.247652 -0.006586
v -0.031776 0.247652 -0.006586
v -0.034013 0.057652 -0.003845
v -0.035207 0.057652 -0.003845
v -0.034013 0.106648 -0.003845
v -0.035207 0.106648 -0.003845
v -0.034013 0.152652 -0.003845
v -0.035207 0.152652 -0.003845
v -0.034013 0.198656 -0.003845
v -0.035207 0.198656 -0.003845
v -0.034013 0.247652 -0.003845
v -0.035207 0.247652 -0.003845
v -0.007219 0.057652 -0.010235
v -0.008414 0.057652 -0.010235
v -0.007219 0.106648 -0.010235
v -0.008414 0.106648 -0.010235
v -0.007219 0.152652 -0.010235
v -0.008414 0.152652 -0.010235
v -0.007219 0.198656 -0.010235
v -0.008414 0.198656 -0.010235
v -0.007219 0.247652 -0.010235
v -0.008414 0.247652 -0.010235
v -0.013481 0.057652 -0.010817
v -0.014676 0.057652 -0.010817
v -0.013481 0.106648 -0.010817
v -0.014676 0.106648 -0.010817
v -0.013481 0.152652 -0.010817
v -0.014676 0.152652 -0.010817
v -0.013481 0.198656 -0.010817
v -0.014676 0.198656 -0.010817
v -0.013481 0.247652 -0.010817
v -0.014676 0.247652 -0.010817
v -0.072164 0.057652 -0.007316
v -0.073359 0.057652 -0.007316
v -0.072164 0.106648 -0.007316
v -0.073359 0.106648 -0.007316
v -0.072164 0.152652 -0.007316
v -0.073359 0.152652 -0.007316
v -0.072164 0.198656 -0.007316
v -0.073359 0.198656 -0.007316
v -0.072164 0.247652 -0.007316
v -0.073359 0.247652 -0.007316
v -0.062491 0.057652 -0.006077
v -0.063686 0.057652 -0.006077
v -0.062491 0.106648 -0.006077
v -0.063686 0.106648 -0.006077
v -0.062491 0.152652 -0.006077
v -0.063686 0.152652 -0.006077
v -0.062491 0.198656 -0.006077
v -0.063686 0.198656 -0.006077
v -0.062491 0.247652 -0.006077
v -0.063686 0.247652 -0.006077
v -0.027722 0.057652 -0.009515
v -0.028916 0.057652 -0.009515
v -0.027722 0.106648 -0.009515
v -0.028916 0.106648 -0.009515
v -0.027722 0.152652 -0.009515
v -0.028916 0.152652 -0.009515
v -0.027722 0.198656 -0.009515
v -0.028916 0.198656 -0.009515
v -0.027722 0.247652 -0.009515
v -0.028916 0.247652 -0.009515
v -0.040264 0.057652 -0.007029
v -0.041459 0.057652 -0.007029
v -0.040264 0.106648 -0.007029
v -0.041459 0.106648 -0.007029
v -0.040264 0.152652 -0.007029
v -0.041459 0.152652 -0.007029
v -0.040264 0.198656 -0.007029
v -0.041459 0.198656 -0.007029
v -0.040264 0.247652 -0.007029
v -0.041459 0.247652 -0.007029
v -0.040857 0.057652 -0.003044
v -0.042051 0.057652 -0.003044
v -0.040857 0.106648 -0.003044
v -0.042051 0.106648 -0.003044
v -0.040857 0.152652 -0.003044
v -0.042051 0.152652 -0.003044
v -0.040857 0.198656 -0.003044
v -0.042051 0.198656 -0.003044
v -0.040857 0.247652 -0.003044
v -0.042051 0.247652 -0.003044
v -0.056206 0.057652 -0.008256
v -0.057400 0.057652 -0.008256
v -0.056206 0.106648 -0.008256
v -0.057400 0.106648 -0.008256
v -0.056206 0.152652 -0.008256
v -0.057400 0.152652 -0.008256
v -0.056206 0.198656 -0.008256
v -0.057400 0.198656 -0.008256
v -0.056206 0.247652 -0.008256
v -0.057400 0.247652 -0.008256
v -0.023749 0.057652 -0.005040
v -0.024944 0.057652 -0.005040
v -0.023749 0.106648 -0.005040
v -0.024944 0.106648 -0.005040
v -0.023749 0.152652 -0.005040
v -0.024944 0.152652 -0.005040
v -0.023749 0.198656 -0.005040
v -0.024944 0.198656 -0.005040
v -0.023749 0.247652 -0.005040
v -0.024944 0.247652 -0.005040
v -0.056808 0.057652 -0.004246
v -0.058003 0.057652 -0.004246
v -0.056808 0.106648 -0.004246
v -0.058003 0.106648 -0.004246
v -0.056808 0.152652 -0.004246
v -0.058003 0.152652 -0.004246
v -0.056808 0.198656 -0.004246
v -0.058003 0.198656 -0.004246
v -0.056808 0.247652 -0.004246
v -0.058003 0.247652 -0.004246
v -0.007792 0.057652 -0.006298
v -0.008986 0.057652 -0.006298
v -0.007792 0.106648 -0.006298
v -0.008986 0.106648 -0.006298
v -0.007792 0.152652 -0.006298
v -0.008986 0.152652 -0.006298
v -0.007792 0.198656 -0.006298
v -0.008986 0.198656 -0.006298
v -0.007792 0.247652 -0.006298
v -0.008986 0.247652 -0.006298
v -0.031701 0.057652 -0.010947
v -0.032896 0.057652 -0.010947
v -0.031701 0.106648 -0.010947
v -0.032896 0.106648 -0.010947
v -0.031701 0.152652 -0.010947
v -0.032896 0.152652 -0.010947
v -0.031701 0.198656 -0.010947
v -0.032896 0.198656 -0.010947
v -0.031701 0.247652 -0.010947
v -0.032896 0.247652 -0.010947
v -0.070489 0.057652 -0.003821
v -0.071684 0.057652 -0.003821
v -0.070489 0.106648 -0.003821
v -0.071684 0.106648 -0.003821
v -0.070489 0.152652 -0.003821
v -0.071684 0.152652 -0.003821
v -0.070489 0.198656 -0.003821
v -0.071684 0.198656 -0.003821
v -0.070489 0.247652 -0.003821
v -0.071684 0.247652 -0.003821
v -0.050506 0.057652 -0.008786
v -0.051701 0.057652 -0.008786
v -0.050506 0.106648 -0.008786
v -0.051701 0.106648 -0.008786
v -0.050506 0.152652 -0.008786
v -0.051701 0.152652 -0.008786
v -0.050506 0.198656 -0.008786
v -0.051701 0.198656 -0.008786
v -0.050506 0.247652 -0.008786
v -0.051701 0.247652 -0.008786
v -0.024892 0.057652 -0.003998
v -0.026087 0.057652 -0.003998
v -0.024892 0.106648 -0.003998
v -0.026087 0.106648 -0.003998
v -0.024892 0.152652 -0.003998
v -0.026087 0.152652 -0.003998
v -0.024892 0.198656 -0.003998
v -0.026087 0.198656 -0.003998
v -0.024892 0.247652 -0.003998
v -0.026087 0.247652 -0.003998
v -0.017476 0.057652 -0.007189
v -0.018671 0.057652 -0.007189
v -0.017476 0.106648 -0.007189
v -0.018671 0.106648 -0.007189
v -0.017476 0.152652 -0.007189
v -0.018671 0.152652 -0.007189
v -0.017476 0.198656 -0.007189
v -0.018671 0.198656 -0.007189
v -0.017476 0.247652 -0.007189
v -0.018671 0.247652 -0.007189
v -0.028865 0.057652 -0.008474
v -0.030059 0.057652 -0.008474
v -0.028865 0.106648 -0.008474
v -0.030059 0.106648 -0.008474
v -0.028865 0.152652 -0.008474
v -0.030059 0.152652 -0.008474
v -0.028865 0.198656 -0.008474
v -0.030059 0.198656 -0.008474
v -0.028865 0.247652 -0.008474
v -0.030059 0.247652 -0.008474
v -0.008934 0.057652 -0.003714
v -0.010129 0.057652 -0.003714
v -0.008934 0.106648 -0.003714
v -0.010129 0.106648 -0.003714
v -0.008934 0.152652 -0.003714
v -0.010129 0.152652 -0.003714
v -0.008934 0.198656 -0.003714
v -0.010129 0.198656 -0.003714
v -0.008934 0.247652 -0.003714
v -0.010129 0.247652 -0.003714
v -0.065317 0.057652 -0.008511
v -0.066512 0.057652 -0.008511
v -0.065317 0.106648 -0.008511
v -0.066512 0.106648 -0.008511
v -0.065317 0.152652 -0.008511
v -0.066512 0.152652 -0.008511
v -0.065317 0.198656 -0.008511
v -0.066512 0.198656 -0.008511
v -0.065317 0.247652 -0.008511
v -0.066512 0.247652 -0.008511
v -0.002663 0.057652 -0.010495
v -0.003858 0.057652 -0.010495
v -0.002663 0.106648 -0.010495
v -0.003858 0.106648 -0.010495
v -0.002663 0.152652 -0.010495
v -0.003858 0.152652 -0.010495
v -0.002663 0.198656 -0.010495
v -0.003858 0.198656 -0.010495
v -0.002663 0.247652 -0.010495
v -0.003858 0.247652 -0.010495
v -0.068142 0.057652 -0.011012
v -0.069337 0.057652 -0.011012
v -0.068142 0.106648 -0.011012
v -0.069337 0.106648 -0.011012
v -0.068142 0.152652 -0.011012
v -0.069337 0.152652 -0.011012
v -0.068142 0.198656 -0.011012
v -0.069337 0.198656 -0.011012
v -0.068142 0.247652 -0.011012
v -0.069337 0.247652 -0.011012
v -0.057328 0.057652 -0.010357
v -0.058523 0.057652 -0.010357
v -0.057328 0.106648 -0.010357
v -0.058523 0.106648 -0.010357
v -0.057328 0.152652 -0.010357
v -0.058523 0.152652 -0.010357
v -0.057328 0.198656 -0.010357
v -0.058523 0.198656 -0.010357
v -0.057328 0.247652 -0.010357
v -0.058523 0.247652 -0.010357
v -0.000955 0.057652 -0.005536
v -0.002150 0.057652 -0.005536
v -0.000955 0.106648 -0.005536
v -0.002150 0.106648 -0.005536
v -0.000955 0.152652 -0.005536
v -0.002150 0.152652 -0.005536
v -0.000955 0.198656 -0.005536
v -0.002150 0.198656 -0.005536
v -0.000955 0.247652 -0.005536
v -0.002150 0.247652 -0.005536
v -0.001524 0.057652 -0.008434
v -0.002719 0.057652 -0.008434
v -0.001524 0.106648 -0.008434
v -0.002719 0.106648 -0.008434
v -0.001524 0.152652 -0.008434
v -0.002719 0.152652 -0.008434
v -0.001524 0.198656 -0.008434
v -0.002719 0.198656 -0.008434
v -0.001524 0.247652 -0.008434
v -0.002719 0.247652 -0.008434
v 0.000185 0.057652 -0.003477
v -0.001010 0.057652 -0.003477
v 0.000185 0.106648 -0.003477
v -0.001010 0.106648 -0.003477
v 0.000185 0.152652 -0.003477
v -0.001010 0.152652 -0.003477
v 0.000185 0.198656 -0.003477
v -0.001010 0.198656 -0.003477
v 0.000185 0.247652 -0.003477
v -0.001010 0.247652 -0.003477
v -0.038570 0.057652 -0.004355
v -0.039764 0.057652 -0.004355
v -0.038570 0.106648 -0.004355
v -0.039764 0.106648 -0.004355
v -0.038570 0.152652 -0.004355
v -0.039764 0.152652 -0.004355
v -0.038570 0.198656 -0.004355
v -0.039764 0.198656 -0.004355
v -0.038570 0.247652 -0.004355
v -0.039764 0.247652 -0.004355
v -0.004942 0.057652 -0.009204
v -0.006136 0.057652 -0.009204
v -0.004942 0.106648 -0.009204
v -0.006136 0.106648 -0.009204
v -0.004942 0.152652 -0.009204
v -0.006136 0.152652 -0.009204
v -0.004942 0.198656 -0.009204
v -0.006136 0.198656 -0.009204
v -0.004942 0.247652 -0.009204
v -0.006136 0.247652 -0.009204
v -0.006654 0.057652 -0.004236
v -0.007848 0.057652 -0.004236
v -0.006654 0.106648 -0.004236
v -0.007848 0.106648 -0.004236
v -0.006654 0.152652 -0.004236
v -0.007848 0.152652 -0.004236
v -0.006654 0.198656 -0.004236
v -0.007848 0.198656 -0.004236
v -0.006654 0.247652 -0.004236
v -0.007848 0.247652 -0.004236
v -0.010071 0.057652 -0.005778
v -0.011266 0.057652 -0.005778
v -0.010071 0.106648 -0.005778
v -0.011266 0.106648 -0.005778
v -0.010071 0.152652 -0.005778
v -0.011266 0.152652 -0.005778
v -0.010071 0.198656 -0.005778
v -0.011266 0.198656 -0.005778
v -0.010071 0.247652 -0.005778
v -0.011266 0.247652 -0.005778
v -0.067044 0.057652 -0.006597
v -0.068239 0.057652 -0.006597
v -0.067044 0.106648 -0.006597
v -0.068239 0.106648 -0.006597
v -0.067044 0.152652 -0.006597
v -0.068239 0.152652 -0.006597
v -0.067044 0.198656 -0.006597
v -0.068239 0.198656 -0.006597
v -0.067044 0.247652 -0.006597
v -0.068239 0.247652 -0.006597
v -0.064775 0.057652 -0.005546
v -0.065970 0.057652 -0.005546
v -0.064775 0.106648 -0.005546
v -0.065970 0.106648 -0.005546
v -0.064775 0.152652 -0.005546
v -0.065970 0.152652 -0.005546
v -0.064775 0.198656 -0.005546
v -0.065970 0.198656 -0.005546
v -0.064775 0.247652 -0.005546
v -0.065970 0.247652 -0.005546
v -0.010638 0.057652 -0.008683
v -0.011833 0.057652 -0.008683
v -0.010638 0.106648 -0.008683
v -0.011833 0.106648 -0.008683
v -0.010638 0.152652 -0.008683
v -0.011833 0.152652 -0.008683
v -0.010638 0.198656 -0.008683
v -0.011833 0.198656 -0.008683
v -0.010638 0.247652 -0.008683
v -0.011833 0.247652 -0.008683
v -0.059617 0.057652 -0.009042
v -0.060811 0.057652 -0.009042
v -0.059617 0.106648 -0.009042
v -0.060811 0.106648 -0.009042
v -0.059617 0.152652 -0.009042
v -0.060811 0.152652 -0.009042
v -0.059617 0.198656 -0.009042
v -0.060811 0.198656 -0.009042
v -0.059617 0.247652 -0.009042
v -0.060811 0.247652 -0.009042
v -0.053377 0.057652 -0.005829
v -0.054571 0.057652 -0.005829
v -0.053377 0.106648 -0.005829
v -0.054571 0.106648 -0.005829
v -0.053377 0.152652 -0.005829
v -0.054571 0.152652 -0.005829
v -0.053377 0.198656 -0.005829
v -0.054571 0.198656 -0.005829
v -0.053377 0.247652 -0.005829
v -0.054571 0.247652 -0.005829
v -0.043663 0.057652 -0.010163
v -0.044858 0.057652 -0.010163
v -0.043663 0.106648 -0.010163
v -0.044858 0.106648 -0.010163
v -0.043663 0.152652 -0.010163
v -0.044858 0.152652 -0.010163
v -0.043663 0.198656 -0.010163
v -0.044858 0.198656 -0.010163
v -0.043663 0.247652 -0.010163
v -0.044858 0.247652 -0.010163
v -0.015774 0.057652 -0.003761
v -0.016968 0.057652 -0.003761
v -0.015774 0.106648 -0.003761
v -0.016968 0.106648 -0.003761
v -0.015774 0.152652 -0.003761
v -0.016968 0.152652 -0.003761
v -0.015774 0.198656 -0.003761
v -0.016968 0.198656 -0.003761
v -0.015774 0.247652 -0.003761
v -0.016968 0.247652 -0.003761
v -0.039106 0.057652 -0.010425
v -0.040301 0.057652 -0.010425
v -0.039106 0.106648 -0.010425
v -0.040301 0.106648 -0.010425
v -0.039106 0.152652 -0.010425
v -0.040301 0.152652 -0.010425
v -0.039106 0.198656 -0.010425
v -0.040301 0.198656 -0.010425
v -0.039106 0.247652 -0.010425
v -0.040301 0.247652 -0.010425
v -0.036295 0.057652 -0.003317
v -0.037490 0.057652 -0.003317
v -0.036295 0.106648 -0.003317
v -0.037490 0.106648 -0.003317
v -0.036295 0.152652 -0.003317
v -0.037490 0.152652 -0.003317
v -0.036295 0.198656 -0.003317
v -0.037490 0.198656 -0.003317
v -0.036295 0.247652 -0.003317
v -0.037490 0.247652 -0.003317
v -0.064168 0.057652 -0.009566
v -0.065363 0.057652 -0.009566
v -0.064168 0.106648 -0.009566
v -0.065363 0.106648 -0.009566
v -0.064168 0.152652 -0.009566
v -0.065363 0.152652 -0.009566
v -0.064168 0.198656 -0.009566
v -0.065363 0.198656 -0.009566
v -0.064168 0.247652 -0.009566
v -0.065363 0.247652 -0.009566
v -0.018055 0.057652 -0.003236
v -0.019250 0.057652 -0.003236
v -0.018055 0.106648 -0.003236
v -0.019250 0.106648 -0.003236
v -0.018055 0.152652 -0.003236
v -0.019250 0.152652 -0.003236
v -0.018055 0.198656 -0.003236
v -0.019250 0.198656 -0.003236
v -0.018055 0.247652 -0.003236
v -0.019250 0.247652 -0.003236
v -0.066437 0.057652 -0.010618
v -0.067632 0.057652 -0.010618
v -0.066437 0.106648 -0.010618
v -0.067632 0.106648 -0.010618
v -0.066437 0.152652 -0.010618
v -0.067632 0.152652 -0.010618
v -0.066437 0.198656 -0.010618
v -0.067632 0.198656 -0.010618
v -0.066437 0.247652 -0.010618
v -0.067632 0.247652 -0.010618
v -0.032280 0.057652 -0.008863
v -0.033475 0.057652 -0.008863
v -0.032280 0.106648 -0.008863
v -0.033475 0.106648 -0.008863
v -0.032280 0.152652 -0.008863
v -0.033475 0.152652 -0.008863
v -0.032280 0.198656 -0.008863
v -0.033475 0.198656 -0.008863
v -0.032280 0.247652 -0.008863
v -0.033475 0.247652 -0.008863
v -0.069340 0.057652 -0.004879
v -0.070534 0.057652 -0.004879
v -0.069340 0.106648 -0.004879
v -0.070534 0.106648 -0.004879
v -0.069340 0.152652 -0.004879
v -0.070534 0.152652 -0.004879
v -0.069340 0.198656 -0.004879
v -0.070534 0.198656 -0.004879
v -0.069340 0.247652 -0.004879
v -0.070534 0.247652 -0.004879
v -0.020332 0.057652 -0.004269
v -0.021527 0.057652 -0.004269
v -0.020332 0.106648 -0.004269
v -0.021527 0.106648 -0.004269
v -0.020332 0.152652 -0.004269
v -0.021527 0.152652 -0.004269
v -0.020332 0.198656 -0.004269
v -0.021527 0.198656 -0.004269
v -0.020332 0.247652 -0.004269
v -0.021527 0.247652 -0.004269
v -0.052776 0.057652 -0.009834
v -0.053971 0.057652 -0.009834
v -0.052776 0.106648 -0.009834
v -0.053971 0.106648 -0.009834
v -0.052776 0.152652 -0.009834
v -0.053971 0.152652 -0.009834
v -0.052776 0.198656 -0.009834
v -0.053971 0.198656 -0.009834
v -0.052776 0.247652 -0.009834
v -0.053971 0.247652 -0.009834
v -0.070999 0.057652 -0.009957
v -0.072194 0.057652 -0.009957
v -0.070999 0.106648 -0.009957
v -0.072194 0.106648 -0.009957
v -0.070999 0.152652 -0.009957
v -0.072194 0.152652 -0.009957
v -0.070999 0.198656 -0.009957
v -0.072194 0.198656 -0.009957
v -0.070999 0.247652 -0.009957
v -0.072194 0.247652 -0.009957
v -0.042537 0.057652 -0.008072
v -0.043731 0.057652 -0.008072
v -0.042537 0.106648 -0.008072
v -0.043731 0.106648 -0.008072
v -0.042537 0.152652 -0.008072
v -0.043731 0.152652 -0.008072
v -0.042537 0.198656 -0.008072
v -0.043731 0.198656 -0.008072
v -0.042537 0.247652 -0.008072
v -0.043731 0.247652 -0.008072
v -0.044819 0.057652 -0.007546
v -0.046013 0.057652 -0.007546
v -0.044819 0.106648 -0.007546
v -0.046013 0.106648 -0.007546
v -0.044819 0.152652 -0.007546
v -0.046013 0.152652 -0.007546
v -0.044819 0.198656 -0.007546
v -0.046013 0.198656 -0.007546
v -0.044819 0.247652 -0.007546
v -0.046013 0.247652 -0.007546
v -0.005513 0.057652 -0.005270
v -0.006708 0.057652 -0.005270
v -0.005513 0.106648 -0.005270
v -0.006708 0.106648 -0.005270
v -0.005513 0.152652 -0.005270
v -0.006708 0.152652 -0.005270
v -0.005513 0.198656 -0.005270
v -0.006708 0.198656 -0.005270
v -0.005513 0.247652 -0.005270
v -0.006708 0.247652 -0.005270
v -0.069881 0.057652 -0.007847
v -0.071075 0.057652 -0.007847
v -0.069881 0.106648 -0.007847
v -0.071075 0.106648 -0.007847
v -0.069881 0.152652 -0.007847
v -0.071075 0.152652 -0.007847
v -0.069881 0.198656 -0.007847
v -0.071075 0.198656 -0.007847
v -0.069881 0.247652 -0.007847
v -0.071075 0.247652 -0.007847
v -0.018611 0.057652 -0.009260
v -0.019805 0.057652 -0.009260
v -0.018611 0.106648 -0.009260
v -0.019805 0.106648 -0.009260
v -0.018611 0.152652 -0.009260
v -0.019805 0.152652 -0.009260
v -0.018611 0.198656 -0.009260
v -0.019805 0.198656 -0.009260
v -0.018611 0.247652 -0.009260
v -0.019805 0.247652 -0.009260
v -0.060221 0.057652 -0.005028
v -0.061416 0.057652 -0.005028
v -0.060221 0.106648 -0.005028
v -0.061416 0.106648 -0.005028
v -0.060221 0.152652 -0.005028
v -0.061416 0.152652 -0.005028
v -0.060221 0.198656 -0.005028
v -0.061416 0.198656 -0.005028
v -0.060221 0.247652 -0.005028
v -0.061416 0.247652 -0.005028
v -0.063048 0.057652 -0.007459
v -0.064243 0.057652 -0.007459
v -0.063048 0.106648 -0.007459
v -0.064243 0.106648 -0.007459
v -0.063048 0.152652 -0.007459
v -0.064243 0.152652 -0.007459
v -0.063048 0.198656 -0.007459
v -0.064243 0.198656 -0.007459
v -0.063048 0.247652 -0.007459
v -0.064243 0.247652 -0.007459
v -0.061370 0.057652 -0.003973
v -0.062565 0.057652 -0.003973
v -0.061370 0.106648 -0.003973
v -0.062565 0.106648 -0.003973
v -0.061370 0.152652 -0.003973
v -0.062565 0.152652 -0.003973
v -0.061370 0.198656 -0.003973
v -0.062565 0.198656 -0.003973
v -0.061370 0.247652 -0.003973
v -0.062565 0.247652 -0.003973
v -0.023167 0.057652 -0.008998
v -0.024362 0.057652 -0.008998
v -0.023167 0.106648 -0.008998
v -0.024362 0.106648 -0.008998
v -0.023167 0.152652 -0.008998
v -0.024362 0.152652 -0.008998
v -0.023167 0.198656 -0.008998
v -0.024362 0.198656 -0.008998
v -0.023167 0.247652 -0.008998
v -0.024362 0.247652 -0.008998
v -0.000385 0.057652 -0.009466
v -0.001580 0.057652 -0.009466
v -0.000385 0.106648 -0.009466
v -0.001580 0.106648 -0.009466
v -0.000385 0.152652 -0.009466
v -0.001580 0.152652 -0.009466
v -0.000385 0.198656 -0.009466
v -0.001580 0.198656 -0.009466
v -0.000385 0.247652 -0.009466
v -0.001580 0.247652 -0.009466
v -0.004375 0.057652 -0.003208
v -0.005570 0.057652 -0.003208
v -0.004375 0.106648 -0.003208
v -0.005570 0.106648 -0.003208
v -0.004375 0.152652 -0.003208
v -0.005570 0.152652 -0.003208
v -0.004375 0.198656 -0.003208
v -0.005570 0.198656 -0.003208
v -0.004375 0.247652 -0.003208
v -0.005570 0.247652 -0.003208
v -0.003234 0.057652 -0.006563
v -0.004428 0.057652 -0.006563
v -0.003234 0.106648 -0.006563
v -0.004428 0.106648 -0.006563
v -0.003234 0.152652 -0.006563
v -0.004428 0.152652 -0.006563
v -0.003234 0.198656 -0.006563
v -0.004428 0.198656 -0.006563
v -0.003234 0.247652 -0.006563
v -0.004428 0.247652 -0.006563
v -0.051105 0.057652 -0.004784
v -0.052300 0.057652 -0.004784
v -0.051105 0.106648 -0.004784
v -0.052300 0.106648 -0.004784
v -0.051105 0.152652 -0.004784
v -0.052300 0.152652 -0.004784
v -0.051105 0.198656 -0.004784
v -0.052300 0.198656 -0.004784
v -0.051105 0.247652 -0.004784
v -0.052300 0.247652 -0.004784
v -0.037978 0.057652 -0.008337
v -0.039173 0.057652 -0.008337
v -0.037978 0.106648 -0.008337
v -0.039173 0.106648 -0.008337
v -0.037978 0.152652 -0.008337
v -0.039173 0.152652 -0.008337
v -0.037978 0.198656 -0.008337
v -0.039173 0.198656 -0.008337
v -0.037978 0.247652 -0.008337
v -0.039173 0.247652 -0.008337
v -0.053936 0.057652 -0.007208
v -0.055130 0.057652 -0.007208
v -0.053936 0.106648 -0.007208
v -0.055130 0.106648 -0.007208
v -0.053936 0.152652 -0.007208
v -0.055130 0.152652 -0.007208
v -0.053936 0.198656 -0.007208
v -0.055130 0.198656 -0.007208
v -0.053936 0.247652 -0.007208
v -0.055130 0.247652 -0.007208
v -0.011773 0.057652 -0.010752
v -0.012968 0.057652 -0.010752
v -0.011773 0.106648 -0.010752
v -0.012968 0.106648 -0.010752
v -0.011773 0.152652 -0.010752
v -0.012968 0.152652 -0.010752
v -0.011773 0.198656 -0.010752
v -0.012968 0.198656 -0.010752
v -0.011773 0.247652 -0.010752
v -0.012968 0.247652 -0.010752
v -0.008360 0.057652 -0.007653
v -0.009555 0.057652 -0.007653
v -0.008360 0.106648 -0.007653
v -0.009555 0.106648 -0.007653
v -0.008360 0.152652 -0.007653
v -0.009555 0.152652 -0.007653
v -0.008360 0.198656 -0.007653
v -0.009555 0.198656 -0.007653
v -0.008360 0.247652 -0.007653
v -0.009555 0.247652 -0.007653
v -0.025442 0.057652 -0.010036
v -0.026637 0.057652 -0.010036
v -0.025442 0.106648 -0.010036
v -0.026637 0.106648 -0.010036
v -0.025442 0.152652 -0.010036
v -0.026637 0.152652 -0.010036
v -0.025442 0.198656 -0.010036
v -0.026637 0.198656 -0.010036
v -0.025442 0.247652 -0.010036
v -0.026637 0.247652 -0.010036
v -0.022616 0.057652 -0.002963
v -0.023811 0.057652 -0.002963
v -0.022616 0.106648 -0.002963
v -0.023811 0.106648 -0.002963
v -0.022616 0.152652 -0.002963
v -0.023811 0.152652 -0.002963
v -0.022616 0.198656 -0.002963
v -0.023811 0.198656 -0.002963
v -0.022616 0.247652 -0.002963
v -0.023811 0.247652 -0.002963
v -0.060765 0.057652 -0.007989
v -0.061960 0.057652 -0.007989
v -0.060765 0.106648 -0.007989
v -0.061960 0.106648 -0.007989
v -0.060765 0.152652 -0.007989
v -0.061960 0.152652 -0.007989
v -0.060765 0.198656 -0.007989
v -0.061960 0.198656 -0.007989
v -0.060765 0.247652 -0.007989
v -0.061960 0.247652 -0.007989
v -0.002095 0.057652 -0.004503
v -0.003289 0.057652 -0.004503
v -0.002095 0.106648 -0.004503
v -0.003289 0.106648 -0.004503
v -0.002095 0.152652 -0.004503
v -0.003289 0.152652 -0.004503
v -0.002095 0.198656 -0.004503
v -0.003289 0.198656 -0.004503
v -0.002095 0.247652 -0.004503
v -0.003289 0.247652 -0.004503
v -0.011212 0.057652 -0.004743
v -0.012407 0.057652 -0.004743
v -0.011212 0.106648 -0.004743
v -0.012407 0.106648 -0.004743
v -0.011212 0.152652 -0.004743
v -0.012407 0.152652 -0.004743
v -0.011212 0.198656 -0.004743
v -0.012407 0.198656 -0.004743
v -0.011212 0.247652 -0.004743
v -0.012407 0.247652 -0.004743
v -0.029995 0.057652 -0.010556
v -0.031190 0.057652 -0.010556
v -0.029995 0.106648 -0.010556
v -0.031190 0.106648 -0.010556
v -0.029995 0.152652 -0.010556
v -0.031190 0.152652 -0.010556
v -0.029995 0.198656 -0.010556
v -0.031190 0.198656 -0.010556
v -0.029995 0.247652 -0.010556
v -0.031190 0.247652 -0.010556
v -0.034553 0.057652 -0.009904
v -0.035748 0.057652 -0.009904
v -0.034554 0.106648 -0.009904
v -0.035748 0.106648 -0.009904
v -0.034554 0.152652 -0.009904
v -0.035748 0.152652 -0.009904
v -0.034554 0.198656 -0.009904
v -0.035748 0.198656 -0.009904
v -0.034554 0.247652 -0.009904
v -0.035748 0.247652 -0.009904
v -0.044258 0.057652 -0.006173
v -0.045452 0.057652 -0.006173
v -0.044258 0.106648 -0.006173
v -0.045452 0.106648 -0.006173
v -0.044258 0.152652 -0.006173
v -0.045452 0.152652 -0.006173
v -0.044258 0.198656 -0.006173
v -0.045452 0.198656 -0.006173
v -0.044258 0.247652 -0.006173
v -0.045452 0.247652 -0.006173
v -0.027174 0.057652 -0.003472
v -0.028369 0.057652 -0.003472
v -0.027174 0.106648 -0.003472
v -0.028369 0.106648 -0.003472
v -0.027174 0.152652 -0.003472
v -0.028369 0.152652 -0.003472
v -0.027174 0.198656 -0.003472
v -0.028369 0.198656 -0.003472
v -0.027174 0.247652 -0.003472
v -0.028369 0.247652 -0.003472
v -0.045944 0.057652 -0.009639
v -0.047139 0.057652 -0.009639
v -0.045944 0.106648 -0.009639
v -0.047139 0.106648 -0.009639
v -0.045944 0.152652 -0.009639
v -0.047139 0.152652 -0.009639
v -0.045944 0.198656 -0.009639
v -0.047139 0.198656 -0.009639
v -0.045944 0.247652 -0.009639
v -0.047139 0.247652 -0.009639
v -0.036834 0.057652 -0.009382
v -0.038029 0.057652 -0.009382
v -0.036834 0.106648 -0.009382
v -0.038029 0.106648 -0.009382
v -0.036834 0.152652 -0.009382
v -0.038029 0.152652 -0.009382
v -0.036834 0.198656 -0.009382
v -0.038029 0.198656 -0.009382
v -0.036834 0.247652 -0.009382
v -0.038029 0.247652 -0.009382
v -0.054536 0.057652 -0.003203
v -0.055731 0.057652 -0.003203
v -0.054536 0.106648 -0.003203
v -0.055731 0.106648 -0.003203
v -0.054536 0.152652 -0.003203
v -0.055731 0.152652 -0.003203
v -0.054536 0.198656 -0.003203
v -0.055731 0.198656 -0.003203
v -0.054536 0.247652 -0.003203
v -0.055731 0.247652 -0.003203
v -0.003803 0.057652 -0.007142
v -0.004998 0.057652 -0.007142
v -0.003803 0.106648 -0.007142
v -0.004998 0.106648 -0.007142
v -0.003803 0.152652 -0.007142
v -0.004998 0.152652 -0.007142
v -0.003803 0.198656 -0.007142
v -0.004998 0.198656 -0.007142
v -0.003803 0.247652 -0.007142
v -0.004998 0.247652 -0.007142
v -0.059098 0.057652 -0.002929
v -0.060292 0.057652 -0.002929
v -0.059098 0.106648 -0.002929
v -0.060292 0.106648 -0.002929
v -0.059098 0.152652 -0.002929
v -0.060292 0.152652 -0.002929
v -0.059098 0.198656 -0.002929
v -0.060292 0.198656 -0.002929
v -0.059098 0.247652 -0.002929
v -0.060292 0.247652 -0.002929
v -0.006081 0.057652 -0.008171
v -0.007276 0.057652 -0.008171
v -0.006081 0.106648 -0.008171
v -0.007276 0.106648 -0.008171
v -0.006081 0.152652 -0.008171
v -0.007276 0.152652 -0.008171
v -0.006081 0.198656 -0.008171
v -0.007276 0.198656 -0.008171
v -0.006081 0.247652 -0.008171
v -0.007276 0.247652 -0.008171
v -0.065924 0.057652 -0.004490
v -0.067119 0.057652 -0.004490
v -0.065924 0.106648 -0.004490
v -0.067119 0.106648 -0.004490
v -0.065924 0.152652 -0.004490
v -0.067119 0.152652 -0.004490
v -0.065924 0.198656 -0.004490
v -0.067119 0.198656 -0.004490
v -0.065924 0.247652 -0.004490
v -0.067119 0.247652 -0.004490
v -0.012349 0.057652 -0.006808
v -0.013544 0.057652 -0.006808
v -0.012349 0.106648 -0.006808
v -0.013544 0.106648 -0.006808
v -0.012349 0.152652 -0.006808
v -0.013544 0.152652 -0.006808
v -0.012349 0.198656 -0.006808
v -0.013544 0.198656 -0.006808
v -0.012349 0.247652 -0.006808
v -0.013544 0.247652 -0.006808
v -0.026590 0.057652 -0.007437
v -0.027785 0.057652 -0.007437
v -0.026590 0.106648 -0.007437
v -0.027785 0.106648 -0.007437
v -0.026590 0.152652 -0.007437
v -0.027785 0.152652 -0.007437
v -0.026590 0.198656 -0.007437
v -0.027785 0.198656 -0.007437
v -0.026590 0.247652 -0.007437
v -0.027785 0.247652 -0.007437
v -0.052252 0.057652 -0.003733
v -0.053447 0.057652 -0.003733
v -0.052252 0.106648 -0.003733
v -0.053447 0.106648 -0.003733
v -0.052252 0.152652 -0.003733
v -0.053447 0.152652 -0.003733
v -0.052252 0.198656 -0.003733
v -0.053447 0.198656 -0.003733
v -0.052252 0.247652 -0.003733
v -0.053447 0.247652 -0.003733
v -0.015196 0.057652 -0.007709
v -0.016391 0.057652 -0.007709
v -0.015196 0.106648 -0.007709
v -0.016391 0.106648 -0.007709
v -0.015196 0.152652 -0.007709
v -0.016391 0.152652 -0.007709
v -0.015196 0.198656 -0.007709
v -0.016391 0.198656 -0.007709
v -0.015196 0.247652 -0.007709
v -0.016391 0.247652 -0.007709
v -0.024310 0.057652 -0.007959
v -0.025505 0.057652 -0.007959
v -0.024310 0.106648 -0.007959
v -0.025505 0.106648 -0.007959
v -0.024310 0.152652 -0.007959
v -0.025505 0.152652 -0.007959
v -0.024310 0.198656 -0.007959
v -0.025505 0.198656 -0.007959
v -0.024310 0.247652 -0.007959
v -0.025505 0.247652 -0.007959
v -0.049922 0.057652 -0.010881
v -0.051117 0.057652 -0.010881
v -0.049922 0.106648 -0.010881
v -0.051117 0.106648 -0.010881
v -0.049922 0.152652 -0.010881
v -0.051117 0.152652 -0.010881
v -0.049922 0.198656 -0.010881
v -0.051117 0.198656 -0.010881
v -0.049922 0.247652 -0.010881
v -0.051117 0.247652 -0.010881
v -0.019752 0.057652 -0.008222
v -0.020947 0.057652 -0.008222
v -0.019752 0.106648 -0.008222
v -0.020947 0.106648 -0.008222
v -0.019752 0.152652 -0.008222
v -0.020947 0.152652 -0.008222
v -0.019752 0.198656 -0.008222
v -0.020947 0.198656 -0.008222
v -0.019752 0.247652 -0.008222
v -0.020947 0.247652 -0.008222
v -0.032868 0.057652 -0.004890
v -0.034063 0.057652 -0.004890
v -0.032868 0.106648 -0.004890
v -0.034063 0.106648 -0.004890
v -0.032868 0.152652 -0.004890
v -0.034063 0.152652 -0.004890
v -0.032868 0.198656 -0.004890
v -0.034063 0.198656 -0.004890
v -0.032868 0.247652 -0.004890
v -0.034063 0.247652 -0.004890
v -0.041391 0.057652 -0.009118
v -0.042586 0.057652 -0.009118
v -0.041391 0.106648 -0.009118
v -0.042586 0.106648 -0.009118
v -0.041391 0.152652 -0.009118
v -0.042586 0.152652 -0.009118
v -0.041391 0.198656 -0.009118
v -0.042586 0.198656 -0.009118
v -0.041391 0.247652 -0.009118
v -0.042586 0.247652 -0.009118
v -0.021466 0.057652 -0.006341
v -0.022661 0.057652 -0.006341
v -0.021466 0.106648 -0.006341
v -0.022661 0.106648 -0.006341
v -0.021466 0.152652 -0.006341
v -0.022661 0.152652 -0.006341
v -0.021466 0.198656 -0.006341
v -0.022661 0.198656 -0.006341
v -0.021466 0.247652 -0.006341
v -0.022661 0.247652 -0.006341
v -0.029450 0.057652 -0.004507
v -0.030645 0.057652 -0.004507
v -0.029450 0.106648 -0.004507
v -0.030645 0.106648 -0.004507
v -0.029450 0.152652 -0.004507
v -0.030645 0.152652 -0.004507
v -0.029450 0.198656 -0.004507
v -0.030645 0.198656 -0.004507
v -0.029450 0.247652 -0.004507
v -0.030645 0.247652 -0.004507
v -0.028306 0.057652 -0.005550
v -0.029501 0.057652 -0.005550
v -0.028306 0.106648 -0.005550
v -0.029501 0.106648 -0.005550
v -0.028306 0.152652 -0.005550
v -0.029501 0.152652 -0.005550
v -0.028306 0.198656 -0.005550
v -0.029501 0.198656 -0.005550
v -0.028306 0.247652 -0.005550
v -0.029501 0.247652 -0.005550
v -0.039698 0.057652 -0.006442
v -0.040893 0.057652 -0.006442
v -0.039698 0.106648 -0.006442
v -0.040893 0.106648 -0.006442
v -0.039698 0.152652 -0.006442
v -0.040893 0.152652 -0.006442
v -0.039698 0.198656 -0.006442
v -0.040893 0.198656 -0.006442
v -0.039698 0.247652 -0.006442
v -0.040893 0.247652 -0.006442
v -0.061886 0.057652 -0.010093
v -0.063081 0.057652 -0.010093
v -0.061886 0.106648 -0.010093
v -0.063081 0.106648 -0.010093
v -0.061886 0.152652 -0.010093
v -0.063081 0.152652 -0.010093
v -0.061886 0.198656 -0.010093
v -0.063081 0.198656 -0.010093
v -0.061886 0.247652 -0.010093
v -0.063081 0.247652 -0.010093
v -0.016909 0.057652 -0.005831
v -0.018104 0.057652 -0.005831
v -0.016909 0.106648 -0.005831
v -0.018104 0.106648 -0.005831
v -0.016909 0.152652 -0.005831
v -0.018104 0.152652 -0.005831
v -0.016909 0.198656 -0.005831
v -0.018104 0.198656 -0.005831
v -0.016909 0.247652 -0.005831
v -0.018104 0.247652 -0.005831
v -0.057931 0.057652 -0.006347
v -0.059125 0.057652 -0.006347
v -0.057931 0.106648 -0.006347
v -0.059125 0.106648 -0.006347
v -0.057931 0.152652 -0.006347
v -0.059125 0.152652 -0.006347
v -0.057931 0.198656 -0.006347
v -0.059125 0.198656 -0.006347
v -0.057931 0.247652 -0.006347
v -0.059125 0.247652 -0.006347
v -0.037424 0.057652 -0.005402
v -0.038619 0.057652 -0.005402
v -0.037424 0.106648 -0.005402
v -0.038619 0.106648 -0.005402
v -0.037424 0.152652 -0.005402
v -0.038619 0.152652 -0.005402
v -0.037424 0.198656 -0.005402
v -0.038619 0.198656 -0.005402
v -0.037424 0.247652 -0.005402
v -0.038619 0.247652 -0.005402
v -0.035142 0.057652 -0.005928
v -0.036337 0.057652 -0.005928
v -0.035142 0.106648 -0.005928
v -0.036337 0.106648 -0.005928
v -0.035142 0.152652 -0.005928
v -0.036337 0.152652 -0.005928
v -0.035142 0.198656 -0.005928
v -0.036337 0.198656 -0.005928
v -0.035142 0.247652 -0.005928
v -0.036337 0.247652 -0.005928
v -0.016331 0.057652 -0.009779
v -0.017526 0.057652 -0.009779
v -0.016331 0.106648 -0.009779
v -0.017526 0.106648 -0.009779
v -0.016331 0.152652 -0.009779
v -0.017526 0.152652 -0.009779
v -0.016331 0.198656 -0.009779
v -0.017526 0.198656 -0.009779
v -0.016331 0.247652 -0.009779
v -0.017526 0.247652 -0.009779
v -0.022034 0.057652 -0.006924
v -0.023229 0.057652 -0.006924
v -0.022034 0.106648 -0.006924
v -0.023229 0.106648 -0.006924
v -0.022034 0.152652 -0.006924
v -0.023229 0.152652 -0.006924
v -0.022034 0.198656 -0.006924
v -0.023229 0.198656 -0.006924
v -0.022034 0.247652 -0.006924
v -0.023229 0.247652 -0.006924
v -0.045414 0.057652 -0.003554
v -0.046608 0.057652 -0.003554
v -0.045414 0.106648 -0.003554
v -0.046608 0.106648 -0.003554
v -0.045414 0.152652 -0.003554
v -0.046608 0.152652 -0.003554
v -0.045414 0.198656 -0.003554
v -0.046608 0.198656 -0.003554
v -0.045414 0.247652 -0.003554
v -0.046608 0.247652 -0.003554
v -0.047090 0.057652 -0.008592
v -0.048285 0.057652 -0.008592
v -0.047090 0.106648 -0.008592
v -0.048285 0.106648 -0.008592
v -0.047090 0.152652 -0.008592
v -0.048285 0.152652 -0.008592
v -0.047090 0.198656 -0.008592
v -0.048285 0.198656 -0.008592
v -0.047090 0.247652 -0.008592
v -0.048285 0.247652 -0.008592
v -0.047687 0.057652 -0.004595
v -0.048882 0.057652 -0.004595
v -0.047687 0.106648 -0.004595
v -0.048882 0.106648 -0.004595
v -0.047687 0.152652 -0.004595
v -0.048882 0.152652 -0.004595
v -0.047687 0.198656 -0.004595
v -0.048882 0.198656 -0.004595
v -0.047687 0.247652 -0.004595
v -0.048882 0.247652 -0.004595
v -0.055660 0.057652 -0.005300
v -0.056855 0.057652 -0.005300
v -0.055660 0.106648 -0.005300
v -0.056855 0.106648 -0.005300
v -0.055660 0.152652 -0.005300
v -0.056855 0.152652 -0.005300
v -0.055660 0.198656 -0.005300
v -0.056855 0.198656 -0.005300
v -0.055660 0.247652 -0.005300
v -0.056855 0.247652 -0.005300
v -0.014055 0.057652 -0.008745
v -0.015250 0.057652 -0.008745
v -0.014055 0.106648 -0.008745
v -0.015250 0.106648 -0.008745
v -0.014055 0.152652 -0.008745
v -0.015250 0.152652 -0.008745
v -0.014055 0.198656 -0.008745
v -0.015250 0.198656 -0.008745
v -0.014055 0.247652 -0.008745
v -0.015250 0.247652 -0.008745
v -0.068731 0.057652 -0.008903
v -0.069926 0.057652 -0.008903
v -0.068731 0.106648 -0.008903
v -0.069926 0.106648 -0.008903
v -0.068731 0.152652 -0.008903
v -0.069926 0.152652 -0.008903
v -0.068731 0.198656 -0.008903
v -0.069926 0.198656 -0.008903
v -0.068731 0.247652 -0.008903
v -0.069926 0.247652 -0.008903
v -0.014631 0.057652 -0.004800
v -0.015826 0.057652 -0.004800
v -0.014631 0.106648 -0.004800
v -0.015826 0.106648 -0.004800
v -0.014631 0.152652 -0.004800
v -0.015826 0.152652 -0.004800
v -0.014631 0.198656 -0.004800
v -0.015826 0.198656 -0.004800
v -0.014631 0.247652 -0.004800
v -0.015826 0.247652 -0.004800
v -0.033424 0.057652 -0.007820
v -0.034619 0.057652 -0.007820
v -0.033424 0.106648 -0.007820
v -0.034619 0.106648 -0.007820
v -0.033424 0.152652 -0.007820
v -0.034619 0.152652 -0.007820
v -0.033424 0.198656 -0.007820
v -0.034619 0.198656 -0.007820
v -0.033424 0.247652 -0.007820
v -0.034619 0.247652 -0.007820
v -0.051653 0.057652 -0.007735
v -0.052848 0.057652 -0.007735
v -0.051653 0.106648 -0.007735
v -0.052848 0.106648 -0.007735
v -0.051653 0.152652 -0.007735
v -0.052848 0.152652 -0.007735
v -0.051653 0.198656 -0.007735
v -0.052848 0.198656 -0.007735
v -0.051653 0.247652 -0.007735
v -0.052848 0.247652 -0.007735
v -0.041985 0.057652 -0.005131
v -0.043179 0.057652 -0.005131
v -0.041985 0.106648 -0.005131
v -0.043179 0.106648 -0.005131
v -0.041985 0.152652 -0.005131
v -0.043179 0.152652 -0.005131
v -0.041985 0.198656 -0.005131
v -0.043179 0.198656 -0.005131
v -0.041985 0.247652 -0.005131
v -0.043179 0.247652 -0.005131
v -0.055058 0.057652 -0.009308
v -0.056253 0.057652 -0.009308
v -0.055058 0.106648 -0.009308
v -0.056253 0.106648 -0.009308
v -0.055058 0.152652 -0.009308
v -0.056253 0.152652 -0.009308
v -0.055058 0.198656 -0.009308
v -0.056253 0.198656 -0.009308
v -0.055058 0.247652 -0.009308
v -0.056253 0.247652 -0.009308
v -0.009498 0.057652 -0.009717
v -0.010692 0.057652 -0.009717
v -0.009498 0.106648 -0.009717
v -0.010692 0.106648 -0.009717
v -0.009498 0.152652 -0.009717
v -0.010692 0.152652 -0.009717
v -0.009498 0.198656 -0.009717
v -0.010692 0.198656 -0.009717
v -0.009498 0.247652 -0.009717
v -0.010692 0.247652 -0.009717
v -0.071608 0.057652 -0.005931
v -0.072803 0.057652 -0.005931
v -0.071608 0.106648 -0.005931
v -0.072803 0.106648 -0.005931
v -0.071608 0.152652 -0.005931
v -0.072803 0.152652 -0.005931
v -0.071608 0.198656 -0.005931
v -0.072803 0.198656 -0.005931
v -0.071608 0.247652 -0.005931
v -0.072803 0.247652 -0.005931
v -0.048215 0.057652 -0.010685
v -0.049410 0.057652 -0.010685
v -0.048215 0.106648 -0.010685
v -0.049410 0.106648 -0.010685
v -0.048215 0.152652 -0.010685
v -0.049410 0.152652 -0.010685
v -0.048215 0.198656 -0.010685
v -0.049410 0.198656 -0.010685
v -0.048215 0.247652 -0.010685
v -0.049410 0.247652 -0.010685
v -0.048812 0.057652 -0.006690
v -0.050007 0.057652 -0.006690
v -0.048812 0.106648 -0.006690
v -0.050007 0.106648 -0.006690
v -0.048812 0.152652 -0.006690
v -0.050007 0.152652 -0.006690
v -0.048812 0.198656 -0.006690
v -0.050007 0.198656 -0.006690
v -0.048812 0.247652 -0.006690
v -0.050007 0.247652 -0.006690
v -0.043131 0.057652 -0.004083
v -0.044325 0.057652 -0.004083
v -0.043131 0.106648 -0.004083
v -0.044325 0.106648 -0.004083
v -0.043131 0.152652 -0.004083
v -0.044325 0.152652 -0.004083
v -0.043131 0.198656 -0.004083
v -0.044325 0.198656 -0.004083
v -0.043131 0.247652 -0.004083
v -0.044325 0.247652 -0.004083
v -0.020885 0.057652 -0.010297
v -0.022080 0.057652 -0.010297
v -0.020885 0.106648 -0.010297
v -0.022080 0.106648 -0.010297
v -0.020885 0.152652 -0.010297
v -0.022080 0.152652 -0.010297
v -0.020885 0.198656 -0.010297
v -0.022080 0.198656 -0.010297
v -0.020885 0.247652 -0.010297
v -0.022080 0.247652 -0.010297
v -0.026025 0.057652 -0.006074
v -0.027220 0.057652 -0.006074
v -0.026025 0.106648 -0.006074
v -0.027220 0.106648 -0.006074
v -0.026025 0.152652 -0.006074
v -0.027220 0.152652 -0.006074
v -0.026025 0.198656 -0.006074
v -0.027220 0.198656 -0.006074
v -0.026025 0.247652 -0.006074
v -0.027220 0.247652 -0.006074
v -0.035705 0.057652 -0.007296
v -0.036900 0.057652 -0.007296
v -0.035705 0.106648 -0.007296
v -0.036900 0.106648 -0.007296
v -0.035705 0.152652 -0.007296
v -0.036900 0.152652 -0.007296
v -0.035705 0.198656 -0.007296
v -0.036900 0.198656 -0.007296
v -0.035705 0.247652 -0.007296
v -0.036900 0.247652 -0.007296
v -0.063654 0.057652 -0.003442
v -0.064849 0.057652 -0.003442
v -0.063654 0.106648 -0.003442
v -0.064849 0.106648 -0.003442
v -0.063654 0.152652 -0.003442
v -0.064849 0.152652 -0.003442
v -0.063654 0.198656 -0.003442
v -0.064849 0.198656 -0.003442
v -0.063654 0.247652 -0.003442
v -0.064849 0.247652 -0.003442
v -0.046540 0.057652 -0.005645
v -0.047735 0.057652 -0.005645
v -0.046540 0.106648 -0.005645
v -0.047735 0.106648 -0.005645
v -0.046540 0.152652 -0.005645
v -0.047735 0.152652 -0.005645
v -0.046540 0.198656 -0.005645
v -0.047735 0.198656 -0.005645
v -0.046540 0.247652 -0.005645
v -0.047735 0.247652 -0.005645
v -0.019189 0.057652 -0.005308
v -0.020384 0.057652 -0.005308
v -0.019189 0.106648 -0.005308
v -0.020384 0.106648 -0.005308
v -0.019189 0.152652 -0.005308
v -0.020384 0.152652 -0.005308
v -0.019189 0.198656 -0.005309
v -0.020384 0.198656 -0.005309
v -0.019189 0.247652 -0.005309
v -0.020384 0.247652 -0.005309
v -0.058495 0.057652 -0.006939
v -0.059690 0.057652 -0.006939
v -0.058495 0.106648 -0.006939
v -0.059690 0.106648 -0.006939
v -0.058495 0.152652 -0.006939
v -0.059690 0.152652 -0.006939
v -0.058495 0.198656 -0.006939
v -0.059690 0.198656 -0.006939
v -0.058495 0.247652 -0.006939
v -0.059690 0.247652 -0.006939
v -0.030581 0.057652 -0.006586
v -0.031776 0.057652 -0.006586
v -0.030581 0.106648 -0.006586
v -0.031776 0.106648 -0.006586
v -0.030581 0.152652 -0.006586
v -0.031776 0.152652 -0.006586
v -0.030581 0.198656 -0.006586
v -0.031776 0.198656 -0.006586
v -0.030581 0.247652 -0.006586
v -0.031776 0.247652 -0.006586
v -0.034013 0.057652 -0.003845
v -0.035207 0.057652 -0.003845
v -0.034013 0.106648 -0.003845
v -0.035207 0.106648 -0.003845
v -0.034013 0.152652 -0.003845
v -0.035207 0.152652 -0.003845
v -0.034013 0.198656 -0.003845
v -0.035207 0.198656 -0.003845
v -0.034013 0.247652 -0.003845
v -0.035207 0.247652 -0.003845
v -0.007219 0.057652 -0.010235
v -0.008414 0.057652 -0.010235
v -0.007219 0.106648 -0.010235
v -0.008414 0.106648 -0.010235
v -0.007219 0.152652 -0.010235
v -0.008414 0.152652 -0.010235
v -0.007219 0.198656 -0.010235
v -0.008414 0.198656 -0.010235
v -0.007219 0.247652 -0.010235
v -0.008414 0.247652 -0.010235
v -0.013481 0.057652 -0.010817
v -0.014676 0.057652 -0.010817
v -0.013481 0.106648 -0.010817
v -0.014676 0.106648 -0.010817
v -0.013481 0.152652 -0.010817
v -0.014676 0.152652 -0.010817
v -0.013481 0.198656 -0.010817
v -0.014676 0.198656 -0.010817
v -0.013481 0.247652 -0.010817
v -0.014676 0.247652 -0.010817
v -0.072164 0.057652 -0.007316
v -0.073359 0.057652 -0.007316
v -0.072164 0.106648 -0.007316
v -0.073359 0.106648 -0.007316
v -0.072164 0.152652 -0.007316
v -0.073359 0.152652 -0.007316
v -0.072164 0.198656 -0.007316
v -0.073359 0.198656 -0.007316
v -0.072164 0.247652 -0.007316
v -0.073359 0.247652 -0.007316
v -0.062491 0.057652 -0.006077
v -0.063686 0.057652 -0.006077
v -0.062491 0.106648 -0.006077
v -0.063686 0.106648 -0.006077
v -0.062491 0.152652 -0.006077
v -0.063686 0.152652 -0.006077
v -0.062491 0.198656 -0.006077
v -0.063686 0.198656 -0.006077
v -0.062491 0.247652 -0.006077
v -0.063686 0.247652 -0.006077
v -0.027722 0.057652 -0.009515
v -0.028916 0.057652 -0.009515
v -0.027722 0.106648 -0.009515
v -0.028916 0.106648 -0.009515
v -0.027722 0.152652 -0.009515
v -0.028916 0.152652 -0.009515
v -0.027722 0.198656 -0.009515
v -0.028916 0.198656 -0.009515
v -0.027722 0.247652 -0.009515
v -0.028916 0.247652 -0.009515
v -0.040264 0.057652 -0.007029
v -0.041459 0.057652 -0.007029
v -0.040264 0.106648 -0.007029
v -0.041459 0.106648 -0.007029
v -0.040264 0.152652 -0.007029
v -0.041459 0.152652 -0.007029
v -0.040264 0.198656 -0.007029
v -0.041459 0.198656 -0.007029
v -0.040264 0.247652 -0.007029
v -0.041459 0.247652 -0.007029
v -0.040857 0.057652 -0.003044
v -0.042051 0.057652 -0.003044
v -0.040857 0.106648 -0.003044
v -0.042051 0.106648 -0.003044
v -0.040857 0.152652 -0.003044
v -0.042051 0.152652 -0.003044
v -0.040857 0.198656 -0.003044
v -0.042051 0.198656 -0.003044
v -0.040857 0.247652 -0.003044
v -0.042051 0.247652 -0.003044
v -0.056206 0.057652 -0.008256
v -0.057400 0.057652 -0.008256
v -0.056206 0.106648 -0.008256
v -0.057400 0.106648 -0.008256
v -0.056206 0.152652 -0.008256
v -0.057400 0.152652 -0.008256
v -0.056206 0.198656 -0.008256
v -0.057400 0.198656 -0.008256
v -0.056206 0.247652 -0.008256
v -0.057400 0.247652 -0.008256
v -0.023749 0.057652 -0.005040
v -0.024944 0.057652 -0.005040
v -0.023749 0.106648 -0.005040
v -0.024944 0.106648 -0.005040
v -0.023749 0.152652 -0.005040
v -0.024944 0.152652 -0.005040
v -0.023749 0.198656 -0.005040
v -0.024944 0.198656 -0.005040
v -0.023749 0.247652 -0.005040
v -0.024944 0.247652 -0.005040
v -0.056808 0.057652 -0.004246
v -0.058003 0.057652 -0.004246
v -0.056808 0.106648 -0.004246
v -0.058003 0.106648 -0.004246
v -0.056808 0.152652 -0.004246
v -0.058003 0.152652 -0.004246
v -0.056808 0.198656 -0.004246
v -0.058003 0.198656 -0.004246
v -0.056808 0.247652 -0.004246
v -0.058003 0.247652 -0.004246
v -0.007792 0.057652 -0.006298
v -0.008986 0.057652 -0.006298
v -0.007792 0.106648 -0.006298
v -0.008986 0.106648 -0.006298
v -0.007792 0.152652 -0.006298
v -0.008986 0.152652 -0.006298
v -0.007792 0.198656 -0.006298
v -0.008986 0.198656 -0.006298
v -0.007792 0.247652 -0.006298
v -0.008986 0.247652 -0.006298
v -0.031701 0.057652 -0.010947
v -0.032896 0.057652 -0.010947
v -0.031701 0.106648 -0.010947
v -0.032896 0.106648 -0.010947
v -0.031701 0.152652 -0.010947
v -0.032896 0.152652 -0.010947
v -0.031701 0.198656 -0.010947
v -0.032896 0.198656 -0.010947
v -0.031701 0.247652 -0.010947
v -0.032896 0.247652 -0.010947
v -0.070489 0.057652 -0.003821
v -0.071684 0.057652 -0.003821
v -0.070489 0.106648 -0.003821
v -0.071684 0.106648 -0.003821
v -0.070489 0.152652 -0.003821
v -0.071684 0.152652 -0.003821
v -0.070489 0.198656 -0.003821
v -0.071684 0.198656 -0.003821
v -0.070489 0.247652 -0.003821
v -0.071684 0.247652 -0.003821
v -0.050506 0.057652 -0.008786
v -0.051701 0.057652 -0.008786
v -0.050506 0.106648 -0.008786
v -0.051701 0.106648 -0.008786
v -0.050506 0.152652 -0.008786
v -0.051701 0.152652 -0.008786
v -0.050506 0.198656 -0.008786
v -0.051701 0.198656 -0.008786
v -0.050506 0.247652 -0.008786
v -0.051701 0.247652 -0.008786
v -0.024892 0.057652 -0.003998
v -0.026087 0.057652 -0.003998
v -0.024892 0.106648 -0.003998
v -0.026087 0.106648 -0.003998
v -0.024892 0.152652 -0.003998
v -0.026087 0.152652 -0.003998
v -0.024892 0.198656 -0.003998
v -0.026087 0.198656 -0.003998
v -0.024892 0.247652 -0.003998
v -0.026087 0.247652 -0.003998
v -0.077666 0.057652 -0.002088
v -0.076471 0.057652 -0.002088
v -0.077666 0.106648 -0.002088
v -0.076471 0.106648 -0.002088
v -0.077666 0.152652 -0.002088
v -0.076471 0.152652 -0.002088
v -0.077666 0.198656 -0.002088
v -0.076471 0.198656 -0.002088
v -0.077666 0.247652 -0.002088
v -0.076471 0.247652 -0.002088
v -0.078917 0.057652 -0.001652
v -0.077722 0.057652 -0.001652
v -0.078917 0.106648 -0.001652
v -0.077722 0.106648 -0.001652
v -0.078917 0.152652 -0.001652
v -0.077722 0.152652 -0.001652
v -0.078917 0.198656 -0.001652
v -0.077722 0.198656 -0.001652
v -0.078917 0.247652 -0.001652
v -0.077722 0.247652 -0.001652
v -0.073094 0.057652 -0.002422
v -0.074289 0.057652 -0.002422
v -0.073094 0.106648 -0.002422
v -0.074289 0.106648 -0.002422
v -0.073094 0.152652 -0.002422
v -0.074289 0.152652 -0.002422
v -0.073094 0.198656 -0.002422
v -0.074289 0.198656 -0.002422
v -0.073094 0.247652 -0.002422
v -0.074289 0.247652 -0.002422
v -0.078983 0.057652 -0.000266
v -0.077788 0.057652 -0.000266
v -0.078983 0.106648 -0.000266
v -0.077788 0.106648 -0.000266
v -0.078983 0.152652 -0.000266
v -0.077788 0.152652 -0.000266
v -0.078983 0.198656 -0.000266
v -0.077788 0.198656 -0.000266
v -0.078983 0.247652 -0.000266
v -0.077788 0.247652 -0.000266
v 0.080850 0.057652 -0.002953
v 0.079655 0.057652 -0.002953
v 0.080850 0.106648 -0.002953
v 0.079655 0.106648 -0.002953
v 0.080850 0.152652 -0.002953
v 0.079655 0.152652 -0.002953
v 0.080850 0.198656 -0.002953
v 0.079655 0.198656 -0.002953
v 0.080850 0.247652 -0.002953
v 0.079655 0.247652 -0.002953
v 0.073509 0.057652 -0.010543
v 0.072315 0.057652 -0.010543
v 0.073509 0.106648 -0.010543
v 0.072315 0.106648 -0.010543
v 0.073509 0.152652 -0.010543
v 0.072315 0.152652 -0.010543
v 0.073509 0.198656 -0.010543
v 0.072315 0.198656 -0.010543
v 0.073509 0.247652 -0.010543
v 0.072315 0.247652 -0.010543
v 0.074153 0.057652 -0.008656
v 0.072959 0.057652 -0.008656
v 0.074153 0.106648 -0.008656
v 0.072959 0.106648 -0.008656
v 0.074153 0.152652 -0.008656
v 0.072959 0.152652 -0.008656
v 0.074153 0.198656 -0.008656
v 0.072959 0.198656 -0.008656
v 0.074153 0.247652 -0.008656
v 0.072959 0.247652 -0.008656
v 0.075983 0.057652 -0.008242
v 0.074788 0.057652 -0.008242
v 0.075983 0.106648 -0.008242
v 0.074788 0.106648 -0.008242
v 0.075983 0.152652 -0.008242
v 0.074788 0.152652 -0.008242
v 0.075983 0.198656 -0.008242
v 0.074788 0.198656 -0.008242
v 0.075983 0.247652 -0.008242
v 0.074788 0.247652 -0.008242
v 0.078827 0.057652 -0.005200
v 0.077632 0.057652 -0.005200
v 0.078827 0.106648 -0.005200
v 0.077632 0.106648 -0.005200
v 0.078827 0.152652 -0.005200
v 0.077632 0.152652 -0.005200
v 0.078827 0.198656 -0.005200
v 0.077632 0.198656 -0.005200
v 0.078827 0.247652 -0.005200
v 0.077632 0.247652 -0.005200
v 0.073960 0.057652 -0.010488
v 0.072766 0.057652 -0.010488
v 0.073960 0.106648 -0.010488
v 0.072766 0.106648 -0.010488
v 0.073960 0.152652 -0.010488
v 0.072766 0.152652 -0.010488
v 0.073960 0.198656 -0.010488
v 0.072766 0.198656 -0.010488
v 0.073960 0.247652 -0.010488
v 0.072766 0.247652 -0.010488
v 0.074951 0.057652 -0.005113
v 0.073756 0.057652 -0.005113
v 0.074951 0.106648 -0.005113
v 0.073756 0.106648 -0.005113
v 0.074951 0.152652 -0.005113
v 0.073756 0.152652 -0.005113
v 0.074951 0.198656 -0.005113
v 0.073756 0.198656 -0.005113
v 0.074951 0.247652 -0.005113
v 0.073756 0.247652 -0.005113
v 0.079589 0.057652 -0.004019
v 0.078394 0.057652 -0.004019
v 0.079589 0.106648 -0.004019
v 0.078394 0.106648 -0.004019
v 0.079589 0.152652 -0.004019
v 0.078394 0.152652 -0.004019
v 0.079589 0.198656 -0.004019
v 0.078394 0.198656 -0.004019
v 0.079589 0.247652 -0.004019
v 0.078394 0.247652 -0.004019
v 0.074726 0.057652 -0.008921
v 0.073531 0.057652 -0.008921
v 0.074726 0.106648 -0.008921
v 0.073531 0.106648 -0.008921
v 0.074726 0.152652 -0.008921
v 0.073531 0.152652 -0.008921
v 0.074726 0.198656 -0.008921
v 0.073531 0.198656 -0.008921
v 0.074726 0.247652 -0.008921
v 0.073531 0.247652 -0.008921
v 0.076246 0.057652 -0.006946
v 0.075051 0.057652 -0.006946
v 0.076246 0.106648 -0.006946
v 0.075051 0.106648 -0.006946
v 0.076246 0.152652 -0.006946
v 0.075051 0.152652 -0.006946
v 0.076246 0.198656 -0.006946
v 0.075051 0.198656 -0.006946
v 0.076246 0.247652 -0.006946
v 0.075051 0.247652 -0.006946
v 0.077743 0.057652 -0.005980
v 0.076549 0.057652 -0.005980
v 0.077743 0.106648 -0.005980
v 0.076549 0.106648 -0.005980
v 0.077743 0.152652 -0.005980
v 0.076549 0.152652 -0.005980
v 0.077743 0.198656 -0.005980
v 0.076549 0.198656 -0.005980
v 0.077743 0.247652 -0.005980
v 0.076549 0.247652 -0.005980
v 0.078757 0.057652 -0.004664
v 0.077562 0.057652 -0.004664
v 0.078757 0.106648 -0.004664
v 0.077562 0.106648 -0.004664
v 0.078757 0.152652 -0.004664
v 0.077562 0.152652 -0.004664
v 0.078757 0.198656 -0.004664
v 0.077562 0.198656 -0.004664
v 0.078757 0.247652 -0.004664
v 0.077562 0.247652 -0.004664
v 0.079090 0.057652 -0.003904
v 0.077895 0.057652 -0.003904
v 0.079090 0.106648 -0.003904
v 0.077895 0.106648 -0.003904
v 0.079090 0.152652 -0.003904
v 0.077895 0.152652 -0.003904
v 0.079090 0.198656 -0.003904
v 0.077895 0.198656 -0.003904
v 0.079090 0.247652 -0.003904
v 0.077895 0.247652 -0.003904
v 0.075414 0.057652 -0.007591
v 0.074220 0.057652 -0.007591
v 0.075414 0.106648 -0.007591
v 0.074220 0.106648 -0.007591
v 0.075414 0.152652 -0.007591
v 0.074220 0.152652 -0.007591
v 0.075414 0.198656 -0.007591
v 0.074220 0.198656 -0.007591
v 0.075414 0.247652 -0.007591
v 0.074220 0.247652 -0.007591
v 0.078517 0.057652 -0.003639
v 0.077322 0.057652 -0.003639
v 0.078517 0.106648 -0.003639
v 0.077322 0.106648 -0.003639
v 0.078517 0.152652 -0.003639
v 0.077322 0.152652 -0.003639
v 0.078517 0.198656 -0.003639
v 0.077322 0.198656 -0.003639
v 0.078517 0.247652 -0.003639
v 0.077322 0.247652 -0.003639
v 0.029257 0.057652 -0.002598
v 0.028062 0.057652 -0.002598
v 0.029257 0.106648 -0.002598
v 0.028062 0.106648 -0.002598
v 0.029257 0.152652 -0.002598
v 0.028062 0.152652 -0.002598
v 0.029257 0.198656 -0.002598
v 0.028062 0.198656 -0.002598
v 0.029257 0.247652 -0.002598
v 0.028062 0.247652 -0.002598
v 0.057207 0.057652 -0.000288
v 0.056012 0.057652 -0.000288
v 0.057207 0.106648 -0.000288
v 0.056012 0.106648 -0.000288
v 0.057207 0.152652 -0.000288
v 0.056012 0.152652 -0.000288
v 0.057207 0.198656 -0.000288
v 0.056012 0.198656 -0.000288
v 0.057207 0.247652 -0.000288
v 0.056012 0.247652 -0.000288
v 0.033817 0.057652 -0.002679
v 0.032622 0.057652 -0.002679
v 0.033817 0.106648 -0.002679
v 0.032622 0.106648 -0.002679
v 0.033817 0.152652 -0.002679
v 0.032622 0.152652 -0.002679
v 0.033817 0.198656 -0.002679
v 0.032622 0.198656 -0.002679
v 0.033817 0.247652 -0.002679
v 0.032622 0.247652 -0.002679
v 0.036679 0.057652 -0.000153
v 0.035484 0.057652 -0.000153
v 0.036679 0.106648 -0.000153
v 0.035484 0.106648 -0.000153
v 0.036679 0.152652 -0.000153
v 0.035484 0.152652 -0.000153
v 0.036679 0.198656 -0.000153
v 0.035484 0.198656 -0.000153
v 0.036679 0.247652 -0.000153
v 0.035484 0.247652 -0.000153
v 0.008736 0.057652 -0.002437
v 0.007541 0.057652 -0.002437
v 0.008736 0.106648 -0.002437
v 0.007541 0.106648 -0.002437
v 0.008736 0.152652 -0.002437
v 0.007541 0.152652 -0.002437
v 0.008736 0.198656 -0.002437
v 0.007541 0.198656 -0.002437
v 0.008736 0.247652 -0.002437
v 0.007541 0.247652 -0.002437
v 0.054927 0.057652 -0.000105
v 0.053732 0.057652 -0.000105
v 0.054927 0.106648 -0.000105
v 0.053732 0.106648 -0.000105
v 0.054927 0.152652 -0.000105
v 0.053732 0.152652 -0.000105
v 0.054927 0.198656 -0.000105
v 0.053732 0.198656 -0.000105
v 0.054927 0.247652 -0.000105
v 0.053732 0.247652 -0.000105
v 0.006455 0.057652 -0.002821
v 0.005260 0.057652 -0.002821
v 0.006455 0.106648 -0.002821
v 0.005260 0.106648 -0.002821
v 0.006455 0.152652 -0.002821
v 0.005260 0.152652 -0.002821
v 0.006455 0.198656 -0.002821
v 0.005260 0.198656 -0.002821
v 0.006455 0.247652 -0.002821
v 0.005260 0.247652 -0.002821
v 0.040660 0.057652 -0.002109
v 0.039466 0.057652 -0.002109
v 0.040660 0.106648 -0.002109
v 0.039466 0.106648 -0.002109
v 0.040660 0.152652 -0.002109
v 0.039466 0.152652 -0.002109
v 0.040660 0.198656 -0.002109
v 0.039466 0.198656 -0.002109
v 0.040660 0.247652 -0.002109
v 0.039466 0.247652 -0.002109
v 0.003605 0.057652 -0.000752
v 0.002411 0.057652 -0.000752
v 0.003605 0.106648 -0.000752
v 0.002411 0.106648 -0.000752
v 0.003605 0.152652 -0.000752
v 0.002411 0.152652 -0.000752
v 0.003605 0.198656 -0.000752
v 0.002411 0.198656 -0.000752
v 0.003605 0.247652 -0.000752
v 0.002411 0.247652 -0.000752
v 0.052644 0.057652 -0.000471
v 0.051449 0.057652 -0.000471
v 0.052644 0.106648 -0.000471
v 0.051449 0.106648 -0.000471
v 0.052644 0.152652 -0.000471
v 0.051449 0.152652 -0.000471
v 0.052644 0.198656 -0.000471
v 0.051449 0.198656 -0.000471
v 0.052644 0.247652 -0.000471
v 0.051449 0.247652 -0.000471
v 0.020137 0.057652 -0.002505
v 0.018942 0.057652 -0.002505
v 0.020137 0.106648 -0.002505
v 0.018942 0.106648 -0.002505
v 0.020137 0.152652 -0.002505
v 0.018942 0.152652 -0.002505
v 0.020137 0.198656 -0.002505
v 0.018942 0.198656 -0.002505
v 0.020137 0.247652 -0.002505
v 0.018942 0.247652 -0.002505
v 0.001895 0.057652 -0.002594
v 0.000700 0.057652 -0.002594
v 0.001895 0.106648 -0.002594
v 0.000700 0.106648 -0.002594
v 0.001895 0.152652 -0.002594
v 0.000700 0.152652 -0.002594
v 0.001895 0.198656 -0.002594
v 0.000700 0.198656 -0.002594
v 0.001895 0.247652 -0.002594
v 0.000700 0.247652 -0.002594
v 0.030400 0.057652 -0.001851
v 0.029205 0.057652 -0.001851
v 0.030400 0.106648 -0.001851
v 0.029205 0.106648 -0.001851
v 0.030400 0.152652 -0.001851
v 0.029205 0.152652 -0.001851
v 0.030400 0.198656 -0.001851
v 0.029205 0.198656 -0.001851
v 0.030400 0.247652 -0.001851
v 0.029205 0.247652 -0.001851
v 0.028120 0.057652 -0.001669
v 0.026926 0.057652 -0.001669
v 0.028120 0.106648 -0.001669
v 0.026926 0.106648 -0.001669
v 0.028120 0.152652 -0.001669
v 0.026926 0.152652 -0.001669
v 0.028120 0.198656 -0.001669
v 0.026926 0.198656 -0.001669
v 0.028120 0.247652 -0.001669
v 0.026926 0.247652 -0.001669
v 0.067466 0.057652 -0.000800
v 0.066271 0.057652 -0.000800
v 0.067466 0.106648 -0.000800
v 0.066271 0.106648 -0.000800
v 0.067466 0.152652 -0.000800
v 0.066271 0.152652 -0.000800
v 0.067466 0.198656 -0.000800
v 0.066271 0.198656 -0.000800
v 0.067466 0.247652 -0.000800
v 0.066271 0.247652 -0.000800
v 0.003035 0.057652 -0.001827
v 0.001840 0.057652 -0.001827
v 0.003035 0.106648 -0.001827
v 0.001840 0.106648 -0.001827
v 0.003035 0.152652 -0.001827
v 0.001840 0.152652 -0.001827
v 0.003035 0.198656 -0.001827
v 0.001840 0.198656 -0.001827
v 0.003035 0.247652 -0.001827
v 0.001840 0.247652 -0.001827
v 0.054341 0.057652 -0.002216
v 0.053147 0.057652 -0.002216
v 0.054341 0.106648 -0.002216
v 0.053147 0.106648 -0.002216
v 0.054341 0.152652 -0.002216
v 0.053147 0.152652 -0.002216
v 0.054341 0.198656 -0.002216
v 0.053147 0.198656 -0.002216
v 0.054341 0.247652 -0.002216
v 0.053147 0.247652 -0.002216
v 0.012728 0.057652 -0.000792
v 0.011533 0.057652 -0.000792
v 0.012728 0.106648 -0.000792
v 0.011533 0.106648 -0.000792
v 0.012728 0.152652 -0.000792
v 0.011533 0.152652 -0.000792
v 0.012728 0.198656 -0.000792
v 0.011533 0.198656 -0.000792
v 0.012728 0.247652 -0.000792
v 0.011533 0.247652 -0.000792
v 0.009877 0.057652 -0.001674
v 0.008682 0.057652 -0.001674
v 0.009877 0.106648 -0.001674
v 0.008682 0.106648 -0.001674
v 0.009877 0.152652 -0.001674
v 0.008682 0.152652 -0.001674
v 0.009877 0.198656 -0.001674
v 0.008682 0.198656 -0.001674
v 0.009877 0.247652 -0.001674
v 0.008682 0.247652 -0.001674
v 0.011588 0.057652 -0.000414
v 0.010394 0.057652 -0.000414
v 0.011588 0.106648 -0.000414
v 0.010394 0.106648 -0.000414
v 0.011588 0.152652 -0.000414
v 0.010394 0.152652 -0.000414
v 0.011588 0.198656 -0.000414
v 0.010394 0.198656 -0.000414
v 0.011588 0.247652 -0.000414
v 0.010394 0.247652 -0.000414
v 0.049781 0.057652 -0.002135
v 0.048587 0.057652 -0.002135
v 0.049781 0.106648 -0.002135
v 0.048587 0.106648 -0.002135
v 0.049781 0.152652 -0.002135
v 0.048587 0.152652 -0.002135
v 0.049781 0.198656 -0.002135
v 0.048587 0.198656 -0.002135
v 0.049781 0.247652 -0.002135
v 0.048587 0.247652 -0.002135
v 0.072583 0.057652 -0.002245
v 0.071389 0.057652 -0.002245
v 0.072583 0.106648 -0.002245
v 0.071389 0.106648 -0.002245
v 0.072583 0.152652 -0.002245
v 0.071389 0.152652 -0.002245
v 0.072583 0.198656 -0.002245
v 0.071389 0.198656 -0.002245
v 0.072583 0.247652 -0.002245
v 0.071389 0.247652 -0.002245
v 0.068613 0.057652 -0.000082
v 0.067418 0.057652 -0.000082
v 0.068613 0.106648 -0.000082
v 0.067418 0.106648 -0.000082
v 0.068613 0.152652 -0.000082
v 0.067418 0.152652 -0.000082
v 0.068613 0.198656 -0.000082
v 0.067418 0.198656 -0.000082
v 0.068613 0.247652 -0.000082
v 0.067418 0.247652 -0.000082
v 0.069742 0.057652 -0.001245
v 0.068548 0.057652 -0.001245
v 0.069742 0.106648 -0.001245
v 0.068548 0.106648 -0.001245
v 0.069742 0.152652 -0.001245
v 0.068548 0.152652 -0.001245
v 0.069742 0.198656 -0.001245
v 0.068548 0.198656 -0.001245
v 0.069742 0.247652 -0.001245
v 0.068548 0.247652 -0.001245
v 0.021851 0.057652 -0.000692
v 0.020657 0.057652 -0.000692
v 0.021851 0.106648 -0.000692
v 0.020657 0.106648 -0.000692
v 0.021851 0.152652 -0.000692
v 0.020657 0.152652 -0.000692
v 0.021851 0.198656 -0.000692
v 0.020657 0.198656 -0.000692
v 0.021851 0.247652 -0.000692
v 0.020657 0.247652 -0.000692
v 0.034961 0.057652 -0.001936
v 0.033766 0.057652 -0.001936
v 0.034961 0.106648 -0.001936
v 0.033766 0.106648 -0.001936
v 0.034961 0.152652 -0.001936
v 0.033766 0.152652 -0.001936
v 0.034961 0.198656 -0.001936
v 0.033766 0.198656 -0.001936
v 0.034961 0.247652 -0.001936
v 0.033766 0.247652 -0.001936
v 0.018999 0.057652 -0.001565
v 0.017804 0.057652 -0.001565
v 0.018999 0.106648 -0.001565
v 0.017804 0.106648 -0.001565
v 0.018999 0.152652 -0.001565
v 0.017804 0.152652 -0.001565
v 0.018999 0.198656 -0.001565
v 0.017804 0.198656 -0.001565
v 0.018999 0.247652 -0.001565
v 0.017804 0.247652 -0.001565
v 0.061178 0.057652 -0.002721
v 0.059983 0.057652 -0.002721
v 0.061178 0.106648 -0.002721
v 0.059983 0.106648 -0.002721
v 0.061178 0.152652 -0.002721
v 0.059983 0.152652 -0.002721
v 0.061178 0.198656 -0.002721
v 0.059983 0.198656 -0.002721
v 0.061178 0.247652 -0.002721
v 0.059983 0.247652 -0.002721
v 0.064608 0.057652 -0.001633
v 0.063413 0.057652 -0.001633
v 0.064608 0.106648 -0.001633
v 0.063413 0.106648 -0.001633
v 0.064608 0.152652 -0.001633
v 0.063413 0.152652 -0.001633
v 0.064608 0.198656 -0.001633
v 0.063413 0.198656 -0.001633
v 0.064608 0.247652 -0.001633
v 0.063413 0.247652 -0.001633
v 0.047499 0.057652 -0.002506
v 0.046304 0.057652 -0.002506
v 0.047499 0.106648 -0.002506
v 0.046304 0.106648 -0.002506
v 0.047499 0.152652 -0.002506
v 0.046304 0.152652 -0.002506
v 0.047499 0.198656 -0.002506
v 0.046304 0.198656 -0.002506
v 0.047499 0.247652 -0.002506
v 0.046304 0.247652 -0.002506
v 0.050366 0.057652 -0.000014
v 0.049171 0.057652 -0.000014
v 0.050366 0.106648 -0.000014
v 0.049171 0.106648 -0.000014
v 0.050366 0.152652 -0.000014
v 0.049171 0.152652 -0.000014
v 0.050366 0.198656 -0.000014
v 0.049171 0.198656 -0.000014
v 0.050366 0.247652 -0.000014
v 0.049171 0.247652 -0.000014
v 0.012157 0.057652 -0.001860
v 0.010962 0.057652 -0.001860
v 0.012157 0.106648 -0.001860
v 0.010962 0.106648 -0.001860
v 0.012157 0.152652 -0.001860
v 0.010962 0.152652 -0.001860
v 0.012157 0.198656 -0.001860
v 0.010962 0.198656 -0.001860
v 0.012157 0.247652 -0.001860
v 0.010962 0.247652 -0.001860
v 0.070890 0.057652 -0.000529
v 0.069695 0.057652 -0.000529
v 0.070890 0.106648 -0.000529
v 0.069695 0.106648 -0.000529
v 0.070890 0.152652 -0.000529
v 0.069695 0.152652 -0.000529
v 0.070890 0.198656 -0.000529
v 0.069695 0.198656 -0.000529
v 0.070890 0.247652 -0.000529
v 0.069695 0.247652 -0.000529
v 0.061766 0.057652 -0.000625
v 0.060571 0.057652 -0.000625
v 0.061766 0.106648 -0.000625
v 0.060571 0.106648 -0.000625
v 0.061766 0.152652 -0.000625
v 0.060571 0.152652 -0.000625
v 0.061766 0.198656 -0.000625
v 0.060571 0.198656 -0.000625
v 0.061766 0.247652 -0.000625
v 0.060571 0.247652 -0.000625
v 0.042937 0.057652 -0.002701
v 0.041743 0.057652 -0.002701
v 0.042937 0.106648 -0.002701
v 0.041743 0.106648 -0.002701
v 0.042937 0.152652 -0.002701
v 0.041743 0.152652 -0.002701
v 0.042937 0.198656 -0.002701
v 0.041743 0.198656 -0.002701
v 0.042937 0.247652 -0.002701
v 0.041743 0.247652 -0.002701
v 0.038378 0.057652 -0.002483
v 0.037184 0.057652 -0.002483
v 0.038378 0.106648 -0.002483
v 0.037184 0.106648 -0.002483
v 0.038378 0.152652 -0.002483
v 0.037184 0.152652 -0.002483
v 0.038378 0.198656 -0.002483
v 0.037184 0.198656 -0.002483
v 0.038378 0.247652 -0.002483
v 0.037184 0.247652 -0.002483
v 0.028692 0.057652 -0.001178
v 0.027497 0.057652 -0.001178
v 0.028692 0.106648 -0.001178
v 0.027497 0.106648 -0.001178
v 0.028692 0.152652 -0.001178
v 0.027497 0.152652 -0.001178
v 0.028692 0.198656 -0.001178
v 0.027497 0.198656 -0.001178
v 0.028692 0.247652 -0.001178
v 0.027497 0.247652 -0.001178
v 0.045803 0.057652 -0.000198
v 0.044608 0.057652 -0.000198
v 0.045803 0.106648 -0.000198
v 0.044608 0.106648 -0.000198
v 0.045803 0.152652 -0.000198
v 0.044608 0.152652 -0.000198
v 0.045803 0.198656 -0.000198
v 0.044608 0.198656 -0.000198
v 0.045803 0.247652 -0.000198
v 0.044608 0.247652 -0.000198
v 0.026978 0.057652 -0.002418
v 0.025783 0.057652 -0.002418
v 0.026978 0.106648 -0.002418
v 0.025783 0.106648 -0.002418
v 0.026978 0.152652 -0.002418
v 0.025783 0.152652 -0.002418
v 0.026978 0.198656 -0.002418
v 0.025783 0.198656 -0.002418
v 0.026978 0.247652 -0.002418
v 0.025783 0.247652 -0.002418
v 0.036099 0.057652 -0.002303
v 0.034904 0.057652 -0.002303
v 0.036099 0.106648 -0.002303
v 0.034904 0.106648 -0.002303
v 0.036099 0.152652 -0.002303
v 0.034904 0.152652 -0.002303
v 0.036099 0.198656 -0.002303
v 0.034904 0.198656 -0.002303
v 0.036099 0.247652 -0.002303
v 0.034904 0.247652 -0.002303
v 0.018432 0.057652 -0.000131
v 0.017237 0.057652 -0.000131
v 0.018432 0.106648 -0.000131
v 0.017237 0.106648 -0.000131
v 0.018432 0.152652 -0.000131
v 0.017237 0.152652 -0.000131
v 0.018432 0.198656 -0.000131
v 0.017237 0.198656 -0.000131
v 0.018432 0.247652 -0.000131
v 0.017237 0.247652 -0.000131
v 0.069170 0.057652 -0.001447
v 0.067976 0.057652 -0.001447
v 0.069170 0.106648 -0.001447
v 0.067976 0.106648 -0.001447
v 0.069170 0.152652 -0.001447
v 0.067976 0.152652 -0.001447
v 0.069170 0.198656 -0.001447
v 0.067976 0.198656 -0.001447
v 0.069170 0.247652 -0.001447
v 0.067976 0.247652 -0.001447
v 0.013870 0.057652 -0.000037
v 0.012675 0.057652 -0.000037
v 0.013870 0.106648 -0.000037
v 0.012675 0.106648 -0.000037
v 0.013870 0.152652 -0.000037
v 0.012675 0.152652 -0.000037
v 0.013870 0.198656 -0.000037
v 0.012675 0.198656 -0.000037
v 0.013870 0.247652 -0.000037
v 0.012675 0.247652 -0.000037
v 0.066886 0.057652 -0.001808
v 0.065692 0.057652 -0.001808
v 0.066886 0.106648 -0.001808
v 0.065692 0.106648 -0.001808
v 0.066886 0.152652 -0.001808
v 0.065692 0.152652 -0.001808
v 0.066886 0.198656 -0.001808
v 0.065692 0.198656 -0.001808
v 0.066886 0.247652 -0.001808
v 0.065692 0.247652 -0.001808
v 0.007027 0.057652 -0.000606
v 0.005832 0.057652 -0.000606
v 0.007027 0.106648 -0.000606
v 0.005832 0.106648 -0.000606
v 0.007027 0.152652 -0.000606
v 0.005832 0.152652 -0.000606
v 0.007027 0.198656 -0.000606
v 0.005832 0.198656 -0.000606
v 0.007027 0.247652 -0.000606
v 0.005832 0.247652 -0.000606
v 0.060619 0.057652 -0.001346
v 0.059425 0.057652 -0.001346
v 0.060619 0.106648 -0.001346
v 0.059425 0.106648 -0.001346
v 0.060619 0.152652 -0.001346
v 0.059425 0.152652 -0.001346
v 0.060619 0.198656 -0.001346
v 0.059425 0.198656 -0.001346
v 0.060619 0.247652 -0.001346
v 0.059425 0.247652 -0.001346
v 0.046364 0.057652 -0.001594
v 0.045170 0.057652 -0.001594
v 0.046364 0.106648 -0.001594
v 0.045170 0.106648 -0.001594
v 0.046364 0.152652 -0.001594
v 0.045170 0.152652 -0.001594
v 0.046364 0.198656 -0.001594
v 0.045170 0.198656 -0.001594
v 0.046364 0.247652 -0.001594
v 0.045170 0.247652 -0.001594
v 0.020712 0.057652 -0.000317
v 0.019517 0.057652 -0.000317
v 0.020712 0.106648 -0.000317
v 0.019517 0.106648 -0.000317
v 0.020712 0.152652 -0.000317
v 0.019517 0.152652 -0.000317
v 0.020712 0.198656 -0.000317
v 0.019517 0.198656 -0.000317
v 0.020712 0.247652 -0.000317
v 0.019517 0.247652 -0.000317
v 0.057766 0.057652 -0.001666
v 0.056571 0.057652 -0.001666
v 0.057766 0.106648 -0.001666
v 0.056571 0.106648 -0.001666
v 0.057766 0.152652 -0.001666
v 0.056571 0.152652 -0.001666
v 0.057766 0.198656 -0.001666
v 0.056571 0.198656 -0.001666
v 0.057766 0.247652 -0.001666
v 0.056571 0.247652 -0.001666
v 0.048644 0.057652 -0.001772
v 0.047449 0.057652 -0.001772
v 0.048644 0.106648 -0.001772
v 0.047449 0.106648 -0.001772
v 0.048644 0.152652 -0.001772
v 0.047449 0.152652 -0.001772
v 0.048644 0.198656 -0.001772
v 0.047449 0.198656 -0.001772
v 0.048644 0.247652 -0.001772
v 0.047449 0.247652 -0.001772
v 0.022986 0.057652 -0.002871
v 0.021791 0.057652 -0.002871
v 0.022986 0.106648 -0.002871
v 0.021791 0.106648 -0.002871
v 0.022986 0.152652 -0.002871
v 0.021791 0.152652 -0.002871
v 0.022986 0.198656 -0.002871
v 0.021791 0.198656 -0.002871
v 0.022986 0.247652 -0.002871
v 0.021791 0.247652 -0.002871
v 0.053204 0.057652 -0.001855
v 0.052009 0.057652 -0.001855
v 0.053204 0.106648 -0.001855
v 0.052009 0.106648 -0.001855
v 0.053204 0.152652 -0.001855
v 0.052009 0.152652 -0.001855
v 0.053204 0.198656 -0.001855
v 0.052009 0.198656 -0.001855
v 0.053204 0.247652 -0.001855
v 0.052009 0.247652 -0.001855
v 0.040098 0.057652 -0.000705
v 0.038903 0.057652 -0.000705
v 0.040098 0.106648 -0.000705
v 0.038903 0.106648 -0.000705
v 0.040098 0.152652 -0.000705
v 0.038903 0.152652 -0.000705
v 0.040098 0.198656 -0.000705
v 0.038903 0.198656 -0.000705
v 0.040098 0.247652 -0.000705
v 0.038903 0.247652 -0.000705
v 0.031539 0.057652 -0.002221
v 0.030344 0.057652 -0.002221
v 0.031539 0.106648 -0.002221
v 0.030344 0.106648 -0.002221
v 0.031539 0.152652 -0.002221
v 0.030344 0.152652 -0.002221
v 0.031539 0.198656 -0.002221
v 0.030344 0.198656 -0.002221
v 0.031539 0.247652 -0.002221
v 0.030344 0.247652 -0.002221
v 0.051498 0.057652 -0.001199
v 0.050303 0.057652 -0.001199
v 0.051498 0.106648 -0.001199
v 0.050303 0.106648 -0.001199
v 0.051498 0.152652 -0.001199
v 0.050303 0.152652 -0.001199
v 0.051498 0.198656 -0.001199
v 0.050303 0.198656 -0.001199
v 0.051498 0.247652 -0.001199
v 0.050303 0.247652 -0.001199
v 0.043520 0.057652 -0.000566
v 0.042325 0.057652 -0.000566
v 0.043520 0.106648 -0.000566
v 0.042325 0.106648 -0.000566
v 0.043520 0.152652 -0.000566
v 0.042325 0.152652 -0.000566
v 0.043520 0.198656 -0.000566
v 0.042325 0.198656 -0.000566
v 0.043520 0.247652 -0.000566
v 0.042325 0.247652 -0.000566
v 0.044658 0.057652 -0.000932
v 0.043463 0.057652 -0.000932
v 0.044658 0.106648 -0.000932
v 0.043463 0.106648 -0.000932
v 0.044658 0.152652 -0.000932
v 0.043463 0.152652 -0.000932
v 0.044658 0.198656 -0.000932
v 0.043463 0.198656 -0.000932
v 0.044658 0.247652 -0.000932
v 0.043463 0.247652 -0.000932
v 0.033253 0.057652 -0.001266
v 0.032058 0.057652 -0.001266
v 0.033253 0.106648 -0.001266
v 0.032058 0.106648 -0.001266
v 0.033253 0.152652 -0.001266
v 0.032058 0.152652 -0.001266
v 0.033253 0.198656 -0.001266
v 0.032058 0.198656 -0.001266
v 0.033253 0.247652 -0.001266
v 0.032058 0.247652 -0.001266
v 0.011016 0.057652 -0.002621
v 0.009821 0.057652 -0.002621
v 0.011016 0.106648 -0.002621
v 0.009821 0.106648 -0.002621
v 0.011016 0.152652 -0.002621
v 0.009821 0.152652 -0.002621
v 0.011016 0.198656 -0.002621
v 0.009821 0.198656 -0.002621
v 0.011016 0.247652 -0.002621
v 0.009821 0.247652 -0.002621
v 0.056061 0.057652 -0.001013
v 0.054866 0.057652 -0.001013
v 0.056061 0.106648 -0.001013
v 0.054866 0.106648 -0.001013
v 0.056061 0.152652 -0.001013
v 0.054866 0.152652 -0.001013
v 0.056061 0.198656 -0.001013
v 0.054866 0.198656 -0.001013
v 0.056061 0.247652 -0.001013
v 0.054866 0.247652 -0.001013
v 0.015008 0.057652 -0.001264
v 0.013814 0.057652 -0.001264
v 0.015008 0.106648 -0.001264
v 0.013814 0.106648 -0.001264
v 0.015008 0.152652 -0.001264
v 0.013814 0.152652 -0.001264
v 0.015008 0.198656 -0.001264
v 0.013814 0.198656 -0.001264
v 0.015008 0.247652 -0.001264
v 0.013814 0.247652 -0.001264
v 0.035535 0.057652 -0.000893
v 0.034341 0.057652 -0.000893
v 0.035535 0.106648 -0.000893
v 0.034341 0.106648 -0.000893
v 0.035535 0.152652 -0.000893
v 0.034341 0.152652 -0.000893
v 0.035535 0.198656 -0.000893
v 0.034341 0.198656 -0.000893
v 0.035535 0.247652 -0.000893
v 0.034341 0.247652 -0.000893
v 0.037815 0.057652 -0.001076
v 0.036620 0.057652 -0.001076
v 0.037815 0.106648 -0.001076
v 0.036620 0.106648 -0.001076
v 0.037815 0.152652 -0.001076
v 0.036620 0.152652 -0.001076
v 0.037815 0.198656 -0.001076
v 0.036620 0.198656 -0.001076
v 0.037815 0.247652 -0.001076
v 0.036620 0.247652 -0.001076
v 0.056620 0.057652 -0.002392
v 0.055426 0.057652 -0.002392
v 0.056620 0.106648 -0.002392
v 0.055426 0.106648 -0.002392
v 0.056620 0.152652 -0.002392
v 0.055426 0.152652 -0.002392
v 0.056620 0.198656 -0.002392
v 0.055426 0.198656 -0.002392
v 0.056620 0.247652 -0.002392
v 0.055425 0.247652 -0.002392
v 0.050927 0.057652 -0.001405
v 0.049732 0.057652 -0.001405
v 0.050927 0.106648 -0.001405
v 0.049732 0.106648 -0.001405
v 0.050927 0.152652 -0.001405
v 0.049732 0.152652 -0.001405
v 0.050927 0.198656 -0.001405
v 0.049732 0.198656 -0.001405
v 0.050927 0.247652 -0.001405
v 0.049732 0.247652 -0.001405
v 0.027555 0.057652 -0.000246
v 0.026360 0.057652 -0.000246
v 0.027555 0.106648 -0.000246
v 0.026360 0.106648 -0.000246
v 0.027555 0.152652 -0.000246
v 0.026360 0.152652 -0.000246
v 0.027555 0.198656 -0.000246
v 0.026360 0.198656 -0.000246
v 0.027555 0.247652 -0.000246
v 0.026360 0.247652 -0.000246
v 0.025839 0.057652 -0.002047
v 0.024644 0.057652 -0.002047
v 0.025839 0.106648 -0.002047
v 0.024644 0.106648 -0.002047
v 0.025839 0.152652 -0.002047
v 0.024644 0.152652 -0.002047
v 0.025839 0.198656 -0.002047
v 0.024644 0.198656 -0.002047
v 0.025839 0.247652 -0.002047
v 0.024644 0.247652 -0.002047
v 0.025273 0.057652 -0.000620
v 0.024078 0.057652 -0.000620
v 0.025273 0.106648 -0.000620
v 0.024078 0.106648 -0.000620
v 0.025273 0.152652 -0.000620
v 0.024078 0.152652 -0.000620
v 0.025273 0.198656 -0.000620
v 0.024078 0.198656 -0.000620
v 0.025273 0.247652 -0.000620
v 0.024078 0.247652 -0.000620
v 0.017289 0.057652 -0.000883
v 0.016095 0.057652 -0.000883
v 0.017289 0.106648 -0.000883
v 0.016095 0.106648 -0.000883
v 0.017289 0.152652 -0.000883
v 0.016095 0.152652 -0.000883
v 0.017289 0.198656 -0.000883
v 0.016095 0.198656 -0.000883
v 0.017289 0.247652 -0.000883
v 0.016095 0.247652 -0.000883
v 0.058903 0.057652 -0.002025
v 0.057709 0.057652 -0.002025
v 0.058903 0.106648 -0.002025
v 0.057709 0.106648 -0.002025
v 0.058903 0.152652 -0.002025
v 0.057709 0.152652 -0.002025
v 0.058903 0.198656 -0.002025
v 0.057709 0.198656 -0.002025
v 0.058903 0.247652 -0.002025
v 0.057709 0.247652 -0.002025
v 0.004175 0.057652 -0.002207
v 0.002980 0.057652 -0.002207
v 0.004175 0.106648 -0.002207
v 0.002980 0.106648 -0.002207
v 0.004175 0.152652 -0.002207
v 0.002980 0.152652 -0.002207
v 0.004175 0.198656 -0.002207
v 0.002980 0.198656 -0.002207
v 0.004175 0.247652 -0.002207
v 0.002980 0.247652 -0.002207
v 0.058344 0.057652 -0.000650
v 0.057150 0.057652 -0.000650
v 0.058344 0.106648 -0.000650
v 0.057150 0.106648 -0.000650
v 0.058344 0.152652 -0.000650
v 0.057150 0.152652 -0.000650
v 0.058344 0.198656 -0.000650
v 0.057150 0.198656 -0.000650
v 0.058344 0.247652 -0.000650
v 0.057150 0.247652 -0.000650
v 0.039522 0.057652 -0.001742
v 0.038327 0.057652 -0.001742
v 0.039522 0.106648 -0.001742
v 0.038327 0.106648 -0.001742
v 0.039522 0.152652 -0.001742
v 0.038327 0.152652 -0.001742
v 0.039522 0.198656 -0.001742
v 0.038327 0.198656 -0.001742
v 0.039522 0.247652 -0.001742
v 0.038327 0.247652 -0.001742
v 0.021279 0.057652 -0.001750
v 0.020084 0.057652 -0.001750
v 0.021279 0.106648 -0.001750
v 0.020084 0.106648 -0.001750
v 0.021279 0.152652 -0.001750
v 0.020084 0.152652 -0.001750
v 0.021279 0.198656 -0.001750
v 0.020084 0.198656 -0.001750
v 0.021279 0.247652 -0.001750
v 0.020084 0.247652 -0.001750
v 0.030974 0.057652 -0.000803
v 0.029779 0.057652 -0.000803
v 0.030974 0.106648 -0.000803
v 0.029779 0.106648 -0.000803
v 0.030974 0.152652 -0.000803
v 0.029779 0.152652 -0.000803
v 0.030974 0.198656 -0.000803
v 0.029779 0.198656 -0.000803
v 0.030974 0.247652 -0.000803
v 0.029779 0.247652 -0.000803
v 0.058102 0.057652 -0.009099
v 0.056907 0.057652 -0.009099
v 0.058102 0.106648 -0.009099
v 0.056907 0.106648 -0.009099
v 0.058102 0.152652 -0.009099
v 0.056907 0.152652 -0.009099
v 0.058102 0.198656 -0.009099
v 0.056907 0.198656 -0.009099
v 0.058102 0.247652 -0.009099
v 0.056907 0.247652 -0.009099
v 0.061646 0.057652 -0.003956
v 0.060451 0.057652 -0.003956
v 0.061646 0.106648 -0.003956
v 0.060451 0.106648 -0.003956
v 0.061646 0.152652 -0.003956
v 0.060451 0.152652 -0.003956
v 0.061646 0.198656 -0.003956
v 0.060451 0.198656 -0.003956
v 0.061646 0.247652 -0.003956
v 0.060451 0.247652 -0.003956
v 0.028352 0.057652 -0.010957
v 0.027157 0.057652 -0.010957
v 0.028352 0.106648 -0.010957
v 0.027157 0.106648 -0.010957
v 0.028352 0.152652 -0.010957
v 0.027157 0.152652 -0.010957
v 0.028352 0.198656 -0.010957
v 0.027157 0.198656 -0.010957
v 0.028352 0.247652 -0.010957
v 0.027157 0.247652 -0.010957
v 0.070357 0.057652 -0.008317
v 0.069162 0.057652 -0.008317
v 0.070357 0.106648 -0.008317
v 0.069162 0.106648 -0.008317
v 0.070357 0.152652 -0.008317
v 0.069162 0.152652 -0.008317
v 0.070357 0.198656 -0.008317
v 0.069162 0.198656 -0.008317
v 0.070357 0.247652 -0.008317
v 0.069162 0.247652 -0.008317
v 0.034778 0.057652 -0.008412
v 0.033583 0.057652 -0.008412
v 0.034778 0.106648 -0.008412
v 0.033583 0.106648 -0.008412
v 0.034778 0.152652 -0.008412
v 0.033583 0.152652 -0.008412
v 0.034778 0.198656 -0.008412
v 0.033583 0.198656 -0.008412
v 0.034778 0.247652 -0.008412
v 0.033583 0.247652 -0.008412
v 0.011448 0.057652 -0.007800
v 0.010253 0.057652 -0.007800
v 0.011448 0.106648 -0.007800
v 0.010253 0.106648 -0.007800
v 0.011448 0.152652 -0.007800
v 0.010253 0.152652 -0.007800
v 0.011448 0.198656 -0.007800
v 0.010253 0.198656 -0.007800
v 0.011448 0.247652 -0.007800
v 0.010253 0.247652 -0.007800
v 0.066886 0.057652 -0.005231
v 0.065691 0.057652 -0.005231
v 0.066886 0.106648 -0.005231
v 0.065691 0.106648 -0.005231
v 0.066886 0.152652 -0.005231
v 0.065691 0.152652 -0.005231
v 0.066886 0.198656 -0.005231
v 0.065691 0.198656 -0.005231
v 0.066886 0.247652 -0.005231
v 0.065691 0.247652 -0.005231
v 0.028955 0.057652 -0.005878
v 0.027760 0.057652 -0.005878
v 0.028955 0.106648 -0.005878
v 0.027760 0.106648 -0.005878
v 0.028955 0.152652 -0.005878
v 0.027760 0.152652 -0.005878
v 0.028955 0.198656 -0.005878
v 0.027760 0.198656 -0.005878
v 0.028955 0.247652 -0.005878
v 0.027760 0.247652 -0.005878
v 0.040035 0.057652 -0.006941
v 0.038840 0.057652 -0.006941
v 0.040035 0.106648 -0.006941
v 0.038840 0.106648 -0.006941
v 0.040035 0.152652 -0.006941
v 0.038840 0.152652 -0.006941
v 0.040035 0.198656 -0.006941
v 0.038840 0.198656 -0.006941
v 0.040035 0.247652 -0.006941
v 0.038840 0.247652 -0.006941
v 0.006197 0.057652 -0.010073
v 0.005002 0.057652 -0.010073
v 0.006197 0.106648 -0.010073
v 0.005002 0.106648 -0.010073
v 0.006197 0.152652 -0.010073
v 0.005002 0.152652 -0.010073
v 0.006197 0.198656 -0.010073
v 0.005002 0.198656 -0.010073
v 0.006197 0.247652 -0.010073
v 0.005002 0.247652 -0.010073
v 0.025447 0.057652 -0.008165
v 0.024252 0.057652 -0.008165
v 0.025447 0.106648 -0.008165
v 0.024252 0.106648 -0.008165
v 0.025447 0.152652 -0.008165
v 0.024252 0.152652 -0.008165
v 0.025447 0.198656 -0.008165
v 0.024252 0.198656 -0.008165
v 0.025447 0.247652 -0.008165
v 0.024252 0.247652 -0.008165
v 0.021955 0.057652 -0.005131
v 0.020760 0.057652 -0.005131
v 0.021955 0.106648 -0.005131
v 0.020760 0.106648 -0.005131
v 0.021955 0.152652 -0.005131
v 0.020760 0.152652 -0.005131
v 0.021955 0.198656 -0.005131
v 0.020760 0.198656 -0.005131
v 0.021955 0.247652 -0.005131
v 0.020760 0.247652 -0.005131
v 0.037105 0.057652 -0.009492
v 0.035910 0.057652 -0.009492
v 0.037105 0.106648 -0.009492
v 0.035910 0.106648 -0.009492
v 0.037105 0.152652 -0.009492
v 0.035910 0.152652 -0.009492
v 0.037105 0.198656 -0.009492
v 0.035910 0.198656 -0.009492
v 0.037105 0.247652 -0.009492
v 0.035910 0.247652 -0.009492
v 0.033620 0.057652 -0.006378
v 0.032425 0.057652 -0.006378
v 0.033620 0.106648 -0.006378
v 0.032425 0.106648 -0.006378
v 0.033620 0.152652 -0.006378
v 0.032425 0.152652 -0.006378
v 0.033620 0.198656 -0.006378
v 0.032425 0.198656 -0.006378
v 0.033620 0.247652 -0.006378
v 0.032425 0.247652 -0.006378
v 0.009116 0.057652 -0.006795
v 0.007921 0.057652 -0.006795
v 0.009116 0.106648 -0.006795
v 0.007921 0.106648 -0.006795
v 0.009116 0.152652 -0.006795
v 0.007921 0.152652 -0.006795
v 0.009116 0.198656 -0.006795
v 0.007921 0.198656 -0.006795
v 0.009116 0.247652 -0.006795
v 0.007921 0.247652 -0.006795
v 0.066317 0.057652 -0.003688
v 0.065122 0.057652 -0.003688
v 0.066317 0.106648 -0.003688
v 0.065122 0.106648 -0.003688
v 0.066317 0.152652 -0.003688
v 0.065122 0.152652 -0.003688
v 0.066317 0.198656 -0.003688
v 0.065122 0.198656 -0.003688
v 0.066317 0.247652 -0.003688
v 0.065122 0.247652 -0.003688
v 0.071562 0.057652 -0.004385
v 0.070367 0.057652 -0.004385
v 0.071562 0.106648 -0.004385
v 0.070367 0.106648 -0.004385
v 0.071562 0.152652 -0.004385
v 0.070367 0.152652 -0.004385
v 0.071562 0.198656 -0.004385
v 0.070367 0.198656 -0.004385
v 0.071562 0.247652 -0.004385
v 0.070367 0.247652 -0.004385
v 0.040596 0.057652 -0.011020
v 0.039401 0.057652 -0.011020
v 0.040596 0.106648 -0.011020
v 0.039401 0.106648 -0.011020
v 0.040596 0.152652 -0.011020
v 0.039401 0.152652 -0.011020
v 0.040596 0.198656 -0.011020
v 0.039401 0.198656 -0.011020
v 0.040596 0.247652 -0.011020
v 0.039401 0.247652 -0.011020
v 0.029523 0.057652 -0.009940
v 0.028328 0.057652 -0.009940
v 0.029523 0.106648 -0.009940
v 0.028328 0.106648 -0.009940
v 0.029523 0.152652 -0.009940
v 0.028328 0.152652 -0.009940
v 0.029523 0.198656 -0.009940
v 0.028328 0.198656 -0.009940
v 0.029523 0.247652 -0.009940
v 0.028328 0.247652 -0.009940
v 0.059878 0.057652 -0.006015
v 0.058683 0.057652 -0.006015
v 0.059878 0.106648 -0.006015
v 0.058683 0.106648 -0.006015
v 0.059878 0.152652 -0.006015
v 0.058683 0.152652 -0.006015
v 0.059878 0.198656 -0.006015
v 0.058683 0.198656 -0.006015
v 0.059878 0.247652 -0.006015
v 0.058683 0.247652 -0.006015
v 0.037699 0.057652 -0.007454
v 0.036504 0.057652 -0.007454
v 0.037699 0.106648 -0.007454
v 0.036504 0.106648 -0.007454
v 0.037699 0.152652 -0.007454
v 0.036504 0.152652 -0.007454
v 0.037699 0.198656 -0.007454
v 0.036504 0.198656 -0.007454
v 0.037699 0.247652 -0.007454
v 0.036504 0.247652 -0.007454
v 0.002115 0.057652 -0.007560
v 0.000920 0.057652 -0.007560
v 0.002115 0.106648 -0.007560
v 0.000920 0.106648 -0.007560
v 0.002115 0.152652 -0.007560
v 0.000920 0.152652 -0.007560
v 0.002115 0.198656 -0.007560
v 0.000920 0.198656 -0.007560
v 0.002115 0.247652 -0.007560
v 0.000920 0.247652 -0.007560
v 0.048770 0.057652 -0.009232
v 0.047575 0.057652 -0.009232
v 0.048770 0.106648 -0.009232
v 0.047575 0.106648 -0.009232
v 0.048770 0.152652 -0.009232
v 0.047575 0.152652 -0.009232
v 0.048770 0.198656 -0.009232
v 0.047575 0.198656 -0.009232
v 0.048770 0.247652 -0.009232
v 0.047575 0.247652 -0.009232
v 0.019619 0.057652 -0.005642
v 0.018425 0.057652 -0.005642
v 0.019619 0.106648 -0.005642
v 0.018425 0.106648 -0.005642
v 0.019619 0.152652 -0.005642
v 0.018425 0.152652 -0.005642
v 0.019619 0.198656 -0.005642
v 0.018425 0.198656 -0.005642
v 0.019619 0.247652 -0.005642
v 0.018425 0.247652 -0.005642
v 0.013196 0.057652 -0.009313
v 0.012001 0.057652 -0.009313
v 0.013196 0.106648 -0.009313
v 0.012001 0.106648 -0.009313
v 0.013196 0.152652 -0.009313
v 0.012001 0.152652 -0.009313
v 0.013196 0.198656 -0.009313
v 0.012001 0.198656 -0.009313
v 0.013196 0.247652 -0.009313
v 0.012001 0.247652 -0.009313
v 0.030713 0.057652 -0.003842
v 0.029519 0.057652 -0.003842
v 0.030713 0.106648 -0.003842
v 0.029519 0.106648 -0.003842
v 0.030713 0.152652 -0.003842
v 0.029519 0.152652 -0.003842
v 0.030713 0.198656 -0.003842
v 0.029519 0.198656 -0.003842
v 0.030713 0.247652 -0.003842
v 0.029519 0.247652 -0.003842
v 0.072709 0.057652 -0.006445
v 0.071514 0.057652 -0.006445
v 0.072709 0.106648 -0.006445
v 0.071514 0.106648 -0.006445
v 0.072709 0.152652 -0.006445
v 0.071514 0.152652 -0.006445
v 0.072709 0.198656 -0.006445
v 0.071514 0.198656 -0.006445
v 0.072709 0.247652 -0.006445
v 0.071514 0.247652 -0.006445
v 0.009694 0.057652 -0.010830
v 0.008500 0.057652 -0.010830
v 0.009694 0.106648 -0.010830
v 0.008500 0.106648 -0.010830
v 0.009694 0.152652 -0.010830
v 0.008500 0.152652 -0.010830
v 0.009694 0.198656 -0.010830
v 0.008500 0.198656 -0.010830
v 0.009694 0.247652 -0.010830
v 0.008500 0.247652 -0.010830
v 0.053440 0.057652 -0.008589
v 0.052245 0.057652 -0.008589
v 0.053440 0.106648 -0.008589
v 0.052245 0.106648 -0.008589
v 0.053440 0.152652 -0.008589
v 0.052245 0.152652 -0.008589
v 0.053440 0.198656 -0.008589
v 0.052245 0.198656 -0.008589
v 0.053440 0.247652 -0.008589
v 0.052245 0.247652 -0.008589
v 0.010283 0.057652 -0.005785
v 0.009089 0.057652 -0.005785
v 0.010283 0.106648 -0.005785
v 0.009089 0.106648 -0.005785
v 0.010283 0.152652 -0.005785
v 0.009089 0.152652 -0.005785
v 0.010283 0.198656 -0.005785
v 0.009089 0.198656 -0.005785
v 0.010283 0.247652 -0.005785
v 0.009089 0.247652 -0.005785
v 0.038879 0.057652 -0.004904
v 0.037684 0.057652 -0.004904
v 0.038879 0.106648 -0.004904
v 0.037684 0.106648 -0.004904
v 0.038879 0.152652 -0.004904
v 0.037684 0.152652 -0.004904
v 0.038879 0.198656 -0.004904
v 0.037684 0.198656 -0.004904
v 0.038879 0.247652 -0.004904
v 0.037684 0.247652 -0.004904
v 0.050541 0.057652 -0.006159
v 0.049347 0.057652 -0.006159
v 0.050541 0.106648 -0.006159
v 0.049347 0.106648 -0.006159
v 0.050541 0.152652 -0.006159
v 0.049347 0.152652 -0.006159
v 0.050541 0.198656 -0.006159
v 0.049347 0.198656 -0.006159
v 0.050541 0.247652 -0.006159
v 0.049347 0.247652 -0.006159
v 0.007367 0.057652 -0.004026
v 0.006172 0.057652 -0.004026
v 0.007367 0.106648 -0.004026
v 0.006172 0.106648 -0.004026
v 0.007367 0.152652 -0.004026
v 0.006172 0.152652 -0.004026
v 0.007367 0.198656 -0.004026
v 0.006172 0.198656 -0.004026
v 0.007367 0.247652 -0.004026
v 0.006172 0.247652 -0.004026
v 0.051096 0.057652 -0.010254
v 0.049901 0.057652 -0.010254
v 0.051096 0.106648 -0.010254
v 0.049901 0.106648 -0.010254
v 0.051096 0.152652 -0.010254
v 0.049901 0.152652 -0.010254
v 0.051096 0.198656 -0.010254
v 0.049901 0.198656 -0.010254
v 0.051096 0.247652 -0.010254
v 0.049901 0.247652 -0.010254
v 0.068656 0.057652 -0.003168
v 0.067461 0.057652 -0.003168
v 0.068656 0.106648 -0.003168
v 0.067461 0.106648 -0.003168
v 0.068656 0.152652 -0.003168
v 0.067461 0.152652 -0.003168
v 0.068656 0.198656 -0.003168
v 0.067461 0.198656 -0.003168
v 0.068656 0.247652 -0.003168
v 0.067461 0.247652 -0.003168
v 0.073252 0.057652 -0.010569
v 0.072057 0.057652 -0.010569
v 0.073252 0.106648 -0.010569
v 0.072057 0.106648 -0.010569
v 0.073252 0.152652 -0.010569
v 0.072057 0.152652 -0.010569
v 0.073252 0.198656 -0.010569
v 0.072057 0.198656 -0.010569
v 0.073252 0.247652 -0.010569
v 0.072057 0.247652 -0.010569
v 0.067431 0.057652 -0.009350
v 0.066236 0.057652 -0.009350
v 0.067431 0.106648 -0.009350
v 0.066236 0.106648 -0.009350
v 0.067431 0.152652 -0.009350
v 0.066236 0.152652 -0.009350
v 0.067431 0.198656 -0.009350
v 0.066236 0.198656 -0.009350
v 0.067431 0.247652 -0.009350
v 0.066236 0.247652 -0.009350
v 0.023712 0.057652 -0.003098
v 0.022517 0.057652 -0.003098
v 0.023712 0.106648 -0.003098
v 0.022517 0.106648 -0.003098
v 0.023712 0.152652 -0.003098
v 0.022517 0.152652 -0.003098
v 0.023712 0.198656 -0.003098
v 0.022517 0.198656 -0.003098
v 0.023712 0.247652 -0.003098
v 0.022517 0.247652 -0.003098
v 0.049978 0.057652 -0.003090
v 0.048784 0.057652 -0.003090
v 0.049978 0.106648 -0.003090
v 0.048784 0.106648 -0.003090
v 0.049978 0.152652 -0.003090
v 0.048784 0.152652 -0.003090
v 0.049978 0.198656 -0.003090
v 0.048784 0.198656 -0.003090
v 0.049978 0.247652 -0.003090
v 0.048784 0.247652 -0.003090
v 0.005034 0.057652 -0.003022
v 0.003839 0.057652 -0.003022
v 0.005034 0.106648 -0.003022
v 0.003839 0.106648 -0.003022
v 0.005034 0.152652 -0.003022
v 0.003839 0.152652 -0.003022
v 0.005034 0.198656 -0.003022
v 0.003839 0.198656 -0.003022
v 0.005034 0.247652 -0.003022
v 0.003839 0.247652 -0.003022
v 0.013782 0.057652 -0.007293
v 0.012587 0.057652 -0.007293
v 0.013782 0.106648 -0.007293
v 0.012587 0.106648 -0.007293
v 0.013782 0.152652 -0.007293
v 0.012587 0.152652 -0.007293
v 0.013782 0.198656 -0.007293
v 0.012587 0.198656 -0.007293
v 0.013782 0.247652 -0.007293
v 0.012587 0.247652 -0.007293
v 0.056980 0.057652 -0.003455
v 0.055786 0.057652 -0.003455
v 0.056980 0.106648 -0.003455
v 0.055786 0.106648 -0.003455
v 0.056980 0.152652 -0.003455
v 0.055786 0.152652 -0.003455
v 0.056980 0.198656 -0.003455
v 0.055786 0.198656 -0.003455
v 0.056980 0.247652 -0.003455
v 0.055786 0.247652 -0.003455
v 0.012037 0.057652 -0.003762
v 0.010842 0.057652 -0.003762
v 0.012037 0.106648 -0.003762
v 0.010842 0.106648 -0.003762
v 0.012037 0.152652 -0.003762
v 0.010842 0.152652 -0.003762
v 0.012037 0.198656 -0.003762
v 0.010842 0.198656 -0.003762
v 0.012037 0.247652 -0.003762
v 0.010842 0.247652 -0.003762
v 0.026043 0.057652 -0.004107
v 0.024848 0.057652 -0.004107
v 0.026043 0.106648 -0.004107
v 0.024848 0.106648 -0.004107
v 0.026043 0.152652 -0.004107
v 0.024848 0.152652 -0.004107
v 0.026043 0.198656 -0.004107
v 0.024848 0.198656 -0.004107
v 0.026043 0.247652 -0.004107
v 0.024848 0.247652 -0.004107
v 0.034185 0.057652 -0.010448
v 0.032990 0.057652 -0.010448
v 0.034185 0.106648 -0.010448
v 0.032990 0.106648 -0.010448
v 0.034185 0.152652 -0.010448
v 0.032990 0.152652 -0.010448
v 0.034185 0.198656 -0.010448
v 0.032990 0.198656 -0.010448
v 0.034185 0.247652 -0.010448
v 0.032990 0.247652 -0.010448
v 0.024857 0.057652 -0.010195
v 0.023662 0.057652 -0.010195
v 0.024857 0.106648 -0.010195
v 0.023662 0.106648 -0.010195
v 0.024857 0.152652 -0.010195
v 0.023662 0.152652 -0.010195
v 0.024857 0.198656 -0.010195
v 0.023662 0.198656 -0.010195
v 0.024857 0.247652 -0.010195
v 0.023662 0.247652 -0.010195
v 0.052307 0.057652 -0.004107
v 0.051112 0.057652 -0.004107
v 0.052307 0.106648 -0.004107
v 0.051112 0.106648 -0.004107
v 0.052307 0.152652 -0.004107
v 0.051112 0.152652 -0.004107
v 0.052307 0.198656 -0.004107
v 0.051112 0.198656 -0.004107
v 0.052307 0.247652 -0.004107
v 0.051112 0.247652 -0.004107
v 0.055765 0.057652 -0.009613
v 0.054570 0.057652 -0.009613
v 0.055765 0.106648 -0.009613
v 0.054570 0.106648 -0.009613
v 0.055765 0.152652 -0.009613
v 0.054570 0.152652 -0.009613
v 0.055765 0.198656 -0.009613
v 0.054570 0.198656 -0.009613
v 0.055765 0.247652 -0.009613
v 0.054570 0.247652 -0.009613
v 0.027194 0.057652 -0.008925
v 0.025999 0.057652 -0.008925
v 0.027194 0.106648 -0.008925
v 0.025999 0.106648 -0.008925
v 0.027194 0.152652 -0.008925
v 0.025999 0.152652 -0.008925
v 0.027194 0.198656 -0.008925
v 0.025999 0.198656 -0.008925
v 0.027194 0.247652 -0.008925
v 0.025999 0.247652 -0.008925
v 0.065696 0.057652 -0.007807
v 0.064501 0.057652 -0.007807
v 0.065696 0.106648 -0.007807
v 0.064501 0.106648 -0.007807
v 0.065696 0.152652 -0.007807
v 0.064501 0.152652 -0.007807
v 0.065696 0.198656 -0.007807
v 0.064501 0.198656 -0.007807
v 0.065696 0.247652 -0.007807
v 0.064501 0.247652 -0.007807
v 0.007950 0.057652 -0.004781
v 0.006755 0.057652 -0.004781
v 0.007950 0.106648 -0.004781
v 0.006755 0.106648 -0.004781
v 0.007950 0.152652 -0.004781
v 0.006755 0.152652 -0.004781
v 0.007950 0.198656 -0.004781
v 0.006755 0.198656 -0.004781
v 0.007950 0.247652 -0.004781
v 0.006755 0.247652 -0.004781
v 0.068034 0.057652 -0.007289
v 0.066839 0.057652 -0.007289
v 0.068034 0.106648 -0.007289
v 0.066839 0.106648 -0.007289
v 0.068034 0.152652 -0.007289
v 0.066839 0.152652 -0.007289
v 0.068034 0.198656 -0.007289
v 0.066839 0.198656 -0.007289
v 0.068034 0.247652 -0.007289
v 0.066839 0.247652 -0.007289
v 0.004448 0.057652 -0.007053
v 0.003254 0.057652 -0.007053
v 0.004448 0.106648 -0.007053
v 0.003254 0.106648 -0.007053
v 0.004448 0.152652 -0.007053
v 0.003254 0.152652 -0.007053
v 0.004448 0.198656 -0.007053
v 0.003254 0.198656 -0.007053
v 0.004448 0.247652 -0.007053
v 0.003254 0.247652 -0.007053
v 0.060426 0.057652 -0.010124
v 0.059232 0.057652 -0.010124
v 0.060426 0.106648 -0.010124
v 0.059232 0.106648 -0.010124
v 0.060426 0.152652 -0.010124
v 0.059232 0.152652 -0.010124
v 0.060426 0.198656 -0.010124
v 0.059232 0.198656 -0.010124
v 0.060426 0.247652 -0.010124
v 0.059232 0.247652 -0.010124
v 0.003282 0.057652 -0.005041
v 0.002087 0.057652 -0.005041
v 0.003282 0.106648 -0.005041
v 0.002087 0.106648 -0.005041
v 0.003282 0.152652 -0.005041
v 0.002087 0.152652 -0.005041
v 0.003282 0.198656 -0.005041
v 0.002087 0.198656 -0.005041
v 0.003282 0.247652 -0.005041
v 0.002087 0.247652 -0.005041
v 0.069754 0.057652 -0.010378
v 0.068560 0.057652 -0.010378
v 0.069754 0.106648 -0.010378
v 0.068560 0.106648 -0.010378
v 0.069754 0.152652 -0.010378
v 0.068560 0.152652 -0.010378
v 0.069754 0.198656 -0.010378
v 0.068560 0.198656 -0.010378
v 0.069754 0.247652 -0.010378
v 0.068560 0.247652 -0.010378
v 0.054039 0.057652 -0.006537
v 0.052844 0.057652 -0.006537
v 0.054039 0.106648 -0.006537
v 0.052844 0.106648 -0.006537
v 0.054039 0.152652 -0.006537
v 0.052844 0.152652 -0.006537
v 0.054039 0.198656 -0.006537
v 0.052844 0.198656 -0.006537
v 0.054039 0.247652 -0.006537
v 0.052844 0.247652 -0.006537
v 0.019024 0.057652 -0.010703
v 0.017829 0.057652 -0.010703
v 0.019024 0.106648 -0.010703
v 0.017829 0.106648 -0.010703
v 0.019024 0.152652 -0.010703
v 0.017829 0.152652 -0.010703
v 0.019024 0.198656 -0.010703
v 0.017829 0.198656 -0.010703
v 0.019024 0.247652 -0.010703
v 0.017829 0.247652 -0.010703
v 0.012618 0.057652 -0.005276
v 0.011423 0.057652 -0.005276
v 0.012618 0.106648 -0.005276
v 0.011423 0.106648 -0.005276
v 0.012618 0.152652 -0.005276
v 0.011423 0.152652 -0.005276
v 0.012618 0.198656 -0.005276
v 0.011423 0.198656 -0.005276
v 0.012618 0.247652 -0.005276
v 0.011423 0.247652 -0.005276
v 0.062770 0.057652 -0.008839
v 0.061575 0.057652 -0.008839
v 0.062770 0.106648 -0.008839
v 0.061575 0.106648 -0.008839
v 0.062770 0.152652 -0.008839
v 0.061575 0.152652 -0.008839
v 0.062770 0.198656 -0.008839
v 0.061575 0.198656 -0.008839
v 0.062770 0.247652 -0.008839
v 0.061575 0.247652 -0.008839
v 0.063919 0.057652 -0.010893
v 0.062724 0.057652 -0.010893
v 0.063919 0.106648 -0.010893
v 0.062724 0.106648 -0.010893
v 0.063919 0.152652 -0.010893
v 0.062724 0.152652 -0.010893
v 0.063919 0.198656 -0.010893
v 0.062724 0.198656 -0.010893
v 0.063919 0.247652 -0.010893
v 0.062724 0.247652 -0.010893
v 0.047030 0.057652 -0.007699
v 0.045836 0.057652 -0.007699
v 0.047030 0.106648 -0.007699
v 0.045836 0.106648 -0.007699
v 0.047030 0.152652 -0.007699
v 0.045836 0.152652 -0.007699
v 0.047030 0.198656 -0.007699
v 0.045836 0.198656 -0.007699
v 0.047030 0.247652 -0.007699
v 0.045836 0.247652 -0.007699
v 0.042362 0.057652 -0.007959
v 0.041168 0.057652 -0.007959
v 0.042362 0.106648 -0.007959
v 0.041168 0.106648 -0.007959
v 0.042362 0.152652 -0.007959
v 0.041168 0.152652 -0.007959
v 0.042362 0.198656 -0.007959
v 0.041168 0.198656 -0.007959
v 0.042362 0.247652 -0.007959
v 0.041168 0.247652 -0.007959
v 0.021376 0.057652 -0.003612
v 0.020181 0.057652 -0.003612
v 0.021376 0.106648 -0.003612
v 0.020181 0.106648 -0.003612
v 0.021376 0.152652 -0.003612
v 0.020181 0.152652 -0.003612
v 0.021376 0.198656 -0.003612
v 0.020181 0.198656 -0.003612
v 0.021376 0.247652 -0.003612
v 0.020181 0.247652 -0.003612
v 0.045262 0.057652 -0.010765
v 0.044067 0.057652 -0.010765
v 0.045262 0.106648 -0.010765
v 0.044067 0.106648 -0.010765
v 0.045262 0.152652 -0.010765
v 0.044067 0.152652 -0.010765
v 0.045262 0.198656 -0.010765
v 0.044067 0.198656 -0.010765
v 0.045262 0.247652 -0.010765
v 0.044067 0.247652 -0.010765
v 0.057552 0.057652 -0.004992
v 0.056357 0.057652 -0.004992
v 0.057552 0.106648 -0.004992
v 0.056357 0.106648 -0.004992
v 0.057552 0.152652 -0.004992
v 0.056357 0.152652 -0.004992
v 0.057552 0.198656 -0.004992
v 0.056357 0.198656 -0.004992
v 0.057552 0.247652 -0.004992
v 0.056357 0.247652 -0.004992
v 0.020193 0.057652 -0.009689
v 0.018999 0.057652 -0.009689
v 0.020193 0.106648 -0.009689
v 0.018999 0.106648 -0.009689
v 0.020193 0.152652 -0.009689
v 0.018999 0.152652 -0.009689
v 0.020193 0.198656 -0.009689
v 0.018999 0.198656 -0.009689
v 0.020193 0.247652 -0.009689
v 0.018999 0.247652 -0.009689
v 0.041768 0.057652 -0.010001
v 0.040573 0.057652 -0.010001
v 0.041768 0.106648 -0.010001
v 0.040573 0.106648 -0.010001
v 0.041768 0.152652 -0.010001
v 0.040573 0.152652 -0.010001
v 0.041768 0.198656 -0.010001
v 0.040573 0.198656 -0.010001
v 0.041768 0.247652 -0.010001
v 0.040573 0.247652 -0.010001
v 0.010863 0.057652 -0.009819
v 0.009668 0.057652 -0.009819
v 0.010863 0.106648 -0.009819
v 0.009668 0.106648 -0.009819
v 0.010863 0.152652 -0.009819
v 0.009668 0.152652 -0.009819
v 0.010863 0.198656 -0.009819
v 0.009668 0.198656 -0.009819
v 0.010863 0.247652 -0.009819
v 0.009668 0.247652 -0.009819
v 0.055214 0.057652 -0.005509
v 0.054019 0.057652 -0.005509
v 0.055214 0.106648 -0.005509
v 0.054019 0.106648 -0.005509
v 0.055214 0.152652 -0.005509
v 0.054019 0.152652 -0.005509
v 0.055214 0.198656 -0.005509
v 0.054019 0.198656 -0.005509
v 0.055214 0.247652 -0.005509
v 0.054019 0.247652 -0.005509
v 0.059318 0.057652 -0.002937
v 0.058124 0.057652 -0.002937
v 0.059318 0.106648 -0.002937
v 0.058124 0.106648 -0.002937
v 0.059318 0.152652 -0.002937
v 0.058124 0.152652 -0.002937
v 0.059318 0.198656 -0.002937
v 0.058124 0.198656 -0.002937
v 0.059318 0.247652 -0.002937
v 0.058124 0.247652 -0.002937
v 0.002699 0.057652 -0.003532
v 0.001504 0.057652 -0.003532
v 0.002699 0.106648 -0.003532
v 0.001504 0.106648 -0.003532
v 0.002699 0.152652 -0.003532
v 0.001504 0.152652 -0.003532
v 0.002699 0.198656 -0.003532
v 0.001504 0.198656 -0.003532
v 0.002699 0.247652 -0.003532
v 0.001504 0.247652 -0.003532
v 0.033050 0.057652 -0.003327
v 0.031856 0.057652 -0.003327
v 0.033050 0.106648 -0.003327
v 0.031856 0.106648 -0.003327
v 0.033050 0.152652 -0.003327
v 0.031856 0.152652 -0.003327
v 0.033050 0.198656 -0.003327
v 0.031856 0.198656 -0.003327
v 0.033050 0.247652 -0.003327
v 0.031856 0.247652 -0.003327
v 0.017863 0.057652 -0.008678
v 0.016668 0.057652 -0.008678
v 0.017863 0.106648 -0.008678
v 0.016668 0.106648 -0.008678
v 0.017863 0.152652 -0.008678
v 0.016668 0.152652 -0.008678
v 0.017863 0.198656 -0.008678
v 0.016668 0.198656 -0.008678
v 0.017863 0.247652 -0.008678
v 0.016668 0.247652 -0.008678
v 0.049367 0.057652 -0.007184
v 0.048173 0.057652 -0.007184
v 0.049367 0.106648 -0.007184
v 0.048173 0.106648 -0.007184
v 0.049367 0.152652 -0.007184
v 0.048173 0.152652 -0.007184
v 0.049367 0.198656 -0.007184
v 0.048173 0.198656 -0.007184
v 0.049367 0.247652 -0.007184
v 0.048173 0.247652 -0.007184
v 0.039441 0.057652 -0.008982
v 0.038246 0.057652 -0.008982
v 0.039441 0.106648 -0.008982
v 0.038246 0.106648 -0.008982
v 0.039441 0.152652 -0.008982
v 0.038246 0.152652 -0.008982
v 0.039441 0.198656 -0.008982
v 0.038246 0.198656 -0.008982
v 0.039441 0.247652 -0.008982
v 0.038246 0.247652 -0.008982
v 0.070980 0.057652 -0.004193
v 0.069786 0.057652 -0.004193
v 0.070980 0.106648 -0.004193
v 0.069786 0.106648 -0.004193
v 0.070980 0.152652 -0.004193
v 0.069786 0.152652 -0.004193
v 0.070980 0.198656 -0.004193
v 0.069786 0.198656 -0.004193
v 0.070980 0.247652 -0.004193
v 0.069786 0.247652 -0.004193
v 0.042970 0.057652 -0.003874
v 0.041775 0.057652 -0.003874
v 0.042970 0.106648 -0.003874
v 0.041775 0.106648 -0.003874
v 0.042970 0.152652 -0.003874
v 0.041775 0.152652 -0.003874
v 0.042970 0.198656 -0.003874
v 0.041775 0.198656 -0.003874
v 0.042970 0.247652 -0.003874
v 0.041775 0.247652 -0.003874
v 0.064548 0.057652 -0.005750
v 0.063353 0.057652 -0.005750
v 0.064548 0.106648 -0.005750
v 0.063353 0.106648 -0.005750
v 0.064548 0.152652 -0.005750
v 0.063353 0.152652 -0.005750
v 0.064548 0.198656 -0.005750
v 0.063353 0.198656 -0.005750
v 0.064548 0.247652 -0.005750
v 0.063353 0.247652 -0.005750
v 0.000948 0.057652 -0.005549
v -0.000247 0.057652 -0.005549
v 0.000948 0.106648 -0.005549
v -0.000247 0.106648 -0.005549
v 0.000948 0.152652 -0.005549
v -0.000247 0.152652 -0.005549
v 0.000948 0.198656 -0.005549
v -0.000247 0.198656 -0.005549
v 0.000948 0.247652 -0.005549
v -0.000247 0.247652 -0.005549
v 0.046434 0.057652 -0.009744
v 0.045239 0.057652 -0.009744
v 0.046434 0.106648 -0.009744
v 0.045239 0.106648 -0.009744
v 0.046434 0.152652 -0.009744
v 0.045239 0.152652 -0.009744
v 0.046434 0.198656 -0.009744
v 0.045239 0.198656 -0.009744
v 0.046434 0.247652 -0.009744
v 0.045239 0.247652 -0.009744
v 0.014373 0.057652 -0.003250
v 0.013178 0.057652 -0.003250
v 0.014373 0.106648 -0.003250
v 0.013178 0.106648 -0.003250
v 0.014373 0.152652 -0.003250
v 0.013178 0.152652 -0.003250
v 0.014373 0.198656 -0.003250
v 0.013178 0.198656 -0.003250
v 0.014373 0.247652 -0.003250
v 0.013178 0.247652 -0.003250
v 0.016705 0.057652 -0.004257
v 0.015510 0.057652 -0.004257
v 0.016705 0.106648 -0.004257
v 0.015510 0.106648 -0.004257
v 0.016705 0.152652 -0.004257
v 0.015510 0.152652 -0.004257
v 0.016705 0.198656 -0.004257
v 0.015510 0.198656 -0.004257
v 0.016705 0.247652 -0.004257
v 0.015510 0.247652 -0.004257
v 0.069210 0.057652 -0.006257
v 0.068016 0.057652 -0.006257
v 0.069210 0.106648 -0.006257
v 0.068016 0.106648 -0.006257
v 0.069210 0.152652 -0.006257
v 0.068016 0.152652 -0.006257
v 0.069210 0.198656 -0.006257
v 0.068016 0.198656 -0.006257
v 0.069210 0.247652 -0.006257
v 0.068016 0.247652 -0.006257
v 0.063371 0.057652 -0.006781
v 0.062177 0.057652 -0.006781
v 0.063371 0.106648 -0.006781
v 0.062177 0.106648 -0.006781
v 0.063371 0.152652 -0.006781
v 0.062177 0.152652 -0.006781
v 0.063371 0.198656 -0.006781
v 0.062177 0.198656 -0.006781
v 0.063371 0.247652 -0.006781
v 0.062177 0.247652 -0.006781
v 0.030114 0.057652 -0.007907
v 0.028919 0.057652 -0.007907
v 0.030114 0.106648 -0.007907
v 0.028919 0.106648 -0.007907
v 0.030114 0.152652 -0.007907
v 0.028919 0.152652 -0.007907
v 0.030114 0.198656 -0.007907
v 0.028919 0.198656 -0.007907
v 0.030114 0.247652 -0.007907
v 0.028919 0.247652 -0.007907
v 0.005616 0.057652 -0.006045
v 0.004421 0.057652 -0.006045
v 0.005616 0.106648 -0.006045
v 0.004421 0.106648 -0.006045
v 0.005616 0.152652 -0.006045
v 0.004421 0.152652 -0.006045
v 0.005616 0.198656 -0.006045
v 0.004421 0.198656 -0.006045
v 0.005616 0.247652 -0.006045
v 0.004421 0.247652 -0.006045
v 0.061027 0.057652 -0.008069
v 0.059832 0.057652 -0.008069
v 0.061027 0.106648 -0.008069
v 0.059832 0.106648 -0.008069
v 0.061027 0.152652 -0.008069
v 0.059832 0.152652 -0.008069
v 0.061027 0.198656 -0.008069
v 0.059832 0.198656 -0.008069
v 0.061027 0.247652 -0.008069
v 0.059832 0.247652 -0.008069
v 0.058702 0.057652 -0.007044
v 0.057507 0.057652 -0.007044
v 0.058702 0.106648 -0.007044
v 0.057507 0.106648 -0.007044
v 0.058702 0.152652 -0.007044
v 0.057507 0.152652 -0.007044
v 0.058702 0.198656 -0.007044
v 0.057507 0.198656 -0.007044
v 0.058702 0.247652 -0.007044
v 0.057507 0.247652 -0.007044
v 0.003865 0.057652 -0.009068
v 0.002670 0.057652 -0.009068
v 0.003865 0.106648 -0.009068
v 0.002670 0.106648 -0.009068
v 0.003865 0.152652 -0.009068
v 0.002670 0.152652 -0.009068
v 0.003865 0.198656 -0.009068
v 0.002670 0.198656 -0.009068
v 0.003865 0.247652 -0.009068
v 0.002670 0.247652 -0.009068
v 0.038303 0.057652 -0.003377
v 0.037108 0.057652 -0.003377
v 0.038303 0.106648 -0.003377
v 0.037108 0.106648 -0.003377
v 0.038303 0.152652 -0.003377
v 0.037108 0.152652 -0.003377
v 0.038303 0.198656 -0.003377
v 0.037108 0.198656 -0.003377
v 0.038303 0.247652 -0.003377
v 0.037108 0.247652 -0.003377
v 0.001531 0.057652 -0.009573
v 0.000337 0.057652 -0.009573
v 0.001531 0.106648 -0.009573
v 0.000337 0.106648 -0.009573
v 0.001531 0.152652 -0.009573
v 0.000337 0.152652 -0.009573
v 0.001531 0.198656 -0.009573
v 0.000337 0.198656 -0.009573
v 0.001531 0.247652 -0.009573
v 0.000337 0.247652 -0.009573
v 0.047641 0.057652 -0.003607
v 0.046446 0.057652 -0.003607
v 0.047641 0.106648 -0.003607
v 0.046446 0.106648 -0.003607
v 0.047641 0.152652 -0.003607
v 0.046446 0.152652 -0.003607
v 0.047641 0.198656 -0.003607
v 0.046446 0.198656 -0.003607
v 0.047641 0.247652 -0.003607
v 0.046446 0.247652 -0.003607
v 0.015527 0.057652 -0.010323
v 0.014332 0.057652 -0.010323
v 0.015527 0.106648 -0.010323
v 0.014332 0.106648 -0.010323
v 0.015527 0.152652 -0.010323
v 0.014332 0.152652 -0.010323
v 0.015527 0.198656 -0.010323
v 0.014332 0.198656 -0.010323
v 0.015527 0.247652 -0.010323
v 0.014332 0.247652 -0.010323
v 0.035380 0.057652 -0.004339
v 0.034185 0.057652 -0.004339
v 0.035380 0.106648 -0.004339
v 0.034185 0.106648 -0.004339
v 0.035380 0.152652 -0.004339
v 0.034185 0.152652 -0.004339
v 0.035380 0.198656 -0.004339
v 0.034185 0.198656 -0.004339
v 0.035380 0.247652 -0.004339
v 0.034185 0.247652 -0.004339
v 0.041207 0.057652 -0.005919
v 0.040013 0.057652 -0.005919
v 0.041207 0.106648 -0.005919
v 0.040013 0.106648 -0.005919
v 0.041207 0.152652 -0.005919
v 0.040013 0.152652 -0.005919
v 0.041207 0.198656 -0.005919
v 0.040013 0.198656 -0.005919
v 0.041207 0.247652 -0.005919
v 0.040013 0.247652 -0.005919
v 0.008531 0.057652 -0.008812
v 0.007336 0.057652 -0.008812
v 0.008531 0.106648 -0.008812
v 0.007336 0.106648 -0.008812
v 0.008531 0.152652 -0.008812
v 0.007336 0.152652 -0.008812
v 0.008531 0.198656 -0.008812
v 0.007336 0.198656 -0.008812
v 0.008531 0.247652 -0.008812
v 0.007336 0.247652 -0.008812
v 0.043549 0.057652 -0.004638
v 0.042354 0.057652 -0.004638
v 0.043549 0.106648 -0.004638
v 0.042354 0.106648 -0.004638
v 0.043549 0.152652 -0.004638
v 0.042354 0.152652 -0.004638
v 0.043549 0.198656 -0.004638
v 0.042354 0.198656 -0.004638
v 0.043549 0.247652 -0.004638
v 0.042354 0.247652 -0.004638
v 0.045877 0.057652 -0.005655
v 0.044682 0.057652 -0.005655
v 0.045877 0.106648 -0.005655
v 0.044682 0.106648 -0.005655
v 0.045877 0.152652 -0.005655
v 0.044682 0.152652 -0.005655
v 0.045877 0.198656 -0.005655
v 0.044682 0.198656 -0.005655
v 0.045877 0.247652 -0.005655
v 0.044682 0.247652 -0.005655
v 0.072105 0.057652 -0.008508
v 0.070911 0.057652 -0.008508
v 0.072105 0.106648 -0.008508
v 0.070911 0.106648 -0.008508
v 0.072105 0.152652 -0.008508
v 0.070911 0.152652 -0.008508
v 0.072105 0.198656 -0.008508
v 0.070911 0.198656 -0.008508
v 0.072105 0.247652 -0.008508
v 0.070911 0.247652 -0.008508
v 0.048214 0.057652 -0.005139
v 0.047020 0.057652 -0.005139
v 0.048214 0.106648 -0.005139
v 0.047020 0.106648 -0.005139
v 0.048214 0.152652 -0.005139
v 0.047020 0.152652 -0.005139
v 0.048214 0.198656 -0.005139
v 0.047020 0.198656 -0.005139
v 0.048214 0.247652 -0.005139
v 0.047020 0.247652 -0.005139
v 0.018450 0.057652 -0.006655
v 0.017256 0.057652 -0.006655
v 0.018450 0.106648 -0.006655
v 0.017256 0.106648 -0.006655
v 0.018450 0.152652 -0.006655
v 0.017256 0.152652 -0.006655
v 0.018450 0.198656 -0.006655
v 0.017256 0.198656 -0.006655
v 0.018450 0.247652 -0.006655
v 0.017256 0.247652 -0.006655
v 0.056364 0.057652 -0.007560
v 0.055170 0.057652 -0.007560
v 0.056364 0.106648 -0.007560
v 0.055170 0.106648 -0.007560
v 0.056364 0.152652 -0.007560
v 0.055170 0.152652 -0.007560
v 0.056364 0.198656 -0.007560
v 0.055170 0.198656 -0.007560
v 0.056364 0.247652 -0.007560
v 0.055170 0.247652 -0.007560
v 0.031291 0.057652 -0.005365
v 0.030096 0.057652 -0.005365
v 0.031291 0.106648 -0.005365
v 0.030096 0.106648 -0.005365
v 0.031291 0.152652 -0.005365
v 0.030096 0.152652 -0.005365
v 0.031291 0.198656 -0.005365
v 0.030096 0.198656 -0.005365
v 0.031291 0.247652 -0.005365
v 0.030096 0.247652 -0.005365
v 0.014950 0.057652 -0.006282
v 0.013756 0.057652 -0.006282
v 0.014950 0.106648 -0.006282
v 0.013756 0.106648 -0.006282
v 0.014950 0.152652 -0.006282
v 0.013756 0.152652 -0.006282
v 0.014950 0.198656 -0.006282
v 0.013756 0.198656 -0.006282
v 0.014950 0.247652 -0.006282
v 0.013756 0.247652 -0.006282
v 0.024286 0.057652 -0.006140
v 0.023091 0.057652 -0.006140
v 0.024286 0.106648 -0.006140
v 0.023091 0.106648 -0.006140
v 0.024286 0.152652 -0.006140
v 0.023091 0.152652 -0.006140
v 0.024286 0.198656 -0.006140
v 0.023091 0.198656 -0.006140
v 0.024286 0.247652 -0.006140
v 0.023091 0.247652 -0.006140
v 0.032449 0.057652 -0.007397
v 0.031254 0.057652 -0.007397
v 0.032449 0.106648 -0.007397
v 0.031254 0.106648 -0.007397
v 0.032449 0.152652 -0.007397
v 0.031254 0.152652 -0.007397
v 0.032449 0.198656 -0.007397
v 0.031254 0.198656 -0.007397
v 0.032449 0.247652 -0.007397
v 0.031254 0.247652 -0.007397
v 0.065094 0.057652 -0.009866
v 0.063899 0.057652 -0.009866
v 0.065094 0.106648 -0.009866
v 0.063899 0.106648 -0.009866
v 0.065094 0.152652 -0.009866
v 0.063899 0.152652 -0.009866
v 0.065094 0.198656 -0.009866
v 0.063899 0.198656 -0.009866
v 0.065094 0.247652 -0.009866
v 0.063899 0.247652 -0.009866
v 0.026624 0.057652 -0.004867
v 0.025429 0.057652 -0.004867
v 0.026624 0.106648 -0.004867
v 0.025429 0.106648 -0.004867
v 0.026624 0.152652 -0.004867
v 0.025429 0.152652 -0.004867
v 0.026624 0.198656 -0.004867
v 0.025429 0.198656 -0.004867
v 0.026624 0.247652 -0.004867
v 0.025429 0.247652 -0.004867
v 0.031857 0.057652 -0.009431
v 0.030662 0.057652 -0.009431
v 0.031857 0.106648 -0.009431
v 0.030662 0.106648 -0.009431
v 0.031857 0.152652 -0.009431
v 0.030662 0.152652 -0.009431
v 0.031857 0.198656 -0.009431
v 0.030662 0.198656 -0.009431
v 0.031857 0.247652 -0.009431
v 0.030662 0.247652 -0.009431
v 0.023116 0.057652 -0.007155
v 0.021921 0.057652 -0.007155
v 0.023116 0.106648 -0.007155
v 0.021921 0.106648 -0.007155
v 0.023116 0.152652 -0.007155
v 0.021921 0.152652 -0.007155
v 0.023116 0.198656 -0.007155
v 0.021921 0.198656 -0.007155
v 0.023116 0.247652 -0.007155
v 0.021921 0.247652 -0.007155
v 0.027784 0.057652 -0.006895
v 0.026589 0.057652 -0.006895
v 0.027784 0.106648 -0.006895
v 0.026589 0.106648 -0.006895
v 0.027784 0.152652 -0.006895
v 0.026589 0.152652 -0.006895
v 0.027784 0.198656 -0.006895
v 0.026589 0.198656 -0.006895
v 0.027784 0.247652 -0.006895
v 0.026589 0.247652 -0.006895
v 0.062223 0.057652 -0.004725
v 0.061028 0.057652 -0.004725
v 0.062223 0.106648 -0.004725
v 0.061028 0.106648 -0.004725
v 0.062223 0.152652 -0.004725
v 0.061028 0.152652 -0.004725
v 0.062223 0.198656 -0.004725
v 0.061028 0.198656 -0.004725
v 0.062223 0.247652 -0.004725
v 0.061028 0.247652 -0.004725
v 0.036542 0.057652 -0.005418
v 0.035347 0.057652 -0.005418
v 0.036542 0.106648 -0.005418
v 0.035347 0.106648 -0.005418
v 0.036542 0.152652 -0.005418
v 0.035347 0.152652 -0.005418
v 0.036542 0.198656 -0.005418
v 0.035347 0.198656 -0.005418
v 0.036542 0.247652 -0.005418
v 0.035347 0.247652 -0.005418
v 0.006781 0.057652 -0.008058
v 0.005587 0.057652 -0.008058
v 0.006781 0.106648 -0.008058
v 0.005587 0.106648 -0.008058
v 0.006781 0.152652 -0.008058
v 0.005587 0.152652 -0.008058
v 0.006781 0.198656 -0.008058
v 0.005587 0.198656 -0.008058
v 0.006781 0.247652 -0.008058
v 0.005587 0.247652 -0.008058
v 0.051693 0.057652 -0.008206
v 0.050498 0.057652 -0.008206
v 0.051693 0.106648 -0.008206
v 0.050498 0.106648 -0.008206
v 0.051693 0.152652 -0.008206
v 0.050498 0.152652 -0.008206
v 0.051693 0.198656 -0.008206
v 0.050498 0.198656 -0.008206
v 0.051693 0.247652 -0.008206
v 0.050498 0.247652 -0.008206
v 0.016114 0.057652 -0.008300
v 0.014919 0.057652 -0.008300
v 0.016114 0.106648 -0.008300
v 0.014919 0.106648 -0.008300
v 0.016114 0.152652 -0.008300
v 0.014919 0.152652 -0.008300
v 0.016114 0.198656 -0.008300
v 0.014919 0.198656 -0.008300
v 0.016114 0.247652 -0.008300
v 0.014919 0.247652 -0.008300
v 0.022527 0.057652 -0.009181
v 0.021333 0.057652 -0.009181
v 0.022527 0.106648 -0.009181
v 0.021333 0.106648 -0.009181
v 0.022527 0.152652 -0.009181
v 0.021333 0.152652 -0.009181
v 0.022527 0.198656 -0.009181
v 0.021333 0.198656 -0.009181
v 0.022527 0.247652 -0.009181
v 0.021333 0.247652 -0.009181
v 0.052887 0.057652 -0.004489
v 0.051693 0.057652 -0.004489
v 0.052887 0.106648 -0.004489
v 0.051693 0.106648 -0.004489
v 0.052887 0.152652 -0.004489
v 0.051693 0.152652 -0.004489
v 0.052887 0.198656 -0.004489
v 0.051693 0.198656 -0.004489
v 0.052887 0.247652 -0.004489
v 0.051693 0.247652 -0.004489
v 0.054592 0.057652 -0.010637
v 0.053397 0.057652 -0.010637
v 0.054592 0.106648 -0.010637
v 0.053397 0.106648 -0.010637
v 0.054592 0.152652 -0.010637
v 0.053397 0.152652 -0.010637
v 0.054592 0.198656 -0.010637
v 0.053397 0.198656 -0.010637
v 0.054592 0.247652 -0.010637
v 0.053397 0.247652 -0.010637
v 0.017287 0.057652 -0.004635
v 0.016093 0.057652 -0.004635
v 0.017287 0.106648 -0.004635
v 0.016093 0.106648 -0.004635
v 0.017287 0.152652 -0.004635
v 0.016093 0.152652 -0.004635
v 0.017287 0.198656 -0.004635
v 0.016093 0.198656 -0.004635
v 0.017287 0.247652 -0.004635
v 0.016093 0.247652 -0.004635
v 0.044704 0.057652 -0.006679
v 0.043509 0.057652 -0.006679
v 0.044704 0.106648 -0.006679
v 0.043509 0.106648 -0.006679
v 0.044704 0.152652 -0.006679
v 0.043509 0.152652 -0.006679
v 0.044704 0.198656 -0.006679
v 0.043509 0.198656 -0.006679
v 0.044704 0.247652 -0.006679
v 0.043509 0.247652 -0.006679
v 0.044108 0.057652 -0.008724
v 0.042913 0.057652 -0.008724
v 0.044108 0.106648 -0.008724
v 0.042913 0.106648 -0.008724
v 0.044108 0.152652 -0.008724
v 0.042913 0.152652 -0.008724
v 0.044108 0.198656 -0.008724
v 0.042913 0.198656 -0.008724
v 0.044108 0.247652 -0.008724
v 0.042913 0.247652 -0.008724
v 0.020782 0.057652 -0.007664
v 0.019587 0.057652 -0.007664
v 0.020782 0.106648 -0.007664
v 0.019587 0.106648 -0.007664
v 0.020782 0.152652 -0.007664
v 0.019587 0.152652 -0.007664
v 0.020782 0.198656 -0.007664
v 0.019587 0.198656 -0.007664
v 0.020782 0.247652 -0.007664
v 0.019587 0.247652 -0.007664
v 0.058102 0.057652 -0.009099
v 0.056907 0.057652 -0.009099
v 0.058102 0.106648 -0.009099
v 0.056907 0.106648 -0.009099
v 0.058102 0.152652 -0.009099
v 0.056907 0.152652 -0.009099
v 0.058102 0.198656 -0.009099
v 0.056907 0.198656 -0.009099
v 0.058102 0.247652 -0.009099
v 0.056907 0.247652 -0.009099
v 0.061646 0.057652 -0.003956
v 0.060451 0.057652 -0.003956
v 0.061646 0.106648 -0.003956
v 0.060451 0.106648 -0.003956
v 0.061646 0.152652 -0.003956
v 0.060451 0.152652 -0.003956
v 0.061646 0.198656 -0.003956
v 0.060451 0.198656 -0.003956
v 0.061646 0.247652 -0.003956
v 0.060451 0.247652 -0.003956
v 0.028352 0.057652 -0.010957
v 0.027157 0.057652 -0.010957
v 0.028352 0.106648 -0.010957
v 0.027157 0.106648 -0.010957
v 0.028352 0.152652 -0.010957
v 0.027157 0.152652 -0.010957
v 0.028352 0.198656 -0.010957
v 0.027157 0.198656 -0.010957
v 0.028352 0.247652 -0.010957
v 0.027157 0.247652 -0.010957
v 0.070357 0.057652 -0.008317
v 0.069162 0.057652 -0.008317
v 0.070357 0.106648 -0.008317
v 0.069162 0.106648 -0.008317
v 0.070357 0.152652 -0.008317
v 0.069162 0.152652 -0.008317
v 0.070357 0.198656 -0.008317
v 0.069162 0.198656 -0.008317
v 0.070357 0.247652 -0.008317
v 0.069162 0.247652 -0.008317
v 0.034778 0.057652 -0.008412
v 0.033583 0.057652 -0.008412
v 0.034778 0.106648 -0.008412
v 0.033583 0.106648 -0.008412
v 0.034778 0.152652 -0.008412
v 0.033583 0.152652 -0.008412
v 0.034778 0.198656 -0.008412
v 0.033583 0.198656 -0.008412
v 0.034778 0.247652 -0.008412
v 0.033583 0.247652 -0.008412
v 0.011448 0.057652 -0.007800
v 0.010253 0.057652 -0.007800
v 0.011448 0.106648 -0.007800
v 0.010253 0.106648 -0.007800
v 0.011448 0.152652 -0.007800
v 0.010253 0.152652 -0.007800
v 0.011448 0.198656 -0.007800
v 0.010253 0.198656 -0.007800
v 0.011448 0.247652 -0.007800
v 0.010253 0.247652 -0.007800
v 0.066886 0.057652 -0.005231
v 0.065691 0.057652 -0.005231
v 0.066886 0.106648 -0.005231
v 0.065691 0.106648 -0.005231
v 0.066886 0.152652 -0.005231
v 0.065691 0.152652 -0.005231
v 0.066886 0.198656 -0.005231
v 0.065691 0.198656 -0.005231
v 0.066886 0.247652 -0.005231
v 0.065691 0.247652 -0.005231
v 0.028955 0.057652 -0.005878
v 0.027760 0.057652 -0.005878
v 0.028955 0.106648 -0.005878
v 0.027760 0.106648 -0.005878
v 0.028955 0.152652 -0.005878
v 0.027760 0.152652 -0.005878
v 0.028955 0.198656 -0.005878
v 0.027760 0.198656 -0.005878
v 0.028955 0.247652 -0.005878
v 0.027760 0.247652 -0.005878
v 0.040035 0.057652 -0.006941
v 0.038840 0.057652 -0.006941
v 0.040035 0.106648 -0.006941
v 0.038840 0.106648 -0.006941
v 0.040035 0.152652 -0.006941
v 0.038840 0.152652 -0.006941
v 0.040035 0.198656 -0.006941
v 0.038840 0.198656 -0.006941
v 0.040035 0.247652 -0.006941
v 0.038840 0.247652 -0.006941
v 0.006197 0.057652 -0.010073
v 0.005002 0.057652 -0.010073
v 0.006197 0.106648 -0.010073
v 0.005002 0.106648 -0.010073
v 0.006197 0.152652 -0.010073
v 0.005002 0.152652 -0.010073
v 0.006197 0.198656 -0.010073
v 0.005002 0.198656 -0.010073
v 0.006197 0.247652 -0.010073
v 0.005002 0.247652 -0.010073
v 0.025447 0.057652 -0.008165
v 0.024252 0.057652 -0.008165
v 0.025447 0.106648 -0.008165
v 0.024252 0.106648 -0.008165
v 0.025447 0.152652 -0.008165
v 0.024252 0.152652 -0.008165
v 0.025447 0.198656 -0.008165
v 0.024252 0.198656 -0.008165
v 0.025447 0.247652 -0.008165
v 0.024252 0.247652 -0.008165
v 0.021955 0.057652 -0.005131
v 0.020760 0.057652 -0.005131
v 0.021955 0.106648 -0.005131
v 0.020760 0.106648 -0.005131
v 0.021955 0.152652 -0.005131
v 0.020760 0.152652 -0.005131
v 0.021955 0.198656 -0.005131
v 0.020760 0.198656 -0.005131
v 0.021955 0.247652 -0.005131
v 0.020760 0.247652 -0.005131
v 0.037105 0.057652 -0.009492
v 0.035910 0.057652 -0.009492
v 0.037105 0.106648 -0.009492
v 0.035910 0.106648 -0.009492
v 0.037105 0.152652 -0.009492
v 0.035910 0.152652 -0.009492
v 0.037105 0.198656 -0.009492
v 0.035910 0.198656 -0.009492
v 0.037105 0.247652 -0.009492
v 0.035910 0.247652 -0.009492
v 0.033620 0.057652 -0.006378
v 0.032425 0.057652 -0.006378
v 0.033620 0.106648 -0.006378
v 0.032425 0.106648 -0.006378
v 0.033620 0.152652 -0.006378
v 0.032425 0.152652 -0.006378
v 0.033620 0.198656 -0.006378
v 0.032425 0.198656 -0.006378
v 0.033620 0.247652 -0.006378
v 0.032425 0.247652 -0.006378
v 0.009116 0.057652 -0.006795
v 0.007921 0.057652 -0.006795
v 0.009116 0.106648 -0.006795
v 0.007921 0.106648 -0.006795
v 0.009116 0.152652 -0.006795
v 0.007921 0.152652 -0.006795
v 0.009116 0.198656 -0.006795
v 0.007921 0.198656 -0.006795
v 0.009116 0.247652 -0.006795
v 0.007921 0.247652 -0.006795
v 0.066317 0.057652 -0.003688
v 0.065122 0.057652 -0.003688
v 0.066317 0.106648 -0.003688
v 0.065122 0.106648 -0.003688
v 0.066317 0.152652 -0.003688
v 0.065122 0.152652 -0.003688
v 0.066317 0.198656 -0.003688
v 0.065122 0.198656 -0.003688
v 0.066317 0.247652 -0.003688
v 0.065122 0.247652 -0.003688
v 0.071562 0.057652 -0.004385
v 0.070367 0.057652 -0.004385
v 0.071562 0.106648 -0.004385
v 0.070367 0.106648 -0.004385
v 0.071562 0.152652 -0.004385
v 0.070367 0.152652 -0.004385
v 0.071562 0.198656 -0.004385
v 0.070367 0.198656 -0.004385
v 0.071562 0.247652 -0.004385
v 0.070367 0.247652 -0.004385
v 0.040596 0.057652 -0.011020
v 0.039401 0.057652 -0.011020
v 0.040596 0.106648 -0.011020
v 0.039401 0.106648 -0.011020
v 0.040596 0.152652 -0.011020
v 0.039401 0.152652 -0.011020
v 0.040596 0.198656 -0.011020
v 0.039401 0.198656 -0.011020
v 0.040596 0.247652 -0.011020
v 0.039401 0.247652 -0.011020
v 0.029523 0.057652 -0.009940
v 0.028328 0.057652 -0.009940
v 0.029523 0.106648 -0.009940
v 0.028328 0.106648 -0.009940
v 0.029523 0.152652 -0.009940
v 0.028328 0.152652 -0.009940
v 0.029523 0.198656 -0.009940
v 0.028328 0.198656 -0.009940
v 0.029523 0.247652 -0.009940
v 0.028328 0.247652 -0.009940
v 0.059878 0.057652 -0.006015
v 0.058683 0.057652 -0.006015
v 0.059878 0.106648 -0.006015
v 0.058683 0.106648 -0.006015
v 0.059878 0.152652 -0.006015
v 0.058683 0.152652 -0.006015
v 0.059878 0.198656 -0.006015
v 0.058683 0.198656 -0.006015
v 0.059878 0.247652 -0.006015
v 0.058683 0.247652 -0.006015
v 0.037699 0.057652 -0.007454
v 0.036504 0.057652 -0.007454
v 0.037699 0.106648 -0.007454
v 0.036504 0.106648 -0.007454
v 0.037699 0.152652 -0.007454
v 0.036504 0.152652 -0.007454
v 0.037699 0.198656 -0.007454
v 0.036504 0.198656 -0.007454
v 0.037699 0.247652 -0.007454
v 0.036504 0.247652 -0.007454
v 0.002115 0.057652 -0.007560
v 0.000920 0.057652 -0.007560
v 0.002115 0.106648 -0.007560
v 0.000920 0.106648 -0.007560
v 0.002115 0.152652 -0.007560
v 0.000920 0.152652 -0.007560
v 0.002115 0.198656 -0.007560
v 0.000920 0.198656 -0.007560
v 0.002115 0.247652 -0.007560
v 0.000920 0.247652 -0.007560
v 0.048770 0.057652 -0.009232
v 0.047575 0.057652 -0.009232
v 0.048770 0.106648 -0.009232
v 0.047575 0.106648 -0.009232
v 0.048770 0.152652 -0.009232
v 0.047575 0.152652 -0.009232
v 0.048770 0.198656 -0.009232
v 0.047575 0.198656 -0.009232
v 0.048770 0.247652 -0.009232
v 0.047575 0.247652 -0.009232
v 0.019619 0.057652 -0.005642
v 0.018425 0.057652 -0.005642
v 0.019619 0.106648 -0.005642
v 0.018425 0.106648 -0.005642
v 0.019619 0.152652 -0.005642
v 0.018425 0.152652 -0.005642
v 0.019619 0.198656 -0.005642
v 0.018425 0.198656 -0.005642
v 0.019619 0.247652 -0.005642
v 0.018425 0.247652 -0.005642
v 0.013196 0.057652 -0.009313
v 0.012001 0.057652 -0.009313
v 0.013196 0.106648 -0.009313
v 0.012001 0.106648 -0.009313
v 0.013196 0.152652 -0.009313
v 0.012001 0.152652 -0.009313
v 0.013196 0.198656 -0.009313
v 0.012001 0.198656 -0.009313
v 0.013196 0.247652 -0.009313
v 0.012001 0.247652 -0.009313
v 0.030713 0.057652 -0.003842
v 0.029519 0.057652 -0.003842
v 0.030713 0.106648 -0.003842
v 0.029519 0.106648 -0.003842
v 0.030713 0.152652 -0.003842
v 0.029519 0.152652 -0.003842
v 0.030713 0.198656 -0.003842
v 0.029519 0.198656 -0.003842
v 0.030713 0.247652 -0.003842
v 0.029519 0.247652 -0.003842
v 0.072709 0.057652 -0.006445
v 0.071514 0.057652 -0.006445
v 0.072709 0.106648 -0.006445
v 0.071514 0.106648 -0.006445
v 0.072709 0.152652 -0.006445
v 0.071514 0.152652 -0.006445
v 0.072709 0.198656 -0.006445
v 0.071514 0.198656 -0.006445
v 0.072709 0.247652 -0.006445
v 0.071514 0.247652 -0.006445
v 0.009694 0.057652 -0.010830
v 0.008500 0.057652 -0.010830
v 0.009694 0.106648 -0.010830
v 0.008500 0.106648 -0.010830
v 0.009694 0.152652 -0.010830
v 0.008500 0.152652 -0.010830
v 0.009694 0.198656 -0.010830
v 0.008500 0.198656 -0.010830
v 0.009694 0.247652 -0.010830
v 0.008500 0.247652 -0.010830
v 0.053440 0.057652 -0.008589
v 0.052245 0.057652 -0.008589
v 0.053440 0.106648 -0.008589
v 0.052245 0.106648 -0.008589
v 0.053440 0.152652 -0.008589
v 0.052245 0.152652 -0.008589
v 0.053440 0.198656 -0.008589
v 0.052245 0.198656 -0.008589
v 0.053440 0.247652 -0.008589
v 0.052245 0.247652 -0.008589
v 0.010283 0.057652 -0.005785
v 0.009089 0.057652 -0.005785
v 0.010283 0.106648 -0.005785
v 0.009089 0.106648 -0.005785
v 0.010283 0.152652 -0.005785
v 0.009089 0.152652 -0.005785
v 0.010283 0.198656 -0.005785
v 0.009089 0.198656 -0.005785
v 0.010283 0.247652 -0.005785
v 0.009089 0.247652 -0.005785
v 0.038879 0.057652 -0.004904
v 0.037684 0.057652 -0.004904
v 0.038879 0.106648 -0.004904
v 0.037684 0.106648 -0.004904
v 0.038879 0.152652 -0.004904
v 0.037684 0.152652 -0.004904
v 0.038879 0.198656 -0.004904
v 0.037684 0.198656 -0.004904
v 0.038879 0.247652 -0.004904
v 0.037684 0.247652 -0.004904
v 0.050541 0.057652 -0.006159
v 0.049347 0.057652 -0.006159
v 0.050541 0.106648 -0.006159
v 0.049347 0.106648 -0.006159
v 0.050541 0.152652 -0.006159
v 0.049347 0.152652 -0.006159
v 0.050541 0.198656 -0.006159
v 0.049347 0.198656 -0.006159
v 0.050541 0.247652 -0.006159
v 0.049347 0.247652 -0.006159
v 0.007367 0.057652 -0.004026
v 0.006172 0.057652 -0.004026
v 0.007367 0.106648 -0.004026
v 0.006172 0.106648 -0.004026
v 0.007367 0.152652 -0.004026
v 0.006172 0.152652 -0.004026
v 0.007367 0.198656 -0.004026
v 0.006172 0.198656 -0.004026
v 0.007367 0.247652 -0.004026
v 0.006172 0.247652 -0.004026
v 0.051096 0.057652 -0.010254
v 0.049901 0.057652 -0.010254
v 0.051096 0.106648 -0.010254
v 0.049901 0.106648 -0.010254
v 0.051096 0.152652 -0.010254
v 0.049901 0.152652 -0.010254
v 0.051096 0.198656 -0.010254
v 0.049901 0.198656 -0.010254
v 0.051096 0.247652 -0.010254
v 0.049901 0.247652 -0.010254
v 0.068656 0.057652 -0.003168
v 0.067461 0.057652 -0.003168
v 0.068656 0.106648 -0.003168
v 0.067461 0.106648 -0.003168
v 0.068656 0.152652 -0.003168
v 0.067461 0.152652 -0.003168
v 0.068656 0.198656 -0.003168
v 0.067461 0.198656 -0.003168
v 0.068656 0.247652 -0.003168
v 0.067461 0.247652 -0.003168
v 0.073252 0.057652 -0.010569
v 0.072057 0.057652 -0.010569
v 0.073252 0.106648 -0.010569
v 0.072057 0.106648 -0.010569
v 0.073252 0.152652 -0.010569
v 0.072057 0.152652 -0.010569
v 0.073252 0.198656 -0.010569
v 0.072057 0.198656 -0.010569
v 0.073252 0.247652 -0.010569
v 0.072057 0.247652 -0.010569
v 0.067431 0.057652 -0.009350
v 0.066236 0.057652 -0.009350
v 0.067431 0.106648 -0.009350
v 0.066236 0.106648 -0.009350
v 0.067431 0.152652 -0.009350
v 0.066236 0.152652 -0.009350
v 0.067431 0.198656 -0.009350
v 0.066236 0.198656 -0.009350
v 0.067431 0.247652 -0.009350
v 0.066236 0.247652 -0.009350
v 0.023712 0.057652 -0.003098
v 0.022517 0.057652 -0.003098
v 0.023712 0.106648 -0.003098
v 0.022517 0.106648 -0.003098
v 0.023712 0.152652 -0.003098
v 0.022517 0.152652 -0.003098
v 0.023712 0.198656 -0.003098
v 0.022517 0.198656 -0.003098
v 0.023712 0.247652 -0.003098
v 0.022517 0.247652 -0.003098
v 0.049978 0.057652 -0.003090
v 0.048784 0.057652 -0.003090
v 0.049978 0.106648 -0.003090
v 0.048784 0.106648 -0.003090
v 0.049978 0.152652 -0.003090
v 0.048784 0.152652 -0.003090
v 0.049978 0.198656 -0.003090
v 0.048784 0.198656 -0.003090
v 0.049978 0.247652 -0.003090
v 0.048784 0.247652 -0.003090
v 0.005034 0.057652 -0.003022
v 0.003839 0.057652 -0.003022
v 0.005034 0.106648 -0.003022
v 0.003839 0.106648 -0.003022
v 0.005034 0.152652 -0.003022
v 0.003839 0.152652 -0.003022
v 0.005034 0.198656 -0.003022
v 0.003839 0.198656 -0.003022
v 0.005034 0.247652 -0.003022
v 0.003839 0.247652 -0.003022
v 0.013782 0.057652 -0.007293
v 0.012587 0.057652 -0.007293
v 0.013782 0.106648 -0.007293
v 0.012587 0.106648 -0.007293
v 0.013782 0.152652 -0.007293
v 0.012587 0.152652 -0.007293
v 0.013782 0.198656 -0.007293
v 0.012587 0.198656 -0.007293
v 0.013782 0.247652 -0.007293
v 0.012587 0.247652 -0.007293
v 0.056980 0.057652 -0.003455
v 0.055786 0.057652 -0.003455
v 0.056980 0.106648 -0.003455
v 0.055786 0.106648 -0.003455
v 0.056980 0.152652 -0.003455
v 0.055786 0.152652 -0.003455
v 0.056980 0.198656 -0.003455
v 0.055786 0.198656 -0.003455
v 0.056980 0.247652 -0.003455
v 0.055786 0.247652 -0.003455
v 0.012037 0.057652 -0.003762
v 0.010842 0.057652 -0.003762
v 0.012037 0.106648 -0.003762
v 0.010842 0.106648 -0.003762
v 0.012037 0.152652 -0.003762
v 0.010842 0.152652 -0.003762
v 0.012037 0.198656 -0.003762
v 0.010842 0.198656 -0.003762
v 0.012037 0.247652 -0.003762
v 0.010842 0.247652 -0.003762
v 0.026043 0.057652 -0.004107
v 0.024848 0.057652 -0.004107
v 0.026043 0.106648 -0.004107
v 0.024848 0.106648 -0.004107
v 0.026043 0.152652 -0.004107
v 0.024848 0.152652 -0.004107
v 0.026043 0.198656 -0.004107
v 0.024848 0.198656 -0.004107
v 0.026043 0.247652 -0.004107
v 0.024848 0.247652 -0.004107
v 0.034185 0.057652 -0.010448
v 0.032990 0.057652 -0.010448
v 0.034185 0.106648 -0.010448
v 0.032990 0.106648 -0.010448
v 0.034185 0.152652 -0.010448
v 0.032990 0.152652 -0.010448
v 0.034185 0.198656 -0.010448
v 0.032990 0.198656 -0.010448
v 0.034185 0.247652 -0.010448
v 0.032990 0.247652 -0.010448
v 0.024857 0.057652 -0.010195
v 0.023662 0.057652 -0.010195
v 0.024857 0.106648 -0.010195
v 0.023662 0.106648 -0.010195
v 0.024857 0.152652 -0.010195
v 0.023662 0.152652 -0.010195
v 0.024857 0.198656 -0.010195
v 0.023662 0.198656 -0.010195
v 0.024857 0.247652 -0.010195
v 0.023662 0.247652 -0.010195
v 0.052307 0.057652 -0.004107
v 0.051112 0.057652 -0.004107
v 0.052307 0.106648 -0.004107
v 0.051112 0.106648 -0.004107
v 0.052307 0.152652 -0.004107
v 0.051112 0.152652 -0.004107
v 0.052307 0.198656 -0.004107
v 0.051112 0.198656 -0.004107
v 0.052307 0.247652 -0.004107
v 0.051112 0.247652 -0.004107
v 0.055765 0.057652 -0.009613
v 0.054570 0.057652 -0.009613
v 0.055765 0.106648 -0.009613
v 0.054570 0.106648 -0.009613
v 0.055765 0.152652 -0.009613
v 0.054570 0.152652 -0.009613
v 0.055765 0.198656 -0.009613
v 0.054570 0.198656 -0.009613
v 0.055765 0.247652 -0.009613
v 0.054570 0.247652 -0.009613
v 0.027194 0.057652 -0.008925
v 0.025999 0.057652 -0.008925
v 0.027194 0.106648 -0.008925
v 0.025999 0.106648 -0.008925
v 0.027194 0.152652 -0.008925
v 0.025999 0.152652 -0.008925
v 0.027194 0.198656 -0.008925
v 0.025999 0.198656 -0.008925
v 0.027194 0.247652 -0.008925
v 0.025999 0.247652 -0.008925
v 0.065696 0.057652 -0.007807
v 0.064501 0.057652 -0.007807
v 0.065696 0.106648 -0.007807
v 0.064501 0.106648 -0.007807
v 0.065696 0.152652 -0.007807
v 0.064501 0.152652 -0.007807
v 0.065696 0.198656 -0.007807
v 0.064501 0.198656 -0.007807
v 0.065696 0.247652 -0.007807
v 0.064501 0.247652 -0.007807
v 0.007950 0.057652 -0.004781
v 0.006755 0.057652 -0.004781
v 0.007950 0.106648 -0.004781
v 0.006755 0.106648 -0.004781
v 0.007950 0.152652 -0.004781
v 0.006755 0.152652 -0.004781
v 0.007950 0.198656 -0.004781
v 0.006755 0.198656 -0.004781
v 0.007950 0.247652 -0.004781
v 0.006755 0.247652 -0.004781
v 0.068034 0.057652 -0.007289
v 0.066839 0.057652 -0.007289
v 0.068034 0.106648 -0.007289
v 0.066839 0.106648 -0.007289
v 0.068034 0.152652 -0.007289
v 0.066839 0.152652 -0.007289
v 0.068034 0.198656 -0.007289
v 0.066839 0.198656 -0.007289
v 0.068034 0.247652 -0.007289
v 0.066839 0.247652 -0.007289
v 0.077514 0.057652 -0.002630
v 0.076319 0.057652 -0.002630
v 0.077514 0.106648 -0.002630
v 0.076319 0.106648 -0.002630
v 0.077514 0.152652 -0.002630
v 0.076319 0.152652 -0.002630
v 0.077514 0.198656 -0.002630
v 0.076319 0.198656 -0.002630
v 0.077514 0.247652 -0.002630
v 0.076319 0.247652 -0.002630
v 0.080507 0.057652 -0.000496
v 0.079312 0.057652 -0.000496
v 0.080507 0.106648 -0.000496
v 0.079312 0.106648 -0.000496
v 0.080507 0.152652 -0.000496
v 0.079312 0.152652 -0.000496
v 0.080507 0.198656 -0.000496
v 0.079312 0.198656 -0.000496
v 0.080507 0.247652 -0.000496
v 0.079312 0.247652 -0.000496
v 0.075560 0.057652 -0.002680
v 0.074365 0.057652 -0.002680
v 0.075560 0.106648 -0.002680
v 0.074365 0.106648 -0.002680
v 0.075560 0.152652 -0.002680
v 0.074365 0.152652 -0.002680
v 0.075560 0.198656 -0.002680
v 0.074365 0.198656 -0.002680
v 0.075560 0.247652 -0.002680
v 0.074365 0.247652 -0.002680
v 0.080751 0.057652 -0.000142
v 0.079556 0.057652 -0.000142
v 0.080751 0.106648 -0.000142
v 0.079556 0.106648 -0.000142
v 0.080751 0.152652 -0.000142
v 0.079556 0.152652 -0.000142
v 0.080751 0.198656 -0.000142
v 0.079556 0.198656 -0.000142
v 0.080751 0.247652 -0.000142
v 0.079556 0.247652 -0.000142
v 0.077097 0.057652 -0.000742
v 0.075902 0.057652 -0.000742
v 0.077097 0.106648 -0.000742
v 0.075902 0.106648 -0.000742
v 0.077097 0.152652 -0.000742
v 0.075902 0.152652 -0.000742
v 0.077097 0.198656 -0.000742
v 0.075902 0.198656 -0.000742
v 0.077097 0.247652 -0.000742
v 0.075902 0.247652 -0.000742
v 0.081055 0.057652 -0.002068
v 0.079860 0.057652 -0.002068
v 0.081055 0.106648 -0.002068
v 0.079860 0.106648 -0.002068
v 0.081055 0.152652 -0.002068
v 0.079860 0.152652 -0.002068
v 0.081055 0.198656 -0.002068
v 0.079860 0.198656 -0.002068
v 0.081055 0.247652 -0.002068
v 0.079860 0.247652 -0.002068
v 0.075806 0.057652 -0.002323
v 0.074612 0.057652 -0.002323
v 0.075806 0.106648 -0.002323
v 0.074612 0.106648 -0.002323
v 0.075806 0.152652 -0.002323
v 0.074612 0.152652 -0.002323
v 0.075806 0.198656 -0.002323
v 0.074612 0.198656 -0.002323
v 0.075806 0.247652 -0.002323
v 0.074612 0.247652 -0.002323
v 0.079290 0.057652 -0.000408
v 0.078095 0.057652 -0.000408
v 0.079290 0.106648 -0.000408
v 0.078095 0.106648 -0.000408
v 0.079290 0.152652 -0.000408
v 0.078095 0.152652 -0.000408
v 0.079290 0.198656 -0.000408
v 0.078095 0.198656 -0.000408
v 0.079290 0.247652 -0.000408
v 0.078095 0.247652 -0.000408
v 0.081238 0.057652 -0.000363
v 0.080043 0.057652 -0.000363
v 0.081238 0.106648 -0.000363
v 0.080043 0.106648 -0.000363
v 0.081238 0.152652 -0.000363
v 0.080043 0.152652 -0.000363
v 0.081238 0.198656 -0.000363
v 0.080043 0.198656 -0.000363
v 0.081238 0.247652 -0.000363
v 0.080043 0.247652 -0.000363
v 0.078192 0.057652 -0.001008
v 0.076997 0.057652 -0.001008
v 0.078192 0.106648 -0.001008
v 0.076997 0.106648 -0.001008
v 0.078192 0.152652 -0.001008
v 0.076997 0.152652 -0.001008
v 0.078192 0.198656 -0.001008
v 0.076997 0.198656 -0.001008
v 0.078192 0.247652 -0.001008
v 0.076997 0.247652 -0.001008
v 0.078435 0.057652 -0.001185
v 0.077240 0.057652 -0.001185
v 0.078435 0.106648 -0.001185
v 0.077240 0.106648 -0.001185
v 0.078435 0.152652 -0.001185
v 0.077240 0.152652 -0.001185
v 0.078435 0.198656 -0.001185
v 0.077240 0.198656 -0.001185
v 0.078435 0.247652 -0.001185
v 0.077240 0.247652 -0.001185
v 0.074223 0.057652 -0.001993
v 0.073028 0.057652 -0.001993
v 0.074223 0.106648 -0.001993
v 0.073028 0.106648 -0.001993
v 0.074223 0.152652 -0.001993
v 0.073028 0.152652 -0.001993
v 0.074223 0.198656 -0.001993
v 0.073028 0.198656 -0.001993
v 0.074223 0.247652 -0.001993
v 0.073028 0.247652 -0.001993
v 0.081116 0.057652 -0.001071
v 0.079921 0.057652 -0.001071
v 0.081116 0.106648 -0.001071
v 0.079921 0.106648 -0.001071
v 0.081116 0.152652 -0.001071
v 0.079921 0.152652 -0.001071
v 0.081116 0.198656 -0.001071
v 0.079921 0.198656 -0.001071
v 0.081116 0.247652 -0.001071
v 0.079921 0.247652 -0.001071
vn -0.0000 -0.0000 1.0000
vn -0.0000 -0.0000 -1.0000
vt 0.899887 0.147668
vt 0.901125 0.198440
vt 0.899887 0.198440
vt 0.899887 0.099997
vt 0.901125 0.147668
vt 0.899888 0.052331
vt 0.901125 0.099997
vt 0.899887 0.001561
vt 0.901125 0.052331
vt 0.604592 0.052338
vt 0.603354 0.001561
vt 0.604592 0.001561
vt 0.604592 0.100008
vt 0.603354 0.052338
vt 0.604592 0.147674
vt 0.603354 0.100008
vt 0.604592 0.198438
vt 0.603354 0.147674
vt 0.546664 0.147662
vt 0.547902 0.198438
vt 0.546664 0.198438
vt 0.546664 0.099991
vt 0.547902 0.147662
vt 0.546664 0.052325
vt 0.547902 0.099991
vt 0.546664 0.001561
vt 0.547902 0.052325
vt 0.921691 0.547672
vt 0.922929 0.598444
vt 0.921691 0.598444
vt 0.921691 0.500001
vt 0.922929 0.547672
vt 0.921691 0.452334
vt 0.922929 0.500001
vt 0.921691 0.401565
vt 0.922929 0.452334
vt 0.635118 0.052338
vt 0.633880 0.001561
vt 0.635118 0.001561
vt 0.635118 0.100008
vt 0.633880 0.052338
vt 0.635118 0.147674
vt 0.633880 0.100008
vt 0.635118 0.198438
vt 0.633880 0.147674
vt 0.600231 0.252337
vt 0.598993 0.201561
vt 0.600231 0.201561
vt 0.600231 0.300008
vt 0.598993 0.252337
vt 0.600231 0.347673
vt 0.598993 0.300008
vt 0.600231 0.398438
vt 0.598993 0.347673
vt 0.607715 0.147662
vt 0.608953 0.198438
vt 0.607715 0.198438
vt 0.607715 0.099991
vt 0.608953 0.147662
vt 0.607715 0.052325
vt 0.608953 0.099991
vt 0.607715 0.001561
vt 0.608953 0.052325
vt 0.921691 0.347670
vt 0.922929 0.398442
vt 0.921691 0.398442
vt 0.921691 0.299999
vt 0.922929 0.347670
vt 0.921691 0.252333
vt 0.922929 0.299999
vt 0.921691 0.201563
vt 0.922929 0.252333
vt 0.369108 0.052338
vt 0.367870 0.001561
vt 0.369108 0.001561
vt 0.369108 0.100008
vt 0.367870 0.052338
vt 0.369108 0.147674
vt 0.367870 0.100008
vt 0.369108 0.198438
vt 0.367870 0.147674
vt 0.351665 0.052338
vt 0.350427 0.001561
vt 0.351665 0.001561
vt 0.351665 0.100008
vt 0.350427 0.052338
vt 0.351665 0.147674
vt 0.350427 0.100008
vt 0.351665 0.198438
vt 0.350427 0.147674
vt 0.830115 0.547670
vt 0.831353 0.598442
vt 0.830115 0.598442
vt 0.830115 0.499999
vt 0.831353 0.547670
vt 0.830115 0.452332
vt 0.831353 0.499999
vt 0.830115 0.401563
vt 0.831353 0.452332
vt 0.215242 0.547661
vt 0.216480 0.598437
vt 0.215242 0.598437
vt 0.215242 0.499990
vt 0.216480 0.547661
vt 0.215242 0.452324
vt 0.216480 0.499990
vt 0.215242 0.401560
vt 0.216480 0.452324
vt 0.267571 0.547661
vt 0.268809 0.598437
vt 0.267571 0.598437
vt 0.267571 0.499990
vt 0.268809 0.547661
vt 0.267572 0.452324
vt 0.268809 0.499990
vt 0.267571 0.401560
vt 0.268809 0.452324
vt 0.511777 0.147662
vt 0.513015 0.198438
vt 0.511777 0.198438
vt 0.511777 0.099991
vt 0.513015 0.147662
vt 0.511777 0.052325
vt 0.513015 0.099991
vt 0.511777 0.001561
vt 0.513015 0.052325
vt 0.303696 0.052338
vt 0.302458 0.001561
vt 0.303696 0.001561
vt 0.303696 0.100008
vt 0.302458 0.052338
vt 0.303696 0.147674
vt 0.302458 0.100008
vt 0.303696 0.198438
vt 0.302458 0.147674
vt 0.321139 0.052338
vt 0.319901 0.001561
vt 0.321139 0.001561
vt 0.321139 0.100008
vt 0.319901 0.052338
vt 0.321139 0.147674
vt 0.319901 0.100008
vt 0.321139 0.198438
vt 0.319901 0.147674
vt 0.451964 0.252337
vt 0.450726 0.201561
vt 0.451964 0.201561
vt 0.451964 0.300007
vt 0.450726 0.252337
vt 0.451964 0.347673
vt 0.450726 0.300007
vt 0.451964 0.398437
vt 0.450726 0.347673
vt 0.851919 0.547672
vt 0.853157 0.598444
vt 0.851919 0.598444
vt 0.851919 0.500001
vt 0.853157 0.547672
vt 0.851919 0.452335
vt 0.853157 0.500001
vt 0.851919 0.401565
vt 0.853157 0.452335
vt 0.713612 0.652336
vt 0.712374 0.601560
vt 0.713612 0.601560
vt 0.713612 0.700006
vt 0.712374 0.652336
vt 0.713612 0.747672
vt 0.712374 0.700006
vt 0.713612 0.798437
vt 0.712374 0.747672
vt 0.686209 0.547661
vt 0.687447 0.598437
vt 0.686209 0.598437
vt 0.686209 0.499990
vt 0.687447 0.547661
vt 0.686209 0.452325
vt 0.687447 0.499990
vt 0.686209 0.401560
vt 0.687447 0.452325
vt 0.037686 0.052338
vt 0.036448 0.001561
vt 0.037686 0.001561
vt 0.037686 0.100008
vt 0.036448 0.052338
vt 0.037686 0.147674
vt 0.036448 0.100008
vt 0.037686 0.198438
vt 0.036448 0.147674
vt 0.281892 0.252336
vt 0.280654 0.201561
vt 0.281892 0.201561
vt 0.281892 0.300007
vt 0.280654 0.252336
vt 0.281892 0.347673
vt 0.280654 0.300007
vt 0.281892 0.398438
vt 0.280654 0.347673
vt 0.437643 0.947666
vt 0.438881 0.998438
vt 0.437643 0.998438
vt 0.437643 0.899996
vt 0.438881 0.947666
vt 0.437643 0.852329
vt 0.438881 0.899996
vt 0.437643 0.801559
vt 0.438881 0.852329
vt 0.206520 0.747661
vt 0.207758 0.798436
vt 0.206520 0.798436
vt 0.206520 0.699990
vt 0.207758 0.747661
vt 0.206520 0.652324
vt 0.207758 0.699990
vt 0.206520 0.601560
vt 0.207758 0.652324
vt 0.141108 0.547661
vt 0.142346 0.598437
vt 0.141108 0.598437
vt 0.141108 0.499990
vt 0.142346 0.547661
vt 0.141108 0.452324
vt 0.142346 0.499990
vt 0.141108 0.401560
vt 0.142346 0.452324
vt 0.020243 0.052338
vt 0.019005 0.001561
vt 0.020243 0.001561
vt 0.020243 0.100008
vt 0.019005 0.052338
vt 0.020243 0.147674
vt 0.019005 0.100008
vt 0.020243 0.198438
vt 0.019005 0.147674
vt 0.286253 0.652336
vt 0.285015 0.601560
vt 0.286253 0.601560
vt 0.286253 0.700006
vt 0.285015 0.652336
vt 0.286253 0.747672
vt 0.285015 0.700006
vt 0.286253 0.798437
vt 0.285015 0.747672
vt 0.987102 0.347671
vt 0.988341 0.398442
vt 0.987102 0.398442
vt 0.987102 0.300000
vt 0.988340 0.347671
vt 0.987103 0.252334
vt 0.988341 0.300000
vt 0.987102 0.201563
vt 0.988340 0.252334
vt 0.660044 0.147662
vt 0.661282 0.198438
vt 0.660044 0.198438
vt 0.660044 0.099992
vt 0.661282 0.147662
vt 0.660044 0.052326
vt 0.661282 0.099992
vt 0.660044 0.001561
vt 0.661282 0.052326
vt 0.491211 0.652335
vt 0.489973 0.601560
vt 0.491211 0.601560
vt 0.491211 0.700006
vt 0.489973 0.652335
vt 0.491211 0.747672
vt 0.489973 0.700006
vt 0.491211 0.798436
vt 0.489973 0.747672
vt 0.734178 0.347662
vt 0.735416 0.398438
vt 0.734178 0.398438
vt 0.734178 0.299992
vt 0.735416 0.347662
vt 0.734178 0.252325
vt 0.735416 0.299992
vt 0.734178 0.201561
vt 0.735416 0.252326
vt 0.264449 0.652335
vt 0.263211 0.601559
vt 0.264449 0.601559
vt 0.264449 0.700005
vt 0.263211 0.652335
vt 0.264448 0.747671
vt 0.263211 0.700005
vt 0.264449 0.798436
vt 0.263211 0.747671
vt 0.694931 0.547661
vt 0.696169 0.598437
vt 0.694931 0.598437
vt 0.694931 0.499991
vt 0.696169 0.547661
vt 0.694931 0.452325
vt 0.696169 0.499991
vt 0.694931 0.401560
vt 0.696169 0.452325
vt 0.059490 0.252337
vt 0.058252 0.201561
vt 0.059490 0.201561
vt 0.059490 0.300008
vt 0.058252 0.252337
vt 0.059490 0.347674
vt 0.058252 0.300008
vt 0.059490 0.398438
vt 0.058252 0.347674
vt 0.472530 0.547661
vt 0.473768 0.598437
vt 0.472530 0.598437
vt 0.472530 0.499991
vt 0.473768 0.547661
vt 0.472530 0.452325
vt 0.473768 0.499991
vt 0.472530 0.401560
vt 0.473768 0.452325
vt 0.162912 0.347661
vt 0.164150 0.398438
vt 0.162912 0.398438
vt 0.162912 0.299991
vt 0.164150 0.347661
vt 0.162912 0.252325
vt 0.164150 0.299991
vt 0.162912 0.201561
vt 0.164150 0.252325
vt 0.747260 0.347662
vt 0.748498 0.398438
vt 0.747260 0.398438
vt 0.747260 0.299991
vt 0.748498 0.347662
vt 0.747260 0.252325
vt 0.748498 0.299991
vt 0.747260 0.201561
vt 0.748498 0.252325
vt 0.838837 0.747671
vt 0.840075 0.798443
vt 0.838837 0.798443
vt 0.838837 0.700000
vt 0.840075 0.747671
vt 0.838837 0.652334
vt 0.840075 0.700000
vt 0.838837 0.601564
vt 0.840075 0.652334
vt 0.616436 0.747661
vt 0.617675 0.798437
vt 0.616436 0.798436
vt 0.616437 0.699991
vt 0.617675 0.747661
vt 0.616437 0.652324
vt 0.617675 0.699991
vt 0.616436 0.601560
vt 0.617675 0.652324
vt 0.681848 0.747661
vt 0.683086 0.798436
vt 0.681848 0.798436
vt 0.681848 0.699990
vt 0.683086 0.747661
vt 0.681848 0.652324
vt 0.683086 0.699990
vt 0.681848 0.601560
vt 0.683086 0.652324
vt 0.681848 0.547661
vt 0.683086 0.598437
vt 0.681848 0.598437
vt 0.681848 0.499990
vt 0.683086 0.547661
vt 0.681848 0.452325
vt 0.683086 0.499990
vt 0.681848 0.401560
vt 0.683086 0.452325
vt 0.260088 0.252336
vt 0.258850 0.201561
vt 0.260088 0.201561
vt 0.260088 0.300007
vt 0.258850 0.252336
vt 0.260088 0.347673
vt 0.258850 0.300007
vt 0.260088 0.398438
vt 0.258850 0.347673
vt 0.717973 0.652336
vt 0.716735 0.601560
vt 0.717973 0.601560
vt 0.717973 0.700006
vt 0.716735 0.652336
vt 0.717973 0.747672
vt 0.716735 0.700006
vt 0.717973 0.798437
vt 0.716735 0.747672
vt 0.704890 0.252337
vt 0.703652 0.201561
vt 0.704890 0.201561
vt 0.704890 0.300007
vt 0.703652 0.252337
vt 0.704890 0.347673
vt 0.703652 0.300007
vt 0.704890 0.398437
vt 0.703652 0.347673
vt 0.372231 0.547661
vt 0.373469 0.598437
vt 0.372231 0.598437
vt 0.372231 0.499991
vt 0.373469 0.547661
vt 0.372231 0.452325
vt 0.373469 0.499991
vt 0.372231 0.401560
vt 0.373469 0.452325
vt 0.882444 0.147669
vt 0.883682 0.198441
vt 0.882444 0.198441
vt 0.882444 0.099998
vt 0.883682 0.147669
vt 0.882444 0.052332
vt 0.883682 0.099998
vt 0.882444 0.001561
vt 0.883682 0.052332
vt 0.007160 0.052338
vt 0.005922 0.001561
vt 0.007160 0.001561
vt 0.007160 0.100008
vt 0.005922 0.052338
vt 0.007160 0.147674
vt 0.005922 0.100008
vt 0.007160 0.198438
vt 0.005922 0.147674
vt 0.495572 0.652335
vt 0.494334 0.601560
vt 0.495572 0.601560
vt 0.495572 0.700006
vt 0.494334 0.652335
vt 0.495572 0.747672
vt 0.494334 0.700006
vt 0.495572 0.798436
vt 0.494334 0.747672
vt 0.045170 0.947667
vt 0.046408 0.998438
vt 0.045170 0.998438
vt 0.045170 0.899996
vt 0.046408 0.947667
vt 0.045170 0.852329
vt 0.046408 0.899996
vt 0.045170 0.801559
vt 0.046408 0.852329
vt 0.838837 0.147662
vt 0.840075 0.198438
vt 0.838837 0.198438
vt 0.838837 0.099992
vt 0.840075 0.147662
vt 0.838837 0.052326
vt 0.840075 0.099992
vt 0.838837 0.001561
vt 0.840075 0.052326
vt 0.764703 0.547661
vt 0.765941 0.598437
vt 0.764703 0.598437
vt 0.764703 0.499991
vt 0.765941 0.547661
vt 0.764703 0.452325
vt 0.765941 0.499991
vt 0.764703 0.401560
vt 0.765941 0.452325
vt 0.203397 0.052338
vt 0.202159 0.001561
vt 0.203397 0.001561
vt 0.203397 0.100008
vt 0.202159 0.052338
vt 0.203397 0.147674
vt 0.202159 0.100008
vt 0.203397 0.198438
vt 0.202159 0.147674
vt 0.456325 0.052337
vt 0.455086 0.001561
vt 0.456325 0.001561
vt 0.456324 0.100008
vt 0.455086 0.052337
vt 0.456324 0.147674
vt 0.455086 0.100008
vt 0.456325 0.198438
vt 0.455087 0.147674
vt 0.686209 0.347662
vt 0.687447 0.398438
vt 0.686209 0.398438
vt 0.686209 0.299992
vt 0.687447 0.347662
vt 0.686209 0.252326
vt 0.687447 0.299992
vt 0.686209 0.201561
vt 0.687447 0.252326
vt 0.978381 0.747674
vt 0.979619 0.798446
vt 0.978381 0.798446
vt 0.978381 0.700004
vt 0.979619 0.747674
vt 0.978381 0.652337
vt 0.979619 0.700004
vt 0.978381 0.601567
vt 0.979619 0.652337
vt 0.395273 0.052338
vt 0.394035 0.001561
vt 0.395273 0.001561
vt 0.395273 0.100008
vt 0.394035 0.052338
vt 0.395273 0.147674
vt 0.394035 0.100008
vt 0.395273 0.198438
vt 0.394035 0.147674
vt 0.546664 0.547661
vt 0.547902 0.598437
vt 0.546664 0.598437
vt 0.546664 0.499991
vt 0.547902 0.547661
vt 0.546664 0.452325
vt 0.547902 0.499991
vt 0.546664 0.401560
vt 0.547902 0.452325
vt 0.982742 0.347671
vt 0.983980 0.398442
vt 0.982742 0.398442
vt 0.982742 0.300000
vt 0.983980 0.347671
vt 0.982742 0.252334
vt 0.983980 0.300000
vt 0.982742 0.201563
vt 0.983980 0.252334
vt 0.220841 0.652335
vt 0.219602 0.601560
vt 0.220841 0.601560
vt 0.220840 0.700006
vt 0.219602 0.652335
vt 0.220840 0.747672
vt 0.219602 0.700006
vt 0.220841 0.798437
vt 0.219602 0.747672
vt 0.311179 0.947666
vt 0.312418 0.998438
vt 0.311179 0.998438
vt 0.311180 0.899996
vt 0.312417 0.947666
vt 0.311180 0.852329
vt 0.312418 0.899996
vt 0.311180 0.801559
vt 0.312418 0.852329
vt 0.443242 0.052337
vt 0.442004 0.001561
vt 0.443242 0.001561
vt 0.443242 0.100008
vt 0.442004 0.052337
vt 0.443242 0.147674
vt 0.442004 0.100008
vt 0.443242 0.198438
vt 0.442004 0.147674
vt 0.390912 0.052338
vt 0.389674 0.001561
vt 0.390912 0.001561
vt 0.390912 0.100008
vt 0.389674 0.052338
vt 0.390912 0.147674
vt 0.389674 0.100008
vt 0.390912 0.198438
vt 0.389674 0.147674
vt 0.463808 0.547661
vt 0.465046 0.598437
vt 0.463808 0.598437
vt 0.463808 0.499991
vt 0.465046 0.547661
vt 0.463808 0.452325
vt 0.465046 0.499991
vt 0.463808 0.401560
vt 0.465046 0.452325
vt 0.481251 0.547661
vt 0.482490 0.598437
vt 0.481251 0.598437
vt 0.481252 0.499991
vt 0.482490 0.547661
vt 0.481252 0.452325
vt 0.482490 0.499991
vt 0.481251 0.401560
vt 0.482489 0.452325
vt 0.598993 0.147662
vt 0.600231 0.198438
vt 0.598993 0.198438
vt 0.598993 0.099992
vt 0.600231 0.147662
vt 0.598993 0.052326
vt 0.600231 0.099992
vt 0.598993 0.001561
vt 0.600231 0.052326
vt 0.721095 0.747661
vt 0.722334 0.798437
vt 0.721095 0.798437
vt 0.721096 0.699990
vt 0.722333 0.747661
vt 0.721096 0.652324
vt 0.722334 0.699990
vt 0.721095 0.601560
vt 0.722333 0.652324
vt 0.799590 0.547661
vt 0.800828 0.598437
vt 0.799589 0.598437
vt 0.799590 0.499991
vt 0.800828 0.547661
vt 0.799590 0.452325
vt 0.800828 0.499991
vt 0.799590 0.401560
vt 0.800828 0.452325
vt 0.965299 0.347670
vt 0.966537 0.398442
vt 0.965299 0.398442
vt 0.965299 0.299999
vt 0.966537 0.347670
vt 0.965299 0.252333
vt 0.966537 0.299999
vt 0.965299 0.201563
vt 0.966537 0.252333
vt 0.635118 0.452336
vt 0.633880 0.401560
vt 0.635118 0.401560
vt 0.635118 0.500007
vt 0.633880 0.452336
vt 0.635118 0.547673
vt 0.633880 0.500007
vt 0.635118 0.598437
vt 0.633880 0.547673
vt 0.045170 0.747661
vt 0.046408 0.798437
vt 0.045170 0.798437
vt 0.045170 0.699990
vt 0.046408 0.747661
vt 0.045170 0.652324
vt 0.046408 0.699990
vt 0.045170 0.601560
vt 0.046408 0.652324
vt 0.402756 0.747660
vt 0.403995 0.798436
vt 0.402756 0.798436
vt 0.402757 0.699990
vt 0.403995 0.747660
vt 0.402757 0.652324
vt 0.403995 0.699990
vt 0.402756 0.601559
vt 0.403995 0.652324
vt 0.050769 0.652336
vt 0.049530 0.601560
vt 0.050769 0.601560
vt 0.050768 0.700006
vt 0.049530 0.652336
vt 0.050768 0.747672
vt 0.049530 0.700006
vt 0.050769 0.798436
vt 0.049530 0.747672
vt 0.869362 0.747674
vt 0.870600 0.798446
vt 0.869362 0.798446
vt 0.869362 0.700003
vt 0.870600 0.747674
vt 0.869362 0.652337
vt 0.870600 0.700003
vt 0.869362 0.601566
vt 0.870600 0.652337
vt 0.709251 0.252337
vt 0.708013 0.201561
vt 0.709251 0.201561
vt 0.709251 0.300008
vt 0.708013 0.252337
vt 0.709251 0.347674
vt 0.708013 0.300008
vt 0.709251 0.398438
vt 0.708013 0.347674
vt 0.891166 0.147669
vt 0.892404 0.198441
vt 0.891166 0.198441
vt 0.891166 0.099998
vt 0.892404 0.147669
vt 0.891166 0.052332
vt 0.892404 0.099998
vt 0.891166 0.001561
vt 0.892404 0.052332
vt 0.595871 0.052337
vt 0.594633 0.001561
vt 0.595871 0.001561
vt 0.595871 0.100007
vt 0.594633 0.052337
vt 0.595871 0.147673
vt 0.594633 0.100007
vt 0.595871 0.198438
vt 0.594633 0.147673
vt 0.001561 0.547661
vt 0.002799 0.598437
vt 0.001561 0.598437
vt 0.001561 0.499991
vt 0.002799 0.547661
vt 0.001562 0.452325
vt 0.002800 0.499991
vt 0.001561 0.401561
vt 0.002799 0.452325
vt 0.062613 0.747661
vt 0.063851 0.798437
vt 0.062613 0.798437
vt 0.062613 0.699990
vt 0.063851 0.747661
vt 0.062613 0.652324
vt 0.063851 0.699990
vt 0.062613 0.601560
vt 0.063851 0.652324
vt 0.359148 0.947666
vt 0.360386 0.998438
vt 0.359148 0.998438
vt 0.359148 0.899996
vt 0.360386 0.947666
vt 0.359149 0.852329
vt 0.360386 0.899996
vt 0.359148 0.801559
vt 0.360386 0.852329
vt 0.325500 0.252336
vt 0.324262 0.201561
vt 0.325500 0.201561
vt 0.325500 0.300007
vt 0.324262 0.252336
vt 0.325500 0.347673
vt 0.324262 0.300007
vt 0.325500 0.398438
vt 0.324262 0.347673
vt 0.106221 0.947666
vt 0.107459 0.998438
vt 0.106221 0.998438
vt 0.106221 0.899996
vt 0.107459 0.947666
vt 0.106221 0.852329
vt 0.107459 0.899996
vt 0.106221 0.801559
vt 0.107459 0.852329
vt 0.341705 0.547661
vt 0.342943 0.598437
vt 0.341705 0.598437
vt 0.341705 0.499991
vt 0.342943 0.547661
vt 0.341705 0.452325
vt 0.342943 0.499991
vt 0.341705 0.401560
vt 0.342943 0.452325
vt 0.947856 0.147668
vt 0.949094 0.198440
vt 0.947856 0.198440
vt 0.947856 0.099997
vt 0.949094 0.147668
vt 0.947856 0.052331
vt 0.949094 0.099997
vt 0.947856 0.001561
vt 0.949094 0.052331
vt 0.590272 0.547661
vt 0.591510 0.598437
vt 0.590272 0.598437
vt 0.590272 0.499990
vt 0.591510 0.547661
vt 0.590272 0.452324
vt 0.591510 0.499990
vt 0.590272 0.401560
vt 0.591510 0.452324
vt 0.316778 0.252336
vt 0.315540 0.201561
vt 0.316778 0.201561
vt 0.316778 0.300007
vt 0.315540 0.252336
vt 0.316778 0.347673
vt 0.315540 0.300007
vt 0.316778 0.398438
vt 0.315540 0.347673
vt 0.123664 0.947667
vt 0.124902 0.998438
vt 0.123664 0.998438
vt 0.123664 0.899996
vt 0.124902 0.947667
vt 0.123664 0.852330
vt 0.124902 0.899996
vt 0.123664 0.801559
vt 0.124902 0.852330
vt 0.646962 0.347661
vt 0.648200 0.398438
vt 0.646962 0.398438
vt 0.646962 0.299991
vt 0.648200 0.347661
vt 0.646962 0.252325
vt 0.648200 0.299991
vt 0.646962 0.201561
vt 0.648200 0.252325
vt 0.299335 0.252336
vt 0.298097 0.201561
vt 0.299335 0.201561
vt 0.299335 0.300007
vt 0.298097 0.252336
vt 0.299335 0.347673
vt 0.298097 0.300007
vt 0.299335 0.398438
vt 0.298097 0.347673
vt 0.167273 0.547661
vt 0.168511 0.598437
vt 0.167273 0.598437
vt 0.167273 0.499991
vt 0.168511 0.547661
vt 0.167273 0.452325
vt 0.168511 0.499991
vt 0.167273 0.401560
vt 0.168511 0.452325
vt 0.058252 0.947667
vt 0.059490 0.998439
vt 0.058252 0.998439
vt 0.058252 0.899996
vt 0.059490 0.947667
vt 0.058252 0.852330
vt 0.059490 0.899996
vt 0.058252 0.801559
vt 0.059490 0.852330
vt 0.643839 0.252337
vt 0.642601 0.201561
vt 0.643839 0.201561
vt 0.643839 0.300007
vt 0.642601 0.252337
vt 0.643839 0.347673
vt 0.642601 0.300007
vt 0.643839 0.398438
vt 0.642601 0.347673
vt 0.040809 0.947666
vt 0.042047 0.998438
vt 0.040809 0.998438
vt 0.040809 0.899996
vt 0.042047 0.947666
vt 0.040809 0.852329
vt 0.042047 0.899996
vt 0.040809 0.801559
vt 0.042047 0.852329
vt 0.655684 0.547661
vt 0.656922 0.598437
vt 0.655684 0.598437
vt 0.655684 0.499991
vt 0.656922 0.547661
vt 0.655684 0.452325
vt 0.656922 0.499991
vt 0.655684 0.401560
vt 0.656922 0.452325
vt 0.943495 0.147668
vt 0.944733 0.198440
vt 0.943495 0.198440
vt 0.943495 0.099997
vt 0.944733 0.147668
vt 0.943495 0.052331
vt 0.944733 0.099997
vt 0.943495 0.001561
vt 0.944733 0.052331
vt 0.303696 0.452336
vt 0.302458 0.401560
vt 0.303696 0.401560
vt 0.303696 0.500006
vt 0.302458 0.452336
vt 0.303696 0.547672
vt 0.302458 0.500006
vt 0.303696 0.598437
vt 0.302458 0.547672
vt 0.917330 0.547672
vt 0.918569 0.598444
vt 0.917330 0.598444
vt 0.917331 0.500001
vt 0.918568 0.547672
vt 0.917331 0.452334
vt 0.918569 0.500001
vt 0.917331 0.401565
vt 0.918569 0.452334
vt 0.321139 0.452336
vt 0.319901 0.401560
vt 0.321139 0.401560
vt 0.321139 0.500006
vt 0.319901 0.452336
vt 0.321139 0.547673
vt 0.319901 0.500006
vt 0.321139 0.598437
vt 0.319901 0.547673
vt 0.648200 0.652335
vt 0.646962 0.601560
vt 0.648200 0.601560
vt 0.648200 0.700005
vt 0.646962 0.652335
vt 0.648200 0.747672
vt 0.646962 0.700006
vt 0.648200 0.798436
vt 0.646962 0.747672
vt 0.312418 0.052338
vt 0.311179 0.001561
vt 0.312418 0.001561
vt 0.312417 0.100008
vt 0.311179 0.052338
vt 0.312417 0.147674
vt 0.311179 0.100008
vt 0.312418 0.198438
vt 0.311180 0.147674
vt 0.995824 0.147669
vt 0.997062 0.198440
vt 0.995824 0.198440
vt 0.995824 0.099998
vt 0.997062 0.147669
vt 0.995824 0.052331
vt 0.997062 0.099998
vt 0.995824 0.001561
vt 0.997062 0.052331
vt 0.491211 0.052337
vt 0.489973 0.001561
vt 0.491211 0.001561
vt 0.491211 0.100008
vt 0.489973 0.052337
vt 0.491211 0.147674
vt 0.489973 0.100008
vt 0.491211 0.198438
vt 0.489973 0.147674
vt 0.865001 0.147668
vt 0.866239 0.198440
vt 0.865001 0.198440
vt 0.865001 0.099997
vt 0.866239 0.147668
vt 0.865001 0.052331
vt 0.866239 0.099997
vt 0.865001 0.001561
vt 0.866239 0.052331
vt 0.939134 0.747674
vt 0.940372 0.798446
vt 0.939134 0.798446
vt 0.939134 0.700003
vt 0.940372 0.747674
vt 0.939134 0.652336
vt 0.940372 0.700003
vt 0.939134 0.601567
vt 0.940372 0.652336
vt 0.551025 0.147662
vt 0.552263 0.198438
vt 0.551025 0.198438
vt 0.551025 0.099991
vt 0.552263 0.147662
vt 0.551025 0.052325
vt 0.552263 0.099991
vt 0.551025 0.001561
vt 0.552263 0.052325
vt 0.712374 0.147662
vt 0.713612 0.198438
vt 0.712374 0.198438
vt 0.712374 0.099992
vt 0.713612 0.147662
vt 0.712374 0.052326
vt 0.713612 0.099992
vt 0.712374 0.001561
vt 0.713612 0.052326
vt 0.526098 0.652335
vt 0.524860 0.601559
vt 0.526098 0.601559
vt 0.526098 0.700005
vt 0.524860 0.652335
vt 0.526098 0.747671
vt 0.524860 0.700005
vt 0.526098 0.798436
vt 0.524860 0.747671
vt 0.207758 0.252337
vt 0.206520 0.201561
vt 0.207758 0.201561
vt 0.207758 0.300007
vt 0.206520 0.252337
vt 0.207758 0.347673
vt 0.206520 0.300007
vt 0.207758 0.398438
vt 0.206520 0.347673
vt 0.603354 0.547661
vt 0.604592 0.598437
vt 0.603354 0.598437
vt 0.603354 0.499991
vt 0.604592 0.547661
vt 0.603354 0.452325
vt 0.604592 0.499991
vt 0.603354 0.401560
vt 0.604592 0.452325
vt 0.860641 0.747673
vt 0.861879 0.798446
vt 0.860641 0.798446
vt 0.860641 0.700002
vt 0.861879 0.747673
vt 0.860641 0.652336
vt 0.861879 0.700002
vt 0.860641 0.601566
vt 0.861879 0.652336
vt 0.486850 0.252337
vt 0.485612 0.201561
vt 0.486850 0.201561
vt 0.486850 0.300007
vt 0.485612 0.252337
vt 0.486850 0.347673
vt 0.485612 0.300007
vt 0.486850 0.398437
vt 0.485612 0.347673
vt 0.223963 0.747661
vt 0.225201 0.798436
vt 0.223963 0.798436
vt 0.223963 0.699991
vt 0.225201 0.747661
vt 0.223963 0.652324
vt 0.225201 0.699990
vt 0.223963 0.601560
vt 0.225201 0.652324
vt 0.036448 0.947667
vt 0.037686 0.998438
vt 0.036448 0.998438
vt 0.036448 0.899996
vt 0.037686 0.947667
vt 0.036448 0.852329
vt 0.037686 0.899996
vt 0.036448 0.801559
vt 0.037686 0.852329
vt 0.486850 0.052337
vt 0.485612 0.001561
vt 0.486850 0.001561
vt 0.486850 0.100008
vt 0.485612 0.052337
vt 0.486850 0.147674
vt 0.485612 0.100008
vt 0.486850 0.198438
vt 0.485612 0.147674
vt 0.360387 0.052338
vt 0.359148 0.001561
vt 0.360387 0.001561
vt 0.360386 0.100008
vt 0.359148 0.052338
vt 0.360386 0.147674
vt 0.359148 0.100008
vt 0.360387 0.198438
vt 0.359149 0.147674
vt 0.917330 0.147668
vt 0.918569 0.198440
vt 0.917330 0.198440
vt 0.917331 0.099997
vt 0.918568 0.147668
vt 0.917331 0.052331
vt 0.918569 0.099997
vt 0.917331 0.001561
vt 0.918569 0.052331
vt 0.289375 0.747661
vt 0.290614 0.798437
vt 0.289375 0.798437
vt 0.289376 0.699991
vt 0.290614 0.747661
vt 0.289376 0.652325
vt 0.290614 0.699991
vt 0.289375 0.601560
vt 0.290613 0.652325
vt 0.524860 0.347661
vt 0.526098 0.398437
vt 0.524860 0.398437
vt 0.524860 0.299991
vt 0.526098 0.347661
vt 0.524860 0.252325
vt 0.526098 0.299991
vt 0.524860 0.201561
vt 0.526098 0.252325
vt 0.577189 0.547661
vt 0.578428 0.598437
vt 0.577189 0.598437
vt 0.577190 0.499991
vt 0.578428 0.547661
vt 0.577190 0.452325
vt 0.578428 0.499991
vt 0.577189 0.401560
vt 0.578427 0.452325
vt 0.481251 0.347661
vt 0.482490 0.398437
vt 0.481251 0.398437
vt 0.481252 0.299991
vt 0.482490 0.347661
vt 0.481252 0.252325
vt 0.482490 0.299991
vt 0.481252 0.201561
vt 0.482490 0.252325
vt 0.315540 0.547661
vt 0.316778 0.598437
vt 0.315540 0.598437
vt 0.315540 0.499991
vt 0.316778 0.547661
vt 0.315540 0.452325
vt 0.316778 0.499991
vt 0.315540 0.401560
vt 0.316778 0.452325
vt 0.481251 0.147662
vt 0.482490 0.198438
vt 0.481251 0.198438
vt 0.481252 0.099991
vt 0.482490 0.147662
vt 0.481252 0.052325
vt 0.482490 0.099991
vt 0.481252 0.001561
vt 0.482490 0.052325
vt 0.319901 0.947666
vt 0.321139 0.998438
vt 0.319901 0.998438
vt 0.319901 0.899996
vt 0.321139 0.947666
vt 0.319901 0.852329
vt 0.321139 0.899996
vt 0.319901 0.801559
vt 0.321139 0.852329
vt 0.476891 0.147662
vt 0.478129 0.198438
vt 0.476891 0.198438
vt 0.476891 0.099991
vt 0.478129 0.147662
vt 0.476891 0.052325
vt 0.478129 0.099991
vt 0.476891 0.001561
vt 0.478129 0.052325
vt 0.015882 0.252337
vt 0.014644 0.201561
vt 0.015882 0.201561
vt 0.015882 0.300008
vt 0.014644 0.252337
vt 0.015882 0.347673
vt 0.014644 0.300008
vt 0.015882 0.398438
vt 0.014644 0.347673
vt 0.402756 0.547661
vt 0.403995 0.598437
vt 0.402756 0.598437
vt 0.402757 0.499991
vt 0.403995 0.547661
vt 0.402757 0.452325
vt 0.403995 0.499991
vt 0.402757 0.401560
vt 0.403995 0.452325
vt 0.638240 0.547661
vt 0.639479 0.598437
vt 0.638240 0.598437
vt 0.638241 0.499991
vt 0.639479 0.547661
vt 0.638241 0.452325
vt 0.639479 0.499991
vt 0.638240 0.401560
vt 0.639478 0.452325
vt 0.590272 0.147662
vt 0.591510 0.198438
vt 0.590272 0.198438
vt 0.590272 0.099991
vt 0.591510 0.147662
vt 0.590272 0.052325
vt 0.591510 0.099991
vt 0.590272 0.001561
vt 0.591510 0.052325
vt 0.329861 0.652335
vt 0.328623 0.601560
vt 0.329861 0.601560
vt 0.329861 0.700005
vt 0.328623 0.652335
vt 0.329861 0.747672
vt 0.328623 0.700005
vt 0.329861 0.798436
vt 0.328623 0.747672
vt 0.032087 0.947667
vt 0.033325 0.998438
vt 0.032087 0.998438
vt 0.032087 0.899996
vt 0.033325 0.947667
vt 0.032087 0.852329
vt 0.033325 0.899996
vt 0.032087 0.801559
vt 0.033325 0.852329
vt 0.019005 0.947667
vt 0.020243 0.998438
vt 0.019005 0.998438
vt 0.019005 0.899996
vt 0.020243 0.947667
vt 0.019005 0.852330
vt 0.020243 0.899996
vt 0.019005 0.801559
vt 0.020243 0.852330
vt 0.216480 0.252337
vt 0.215242 0.201561
vt 0.216480 0.201561
vt 0.216480 0.300007
vt 0.215242 0.252337
vt 0.216480 0.347673
vt 0.215242 0.300007
vt 0.216480 0.398438
vt 0.215242 0.347673
vt 0.255727 0.252336
vt 0.254489 0.201561
vt 0.255727 0.201561
vt 0.255727 0.300007
vt 0.254489 0.252336
vt 0.255727 0.347673
vt 0.254489 0.300007
vt 0.255727 0.398438
vt 0.254489 0.347673
vt 0.912970 0.547672
vt 0.914208 0.598444
vt 0.912970 0.598444
vt 0.912970 0.500001
vt 0.914208 0.547672
vt 0.912970 0.452334
vt 0.914208 0.500001
vt 0.912970 0.401565
vt 0.914208 0.452334
vt 0.390912 0.452336
vt 0.389674 0.401560
vt 0.390912 0.401560
vt 0.390912 0.500006
vt 0.389674 0.452336
vt 0.390912 0.547672
vt 0.389674 0.500006
vt 0.390912 0.598437
vt 0.389674 0.547672
vt 0.321139 0.252336
vt 0.319901 0.201561
vt 0.321139 0.201561
vt 0.321139 0.300007
vt 0.319901 0.252336
vt 0.321139 0.347673
vt 0.319901 0.300007
vt 0.321139 0.398438
vt 0.319901 0.347673
vt 0.334222 0.452336
vt 0.332983 0.401560
vt 0.334222 0.401560
vt 0.334222 0.500006
vt 0.332984 0.452336
vt 0.334222 0.547672
vt 0.332984 0.500006
vt 0.334222 0.598437
vt 0.332984 0.547672
vt 0.651323 0.147662
vt 0.652561 0.198438
vt 0.651323 0.198438
vt 0.651323 0.099991
vt 0.652561 0.147662
vt 0.651323 0.052325
vt 0.652561 0.099991
vt 0.651323 0.001561
vt 0.652561 0.052325
vt 0.703652 0.547661
vt 0.704890 0.598437
vt 0.703652 0.598437
vt 0.703652 0.499990
vt 0.704890 0.547661
vt 0.703652 0.452324
vt 0.704890 0.499990
vt 0.703652 0.401560
vt 0.704890 0.452324
vt 0.119304 0.547661
vt 0.120542 0.598437
vt 0.119303 0.598437
vt 0.119304 0.499991
vt 0.120542 0.547661
vt 0.119304 0.452325
vt 0.120542 0.499991
vt 0.119304 0.401560
vt 0.120542 0.452325
vt 0.373469 0.252336
vt 0.372231 0.201561
vt 0.373469 0.201561
vt 0.373469 0.300007
vt 0.372231 0.252336
vt 0.373469 0.347673
vt 0.372231 0.300007
vt 0.373469 0.398438
vt 0.372231 0.347673
vt 0.386551 0.452336
vt 0.385313 0.401560
vt 0.386551 0.401560
vt 0.386551 0.500006
vt 0.385313 0.452336
vt 0.386551 0.547672
vt 0.385313 0.500006
vt 0.386551 0.598437
vt 0.385313 0.547672
vt 0.136747 0.947667
vt 0.137985 0.998438
vt 0.136747 0.998438
vt 0.136747 0.899996
vt 0.137985 0.947667
vt 0.136747 0.852330
vt 0.137985 0.899996
vt 0.136747 0.801559
vt 0.137985 0.852330
vt 0.338582 0.252336
vt 0.337344 0.201561
vt 0.338582 0.201561
vt 0.338582 0.300007
vt 0.337344 0.252336
vt 0.338582 0.347673
vt 0.337344 0.300007
vt 0.338582 0.398438
vt 0.337344 0.347673
vt 0.572829 0.547661
vt 0.574067 0.598437
vt 0.572829 0.598437
vt 0.572829 0.499990
vt 0.574067 0.547661
vt 0.572829 0.452324
vt 0.574067 0.499990
vt 0.572829 0.401560
vt 0.574067 0.452324
vt 0.028964 0.452336
vt 0.027726 0.401560
vt 0.028964 0.401560
vt 0.028964 0.500006
vt 0.027726 0.452336
vt 0.028964 0.547672
vt 0.027726 0.500006
vt 0.028964 0.598437
vt 0.027726 0.547672
vt 0.625158 0.147662
vt 0.626396 0.198438
vt 0.625158 0.198438
vt 0.625158 0.099991
vt 0.626396 0.147662
vt 0.625158 0.052325
vt 0.626396 0.099991
vt 0.625158 0.001561
vt 0.626396 0.052325
vt 0.271932 0.947667
vt 0.273170 0.998438
vt 0.271932 0.998438
vt 0.271932 0.899996
vt 0.273170 0.947667
vt 0.271932 0.852329
vt 0.273170 0.899996
vt 0.271932 0.801559
vt 0.273170 0.852329
vt 0.055129 0.452336
vt 0.053891 0.401560
vt 0.055129 0.401560
vt 0.055129 0.500006
vt 0.053891 0.452336
vt 0.055129 0.547672
vt 0.053891 0.500006
vt 0.055129 0.598437
vt 0.053891 0.547672
vt 0.604592 0.252337
vt 0.603354 0.201561
vt 0.604592 0.201561
vt 0.604592 0.300007
vt 0.603354 0.252337
vt 0.604592 0.347673
vt 0.603354 0.300007
vt 0.604592 0.398438
vt 0.603354 0.347673
vt 0.782146 0.547661
vt 0.783385 0.598437
vt 0.782146 0.598437
vt 0.782147 0.499991
vt 0.783385 0.547661
vt 0.782147 0.452325
vt 0.783385 0.499991
vt 0.782146 0.401560
vt 0.783384 0.452325
vt 0.643839 0.452336
vt 0.642601 0.401560
vt 0.643839 0.401560
vt 0.643839 0.500007
vt 0.642601 0.452336
vt 0.643839 0.547673
vt 0.642601 0.500007
vt 0.643839 0.598437
vt 0.642601 0.547673
vt 0.943495 0.547672
vt 0.944733 0.598444
vt 0.943495 0.598444
vt 0.943495 0.500001
vt 0.944733 0.547672
vt 0.943495 0.452335
vt 0.944733 0.500001
vt 0.943495 0.401565
vt 0.944733 0.452335
vt 0.664405 0.547661
vt 0.665643 0.598437
vt 0.664405 0.598437
vt 0.664405 0.499991
vt 0.665643 0.547661
vt 0.664405 0.452325
vt 0.665643 0.499991
vt 0.664405 0.401560
vt 0.665643 0.452325
vt 0.093139 0.547661
vt 0.094377 0.598437
vt 0.093139 0.598437
vt 0.093139 0.499991
vt 0.094377 0.547661
vt 0.093139 0.452325
vt 0.094377 0.499991
vt 0.093139 0.401560
vt 0.094377 0.452325
vt 0.694931 0.147662
vt 0.696169 0.198438
vt 0.694931 0.198438
vt 0.694931 0.099991
vt 0.696169 0.147662
vt 0.694931 0.052325
vt 0.696169 0.099991
vt 0.694931 0.001561
vt 0.696169 0.052325
vt 0.699291 0.347661
vt 0.700530 0.398437
vt 0.699291 0.398437
vt 0.699292 0.299991
vt 0.700530 0.347661
vt 0.699292 0.252325
vt 0.700530 0.299991
vt 0.699291 0.201561
vt 0.700530 0.252325
vt 0.068212 0.452336
vt 0.066974 0.401560
vt 0.068212 0.401560
vt 0.068212 0.500007
vt 0.066974 0.452336
vt 0.068212 0.547673
vt 0.066974 0.500007
vt 0.068212 0.598437
vt 0.066974 0.547673
vt 0.007160 0.452336
vt 0.005922 0.401560
vt 0.007160 0.401560
vt 0.007160 0.500006
vt 0.005922 0.452336
vt 0.007160 0.547672
vt 0.005922 0.500006
vt 0.007160 0.598437
vt 0.005922 0.547672
vt 0.184716 0.547661
vt 0.185954 0.598437
vt 0.184716 0.598437
vt 0.184716 0.499991
vt 0.185954 0.547661
vt 0.184716 0.452325
vt 0.185954 0.499991
vt 0.184716 0.401560
vt 0.185954 0.452325
vt 0.273170 0.252336
vt 0.271932 0.201561
vt 0.273170 0.201561
vt 0.273170 0.300007
vt 0.271932 0.252336
vt 0.273170 0.347673
vt 0.271932 0.300007
vt 0.273170 0.398438
vt 0.271932 0.347673
vt 0.508655 0.452336
vt 0.507416 0.401560
vt 0.508655 0.401560
vt 0.508654 0.500007
vt 0.507416 0.452336
vt 0.508654 0.547673
vt 0.507416 0.500007
vt 0.508655 0.598437
vt 0.507417 0.547673
vt 0.367870 0.947667
vt 0.369108 0.998438
vt 0.367870 0.998438
vt 0.367870 0.899996
vt 0.369108 0.947667
vt 0.367870 0.852329
vt 0.369108 0.899996
vt 0.367870 0.801559
vt 0.369108 0.852329
vt 0.364747 0.252336
vt 0.363509 0.201561
vt 0.364747 0.201561
vt 0.364747 0.300007
vt 0.363509 0.252336
vt 0.364747 0.347673
vt 0.363509 0.300007
vt 0.364747 0.398438
vt 0.363509 0.347673
vt 0.359148 0.547661
vt 0.360387 0.598437
vt 0.359148 0.598437
vt 0.359149 0.499991
vt 0.360387 0.547661
vt 0.359149 0.452325
vt 0.360387 0.499991
vt 0.359148 0.401560
vt 0.360386 0.452325
vt 0.294974 0.252336
vt 0.293736 0.201561
vt 0.294974 0.201561
vt 0.294974 0.300007
vt 0.293736 0.252336
vt 0.294974 0.347673
vt 0.293736 0.300007
vt 0.294974 0.398438
vt 0.293736 0.347673
vt 0.290614 0.252336
vt 0.289375 0.201561
vt 0.290614 0.201561
vt 0.290613 0.300007
vt 0.289375 0.252336
vt 0.290613 0.347673
vt 0.289375 0.300007
vt 0.290614 0.398438
vt 0.289375 0.347673
vt 0.760342 0.747661
vt 0.761581 0.798437
vt 0.760342 0.798437
vt 0.760343 0.699991
vt 0.761581 0.747661
vt 0.760343 0.652325
vt 0.761581 0.699991
vt 0.760342 0.601560
vt 0.761581 0.652325
vt 0.011521 0.452336
vt 0.010283 0.401560
vt 0.011521 0.401560
vt 0.011521 0.500006
vt 0.010283 0.452336
vt 0.011521 0.547672
vt 0.010283 0.500006
vt 0.011521 0.598437
vt 0.010283 0.547672
vt 0.725456 0.347662
vt 0.726694 0.398437
vt 0.725456 0.398437
vt 0.725456 0.299991
vt 0.726694 0.347662
vt 0.725456 0.252325
vt 0.726694 0.299991
vt 0.725456 0.201561
vt 0.726694 0.252325
vt 0.908609 0.547672
vt 0.909847 0.598444
vt 0.908609 0.598444
vt 0.908609 0.500001
vt 0.909847 0.547672
vt 0.908609 0.452334
vt 0.909847 0.500001
vt 0.908609 0.401565
vt 0.909847 0.452334
vt 0.708013 0.147662
vt 0.709251 0.198438
vt 0.708013 0.198438
vt 0.708013 0.099992
vt 0.709251 0.147662
vt 0.708013 0.052326
vt 0.709251 0.099992
vt 0.708013 0.001561
vt 0.709251 0.052326
vt 0.760342 0.347662
vt 0.761581 0.398438
vt 0.760342 0.398438
vt 0.760343 0.299991
vt 0.761581 0.347662
vt 0.760343 0.252325
vt 0.761581 0.299991
vt 0.760342 0.201561
vt 0.761581 0.252325
vt 0.258850 0.947666
vt 0.260088 0.998438
vt 0.258850 0.998438
vt 0.258850 0.899996
vt 0.260088 0.947666
vt 0.258850 0.852329
vt 0.260088 0.899996
vt 0.258850 0.801559
vt 0.260088 0.852329
vt 0.356026 0.252336
vt 0.354788 0.201561
vt 0.356026 0.201561
vt 0.356026 0.300007
vt 0.354788 0.252336
vt 0.356026 0.347673
vt 0.354788 0.300007
vt 0.356026 0.398438
vt 0.354788 0.347673
vt 0.638240 0.347661
vt 0.639479 0.398438
vt 0.638240 0.398438
vt 0.638241 0.299991
vt 0.639479 0.347661
vt 0.638241 0.252325
vt 0.639479 0.299991
vt 0.638240 0.201561
vt 0.639479 0.252325
vt 0.690570 0.347662
vt 0.691808 0.398438
vt 0.690570 0.398438
vt 0.690570 0.299992
vt 0.691808 0.347662
vt 0.690570 0.252326
vt 0.691808 0.299992
vt 0.690570 0.201561
vt 0.691808 0.252326
vt 0.677487 0.347662
vt 0.678726 0.398438
vt 0.677487 0.398438
vt 0.677488 0.299992
vt 0.678726 0.347662
vt 0.677488 0.252326
vt 0.678726 0.299992
vt 0.677487 0.201561
vt 0.678726 0.252326
vt 0.613314 0.252336
vt 0.612076 0.201561
vt 0.613314 0.201561
vt 0.613314 0.300007
vt 0.612076 0.252336
vt 0.613314 0.347673
vt 0.612076 0.300007
vt 0.613314 0.398437
vt 0.612076 0.347673
vt 0.149829 0.947667
vt 0.151067 0.998438
vt 0.149829 0.998438
vt 0.149829 0.899996
vt 0.151067 0.947667
vt 0.149829 0.852330
vt 0.151067 0.899996
vt 0.149829 0.801559
vt 0.151067 0.852329
vt 0.625158 0.547660
vt 0.626396 0.598437
vt 0.625158 0.598437
vt 0.625158 0.499990
vt 0.626396 0.547660
vt 0.625158 0.452324
vt 0.626396 0.499990
vt 0.625158 0.401560
vt 0.626396 0.452324
vt 0.360387 0.252336
vt 0.359148 0.201561
vt 0.360387 0.201561
vt 0.360386 0.300007
vt 0.359148 0.252336
vt 0.360386 0.347673
vt 0.359148 0.300007
vt 0.360387 0.398438
vt 0.359148 0.347673
vt 0.162912 0.947667
vt 0.164150 0.998438
vt 0.162912 0.998438
vt 0.162912 0.899996
vt 0.164150 0.947667
vt 0.162912 0.852329
vt 0.164150 0.899996
vt 0.162912 0.801559
vt 0.164150 0.852329
vt 0.677487 0.547661
vt 0.678726 0.598437
vt 0.677487 0.598437
vt 0.677488 0.499990
vt 0.678726 0.547661
vt 0.677488 0.452325
vt 0.678726 0.499990
vt 0.677488 0.401560
vt 0.678726 0.452325
vt 0.376592 0.947666
vt 0.377830 0.998438
vt 0.376592 0.998438
vt 0.376592 0.899995
vt 0.377830 0.947666
vt 0.376592 0.852329
vt 0.377830 0.899995
vt 0.376592 0.801559
vt 0.377830 0.852329
vt 0.595871 0.252337
vt 0.594633 0.201561
vt 0.595871 0.201561
vt 0.595871 0.300007
vt 0.594633 0.252337
vt 0.595871 0.347673
vt 0.594633 0.300007
vt 0.595871 0.398437
vt 0.594633 0.347673
vt 0.699291 0.147662
vt 0.700530 0.198438
vt 0.699291 0.198438
vt 0.699292 0.099991
vt 0.700530 0.147662
vt 0.699292 0.052325
vt 0.700530 0.099991
vt 0.699291 0.001561
vt 0.700530 0.052325
vt 0.716735 0.147662
vt 0.717973 0.198438
vt 0.716735 0.198438
vt 0.716735 0.099991
vt 0.717973 0.147662
vt 0.716735 0.052325
vt 0.717973 0.099991
vt 0.716735 0.001561
vt 0.717973 0.052325
vt 0.106221 0.747660
vt 0.107459 0.798436
vt 0.106221 0.798436
vt 0.106221 0.699990
vt 0.107459 0.747660
vt 0.106221 0.652324
vt 0.107459 0.699990
vt 0.106221 0.601560
vt 0.107459 0.652324
vt 0.351665 0.252336
vt 0.350427 0.201561
vt 0.351665 0.201561
vt 0.351665 0.300007
vt 0.350427 0.252336
vt 0.351665 0.347673
vt 0.350427 0.300007
vt 0.351665 0.398438
vt 0.350427 0.347673
vt 0.817033 0.547664
vt 0.818271 0.598440
vt 0.817033 0.598440
vt 0.817033 0.499994
vt 0.818271 0.547664
vt 0.817033 0.452328
vt 0.818271 0.499994
vt 0.817033 0.401563
vt 0.818271 0.452328
vt 0.325500 0.452336
vt 0.324262 0.401560
vt 0.325500 0.401560
vt 0.325500 0.500007
vt 0.324262 0.452336
vt 0.325500 0.547673
vt 0.324262 0.500007
vt 0.325500 0.598437
vt 0.324262 0.547673
vt 0.921691 0.147668
vt 0.922929 0.198440
vt 0.921691 0.198440
vt 0.921691 0.099997
vt 0.922929 0.147668
vt 0.921691 0.052331
vt 0.922929 0.099997
vt 0.921691 0.001561
vt 0.922929 0.052331
vt 0.629519 0.547660
vt 0.630757 0.598437
vt 0.629519 0.598437
vt 0.629519 0.499990
vt 0.630757 0.547660
vt 0.629519 0.452324
vt 0.630757 0.499990
vt 0.629519 0.401560
vt 0.630757 0.452324
vt 0.668766 0.347662
vt 0.670004 0.398438
vt 0.668766 0.398438
vt 0.668766 0.299992
vt 0.670004 0.347662
vt 0.668766 0.252326
vt 0.670004 0.299992
vt 0.668766 0.201561
vt 0.670004 0.252326
vt 0.534819 0.452337
vt 0.533581 0.401560
vt 0.534819 0.401560
vt 0.534819 0.500007
vt 0.533581 0.452337
vt 0.534819 0.547673
vt 0.533581 0.500007
vt 0.534819 0.598437
vt 0.533581 0.547673
vt 0.312418 0.252336
vt 0.311179 0.201561
vt 0.312418 0.201561
vt 0.312417 0.300007
vt 0.311179 0.252336
vt 0.312417 0.347673
vt 0.311179 0.300007
vt 0.312418 0.398438
vt 0.311180 0.347673
vt 0.402756 0.947666
vt 0.403995 0.998438
vt 0.402756 0.998438
vt 0.402757 0.899995
vt 0.403995 0.947666
vt 0.402757 0.852329
vt 0.403995 0.899995
vt 0.402757 0.801559
vt 0.403995 0.852329
vt 0.356026 0.052338
vt 0.354788 0.001561
vt 0.356026 0.001561
vt 0.356026 0.100008
vt 0.354788 0.052338
vt 0.356026 0.147674
vt 0.354788 0.100008
vt 0.356026 0.198438
vt 0.354788 0.147674
vt 0.062613 0.947667
vt 0.063851 0.998438
vt 0.062613 0.998438
vt 0.062613 0.899996
vt 0.063851 0.947667
vt 0.062613 0.852330
vt 0.063851 0.899996
vt 0.062613 0.801559
vt 0.063851 0.852330
vt 0.137985 0.652335
vt 0.136747 0.601560
vt 0.137985 0.601560
vt 0.137985 0.700006
vt 0.136747 0.652335
vt 0.137985 0.747672
vt 0.136747 0.700006
vt 0.137985 0.798437
vt 0.136747 0.747672
vt 0.229562 0.252337
vt 0.228324 0.201561
vt 0.229562 0.201561
vt 0.229562 0.300007
vt 0.228324 0.252337
vt 0.229562 0.347673
vt 0.228324 0.300007
vt 0.229562 0.398438
vt 0.228324 0.347673
vt 0.769064 0.347662
vt 0.770302 0.398438
vt 0.769064 0.398438
vt 0.769064 0.299991
vt 0.770302 0.347662
vt 0.769064 0.252325
vt 0.770302 0.299991
vt 0.769064 0.201561
vt 0.770302 0.252325
vt 0.341705 0.947666
vt 0.342943 0.998438
vt 0.341705 0.998438
vt 0.341705 0.899995
vt 0.342943 0.947666
vt 0.341705 0.852329
vt 0.342943 0.899995
vt 0.341705 0.801559
vt 0.342943 0.852329
vt 0.360387 0.652335
vt 0.359148 0.601560
vt 0.360387 0.601560
vt 0.360386 0.700006
vt 0.359148 0.652335
vt 0.360386 0.747672
vt 0.359148 0.700006
vt 0.360387 0.798437
vt 0.359148 0.747672
vt 0.114943 0.947667
vt 0.116181 0.998439
vt 0.114943 0.998439
vt 0.114943 0.899996
vt 0.116181 0.947667
vt 0.114943 0.852330
vt 0.116181 0.899996
vt 0.114943 0.801559
vt 0.116181 0.852330
vt 0.751621 0.147662
vt 0.752859 0.198438
vt 0.751621 0.198438
vt 0.751621 0.099992
vt 0.752859 0.147662
vt 0.751621 0.052326
vt 0.752859 0.099992
vt 0.751621 0.001561
vt 0.752859 0.052326
vt 0.873723 0.747673
vt 0.874961 0.798445
vt 0.873723 0.798445
vt 0.873723 0.700002
vt 0.874961 0.747673
vt 0.873723 0.652336
vt 0.874961 0.700002
vt 0.873723 0.601566
vt 0.874961 0.652336
vt 0.338582 0.052338
vt 0.337344 0.001561
vt 0.338582 0.001561
vt 0.338582 0.100008
vt 0.337344 0.052338
vt 0.338582 0.147674
vt 0.337344 0.100008
vt 0.338583 0.198438
vt 0.337344 0.147674
vt 0.382191 0.652335
vt 0.380952 0.601560
vt 0.382191 0.601560
vt 0.382190 0.700006
vt 0.380952 0.652335
vt 0.382190 0.747672
vt 0.380952 0.700006
vt 0.382191 0.798437
vt 0.380953 0.747672
vt 0.210881 0.947667
vt 0.212119 0.998439
vt 0.210881 0.998439
vt 0.210881 0.899996
vt 0.212119 0.947667
vt 0.210881 0.852330
vt 0.212119 0.899996
vt 0.210881 0.801559
vt 0.212119 0.852330
vt 0.098738 0.052338
vt 0.097499 0.001561
vt 0.098738 0.001561
vt 0.098737 0.100008
vt 0.097499 0.052338
vt 0.098737 0.147674
vt 0.097499 0.100008
vt 0.098738 0.198438
vt 0.097500 0.147674
vt 0.428921 0.747661
vt 0.430160 0.798436
vt 0.428921 0.798436
vt 0.428922 0.699990
vt 0.430160 0.747661
vt 0.428922 0.652324
vt 0.430160 0.699990
vt 0.428921 0.601560
vt 0.430159 0.652324
vt 0.394035 0.547661
vt 0.395273 0.598437
vt 0.394035 0.598437
vt 0.394035 0.499991
vt 0.395273 0.547661
vt 0.394035 0.452325
vt 0.395273 0.499991
vt 0.394035 0.401560
vt 0.395273 0.452325
vt 0.167273 0.947667
vt 0.168511 0.998438
vt 0.167273 0.998438
vt 0.167273 0.899996
vt 0.168511 0.947667
vt 0.167273 0.852329
vt 0.168511 0.899996
vt 0.167273 0.801559
vt 0.168511 0.852329
vt 0.473768 0.052337
vt 0.472530 0.001561
vt 0.473768 0.001561
vt 0.473768 0.100008
vt 0.472530 0.052337
vt 0.473768 0.147674
vt 0.472530 0.100008
vt 0.473768 0.198438
vt 0.472530 0.147674
vt 0.241406 0.947666
vt 0.242645 0.998438
vt 0.241406 0.998438
vt 0.241407 0.899996
vt 0.242644 0.947666
vt 0.241407 0.852329
vt 0.242645 0.899996
vt 0.241407 0.801559
vt 0.242645 0.852329
vt 0.656922 0.652335
vt 0.655684 0.601560
vt 0.656922 0.601560
vt 0.656922 0.700006
vt 0.655684 0.652335
vt 0.656922 0.747672
vt 0.655684 0.700006
vt 0.656922 0.798437
vt 0.655684 0.747672
vt 0.904248 0.347670
vt 0.905486 0.398442
vt 0.904248 0.398442
vt 0.904248 0.299999
vt 0.905486 0.347670
vt 0.904248 0.252333
vt 0.905486 0.299999
vt 0.904248 0.201563
vt 0.905486 0.252333
vt 0.560984 0.252337
vt 0.559746 0.201561
vt 0.560984 0.201561
vt 0.560984 0.300007
vt 0.559746 0.252337
vt 0.560984 0.347673
vt 0.559746 0.300007
vt 0.560984 0.398437
vt 0.559746 0.347673
vt 0.904248 0.547672
vt 0.905486 0.598444
vt 0.904248 0.598444
vt 0.904248 0.500001
vt 0.905486 0.547672
vt 0.904248 0.452334
vt 0.905486 0.500001
vt 0.904248 0.401565
vt 0.905486 0.452334
vt 0.469407 0.252337
vt 0.468169 0.201561
vt 0.469407 0.201561
vt 0.469407 0.300007
vt 0.468169 0.252337
vt 0.469407 0.347673
vt 0.468169 0.300007
vt 0.469407 0.398437
vt 0.468169 0.347673
vt 0.486851 0.652335
vt 0.485612 0.601559
vt 0.486851 0.601559
vt 0.486850 0.700005
vt 0.485612 0.652335
vt 0.486850 0.747671
vt 0.485612 0.700005
vt 0.486851 0.798436
vt 0.485612 0.747671
vt 0.273170 0.052338
vt 0.271932 0.001561
vt 0.273170 0.001561
vt 0.273170 0.100008
vt 0.271932 0.052338
vt 0.273170 0.147674
vt 0.271932 0.100008
vt 0.273170 0.198438
vt 0.271932 0.147674
vt 0.991463 0.147669
vt 0.992701 0.198440
vt 0.991463 0.198440
vt 0.991463 0.099998
vt 0.992701 0.147669
vt 0.991463 0.052331
vt 0.992701 0.099998
vt 0.991463 0.001561
vt 0.992701 0.052331
vt 0.556624 0.052337
vt 0.555385 0.001561
vt 0.556624 0.001561
vt 0.556623 0.100008
vt 0.555385 0.052337
vt 0.556623 0.147674
vt 0.555385 0.100008
vt 0.556624 0.198438
vt 0.555386 0.147674
vt 0.865001 0.547671
vt 0.866239 0.598444
vt 0.865001 0.598444
vt 0.865001 0.500001
vt 0.866239 0.547671
vt 0.865002 0.452334
vt 0.866239 0.500001
vt 0.865001 0.401565
vt 0.866239 0.452334
vt 0.899887 0.547672
vt 0.901125 0.598444
vt 0.899887 0.598444
vt 0.899887 0.500001
vt 0.901125 0.547672
vt 0.899888 0.452334
vt 0.901125 0.500001
vt 0.899887 0.401565
vt 0.901125 0.452334
vt 0.542303 0.347661
vt 0.543541 0.398438
vt 0.542303 0.398438
vt 0.542303 0.299991
vt 0.543541 0.347661
vt 0.542303 0.252325
vt 0.543541 0.299991
vt 0.542303 0.201561
vt 0.543541 0.252325
vt 0.642601 0.147662
vt 0.643839 0.198438
vt 0.642601 0.198438
vt 0.642601 0.099992
vt 0.643839 0.147662
vt 0.642601 0.052326
vt 0.643839 0.099992
vt 0.642601 0.001561
vt 0.643839 0.052326
vt 0.386551 0.052338
vt 0.385313 0.001561
vt 0.386551 0.001561
vt 0.386551 0.100008
vt 0.385313 0.052338
vt 0.386551 0.147674
vt 0.385313 0.100008
vt 0.386551 0.198438
vt 0.385313 0.147674
vt 0.394035 0.347661
vt 0.395273 0.398437
vt 0.394035 0.398437
vt 0.394035 0.299991
vt 0.395273 0.347661
vt 0.394035 0.252325
vt 0.395273 0.299991
vt 0.394035 0.201561
vt 0.395273 0.252325
vt 0.024604 0.252337
vt 0.023365 0.201561
vt 0.024604 0.201561
vt 0.024603 0.300008
vt 0.023365 0.252337
vt 0.024603 0.347673
vt 0.023365 0.300008
vt 0.024604 0.398438
vt 0.023366 0.347673
vt 0.856280 0.747673
vt 0.857518 0.798446
vt 0.856280 0.798446
vt 0.856280 0.700002
vt 0.857518 0.747673
vt 0.856280 0.652336
vt 0.857518 0.700002
vt 0.856280 0.601566
vt 0.857518 0.652336
vt 0.242645 0.052338
vt 0.241406 0.001561
vt 0.242645 0.001561
vt 0.242645 0.100008
vt 0.241407 0.052338
vt 0.242644 0.147674
vt 0.241407 0.100008
vt 0.242645 0.198438
vt 0.241407 0.147674
vt 0.233923 0.052338
vt 0.232685 0.001561
vt 0.233923 0.001561
vt 0.233923 0.100008
vt 0.232685 0.052338
vt 0.233923 0.147674
vt 0.232685 0.100008
vt 0.233923 0.198438
vt 0.232685 0.147674
vt 0.373469 0.052338
vt 0.372231 0.001561
vt 0.373469 0.001561
vt 0.373469 0.100008
vt 0.372231 0.052338
vt 0.373469 0.147674
vt 0.372231 0.100008
vt 0.373469 0.198438
vt 0.372231 0.147674
vt 0.216480 0.052338
vt 0.215242 0.001561
vt 0.216480 0.001561
vt 0.216480 0.100008
vt 0.215242 0.052338
vt 0.216480 0.147674
vt 0.215242 0.100008
vt 0.216480 0.198438
vt 0.215242 0.147674
vt 0.442004 0.347661
vt 0.443242 0.398437
vt 0.442004 0.398437
vt 0.442004 0.299991
vt 0.443242 0.347661
vt 0.442004 0.252325
vt 0.443242 0.299991
vt 0.442004 0.201561
vt 0.443242 0.252325
vt 0.428921 0.147662
vt 0.430160 0.198438
vt 0.428921 0.198438
vt 0.428922 0.099991
vt 0.430160 0.147662
vt 0.428922 0.052325
vt 0.430160 0.099991
vt 0.428921 0.001561
vt 0.430160 0.052325
vt 0.181593 0.052338
vt 0.180355 0.001561
vt 0.181593 0.001561
vt 0.181593 0.100008
vt 0.180355 0.052338
vt 0.181593 0.147674
vt 0.180355 0.100008
vt 0.181593 0.198438
vt 0.180355 0.147674
vt 0.912970 0.747673
vt 0.914208 0.798446
vt 0.912970 0.798446
vt 0.912970 0.700002
vt 0.914208 0.747673
vt 0.912970 0.652336
vt 0.914208 0.700002
vt 0.912970 0.601566
vt 0.914208 0.652336
vt 0.199036 0.052338
vt 0.197798 0.001561
vt 0.199036 0.001561
vt 0.199036 0.100008
vt 0.197798 0.052338
vt 0.199036 0.147674
vt 0.197798 0.100008
vt 0.199036 0.198438
vt 0.197798 0.147674
vt 0.926052 0.747674
vt 0.927290 0.798446
vt 0.926052 0.798446
vt 0.926052 0.700003
vt 0.927290 0.747674
vt 0.926052 0.652336
vt 0.927290 0.700003
vt 0.926052 0.601567
vt 0.927290 0.652336
vt 0.476891 0.347661
vt 0.478129 0.398437
vt 0.476891 0.398437
vt 0.476891 0.299991
vt 0.478129 0.347661
vt 0.476891 0.252325
vt 0.478129 0.299991
vt 0.476891 0.201561
vt 0.478129 0.252325
vt 0.225201 0.052338
vt 0.223963 0.001561
vt 0.225201 0.001561
vt 0.225201 0.100008
vt 0.223963 0.052338
vt 0.225201 0.147674
vt 0.223963 0.100008
vt 0.225201 0.198438
vt 0.223963 0.147674
vt 0.308057 0.052338
vt 0.306819 0.001561
vt 0.308057 0.001561
vt 0.308057 0.100008
vt 0.306819 0.052338
vt 0.308057 0.147674
vt 0.306819 0.100008
vt 0.308057 0.198438
vt 0.306819 0.147674
vt 0.329861 0.052338
vt 0.328623 0.001561
vt 0.329861 0.001561
vt 0.329861 0.100008
vt 0.328623 0.052338
vt 0.329861 0.147674
vt 0.328623 0.100008
vt 0.329861 0.198438
vt 0.328623 0.147674
vt 0.247005 0.052338
vt 0.245767 0.001561
vt 0.247005 0.001561
vt 0.247005 0.100008
vt 0.245767 0.052338
vt 0.247005 0.147674
vt 0.245767 0.100008
vt 0.247005 0.198438
vt 0.245767 0.147674
vt 0.690570 0.147662
vt 0.691808 0.198438
vt 0.690570 0.198438
vt 0.690570 0.099992
vt 0.691808 0.147662
vt 0.690570 0.052326
vt 0.691808 0.099992
vt 0.690570 0.001561
vt 0.691808 0.052326
vt 0.489973 0.547661
vt 0.491211 0.598437
vt 0.489973 0.598437
vt 0.489973 0.499991
vt 0.491211 0.547661
vt 0.489973 0.452325
vt 0.491211 0.499991
vt 0.489973 0.401560
vt 0.491211 0.452325
vt 0.398396 0.347661
vt 0.399634 0.398437
vt 0.398396 0.398437
vt 0.398396 0.299991
vt 0.399634 0.347661
vt 0.398396 0.252325
vt 0.399634 0.299991
vt 0.398396 0.201561
vt 0.399634 0.252325
vt 0.382191 0.052338
vt 0.380952 0.001561
vt 0.382191 0.001561
vt 0.382190 0.100008
vt 0.380952 0.052338
vt 0.382190 0.147674
vt 0.380952 0.100008
vt 0.382191 0.198438
vt 0.380953 0.147674
vt 0.982742 0.747674
vt 0.983980 0.798446
vt 0.982742 0.798446
vt 0.982742 0.700004
vt 0.983980 0.747674
vt 0.982742 0.652337
vt 0.983980 0.700004
vt 0.982742 0.601567
vt 0.983980 0.652337
vt 0.978381 0.347671
vt 0.979619 0.398442
vt 0.978381 0.398442
vt 0.978381 0.300000
vt 0.979619 0.347671
vt 0.978381 0.252334
vt 0.979619 0.300000
vt 0.978381 0.201563
vt 0.979619 0.252334
vt 0.137985 0.252337
vt 0.136747 0.201561
vt 0.137985 0.201561
vt 0.137985 0.300007
vt 0.136747 0.252337
vt 0.137985 0.347673
vt 0.136747 0.300007
vt 0.137985 0.398438
vt 0.136747 0.347673
vt 0.616436 0.547661
vt 0.617675 0.598437
vt 0.616436 0.598437
vt 0.616437 0.499991
vt 0.617675 0.547661
vt 0.616437 0.452325
vt 0.617675 0.499991
vt 0.616436 0.401560
vt 0.617675 0.452325
vt 0.869362 0.147668
vt 0.870600 0.198440
vt 0.869362 0.198440
vt 0.869362 0.099997
vt 0.870600 0.147668
vt 0.869362 0.052331
vt 0.870600 0.099997
vt 0.869362 0.001561
vt 0.870600 0.052331
vt 0.460685 0.052337
vt 0.459447 0.001561
vt 0.460685 0.001561
vt 0.460685 0.100008
vt 0.459447 0.052337
vt 0.460685 0.147674
vt 0.459447 0.100008
vt 0.460685 0.198438
vt 0.459447 0.147674
vt 0.075695 0.747661
vt 0.076933 0.798436
vt 0.075695 0.798436
vt 0.075695 0.699991
vt 0.076933 0.747661
vt 0.075695 0.652324
vt 0.076933 0.699991
vt 0.075695 0.601560
vt 0.076933 0.652324
vt 0.694931 0.747661
vt 0.696169 0.798436
vt 0.694931 0.798436
vt 0.694931 0.699990
vt 0.696169 0.747661
vt 0.694931 0.652324
vt 0.696169 0.699990
vt 0.694931 0.601560
vt 0.696169 0.652324
vt 0.616436 0.347661
vt 0.617675 0.398438
vt 0.616436 0.398438
vt 0.616437 0.299991
vt 0.617675 0.347661
vt 0.616437 0.252325
vt 0.617675 0.299991
vt 0.616437 0.201561
vt 0.617675 0.252325
vt 0.542303 0.547661
vt 0.543541 0.598437
vt 0.542303 0.598437
vt 0.542303 0.499990
vt 0.543541 0.547661
vt 0.542303 0.452324
vt 0.543541 0.499990
vt 0.542303 0.401560
vt 0.543541 0.452324
vt 0.151067 0.452336
vt 0.149829 0.401560
vt 0.151067 0.401560
vt 0.151067 0.500006
vt 0.149829 0.452336
vt 0.151067 0.547673
vt 0.149829 0.500006
vt 0.151067 0.598437
vt 0.149829 0.547673
vt 0.668766 0.147662
vt 0.670004 0.198438
vt 0.668766 0.198438
vt 0.668766 0.099992
vt 0.670004 0.147662
vt 0.668766 0.052326
vt 0.670004 0.099992
vt 0.668766 0.001561
vt 0.670004 0.052326
vt 0.267571 0.747660
vt 0.268809 0.798436
vt 0.267571 0.798436
vt 0.267571 0.699990
vt 0.268809 0.747660
vt 0.267571 0.652324
vt 0.268809 0.699990
vt 0.267571 0.601560
vt 0.268809 0.652324
vt 0.882444 0.747674
vt 0.883683 0.798446
vt 0.882444 0.798446
vt 0.882444 0.700003
vt 0.883682 0.747674
vt 0.882445 0.652337
vt 0.883683 0.700003
vt 0.882444 0.601566
vt 0.883683 0.652337
vt 0.786507 0.747661
vt 0.787745 0.798437
vt 0.786507 0.798437
vt 0.786507 0.699991
vt 0.787745 0.747661
vt 0.786507 0.652325
vt 0.787745 0.699991
vt 0.786507 0.601560
vt 0.787745 0.652325
vt 0.223963 0.547661
vt 0.225201 0.598437
vt 0.223963 0.598437
vt 0.223963 0.499990
vt 0.225201 0.547661
vt 0.223963 0.452324
vt 0.225201 0.499990
vt 0.223963 0.401560
vt 0.225201 0.452324
vt 0.591510 0.252336
vt 0.590272 0.201561
vt 0.591510 0.201561
vt 0.591510 0.300007
vt 0.590272 0.252336
vt 0.591510 0.347673
vt 0.590272 0.300007
vt 0.591510 0.398438
vt 0.590272 0.347673
vt 0.063851 0.252337
vt 0.062613 0.201561
vt 0.063851 0.201561
vt 0.063851 0.300008
vt 0.062613 0.252337
vt 0.063851 0.347674
vt 0.062613 0.300008
vt 0.063851 0.398438
vt 0.062613 0.347674
vt 0.215242 0.947666
vt 0.216480 0.998438
vt 0.215242 0.998438
vt 0.215242 0.899996
vt 0.216480 0.947666
vt 0.215242 0.852329
vt 0.216480 0.899996
vt 0.215242 0.801559
vt 0.216480 0.852329
vt 0.411478 0.747661
vt 0.412716 0.798436
vt 0.411478 0.798436
vt 0.411478 0.699990
vt 0.412716 0.747661
vt 0.411478 0.652324
vt 0.412716 0.699990
vt 0.411478 0.601559
vt 0.412716 0.652324
vt 0.478129 0.452336
vt 0.476891 0.401560
vt 0.478129 0.401560
vt 0.478129 0.500006
vt 0.476891 0.452336
vt 0.478129 0.547672
vt 0.476891 0.500006
vt 0.478129 0.598437
vt 0.476891 0.547672
vt 0.582788 0.452336
vt 0.581550 0.401560
vt 0.582788 0.401560
vt 0.582788 0.500006
vt 0.581550 0.452336
vt 0.582788 0.547672
vt 0.581550 0.500006
vt 0.582788 0.598437
vt 0.581550 0.547672
vt 0.834476 0.547664
vt 0.835714 0.598440
vt 0.834476 0.598440
vt 0.834476 0.499994
vt 0.835714 0.547664
vt 0.834476 0.452328
vt 0.835714 0.499994
vt 0.834476 0.401563
vt 0.835714 0.452328
vt 0.865001 0.747673
vt 0.866239 0.798446
vt 0.865001 0.798446
vt 0.865001 0.700002
vt 0.866239 0.747673
vt 0.865002 0.652336
vt 0.866239 0.700002
vt 0.865001 0.601566
vt 0.866239 0.652336
vt 0.808311 0.547664
vt 0.809549 0.598440
vt 0.808311 0.598440
vt 0.808311 0.499994
vt 0.809549 0.547664
vt 0.808311 0.452327
vt 0.809549 0.499994
vt 0.808311 0.401563
vt 0.809549 0.452327
vt 0.773425 0.347662
vt 0.774663 0.398438
vt 0.773425 0.398438
vt 0.773425 0.299991
vt 0.774663 0.347662
vt 0.773425 0.252325
vt 0.774663 0.299991
vt 0.773425 0.201561
vt 0.774663 0.252325
vt 0.088778 0.547661
vt 0.090016 0.598437
vt 0.088778 0.598437
vt 0.088778 0.499990
vt 0.090016 0.547661
vt 0.088778 0.452324
vt 0.090016 0.499990
vt 0.088778 0.401560
vt 0.090016 0.452324
vt 0.072573 0.052338
vt 0.071334 0.001561
vt 0.072573 0.001561
vt 0.072572 0.100008
vt 0.071334 0.052338
vt 0.072572 0.147674
vt 0.071334 0.100008
vt 0.072573 0.198438
vt 0.071335 0.147674
vt 0.777786 0.547661
vt 0.779024 0.598437
vt 0.777786 0.598437
vt 0.777786 0.499991
vt 0.779024 0.547661
vt 0.777786 0.452325
vt 0.779024 0.499991
vt 0.777786 0.401560
vt 0.779024 0.452325
vt 0.046408 0.452336
vt 0.045170 0.401560
vt 0.046408 0.401560
vt 0.046408 0.500006
vt 0.045170 0.452336
vt 0.046408 0.547672
vt 0.045170 0.500006
vt 0.046408 0.598437
vt 0.045170 0.547672
vt 0.755982 0.547661
vt 0.757220 0.598437
vt 0.755982 0.598437
vt 0.755982 0.499991
vt 0.757220 0.547661
vt 0.755982 0.452325
vt 0.757220 0.499991
vt 0.755982 0.401560
vt 0.757220 0.452325
vt 0.598993 0.547661
vt 0.600231 0.598437
vt 0.598993 0.598437
vt 0.598993 0.499991
vt 0.600231 0.547661
vt 0.598993 0.452325
vt 0.600231 0.499991
vt 0.598993 0.401560
vt 0.600231 0.452325
vt 0.795229 0.747661
vt 0.796467 0.798436
vt 0.795229 0.798436
vt 0.795229 0.699990
vt 0.796467 0.747661
vt 0.795229 0.652324
vt 0.796467 0.699990
vt 0.795229 0.601560
vt 0.796467 0.652324
vt 0.930413 0.147669
vt 0.931651 0.198441
vt 0.930413 0.198441
vt 0.930413 0.099998
vt 0.931651 0.147669
vt 0.930413 0.052332
vt 0.931651 0.099998
vt 0.930413 0.001561
vt 0.931651 0.052332
vt 0.752859 0.252337
vt 0.751621 0.201561
vt 0.752859 0.201561
vt 0.752859 0.300007
vt 0.751621 0.252337
vt 0.752859 0.347673
vt 0.751621 0.300007
vt 0.752859 0.398438
vt 0.751621 0.347673
vt 0.786507 0.347662
vt 0.787745 0.398438
vt 0.786507 0.398438
vt 0.786507 0.299991
vt 0.787745 0.347662
vt 0.786507 0.252325
vt 0.787745 0.299991
vt 0.786507 0.201561
vt 0.787745 0.252325
vt 0.803950 0.547662
vt 0.805188 0.598437
vt 0.803950 0.598437
vt 0.803950 0.499991
vt 0.805188 0.547662
vt 0.803950 0.452325
vt 0.805188 0.499991
vt 0.803950 0.401560
vt 0.805188 0.452325
vt 0.803950 0.147662
vt 0.805188 0.198438
vt 0.803950 0.198438
vt 0.803950 0.099992
vt 0.805188 0.147662
vt 0.803950 0.052326
vt 0.805188 0.099992
vt 0.803950 0.001561
vt 0.805188 0.052326
vt 0.136747 0.547661
vt 0.137985 0.598437
vt 0.136747 0.598437
vt 0.136747 0.499990
vt 0.137985 0.547661
vt 0.136747 0.452324
vt 0.137985 0.499990
vt 0.136747 0.401560
vt 0.137985 0.452324
vt 0.189077 0.747661
vt 0.190315 0.798436
vt 0.189077 0.798436
vt 0.189077 0.699991
vt 0.190315 0.747661
vt 0.189077 0.652324
vt 0.190315 0.699991
vt 0.189077 0.601560
vt 0.190315 0.652324
vt 0.363509 0.547661
vt 0.364747 0.598437
vt 0.363509 0.598437
vt 0.363509 0.499991
vt 0.364747 0.547661
vt 0.363509 0.452325
vt 0.364747 0.499991
vt 0.363509 0.401560
vt 0.364747 0.452325
vt 0.956577 0.747673
vt 0.957815 0.798446
vt 0.956577 0.798446
vt 0.956577 0.700003
vt 0.957815 0.747673
vt 0.956577 0.652336
vt 0.957815 0.700003
vt 0.956577 0.601567
vt 0.957815 0.652336
vt 0.555385 0.547661
vt 0.556624 0.598437
vt 0.555385 0.598437
vt 0.555386 0.499991
vt 0.556624 0.547661
vt 0.555386 0.452325
vt 0.556624 0.499991
vt 0.555385 0.401560
vt 0.556623 0.452325
vt 0.356026 0.452336
vt 0.354788 0.401560
vt 0.356026 0.401560
vt 0.356026 0.500006
vt 0.354788 0.452336
vt 0.356026 0.547673
vt 0.354788 0.500006
vt 0.356026 0.598437
vt 0.354788 0.547673
vt 0.280654 0.947666
vt 0.281892 0.998438
vt 0.280654 0.998438
vt 0.280654 0.899996
vt 0.281892 0.947666
vt 0.280654 0.852329
vt 0.281892 0.899996
vt 0.280654 0.801559
vt 0.281892 0.852329
vt 0.744137 0.452336
vt 0.742899 0.401560
vt 0.744137 0.401560
vt 0.744137 0.500006
vt 0.742899 0.452336
vt 0.744137 0.547672
vt 0.742899 0.500006
vt 0.744137 0.598437
vt 0.742899 0.547672
vt 0.507416 0.347661
vt 0.508655 0.398438
vt 0.507416 0.398438
vt 0.507417 0.299991
vt 0.508655 0.347661
vt 0.507417 0.252325
vt 0.508655 0.299991
vt 0.507417 0.201561
vt 0.508655 0.252325
vt 0.708013 0.547661
vt 0.709251 0.598437
vt 0.708013 0.598437
vt 0.708013 0.499991
vt 0.709251 0.547661
vt 0.708013 0.452325
vt 0.709251 0.499991
vt 0.708013 0.401560
vt 0.709251 0.452325
vt 0.799590 0.147662
vt 0.800828 0.198438
vt 0.799589 0.198438
vt 0.799590 0.099992
vt 0.800828 0.147662
vt 0.799590 0.052326
vt 0.800828 0.099992
vt 0.799590 0.001561
vt 0.800828 0.052326
vt 0.738539 0.747661
vt 0.739777 0.798436
vt 0.738538 0.798436
vt 0.738539 0.699990
vt 0.739777 0.747661
vt 0.738539 0.652324
vt 0.739777 0.699990
vt 0.738539 0.601560
vt 0.739777 0.652324
vt 0.991463 0.547673
vt 0.992701 0.598444
vt 0.991463 0.598444
vt 0.991463 0.500002
vt 0.992701 0.547673
vt 0.991463 0.452335
vt 0.992701 0.500002
vt 0.991463 0.401565
vt 0.992701 0.452335
vt 0.511777 0.547661
vt 0.513015 0.598437
vt 0.511777 0.598437
vt 0.511777 0.499990
vt 0.513015 0.547661
vt 0.511777 0.452325
vt 0.513015 0.499990
vt 0.511777 0.401561
vt 0.513015 0.452325
vt 0.821393 0.747664
vt 0.822632 0.798439
vt 0.821393 0.798439
vt 0.821394 0.699993
vt 0.822632 0.747664
vt 0.821394 0.652327
vt 0.822632 0.699993
vt 0.821393 0.601562
vt 0.822632 0.652327
vt 0.197798 0.947667
vt 0.199036 0.998438
vt 0.197798 0.998438
vt 0.197798 0.899996
vt 0.199036 0.947667
vt 0.197798 0.852329
vt 0.199036 0.899996
vt 0.197798 0.801559
vt 0.199036 0.852329
vt 0.264449 0.252337
vt 0.263211 0.201561
vt 0.264449 0.201561
vt 0.264449 0.300007
vt 0.263211 0.252337
vt 0.264449 0.347673
vt 0.263211 0.300007
vt 0.264449 0.398437
vt 0.263211 0.347673
vt 0.001561 0.947667
vt 0.002799 0.998439
vt 0.001561 0.998439
vt 0.001561 0.899996
vt 0.002799 0.947667
vt 0.001561 0.852329
vt 0.002799 0.899996
vt 0.001561 0.801560
vt 0.002799 0.852329
vt 0.747260 0.747661
vt 0.748498 0.798437
vt 0.747260 0.798437
vt 0.747260 0.699990
vt 0.748498 0.747661
vt 0.747260 0.652324
vt 0.748498 0.699990
vt 0.747260 0.601560
vt 0.748498 0.652324
vt 0.612076 0.147662
vt 0.613314 0.198438
vt 0.612076 0.198438
vt 0.612076 0.099991
vt 0.613314 0.147662
vt 0.612076 0.052325
vt 0.613314 0.099991
vt 0.612076 0.001561
vt 0.613314 0.052325
vt 0.180355 0.547661
vt 0.181593 0.598437
vt 0.180355 0.598437
vt 0.180355 0.499990
vt 0.181593 0.547661
vt 0.180355 0.452324
vt 0.181593 0.499990
vt 0.180355 0.401560
vt 0.181593 0.452324
vt 0.504294 0.452336
vt 0.503056 0.401560
vt 0.504294 0.401560
vt 0.504294 0.500006
vt 0.503056 0.452336
vt 0.504294 0.547672
vt 0.503056 0.500006
vt 0.504294 0.598437
vt 0.503056 0.547672
vt 0.808311 0.747663
vt 0.809549 0.798439
vt 0.808311 0.798439
vt 0.808311 0.699993
vt 0.809549 0.747663
vt 0.808311 0.652327
vt 0.809549 0.699993
vt 0.808311 0.601562
vt 0.809549 0.652327
vt 0.764703 0.747661
vt 0.765941 0.798437
vt 0.764703 0.798437
vt 0.764703 0.699991
vt 0.765941 0.747661
vt 0.764703 0.652324
vt 0.765941 0.699991
vt 0.764703 0.601560
vt 0.765941 0.652324
vt 0.783385 0.652335
vt 0.782146 0.601560
vt 0.783385 0.601560
vt 0.783384 0.700006
vt 0.782146 0.652335
vt 0.783384 0.747672
vt 0.782146 0.700006
vt 0.783385 0.798436
vt 0.782146 0.747672
vt 0.926052 0.147668
vt 0.927290 0.198440
vt 0.926052 0.198440
vt 0.926052 0.099997
vt 0.927290 0.147668
vt 0.926052 0.052331
vt 0.927290 0.099997
vt 0.926052 0.001561
vt 0.927290 0.052331
vt 0.101860 0.547661
vt 0.103098 0.598437
vt 0.101860 0.598437
vt 0.101860 0.499991
vt 0.103098 0.547661
vt 0.101860 0.452325
vt 0.103098 0.499991
vt 0.101860 0.401560
vt 0.103098 0.452325
vt 0.197798 0.547661
vt 0.199036 0.598437
vt 0.197798 0.598437
vt 0.197798 0.499990
vt 0.199036 0.547661
vt 0.197799 0.452324
vt 0.199036 0.499990
vt 0.197798 0.401560
vt 0.199036 0.452324
vt 0.629519 0.147663
vt 0.630757 0.198438
vt 0.629519 0.198438
vt 0.629519 0.099992
vt 0.630757 0.147663
vt 0.629519 0.052326
vt 0.630757 0.099992
vt 0.629519 0.001561
vt 0.630757 0.052326
vt 0.677487 0.747661
vt 0.678726 0.798437
vt 0.677487 0.798437
vt 0.677488 0.699990
vt 0.678726 0.747661
vt 0.677488 0.652324
vt 0.678726 0.699990
vt 0.677487 0.601560
vt 0.678726 0.652324
vt 0.228324 0.947667
vt 0.229562 0.998438
vt 0.228324 0.998438
vt 0.228324 0.899996
vt 0.229562 0.947667
vt 0.228324 0.852329
vt 0.229562 0.899996
vt 0.228324 0.801559
vt 0.229562 0.852329
vt 0.485612 0.547661
vt 0.486850 0.598437
vt 0.485612 0.598437
vt 0.485612 0.499991
vt 0.486850 0.547661
vt 0.485612 0.452325
vt 0.486850 0.499991
vt 0.485612 0.401560
vt 0.486850 0.452325
vt 0.184716 0.947667
vt 0.185954 0.998438
vt 0.184716 0.998438
vt 0.184716 0.899996
vt 0.185954 0.947667
vt 0.184716 0.852329
vt 0.185954 0.899996
vt 0.184716 0.801559
vt 0.185954 0.852329
vt 0.037686 0.452336
vt 0.036448 0.401560
vt 0.037686 0.401560
vt 0.037686 0.500006
vt 0.036448 0.452336
vt 0.037686 0.547672
vt 0.036448 0.500006
vt 0.037686 0.598437
vt 0.036448 0.547672
vt 0.664405 0.347661
vt 0.665643 0.398438
vt 0.664405 0.398438
vt 0.664405 0.299991
vt 0.665643 0.347661
vt 0.664405 0.252325
vt 0.665643 0.299991
vt 0.664405 0.201561
vt 0.665643 0.252325
vt 0.537942 0.547661
vt 0.539180 0.598437
vt 0.537942 0.598437
vt 0.537942 0.499991
vt 0.539180 0.547661
vt 0.537942 0.452325
vt 0.539180 0.499991
vt 0.537942 0.401560
vt 0.539180 0.452325
vt 0.005922 0.947667
vt 0.007160 0.998438
vt 0.005922 0.998438
vt 0.005922 0.899996
vt 0.007160 0.947667
vt 0.005922 0.852329
vt 0.007160 0.899996
vt 0.005922 0.801559
vt 0.007160 0.852329
vt 0.620797 0.547661
vt 0.622035 0.598437
vt 0.620797 0.598437
vt 0.620797 0.499990
vt 0.622035 0.547661
vt 0.620797 0.452324
vt 0.622035 0.499990
vt 0.620797 0.401560
vt 0.622035 0.452324
vt 0.263211 0.947666
vt 0.264449 0.998438
vt 0.263211 0.998438
vt 0.263211 0.899996
vt 0.264449 0.947666
vt 0.263211 0.852329
vt 0.264449 0.899996
vt 0.263211 0.801559
vt 0.264449 0.852329
vt 0.303696 0.252336
vt 0.302458 0.201561
vt 0.303696 0.201561
vt 0.303696 0.300007
vt 0.302458 0.252336
vt 0.303696 0.347673
vt 0.302458 0.300007
vt 0.303696 0.398438
vt 0.302458 0.347673
vt 0.332983 0.947666
vt 0.334222 0.998438
vt 0.332984 0.998438
vt 0.332984 0.899996
vt 0.334222 0.947666
vt 0.332984 0.852329
vt 0.334222 0.899996
vt 0.332984 0.801559
vt 0.334222 0.852329
vt 0.552263 0.452336
vt 0.551025 0.401560
vt 0.552263 0.401560
vt 0.552263 0.500006
vt 0.551025 0.452336
vt 0.552263 0.547672
vt 0.551025 0.500006
vt 0.552263 0.598437
vt 0.551025 0.547672
vt 0.646962 0.547661
vt 0.648200 0.598437
vt 0.646962 0.598437
vt 0.646962 0.499990
vt 0.648200 0.547661
vt 0.646962 0.452324
vt 0.648200 0.499990
vt 0.646962 0.401560
vt 0.648200 0.452324
vt 0.917330 0.747673
vt 0.918569 0.798446
vt 0.917330 0.798446
vt 0.917331 0.700002
vt 0.918568 0.747673
vt 0.917331 0.652336
vt 0.918569 0.700002
vt 0.917331 0.601566
vt 0.918569 0.652336
vt 0.725456 0.547661
vt 0.726694 0.598437
vt 0.725456 0.598437
vt 0.725456 0.499991
vt 0.726694 0.547661
vt 0.725456 0.452325
vt 0.726694 0.499991
vt 0.725456 0.401560
vt 0.726694 0.452325
vt 0.664405 0.147663
vt 0.665643 0.198438
vt 0.664405 0.198438
vt 0.664405 0.099992
vt 0.665643 0.147663
vt 0.664405 0.052326
vt 0.665643 0.099992
vt 0.664405 0.001561
vt 0.665643 0.052326
vt 0.673127 0.547662
vt 0.674365 0.598437
vt 0.673127 0.598437
vt 0.673127 0.499991
vt 0.674365 0.547662
vt 0.673127 0.452325
vt 0.674365 0.499991
vt 0.673127 0.401560
vt 0.674365 0.452325
vt 0.899887 0.747673
vt 0.901125 0.798446
vt 0.899887 0.798446
vt 0.899887 0.700002
vt 0.901125 0.747673
vt 0.899888 0.652336
vt 0.901125 0.700002
vt 0.899887 0.601566
vt 0.901125 0.652336
vt 0.290614 0.452336
vt 0.289375 0.401560
vt 0.290614 0.401560
vt 0.290613 0.500007
vt 0.289375 0.452336
vt 0.290613 0.547673
vt 0.289375 0.500007
vt 0.290614 0.598437
vt 0.289375 0.547673
vt 0.908609 0.147668
vt 0.909847 0.198440
vt 0.908609 0.198440
vt 0.908609 0.099997
vt 0.909847 0.147668
vt 0.908609 0.052331
vt 0.909847 0.099997
vt 0.908609 0.001561
vt 0.909847 0.052331
vt 0.311179 0.547661
vt 0.312418 0.598437
vt 0.311179 0.598437
vt 0.311180 0.499991
vt 0.312418 0.547661
vt 0.311180 0.452325
vt 0.312418 0.499991
vt 0.311179 0.401560
vt 0.312418 0.452325
vt 0.232685 0.947667
vt 0.233923 0.998438
vt 0.232685 0.998438
vt 0.232685 0.899996
vt 0.233923 0.947667
vt 0.232685 0.852329
vt 0.233923 0.899996
vt 0.232685 0.801559
vt 0.233923 0.852329
vt 0.167273 0.347661
vt 0.168511 0.398438
vt 0.167273 0.398438
vt 0.167273 0.299991
vt 0.168511 0.347661
vt 0.167273 0.252325
vt 0.168511 0.299991
vt 0.167273 0.201561
vt 0.168511 0.252325
vt 0.442004 0.947666
vt 0.443242 0.998438
vt 0.442004 0.998438
vt 0.442004 0.899996
vt 0.443242 0.947666
vt 0.442004 0.852329
vt 0.443242 0.899996
vt 0.442004 0.801559
vt 0.443242 0.852329
vt 0.569706 0.052337
vt 0.568468 0.001561
vt 0.569706 0.001561
vt 0.569706 0.100008
vt 0.568468 0.052337
vt 0.569706 0.147674
vt 0.568468 0.100008
vt 0.569706 0.198438
vt 0.568468 0.147674
vt 0.734178 0.147662
vt 0.735416 0.198438
vt 0.734178 0.198438
vt 0.734178 0.099992
vt 0.735416 0.147662
vt 0.734178 0.052326
vt 0.735416 0.099992
vt 0.734178 0.001561
vt 0.735416 0.052326
vt 0.651323 0.347662
vt 0.652561 0.398438
vt 0.651323 0.398438
vt 0.651323 0.299992
vt 0.652561 0.347662
vt 0.651323 0.252325
vt 0.652561 0.299992
vt 0.651323 0.201561
vt 0.652561 0.252325
vt 0.298097 0.947667
vt 0.299335 0.998438
vt 0.298097 0.998438
vt 0.298097 0.899996
vt 0.299335 0.947667
vt 0.298097 0.852329
vt 0.299335 0.899996
vt 0.298097 0.801559
vt 0.299335 0.852329
vt 0.646962 0.147662
vt 0.648200 0.198438
vt 0.646962 0.198438
vt 0.646962 0.099991
vt 0.648200 0.147662
vt 0.646962 0.052325
vt 0.648200 0.099991
vt 0.646962 0.001561
vt 0.648200 0.052325
vt 0.084417 0.947666
vt 0.085655 0.998438
vt 0.084417 0.998438
vt 0.084417 0.899996
vt 0.085655 0.947666
vt 0.084417 0.852329
vt 0.085655 0.899996
vt 0.084417 0.801559
vt 0.085655 0.852329
vt 0.385313 0.947666
vt 0.386551 0.998438
vt 0.385313 0.998438
vt 0.385313 0.899995
vt 0.386551 0.947666
vt 0.385313 0.852329
vt 0.386551 0.899995
vt 0.385313 0.801559
vt 0.386551 0.852329
vt 0.529221 0.547661
vt 0.530459 0.598437
vt 0.529220 0.598437
vt 0.529221 0.499991
vt 0.530459 0.547661
vt 0.529221 0.452325
vt 0.530459 0.499991
vt 0.529221 0.401561
vt 0.530459 0.452325
vt 0.250128 0.547661
vt 0.251366 0.598437
vt 0.250128 0.598437
vt 0.250128 0.499991
vt 0.251366 0.547661
vt 0.250128 0.452325
vt 0.251366 0.499991
vt 0.250128 0.401560
vt 0.251366 0.452325
vt 0.194676 0.452336
vt 0.193437 0.401560
vt 0.194676 0.401560
vt 0.194676 0.500006
vt 0.193437 0.452336
vt 0.194675 0.547673
vt 0.193437 0.500006
vt 0.194676 0.598437
vt 0.193438 0.547673
vt 0.132386 0.547661
vt 0.133624 0.598437
vt 0.132386 0.598437
vt 0.132386 0.499991
vt 0.133624 0.547661
vt 0.132386 0.452325
vt 0.133624 0.499991
vt 0.132386 0.401560
vt 0.133624 0.452325
vt 0.694931 0.347662
vt 0.696169 0.398438
vt 0.694931 0.398438
vt 0.694931 0.299992
vt 0.696169 0.347662
vt 0.694931 0.252326
vt 0.696169 0.299992
vt 0.694931 0.201561
vt 0.696169 0.252326
vt 0.071334 0.947667
vt 0.072573 0.998439
vt 0.071334 0.998439
vt 0.071334 0.899996
vt 0.072572 0.947667
vt 0.071335 0.852329
vt 0.072573 0.899996
vt 0.071334 0.801559
vt 0.072572 0.852329
vt 0.376592 0.547661
vt 0.377830 0.598437
vt 0.376592 0.598437
vt 0.376592 0.499991
vt 0.377830 0.547661
vt 0.376592 0.452325
vt 0.377830 0.499991
vt 0.376592 0.401560
vt 0.377830 0.452325
vt 0.032087 0.547661
vt 0.033325 0.598437
vt 0.032087 0.598437
vt 0.032087 0.499991
vt 0.033325 0.547661
vt 0.032087 0.452325
vt 0.033325 0.499991
vt 0.032087 0.401560
vt 0.033325 0.452325
vt 0.895526 0.747673
vt 0.896765 0.798446
vt 0.895526 0.798446
vt 0.895527 0.700002
vt 0.896765 0.747673
vt 0.895527 0.652336
vt 0.896765 0.700002
vt 0.895527 0.601566
vt 0.896765 0.652336
vt 0.660044 0.347661
vt 0.661282 0.398438
vt 0.660044 0.398438
vt 0.660044 0.299991
vt 0.661282 0.347661
vt 0.660045 0.252325
vt 0.661282 0.299991
vt 0.660044 0.201561
vt 0.661282 0.252325
vt 0.350427 0.547661
vt 0.351665 0.598437
vt 0.350427 0.598437
vt 0.350427 0.499991
vt 0.351665 0.547661
vt 0.350427 0.452325
vt 0.351665 0.499991
vt 0.350427 0.401560
vt 0.351665 0.452325
vt 0.908609 0.347670
vt 0.909847 0.398442
vt 0.908609 0.398442
vt 0.908609 0.299999
vt 0.909847 0.347670
vt 0.908609 0.252333
vt 0.909847 0.299999
vt 0.908609 0.201563
vt 0.909847 0.252333
vt 0.516138 0.547661
vt 0.517376 0.598437
vt 0.516138 0.598437
vt 0.516138 0.499990
vt 0.517376 0.547661
vt 0.516138 0.452325
vt 0.517376 0.499990
vt 0.516138 0.401560
vt 0.517376 0.452325
vt 0.066974 0.747661
vt 0.068212 0.798437
vt 0.066974 0.798437
vt 0.066974 0.699991
vt 0.068212 0.747661
vt 0.066974 0.652325
vt 0.068212 0.699991
vt 0.066974 0.601560
vt 0.068212 0.652325
vt 0.721095 0.347662
vt 0.722334 0.398437
vt 0.721095 0.398437
vt 0.721096 0.299991
vt 0.722334 0.347662
vt 0.721096 0.252325
vt 0.722334 0.299991
vt 0.721095 0.201561
vt 0.722333 0.252325
vt 0.015882 0.452336
vt 0.014644 0.401560
vt 0.015882 0.401560
vt 0.015882 0.500006
vt 0.014644 0.452336
vt 0.015882 0.547672
vt 0.014644 0.500006
vt 0.015882 0.598437
vt 0.014644 0.547672
vt 0.369108 0.252336
vt 0.367870 0.201561
vt 0.369108 0.201561
vt 0.369108 0.300007
vt 0.367870 0.252336
vt 0.369108 0.347673
vt 0.367870 0.300007
vt 0.369108 0.398438
vt 0.367870 0.347673
vt 0.681848 0.147662
vt 0.683086 0.198438
vt 0.681848 0.198438
vt 0.681848 0.099991
vt 0.683086 0.147662
vt 0.681848 0.052325
vt 0.683086 0.099991
vt 0.681848 0.001561
vt 0.683086 0.052325
vt 0.306819 0.947666
vt 0.308057 0.998438
vt 0.306819 0.998438
vt 0.306819 0.899996
vt 0.308057 0.947666
vt 0.306819 0.852329
vt 0.308057 0.899996
vt 0.306819 0.801559
vt 0.308057 0.852329
vt 0.681848 0.347661
vt 0.683086 0.398438
vt 0.681848 0.398438
vt 0.681848 0.299991
vt 0.683086 0.347661
vt 0.681848 0.252325
vt 0.683086 0.299991
vt 0.681848 0.201561
vt 0.683086 0.252325
vt 0.277531 0.252336
vt 0.276293 0.201561
vt 0.277531 0.201561
vt 0.277531 0.300007
vt 0.276293 0.252336
vt 0.277531 0.347673
vt 0.276293 0.300007
vt 0.277531 0.398438
vt 0.276293 0.347673
vt 0.834476 0.347662
vt 0.835714 0.398438
vt 0.834476 0.398438
vt 0.834476 0.299992
vt 0.835714 0.347662
vt 0.834476 0.252326
vt 0.835714 0.299992
vt 0.834476 0.201561
vt 0.835714 0.252326
vt 0.725456 0.147662
vt 0.726694 0.198438
vt 0.725456 0.198438
vt 0.725456 0.099992
vt 0.726694 0.147662
vt 0.725456 0.052326
vt 0.726694 0.099992
vt 0.725456 0.001561
vt 0.726694 0.052326
vt 0.585911 0.547661
vt 0.587149 0.598437
vt 0.585911 0.598437
vt 0.585911 0.499990
vt 0.587149 0.547661
vt 0.585911 0.452324
vt 0.587149 0.499990
vt 0.585911 0.401560
vt 0.587149 0.452324
vt 0.703652 0.147662
vt 0.704890 0.198438
vt 0.703652 0.198438
vt 0.703652 0.099991
vt 0.704890 0.147662
vt 0.703652 0.052325
vt 0.704890 0.099991
vt 0.703652 0.001561
vt 0.704890 0.052325
vt 0.171633 0.947667
vt 0.172871 0.998438
vt 0.171633 0.998438
vt 0.171633 0.899996
vt 0.172871 0.947667
vt 0.171633 0.852330
vt 0.172871 0.899996
vt 0.171633 0.801559
vt 0.172871 0.852330
vt 0.175994 0.947667
vt 0.177232 0.998438
vt 0.175994 0.998438
vt 0.175994 0.899996
vt 0.177232 0.947667
vt 0.175994 0.852329
vt 0.177232 0.899996
vt 0.175994 0.801559
vt 0.177232 0.852329
vt 0.106221 0.547661
vt 0.107459 0.598437
vt 0.106221 0.598437
vt 0.106221 0.499991
vt 0.107459 0.547661
vt 0.106221 0.452325
vt 0.107459 0.499991
vt 0.106221 0.401560
vt 0.107459 0.452325
vt 0.568468 0.347661
vt 0.569706 0.398438
vt 0.568468 0.398438
vt 0.568468 0.299991
vt 0.569706 0.347661
vt 0.568468 0.252325
vt 0.569706 0.299991
vt 0.568468 0.201561
vt 0.569706 0.252325
vt 0.302458 0.947666
vt 0.303696 0.998438
vt 0.302458 0.998438
vt 0.302458 0.899996
vt 0.303696 0.947666
vt 0.302458 0.852329
vt 0.303696 0.899996
vt 0.302458 0.801559
vt 0.303696 0.852329
vt 0.625158 0.347661
vt 0.626396 0.398437
vt 0.625158 0.398437
vt 0.625158 0.299991
vt 0.626396 0.347661
vt 0.625158 0.252325
vt 0.626396 0.299991
vt 0.625158 0.201561
vt 0.626396 0.252325
vt 0.651323 0.547661
vt 0.652561 0.598437
vt 0.651323 0.598437
vt 0.651323 0.499990
vt 0.652561 0.547661
vt 0.651323 0.452324
vt 0.652561 0.499990
vt 0.651323 0.401560
vt 0.652561 0.452324
vt 0.716735 0.347661
vt 0.717973 0.398437
vt 0.716735 0.398437
vt 0.716735 0.299991
vt 0.717973 0.347661
vt 0.716735 0.252325
vt 0.717973 0.299991
vt 0.716735 0.201561
vt 0.717973 0.252325
vt 0.721095 0.147662
vt 0.722334 0.198438
vt 0.721095 0.198438
vt 0.721096 0.099992
vt 0.722333 0.147662
vt 0.721096 0.052326
vt 0.722334 0.099992
vt 0.721095 0.001561
vt 0.722333 0.052326
vt 0.219602 0.547661
vt 0.220841 0.598437
vt 0.219602 0.598437
vt 0.219603 0.499991
vt 0.220841 0.547661
vt 0.219603 0.452325
vt 0.220841 0.499991
vt 0.219602 0.401560
vt 0.220840 0.452325
vt 0.245767 0.547661
vt 0.247005 0.598437
vt 0.245767 0.598437
vt 0.245767 0.499991
vt 0.247005 0.547661
vt 0.245767 0.452325
vt 0.247005 0.499991
vt 0.245767 0.401560
vt 0.247005 0.452325
vt 0.233923 0.252337
vt 0.232685 0.201561
vt 0.233923 0.201561
vt 0.233923 0.300007
vt 0.232685 0.252337
vt 0.233923 0.347673
vt 0.232685 0.300007
vt 0.233923 0.398438
vt 0.232685 0.347673
vt 0.290614 0.052338
vt 0.289375 0.001561
vt 0.290614 0.001561
vt 0.290613 0.100008
vt 0.289375 0.052338
vt 0.290613 0.147674
vt 0.289375 0.100008
vt 0.290614 0.198438
vt 0.289376 0.147674
vt 0.027726 0.947667
vt 0.028964 0.998438
vt 0.027726 0.998438
vt 0.027726 0.899996
vt 0.028964 0.947667
vt 0.027726 0.852329
vt 0.028964 0.899996
vt 0.027726 0.801559
vt 0.028964 0.852329
vt 0.020243 0.252337
vt 0.019005 0.201561
vt 0.020243 0.201561
vt 0.020243 0.300008
vt 0.019005 0.252337
vt 0.020243 0.347673
vt 0.019005 0.300008
vt 0.020243 0.398438
vt 0.019005 0.347673
vt 0.450726 0.547661
vt 0.451964 0.598437
vt 0.450726 0.598437
vt 0.450726 0.499991
vt 0.451964 0.547661
vt 0.450726 0.452325
vt 0.451964 0.499991
vt 0.450726 0.401560
vt 0.451964 0.452325
vt 0.616436 0.147662
vt 0.617675 0.198438
vt 0.616436 0.198438
vt 0.616437 0.099992
vt 0.617675 0.147662
vt 0.616437 0.052326
vt 0.617675 0.099992
vt 0.616436 0.001561
vt 0.617675 0.052326
vt 0.299335 0.652335
vt 0.298097 0.601560
vt 0.299335 0.601560
vt 0.299335 0.700006
vt 0.298097 0.652335
vt 0.299335 0.747672
vt 0.298097 0.700006
vt 0.299335 0.798437
vt 0.298097 0.747672
vt 0.193437 0.947667
vt 0.194676 0.998438
vt 0.193437 0.998438
vt 0.193438 0.899996
vt 0.194676 0.947667
vt 0.193438 0.852329
vt 0.194676 0.899996
vt 0.193438 0.801559
vt 0.194676 0.852329
vt 0.524860 0.147662
vt 0.526098 0.198438
vt 0.524860 0.198438
vt 0.524860 0.099991
vt 0.526098 0.147662
vt 0.524860 0.052325
vt 0.526098 0.099991
vt 0.524860 0.001561
vt 0.526098 0.052325
vt 0.328623 0.547661
vt 0.329861 0.598437
vt 0.328623 0.598437
vt 0.328623 0.499991
vt 0.329861 0.547661
vt 0.328623 0.452325
vt 0.329861 0.499991
vt 0.328623 0.401560
vt 0.329861 0.452325
vt 0.594633 0.547661
vt 0.595871 0.598437
vt 0.594633 0.598437
vt 0.594633 0.499991
vt 0.595871 0.547661
vt 0.594633 0.452325
vt 0.595871 0.499991
vt 0.594633 0.401560
vt 0.595871 0.452325
vt 0.319901 0.747661
vt 0.321139 0.798437
vt 0.319901 0.798437
vt 0.319901 0.699991
vt 0.321139 0.747661
vt 0.319901 0.652324
vt 0.321139 0.699991
vt 0.319901 0.601560
vt 0.321139 0.652324
vt 0.049530 0.947667
vt 0.050768 0.998438
vt 0.049530 0.998438
vt 0.049530 0.899996
vt 0.050768 0.947667
vt 0.049530 0.852329
vt 0.050768 0.899996
vt 0.049530 0.801559
vt 0.050768 0.852329
vt 0.521737 0.652335
vt 0.520499 0.601559
vt 0.521737 0.601559
vt 0.521737 0.700005
vt 0.520499 0.652335
vt 0.521737 0.747672
vt 0.520499 0.700005
vt 0.521737 0.798436
vt 0.520499 0.747672
vt 0.162912 0.747661
vt 0.164150 0.798437
vt 0.162912 0.798437
vt 0.162912 0.699991
vt 0.164150 0.747661
vt 0.162912 0.652325
vt 0.164150 0.699991
vt 0.162912 0.601560
vt 0.164150 0.652325
vt 0.312418 0.652335
vt 0.311179 0.601560
vt 0.312418 0.601560
vt 0.312417 0.700006
vt 0.311179 0.652335
vt 0.312417 0.747672
vt 0.311179 0.700006
vt 0.312418 0.798437
vt 0.311180 0.747672
vt 0.255727 0.652335
vt 0.254489 0.601560
vt 0.255727 0.601560
vt 0.255727 0.700006
vt 0.254489 0.652335
vt 0.255727 0.747672
vt 0.254489 0.700006
vt 0.255727 0.798437
vt 0.254489 0.747672
vt 0.433282 0.347661
vt 0.434520 0.398437
vt 0.433282 0.398437
vt 0.433282 0.299991
vt 0.434520 0.347661
vt 0.433282 0.252325
vt 0.434520 0.299991
vt 0.433282 0.201561
vt 0.434520 0.252325
vt 0.407117 0.547661
vt 0.408355 0.598437
vt 0.407117 0.598437
vt 0.407117 0.499991
vt 0.408355 0.547661
vt 0.407117 0.452325
vt 0.408355 0.499991
vt 0.407117 0.401560
vt 0.408355 0.452325
vt 0.385313 0.347661
vt 0.386551 0.398437
vt 0.385313 0.398437
vt 0.385313 0.299991
vt 0.386551 0.347661
vt 0.385313 0.252325
vt 0.386551 0.299991
vt 0.385313 0.201561
vt 0.386551 0.252325
vt 0.415839 0.547661
vt 0.417077 0.598437
vt 0.415839 0.598437
vt 0.415839 0.499991
vt 0.417077 0.547661
vt 0.415839 0.452325
vt 0.417077 0.499991
vt 0.415839 0.401560
vt 0.417077 0.452325
vt 0.260088 0.052338
vt 0.258850 0.001561
vt 0.260088 0.001561
vt 0.260088 0.100008
vt 0.258850 0.052338
vt 0.260088 0.147674
vt 0.258850 0.100008
vt 0.260088 0.198438
vt 0.258850 0.147674
vt 0.346066 0.947666
vt 0.347304 0.998438
vt 0.346066 0.998438
vt 0.346066 0.899996
vt 0.347304 0.947666
vt 0.346066 0.852329
vt 0.347304 0.899996
vt 0.346066 0.801559
vt 0.347304 0.852329
vt 0.529221 0.747661
vt 0.530459 0.798437
vt 0.529220 0.798437
vt 0.529221 0.699991
vt 0.530459 0.747661
vt 0.529221 0.652325
vt 0.530459 0.699991
vt 0.529221 0.601560
vt 0.530459 0.652325
vt 0.446365 0.147662
vt 0.447603 0.198438
vt 0.446365 0.198438
vt 0.446365 0.099991
vt 0.447603 0.147662
vt 0.446365 0.052325
vt 0.447603 0.099991
vt 0.446365 0.001561
vt 0.447603 0.052325
vt 0.686209 0.147662
vt 0.687447 0.198438
vt 0.686209 0.198438
vt 0.686209 0.099992
vt 0.687447 0.147662
vt 0.686209 0.052326
vt 0.687447 0.099992
vt 0.686209 0.001561
vt 0.687447 0.052326
vt 0.229562 0.652335
vt 0.228324 0.601560
vt 0.229562 0.601560
vt 0.229562 0.700006
vt 0.228324 0.652335
vt 0.229562 0.747672
vt 0.228324 0.700006
vt 0.229562 0.798436
vt 0.228324 0.747672
vt 0.607715 0.347662
vt 0.608953 0.398438
vt 0.607715 0.398438
vt 0.607715 0.299991
vt 0.608953 0.347662
vt 0.607715 0.252325
vt 0.608953 0.299991
vt 0.607715 0.201561
vt 0.608953 0.252325
vt 0.612076 0.547661
vt 0.613314 0.598437
vt 0.612076 0.598437
vt 0.612076 0.499991
vt 0.613314 0.547661
vt 0.612076 0.452325
vt 0.613314 0.499991
vt 0.612076 0.401560
vt 0.613314 0.452325
vt 0.132386 0.747661
vt 0.133624 0.798437
vt 0.132386 0.798437
vt 0.132386 0.699991
vt 0.133624 0.747661
vt 0.132386 0.652325
vt 0.133624 0.699991
vt 0.132386 0.601560
vt 0.133624 0.652324
vt 0.010283 0.947667
vt 0.011521 0.998438
vt 0.010283 0.998438
vt 0.010283 0.899996
vt 0.011521 0.947667
vt 0.010283 0.852329
vt 0.011521 0.899996
vt 0.010283 0.801559
vt 0.011521 0.852329
vt 0.459447 0.547661
vt 0.460685 0.598437
vt 0.459447 0.598437
vt 0.459447 0.499991
vt 0.460685 0.547661
vt 0.459447 0.452325
vt 0.460685 0.499991
vt 0.459447 0.401560
vt 0.460685 0.452325
vt 0.175994 0.747661
vt 0.177232 0.798437
vt 0.175994 0.798437
vt 0.175994 0.699991
vt 0.177232 0.747661
vt 0.175994 0.652325
vt 0.177232 0.699991
vt 0.175994 0.601560
vt 0.177232 0.652324
vt 0.960938 0.347671
vt 0.962176 0.398442
vt 0.960938 0.398442
vt 0.960938 0.300000
vt 0.962176 0.347671
vt 0.960938 0.252333
vt 0.962176 0.300000
vt 0.960938 0.201563
vt 0.962176 0.252333
vt 0.568468 0.747661
vt 0.569706 0.798436
vt 0.568468 0.798436
vt 0.568468 0.699990
vt 0.569706 0.747661
vt 0.568468 0.652324
vt 0.569706 0.699990
vt 0.568468 0.601560
vt 0.569706 0.652324
vt 0.463808 0.347661
vt 0.465046 0.398437
vt 0.463808 0.398437
vt 0.463808 0.299991
vt 0.465046 0.347661
vt 0.463808 0.252325
vt 0.465046 0.299991
vt 0.463808 0.201561
vt 0.465046 0.252325
vt 0.465046 0.052337
vt 0.463808 0.001561
vt 0.465046 0.001561
vt 0.465046 0.100008
vt 0.463808 0.052337
vt 0.465046 0.147674
vt 0.463808 0.100008
vt 0.465046 0.198438
vt 0.463808 0.147674
vt 0.111820 0.252337
vt 0.110582 0.201561
vt 0.111820 0.201561
vt 0.111820 0.300007
vt 0.110582 0.252337
vt 0.111820 0.347673
vt 0.110582 0.300007
vt 0.111820 0.398437
vt 0.110582 0.347673
vt 0.508655 0.652336
vt 0.507416 0.601560
vt 0.508655 0.601560
vt 0.508654 0.700006
vt 0.507416 0.652336
vt 0.508654 0.747672
vt 0.507416 0.700006
vt 0.508655 0.798437
vt 0.507417 0.747672
vt 0.965299 0.747674
vt 0.966537 0.798446
vt 0.965299 0.798446
vt 0.965299 0.700004
vt 0.966537 0.747674
vt 0.965299 0.652337
vt 0.966537 0.700004
vt 0.965299 0.601567
vt 0.966537 0.652337
vt 0.460685 0.252337
vt 0.459447 0.201561
vt 0.460685 0.201561
vt 0.460685 0.300007
vt 0.459447 0.252337
vt 0.460685 0.347673
vt 0.459447 0.300007
vt 0.460685 0.398437
vt 0.459447 0.347673
vt 0.564107 0.547661
vt 0.565345 0.598437
vt 0.564107 0.598437
vt 0.564107 0.499991
vt 0.565345 0.547661
vt 0.564107 0.452325
vt 0.565345 0.499991
vt 0.564107 0.401560
vt 0.565345 0.452325
vt 0.965299 0.147669
vt 0.966537 0.198441
vt 0.965299 0.198441
vt 0.965299 0.099998
vt 0.966537 0.147669
vt 0.965299 0.052332
vt 0.966537 0.099998
vt 0.965299 0.001561
vt 0.966537 0.052332
vt 0.334222 0.652335
vt 0.332983 0.601559
vt 0.334222 0.601559
vt 0.334222 0.700005
vt 0.332984 0.652335
vt 0.334221 0.747672
vt 0.332983 0.700005
vt 0.334222 0.798436
vt 0.332984 0.747672
vt 0.956577 0.547672
vt 0.957815 0.598444
vt 0.956577 0.598444
vt 0.956577 0.500002
vt 0.957815 0.547672
vt 0.956577 0.452335
vt 0.957815 0.500002
vt 0.956577 0.401565
vt 0.957815 0.452335
vt 0.229562 0.052338
vt 0.228324 0.001561
vt 0.229562 0.001561
vt 0.229562 0.100008
vt 0.228324 0.052338
vt 0.229562 0.147674
vt 0.228324 0.100008
vt 0.229562 0.198438
vt 0.228324 0.147674
vt 0.729817 0.147662
vt 0.731055 0.198438
vt 0.729817 0.198438
vt 0.729817 0.099992
vt 0.731055 0.147662
vt 0.729817 0.052326
vt 0.731055 0.099992
vt 0.729817 0.001561
vt 0.731055 0.052326
vt 0.503056 0.347661
vt 0.504294 0.398437
vt 0.503056 0.398437
vt 0.503056 0.299991
vt 0.504294 0.347661
vt 0.503056 0.252325
vt 0.504294 0.299991
vt 0.503056 0.201561
vt 0.504294 0.252325
vt 0.568468 0.547661
vt 0.569706 0.598437
vt 0.568468 0.598437
vt 0.568468 0.499991
vt 0.569706 0.547661
vt 0.568468 0.452325
vt 0.569706 0.499991
vt 0.568468 0.401560
vt 0.569706 0.452325
vt 0.755982 0.347662
vt 0.757220 0.398438
vt 0.755982 0.398438
vt 0.755982 0.299992
vt 0.757220 0.347662
vt 0.755982 0.252326
vt 0.757220 0.299992
vt 0.755982 0.201561
vt 0.757220 0.252326
vt 0.520499 0.347661
vt 0.521737 0.398437
vt 0.520499 0.398437
vt 0.520499 0.299991
vt 0.521737 0.347661
vt 0.520499 0.252325
vt 0.521737 0.299991
vt 0.520499 0.201561
vt 0.521737 0.252325
vt 0.552263 0.652335
vt 0.551025 0.601559
vt 0.552263 0.601559
vt 0.552263 0.700005
vt 0.551025 0.652335
vt 0.552263 0.747671
vt 0.551025 0.700005
vt 0.552263 0.798436
vt 0.551025 0.747671
vt 0.904248 0.147668
vt 0.905486 0.198440
vt 0.904248 0.198440
vt 0.904248 0.099997
vt 0.905486 0.147668
vt 0.904248 0.052331
vt 0.905486 0.099997
vt 0.904248 0.001561
vt 0.905486 0.052331
vt 0.268809 0.252337
vt 0.267571 0.201561
vt 0.268809 0.201561
vt 0.268809 0.300007
vt 0.267571 0.252337
vt 0.268809 0.347673
vt 0.267571 0.300007
vt 0.268809 0.398438
vt 0.267571 0.347673
vt 0.220841 0.052338
vt 0.219602 0.001561
vt 0.220841 0.001561
vt 0.220840 0.100008
vt 0.219602 0.052338
vt 0.220840 0.147674
vt 0.219602 0.100008
vt 0.220841 0.198438
vt 0.219603 0.147674
vt 0.325500 0.652335
vt 0.324262 0.601560
vt 0.325500 0.601560
vt 0.325500 0.700006
vt 0.324262 0.652335
vt 0.325500 0.747672
vt 0.324262 0.700006
vt 0.325500 0.798437
vt 0.324262 0.747672
vt 0.721095 0.547661
vt 0.722334 0.598437
vt 0.721095 0.598437
vt 0.721096 0.499991
vt 0.722334 0.547661
vt 0.721096 0.452325
vt 0.722334 0.499991
vt 0.721095 0.401560
vt 0.722333 0.452325
vt 0.969660 0.547673
vt 0.970898 0.598444
vt 0.969660 0.598444
vt 0.969660 0.500002
vt 0.970898 0.547673
vt 0.969660 0.452335
vt 0.970898 0.500002
vt 0.969660 0.401565
vt 0.970898 0.452335
vt 0.504294 0.052337
vt 0.503056 0.001561
vt 0.504294 0.001561
vt 0.504294 0.100008
vt 0.503056 0.052337
vt 0.504294 0.147674
vt 0.503056 0.100008
vt 0.504294 0.198438
vt 0.503056 0.147674
vt 0.960938 0.747674
vt 0.962176 0.798446
vt 0.960938 0.798446
vt 0.960938 0.700003
vt 0.962176 0.747674
vt 0.960938 0.652337
vt 0.962176 0.700003
vt 0.960938 0.601567
vt 0.962176 0.652337
vt 0.129263 0.652335
vt 0.128025 0.601560
vt 0.129263 0.601560
vt 0.129263 0.700006
vt 0.128025 0.652335
vt 0.129263 0.747672
vt 0.128025 0.700006
vt 0.129263 0.798437
vt 0.128025 0.747672
vt 0.207758 0.052338
vt 0.206520 0.001561
vt 0.207758 0.001561
vt 0.207758 0.100008
vt 0.206520 0.052338
vt 0.207758 0.147674
vt 0.206520 0.100008
vt 0.207758 0.198438
vt 0.206520 0.147674
vt 0.460685 0.652335
vt 0.459447 0.601559
vt 0.460685 0.601559
vt 0.460685 0.700005
vt 0.459447 0.652335
vt 0.460685 0.747672
vt 0.459447 0.700005
vt 0.460685 0.798436
vt 0.459447 0.747672
vt 0.974020 0.747674
vt 0.975258 0.798446
vt 0.974020 0.798446
vt 0.974020 0.700003
vt 0.975258 0.747674
vt 0.974020 0.652337
vt 0.975258 0.700003
vt 0.974020 0.601567
vt 0.975258 0.652337
vt 0.011521 0.252337
vt 0.010283 0.201561
vt 0.011521 0.201561
vt 0.011521 0.300008
vt 0.010283 0.252337
vt 0.011521 0.347674
vt 0.010283 0.300008
vt 0.011521 0.398438
vt 0.010283 0.347674
vt 0.158551 0.947667
vt 0.159789 0.998438
vt 0.158551 0.998438
vt 0.158551 0.899996
vt 0.159789 0.947667
vt 0.158551 0.852330
vt 0.159789 0.899996
vt 0.158551 0.801559
vt 0.159789 0.852330
vt 0.665643 0.652335
vt 0.664405 0.601560
vt 0.665643 0.601560
vt 0.665643 0.700006
vt 0.664405 0.652335
vt 0.665643 0.747672
vt 0.664405 0.700006
vt 0.665643 0.798437
vt 0.664405 0.747672
vt 0.328623 0.947666
vt 0.329861 0.998438
vt 0.328623 0.998438
vt 0.328623 0.899996
vt 0.329861 0.947666
vt 0.328623 0.852329
vt 0.329861 0.899996
vt 0.328623 0.801559
vt 0.329861 0.852329
vt 0.498695 0.547661
vt 0.499933 0.598437
vt 0.498695 0.598437
vt 0.498695 0.499991
vt 0.499933 0.547661
vt 0.498695 0.452325
vt 0.499933 0.499991
vt 0.498695 0.401560
vt 0.499933 0.452325
vt 0.085655 0.252337
vt 0.084417 0.201561
vt 0.085655 0.201561
vt 0.085655 0.300007
vt 0.084417 0.252337
vt 0.085655 0.347673
vt 0.084417 0.300007
vt 0.085655 0.398437
vt 0.084417 0.347673
vt 0.873723 0.147668
vt 0.874961 0.198440
vt 0.873723 0.198440
vt 0.873723 0.099997
vt 0.874961 0.147668
vt 0.873723 0.052331
vt 0.874961 0.099997
vt 0.873723 0.001561
vt 0.874961 0.052331
vt 0.415839 0.747661
vt 0.417077 0.798436
vt 0.415839 0.798436
vt 0.415839 0.699990
vt 0.417077 0.747661
vt 0.415839 0.652324
vt 0.417077 0.699990
vt 0.415839 0.601559
vt 0.417077 0.652324
vt 0.463808 0.747661
vt 0.465046 0.798436
vt 0.463808 0.798436
vt 0.463808 0.699990
vt 0.465046 0.747661
vt 0.463808 0.652324
vt 0.465046 0.699990
vt 0.463808 0.601559
vt 0.465046 0.652324
vt 0.456325 0.652335
vt 0.455086 0.601560
vt 0.456325 0.601560
vt 0.456324 0.700005
vt 0.455086 0.652335
vt 0.456324 0.747672
vt 0.455086 0.700005
vt 0.456325 0.798436
vt 0.455086 0.747672
vt 0.926052 0.347670
vt 0.927290 0.398442
vt 0.926052 0.398442
vt 0.926052 0.299999
vt 0.927290 0.347670
vt 0.926052 0.252333
vt 0.927290 0.299999
vt 0.926052 0.201563
vt 0.927290 0.252333
vt 0.194676 0.252337
vt 0.193437 0.201561
vt 0.194676 0.201561
vt 0.194676 0.300007
vt 0.193437 0.252337
vt 0.194676 0.347673
vt 0.193437 0.300007
vt 0.194676 0.398438
vt 0.193438 0.347673
vt 0.856280 0.147668
vt 0.857518 0.198440
vt 0.856280 0.198440
vt 0.856280 0.099997
vt 0.857518 0.147668
vt 0.856280 0.052331
vt 0.857518 0.099997
vt 0.856280 0.001561
vt 0.857518 0.052331
vt 0.081294 0.252337
vt 0.080056 0.201561
vt 0.081294 0.201561
vt 0.081294 0.300007
vt 0.080056 0.252337
vt 0.081294 0.347673
vt 0.080056 0.300007
vt 0.081294 0.398438
vt 0.080056 0.347673
vt 0.860641 0.547671
vt 0.861879 0.598444
vt 0.860641 0.598444
vt 0.860641 0.500001
vt 0.861879 0.547671
vt 0.860641 0.452334
vt 0.861879 0.500001
vt 0.860641 0.401565
vt 0.861879 0.452334
vt 0.172872 0.052338
vt 0.171633 0.001561
vt 0.172872 0.001561
vt 0.172871 0.100008
vt 0.171633 0.052338
vt 0.172871 0.147674
vt 0.171633 0.100008
vt 0.172872 0.198438
vt 0.171634 0.147674
vt 0.856280 0.547671
vt 0.857518 0.598444
vt 0.856280 0.598444
vt 0.856280 0.500001
vt 0.857518 0.547671
vt 0.856280 0.452334
vt 0.857518 0.500001
vt 0.856280 0.401565
vt 0.857518 0.452334
vt 0.090016 0.252337
vt 0.088778 0.201561
vt 0.090016 0.201561
vt 0.090016 0.300007
vt 0.088778 0.252337
vt 0.090016 0.347673
vt 0.088778 0.300007
vt 0.090016 0.398437
vt 0.088778 0.347673
vt 0.094377 0.252337
vt 0.093139 0.201561
vt 0.094377 0.201561
vt 0.094377 0.300007
vt 0.093139 0.252337
vt 0.094377 0.347673
vt 0.093139 0.300007
vt 0.094377 0.398437
vt 0.093139 0.347673
vt 0.482490 0.652335
vt 0.481251 0.601560
vt 0.482490 0.601560
vt 0.482489 0.700006
vt 0.481251 0.652335
vt 0.482489 0.747672
vt 0.481251 0.700006
vt 0.482490 0.798436
vt 0.481252 0.747672
vt 0.860641 0.147668
vt 0.861879 0.198440
vt 0.860641 0.198440
vt 0.860641 0.099997
vt 0.861879 0.147668
vt 0.860641 0.052331
vt 0.861879 0.099997
vt 0.860641 0.001561
vt 0.861879 0.052331
vt 0.159789 0.052338
vt 0.158551 0.001561
vt 0.159789 0.001561
vt 0.159789 0.100008
vt 0.158551 0.052338
vt 0.159789 0.147674
vt 0.158551 0.100008
vt 0.159789 0.198438
vt 0.158551 0.147674
vt 0.969660 0.747674
vt 0.970898 0.798446
vt 0.969660 0.798446
vt 0.969660 0.700004
vt 0.970898 0.747674
vt 0.969660 0.652337
vt 0.970898 0.700004
vt 0.969660 0.601567
vt 0.970898 0.652337
vt 0.146707 0.052338
vt 0.145468 0.001561
vt 0.146707 0.001561
vt 0.146706 0.100008
vt 0.145468 0.052338
vt 0.146706 0.147674
vt 0.145468 0.100008
vt 0.146707 0.198438
vt 0.145469 0.147674
vt 0.364747 0.652335
vt 0.363509 0.601560
vt 0.364747 0.601560
vt 0.364747 0.700006
vt 0.363509 0.652335
vt 0.364747 0.747672
vt 0.363509 0.700006
vt 0.364747 0.798437
vt 0.363509 0.747672
vt 0.151067 0.052338
vt 0.149829 0.001561
vt 0.151067 0.001561
vt 0.151067 0.100008
vt 0.149829 0.052338
vt 0.151067 0.147674
vt 0.149829 0.100008
vt 0.151067 0.198438
vt 0.149829 0.147674
vt 0.177232 0.052338
vt 0.175994 0.001561
vt 0.177232 0.001561
vt 0.177232 0.100008
vt 0.175994 0.052338
vt 0.177232 0.147674
vt 0.175994 0.100008
vt 0.177232 0.198438
vt 0.175994 0.147674
vt 0.194676 0.052338
vt 0.193437 0.001561
vt 0.194676 0.001561
vt 0.194676 0.100008
vt 0.193438 0.052338
vt 0.194676 0.147674
vt 0.193438 0.100008
vt 0.194676 0.198438
vt 0.193438 0.147674
vt 0.952217 0.347670
vt 0.953455 0.398442
vt 0.952217 0.398442
vt 0.952217 0.299999
vt 0.953455 0.347670
vt 0.952217 0.252333
vt 0.953455 0.299999
vt 0.952217 0.201563
vt 0.953455 0.252333
vt 0.328623 0.347661
vt 0.329861 0.398437
vt 0.328623 0.398437
vt 0.328623 0.299991
vt 0.329861 0.347661
vt 0.328623 0.252325
vt 0.329861 0.299991
vt 0.328623 0.201561
vt 0.329861 0.252325
vt 0.421438 0.052337
vt 0.420200 0.001561
vt 0.421438 0.001561
vt 0.421438 0.100008
vt 0.420200 0.052337
vt 0.421438 0.147674
vt 0.420200 0.100008
vt 0.421438 0.198438
vt 0.420200 0.147674
vt 0.655684 0.147662
vt 0.656922 0.198438
vt 0.655684 0.198438
vt 0.655684 0.099992
vt 0.656922 0.147662
vt 0.655684 0.052326
vt 0.656922 0.099992
vt 0.655684 0.001561
vt 0.656922 0.052326
vt 0.023365 0.947667
vt 0.024603 0.998439
vt 0.023365 0.998439
vt 0.023365 0.899996
vt 0.024603 0.947667
vt 0.023366 0.852330
vt 0.024604 0.899996
vt 0.023365 0.801559
vt 0.024603 0.852330
vt 0.655684 0.347661
vt 0.656922 0.398437
vt 0.655684 0.398437
vt 0.655684 0.299991
vt 0.656922 0.347661
vt 0.655684 0.252325
vt 0.656922 0.299991
vt 0.655684 0.201561
vt 0.656922 0.252325
vt 0.277531 0.052338
vt 0.276293 0.001561
vt 0.277531 0.001561
vt 0.277531 0.100008
vt 0.276293 0.052338
vt 0.277531 0.147674
vt 0.276293 0.100008
vt 0.277531 0.198438
vt 0.276293 0.147674
vt 0.869362 0.547671
vt 0.870600 0.598444
vt 0.869362 0.598444
vt 0.869362 0.500001
vt 0.870600 0.547671
vt 0.869362 0.452334
vt 0.870600 0.500001
vt 0.869362 0.401565
vt 0.870600 0.452334
vt 0.530459 0.252336
vt 0.529220 0.201561
vt 0.530459 0.201561
vt 0.530459 0.300007
vt 0.529221 0.252336
vt 0.530459 0.347673
vt 0.529220 0.300007
vt 0.530459 0.398438
vt 0.529221 0.347673
vt 0.286253 0.052338
vt 0.285015 0.001561
vt 0.286253 0.001561
vt 0.286253 0.100008
vt 0.285015 0.052338
vt 0.286253 0.147674
vt 0.285015 0.100008
vt 0.286253 0.198438
vt 0.285015 0.147674
vt 0.424561 0.547661
vt 0.425799 0.598437
vt 0.424561 0.598437
vt 0.424561 0.499991
vt 0.425799 0.547661
vt 0.424561 0.452325
vt 0.425799 0.499991
vt 0.424561 0.401560
vt 0.425799 0.452325
vt 0.294974 0.052338
vt 0.293736 0.001561
vt 0.294974 0.001561
vt 0.294974 0.100008
vt 0.293736 0.052338
vt 0.294974 0.147674
vt 0.293736 0.100008
vt 0.294974 0.198438
vt 0.293736 0.147674
vt 0.247005 0.252337
vt 0.245767 0.201561
vt 0.247005 0.201561
vt 0.247005 0.300007
vt 0.245767 0.252337
vt 0.247005 0.347673
vt 0.245767 0.300007
vt 0.247005 0.398438
vt 0.245767 0.347673
vt 0.334222 0.052338
vt 0.332983 0.001561
vt 0.334222 0.001561
vt 0.334222 0.100008
vt 0.332984 0.052338
vt 0.334222 0.147674
vt 0.332984 0.100008
vt 0.334222 0.198438
vt 0.332984 0.147674
vt 0.991463 0.347670
vt 0.992701 0.398442
vt 0.991463 0.398442
vt 0.991463 0.300000
vt 0.992701 0.347670
vt 0.991463 0.252333
vt 0.992701 0.300000
vt 0.991463 0.201563
vt 0.992701 0.252333
vt 0.342943 0.052338
vt 0.341705 0.001561
vt 0.342943 0.001561
vt 0.342943 0.100008
vt 0.341705 0.052338
vt 0.342943 0.147674
vt 0.341705 0.100008
vt 0.342943 0.198438
vt 0.341705 0.147674
vt 0.364747 0.052338
vt 0.363509 0.001561
vt 0.364747 0.001561
vt 0.364747 0.100008
vt 0.363509 0.052338
vt 0.364747 0.147674
vt 0.363509 0.100008
vt 0.364747 0.198438
vt 0.363509 0.147674
vt 0.699291 0.547661
vt 0.700530 0.598437
vt 0.699291 0.598437
vt 0.699292 0.499991
vt 0.700530 0.547661
vt 0.699292 0.452325
vt 0.700530 0.499991
vt 0.699291 0.401560
vt 0.700530 0.452325
vt 0.520499 0.547661
vt 0.521737 0.598437
vt 0.520499 0.598437
vt 0.520499 0.499991
vt 0.521737 0.547661
vt 0.520499 0.452325
vt 0.521737 0.499991
vt 0.520499 0.401560
vt 0.521737 0.452325
vt 0.103098 0.252337
vt 0.101860 0.201561
vt 0.103098 0.201561
vt 0.103098 0.300007
vt 0.101860 0.252337
vt 0.103098 0.347673
vt 0.101860 0.300007
vt 0.103098 0.398437
vt 0.101860 0.347673
vt 0.185954 0.052338
vt 0.184716 0.001561
vt 0.185954 0.001561
vt 0.185954 0.100008
vt 0.184716 0.052338
vt 0.185954 0.147674
vt 0.184716 0.100008
vt 0.185954 0.198438
vt 0.184716 0.147674
vt 0.969660 0.347671
vt 0.970898 0.398442
vt 0.969660 0.398442
vt 0.969660 0.300000
vt 0.970898 0.347671
vt 0.969660 0.252334
vt 0.970898 0.300000
vt 0.969660 0.201563
vt 0.970898 0.252334
vt 0.974020 0.347671
vt 0.975258 0.398442
vt 0.974020 0.398442
vt 0.974020 0.300000
vt 0.975258 0.347671
vt 0.974020 0.252334
vt 0.975258 0.300000
vt 0.974020 0.201563
vt 0.975258 0.252334
vt 0.171633 0.547661
vt 0.172872 0.598437
vt 0.171633 0.598437
vt 0.171633 0.499991
vt 0.172871 0.547661
vt 0.171634 0.452325
vt 0.172872 0.499991
vt 0.171633 0.401560
vt 0.172871 0.452325
vt 0.677487 0.147662
vt 0.678726 0.198438
vt 0.677487 0.198438
vt 0.677488 0.099992
vt 0.678726 0.147662
vt 0.677488 0.052326
vt 0.678726 0.099992
vt 0.677487 0.001561
vt 0.678726 0.052326
vt 0.873723 0.547671
vt 0.874961 0.598444
vt 0.873723 0.598444
vt 0.873723 0.500001
vt 0.874961 0.547671
vt 0.873723 0.452334
vt 0.874961 0.500001
vt 0.873723 0.401565
vt 0.874961 0.452334
vt 0.668766 0.547661
vt 0.670004 0.598437
vt 0.668766 0.598437
vt 0.668766 0.499991
vt 0.670004 0.547661
vt 0.668766 0.452325
vt 0.670004 0.499991
vt 0.668766 0.401560
vt 0.670004 0.452325
vt 0.468169 0.547661
vt 0.469407 0.598437
vt 0.468169 0.598437
vt 0.468169 0.499991
vt 0.469407 0.547661
vt 0.468169 0.452325
vt 0.469407 0.499991
vt 0.468169 0.401560
vt 0.469407 0.452325
vt 0.412716 0.252337
vt 0.411478 0.201561
vt 0.412716 0.201561
vt 0.412716 0.300007
vt 0.411478 0.252337
vt 0.412716 0.347673
vt 0.411478 0.300007
vt 0.412716 0.398437
vt 0.411478 0.347673
vt 0.255727 0.052338
vt 0.254489 0.001561
vt 0.255727 0.001561
vt 0.255727 0.100008
vt 0.254489 0.052338
vt 0.255727 0.147674
vt 0.254489 0.100008
vt 0.255727 0.198438
vt 0.254489 0.147674
vt 0.325500 0.052338
vt 0.324262 0.001561
vt 0.325500 0.001561
vt 0.325500 0.100008
vt 0.324262 0.052338
vt 0.325500 0.147674
vt 0.324262 0.100008
vt 0.325500 0.198438
vt 0.324262 0.147674
vt 0.280654 0.547661
vt 0.281892 0.598437
vt 0.280654 0.598437
vt 0.280654 0.499991
vt 0.281892 0.547661
vt 0.280654 0.452325
vt 0.281892 0.499991
vt 0.280654 0.401560
vt 0.281892 0.452325
vt 0.142346 0.652335
vt 0.141108 0.601560
vt 0.142346 0.601560
vt 0.142346 0.700006
vt 0.141108 0.652335
vt 0.142346 0.747672
vt 0.141108 0.700006
vt 0.142346 0.798437
vt 0.141108 0.747672
vt 0.199036 0.252337
vt 0.197798 0.201561
vt 0.199036 0.201561
vt 0.199036 0.300007
vt 0.197798 0.252337
vt 0.199036 0.347673
vt 0.197798 0.300007
vt 0.199036 0.398438
vt 0.197798 0.347673
vt 0.974020 0.147669
vt 0.975258 0.198441
vt 0.974020 0.198441
vt 0.974020 0.099998
vt 0.975258 0.147669
vt 0.974020 0.052332
vt 0.975258 0.099998
vt 0.974020 0.001561
vt 0.975258 0.052332
vt 0.787745 0.452336
vt 0.786507 0.401560
vt 0.787745 0.401560
vt 0.787745 0.500006
vt 0.786507 0.452336
vt 0.787745 0.547672
vt 0.786507 0.500006
vt 0.787745 0.598437
vt 0.786507 0.547672
vt 0.123664 0.547661
vt 0.124902 0.598437
vt 0.123664 0.598437
vt 0.123664 0.499990
vt 0.124902 0.547661
vt 0.123665 0.452324
vt 0.124902 0.499990
vt 0.123664 0.401560
vt 0.124902 0.452324
vt 0.716735 0.547661
vt 0.717973 0.598437
vt 0.716735 0.598437
vt 0.716735 0.499991
vt 0.717973 0.547661
vt 0.716735 0.452325
vt 0.717973 0.499991
vt 0.716735 0.401560
vt 0.717973 0.452325
vt 0.142346 0.252337
vt 0.141108 0.201561
vt 0.142346 0.201561
vt 0.142346 0.300008
vt 0.141108 0.252337
vt 0.142346 0.347674
vt 0.141108 0.300008
vt 0.142346 0.398438
vt 0.141108 0.347674
vt 0.206520 0.947667
vt 0.207758 0.998438
vt 0.206520 0.998438
vt 0.206520 0.899996
vt 0.207758 0.947667
vt 0.206520 0.852329
vt 0.207758 0.899996
vt 0.206520 0.801559
vt 0.207758 0.852329
vt 0.299335 0.452336
vt 0.298097 0.401560
vt 0.299335 0.401560
vt 0.299335 0.500006
vt 0.298097 0.452336
vt 0.299335 0.547672
vt 0.298097 0.500006
vt 0.299335 0.598437
vt 0.298097 0.547672
vt 0.604592 0.652336
vt 0.603354 0.601560
vt 0.604592 0.601560
vt 0.604592 0.700006
vt 0.603354 0.652336
vt 0.604592 0.747672
vt 0.603354 0.700006
vt 0.604592 0.798437
vt 0.603354 0.747672
vt 0.546664 0.747660
vt 0.547902 0.798436
vt 0.546664 0.798436
vt 0.546664 0.699990
vt 0.547902 0.747660
vt 0.546664 0.652324
vt 0.547902 0.699990
vt 0.546664 0.601560
vt 0.547902 0.652324
vt 0.197798 0.747661
vt 0.199036 0.798437
vt 0.197798 0.798437
vt 0.197798 0.699991
vt 0.199036 0.747661
vt 0.197798 0.652324
vt 0.199036 0.699991
vt 0.197798 0.601560
vt 0.199036 0.652324
vt 0.808311 0.347668
vt 0.809549 0.398440
vt 0.808311 0.398440
vt 0.808311 0.299997
vt 0.809549 0.347668
vt 0.808311 0.252331
vt 0.809549 0.299997
vt 0.808311 0.201561
vt 0.809549 0.252331
vt 0.830115 0.347662
vt 0.831353 0.398438
vt 0.830115 0.398438
vt 0.830115 0.299992
vt 0.831353 0.347662
vt 0.830115 0.252326
vt 0.831353 0.299992
vt 0.830115 0.201561
vt 0.831353 0.252326
vt 0.032087 0.747661
vt 0.033325 0.798436
vt 0.032087 0.798436
vt 0.032087 0.699990
vt 0.033325 0.747661
vt 0.032087 0.652324
vt 0.033325 0.699990
vt 0.032087 0.601560
vt 0.033325 0.652324
vt 0.180355 0.347661
vt 0.181593 0.398438
vt 0.180355 0.398438
vt 0.180355 0.299991
vt 0.181593 0.347661
vt 0.180355 0.252325
vt 0.181593 0.299991
vt 0.180355 0.201561
vt 0.181593 0.252325
vt 0.175994 0.347661
vt 0.177232 0.398438
vt 0.175994 0.398438
vt 0.175994 0.299991
vt 0.177232 0.347661
vt 0.175994 0.252325
vt 0.177232 0.299991
vt 0.175994 0.201561
vt 0.177232 0.252325
vt 0.101860 0.747660
vt 0.103098 0.798436
vt 0.101860 0.798436
vt 0.101860 0.699990
vt 0.103098 0.747660
vt 0.101860 0.652324
vt 0.103098 0.699990
vt 0.101860 0.601559
vt 0.103098 0.652324
vt 0.040809 0.547661
vt 0.042047 0.598437
vt 0.040809 0.598437
vt 0.040809 0.499991
vt 0.042047 0.547661
vt 0.040809 0.452325
vt 0.042047 0.499991
vt 0.040809 0.401560
vt 0.042047 0.452325
vt 0.738539 0.147662
vt 0.739777 0.198438
vt 0.738538 0.198438
vt 0.738539 0.099992
vt 0.739777 0.147662
vt 0.738539 0.052326
vt 0.739777 0.099992
vt 0.738539 0.001561
vt 0.739777 0.052326
vt 0.080056 0.747661
vt 0.081294 0.798436
vt 0.080056 0.798436
vt 0.080056 0.699990
vt 0.081294 0.747661
vt 0.080056 0.652324
vt 0.081294 0.699990
vt 0.080056 0.601560
vt 0.081294 0.652324
vt 0.709251 0.652335
vt 0.708013 0.601560
vt 0.709251 0.601560
vt 0.709251 0.700006
vt 0.708013 0.652335
vt 0.709251 0.747672
vt 0.708013 0.700006
vt 0.709251 0.798436
vt 0.708013 0.747672
vt 0.075695 0.947667
vt 0.076933 0.998438
vt 0.075695 0.998438
vt 0.075695 0.899996
vt 0.076933 0.947667
vt 0.075695 0.852329
vt 0.076933 0.899996
vt 0.075695 0.801559
vt 0.076933 0.852329
vt 0.821393 0.547664
vt 0.822632 0.598440
vt 0.821393 0.598440
vt 0.821394 0.499994
vt 0.822632 0.547664
vt 0.821394 0.452327
vt 0.822632 0.499994
vt 0.821393 0.401563
vt 0.822632 0.452327
vt 0.755982 0.147662
vt 0.757220 0.198438
vt 0.755982 0.198438
vt 0.755982 0.099992
vt 0.757220 0.147662
vt 0.755982 0.052326
vt 0.757220 0.099992
vt 0.755982 0.001561
vt 0.757220 0.052326
vt 0.817033 0.147662
vt 0.818271 0.198438
vt 0.817033 0.198438
vt 0.817033 0.099992
vt 0.818271 0.147662
vt 0.817033 0.052326
vt 0.818271 0.099992
vt 0.817033 0.001561
vt 0.818271 0.052326
vt 0.817033 0.347662
vt 0.818271 0.398438
vt 0.817033 0.398438
vt 0.817033 0.299992
vt 0.818271 0.347662
vt 0.817033 0.252326
vt 0.818271 0.299992
vt 0.817033 0.201561
vt 0.818271 0.252326
vt 0.175994 0.547661
vt 0.177232 0.598437
vt 0.175994 0.598437
vt 0.175994 0.499990
vt 0.177232 0.547661
vt 0.175994 0.452324
vt 0.177232 0.499990
vt 0.175994 0.401560
vt 0.177232 0.452324
vt 0.812672 0.147662
vt 0.813910 0.198438
vt 0.812672 0.198438
vt 0.812672 0.099992
vt 0.813910 0.147662
vt 0.812672 0.052326
vt 0.813910 0.099992
vt 0.812672 0.001561
vt 0.813910 0.052326
vt 0.428921 0.547661
vt 0.430160 0.598437
vt 0.428921 0.598437
vt 0.428922 0.499991
vt 0.430160 0.547661
vt 0.428922 0.452325
vt 0.430160 0.499991
vt 0.428921 0.401560
vt 0.430159 0.452325
vt 0.847558 0.147668
vt 0.848796 0.198440
vt 0.847558 0.198440
vt 0.847558 0.099997
vt 0.848796 0.147668
vt 0.847558 0.052331
vt 0.848796 0.099997
vt 0.847558 0.001561
vt 0.848796 0.052331
vt 0.242645 0.452336
vt 0.241406 0.401560
vt 0.242645 0.401560
vt 0.242644 0.500006
vt 0.241406 0.452336
vt 0.242644 0.547672
vt 0.241406 0.500006
vt 0.242645 0.598437
vt 0.241407 0.547672
vt 0.367870 0.547661
vt 0.369108 0.598437
vt 0.367870 0.598437
vt 0.367870 0.499991
vt 0.369108 0.547661
vt 0.367870 0.452325
vt 0.369108 0.499991
vt 0.367870 0.401560
vt 0.369108 0.452325
vt 0.407117 0.947666
vt 0.408355 0.998438
vt 0.407117 0.998438
vt 0.407117 0.899996
vt 0.408355 0.947666
vt 0.407117 0.852329
vt 0.408355 0.899996
vt 0.407117 0.801559
vt 0.408355 0.852329
vt 0.830115 0.147662
vt 0.831353 0.198438
vt 0.830115 0.198438
vt 0.830115 0.099992
vt 0.831353 0.147662
vt 0.830115 0.052326
vt 0.831353 0.099992
vt 0.830115 0.001561
vt 0.831353 0.052326
vt 0.072573 0.252337
vt 0.071334 0.201561
vt 0.072573 0.201561
vt 0.072572 0.300008
vt 0.071334 0.252337
vt 0.072572 0.347674
vt 0.071334 0.300008
vt 0.072573 0.398438
vt 0.071335 0.347674
vt 0.808311 0.147662
vt 0.809549 0.198438
vt 0.808311 0.198438
vt 0.808311 0.099992
vt 0.809549 0.147662
vt 0.808311 0.052326
vt 0.809549 0.099992
vt 0.808311 0.001561
vt 0.809549 0.052326
vt 0.830115 0.747665
vt 0.831353 0.798441
vt 0.830115 0.798441
vt 0.830115 0.699995
vt 0.831353 0.747665
vt 0.830115 0.652329
vt 0.831353 0.699995
vt 0.830115 0.601564
vt 0.831353 0.652329
vt 0.055129 0.652336
vt 0.053891 0.601560
vt 0.055129 0.601560
vt 0.055129 0.700006
vt 0.053891 0.652336
vt 0.055129 0.747672
vt 0.053891 0.700006
vt 0.055129 0.798436
vt 0.053891 0.747672
vt 0.878084 0.547672
vt 0.879322 0.598444
vt 0.878084 0.598444
vt 0.878084 0.500001
vt 0.879322 0.547672
vt 0.878084 0.452335
vt 0.879322 0.500001
vt 0.878084 0.401565
vt 0.879322 0.452335
vt 0.132386 0.347661
vt 0.133624 0.398438
vt 0.132386 0.398438
vt 0.132386 0.299991
vt 0.133624 0.347661
vt 0.132386 0.252325
vt 0.133624 0.299991
vt 0.132386 0.201561
vt 0.133624 0.252325
vt 0.818271 0.652338
vt 0.817033 0.601562
vt 0.818271 0.601562
vt 0.818271 0.700008
vt 0.817033 0.652338
vt 0.818271 0.747674
vt 0.817033 0.700008
vt 0.818271 0.798439
vt 0.817033 0.747674
vt 0.014644 0.947666
vt 0.015882 0.998438
vt 0.014644 0.998438
vt 0.014644 0.899996
vt 0.015882 0.947667
vt 0.014644 0.852329
vt 0.015882 0.899996
vt 0.014644 0.801559
vt 0.015882 0.852329
vt 0.002799 0.052338
vt 0.001561 0.001561
vt 0.002800 0.001561
vt 0.002799 0.100008
vt 0.001561 0.052338
vt 0.002799 0.147674
vt 0.001561 0.100008
vt 0.002800 0.198438
vt 0.001561 0.147674
vt 0.285015 0.947667
vt 0.286253 0.998438
vt 0.285015 0.998438
vt 0.285015 0.899996
vt 0.286253 0.947667
vt 0.285015 0.852329
vt 0.286253 0.899996
vt 0.285015 0.801559
vt 0.286253 0.852329
vt 0.245767 0.747660
vt 0.247005 0.798436
vt 0.245767 0.798436
vt 0.245767 0.699990
vt 0.247005 0.747660
vt 0.245767 0.652324
vt 0.247005 0.699990
vt 0.245767 0.601560
vt 0.247005 0.652324
vt 0.001561 0.347662
vt 0.002799 0.398438
vt 0.001561 0.398438
vt 0.001561 0.299991
vt 0.002799 0.347662
vt 0.001562 0.252325
vt 0.002800 0.299991
vt 0.001561 0.201561
vt 0.002799 0.252325
vt 0.120542 0.052338
vt 0.119303 0.001561
vt 0.120542 0.001561
vt 0.120542 0.100008
vt 0.119304 0.052338
vt 0.120542 0.147674
vt 0.119304 0.100008
vt 0.120542 0.198438
vt 0.119304 0.147674
vt 0.533581 0.747661
vt 0.534819 0.798437
vt 0.533581 0.798437
vt 0.533581 0.699990
vt 0.534819 0.747661
vt 0.533581 0.652324
vt 0.534819 0.699990
vt 0.533581 0.601560
vt 0.534819 0.652324
vt 0.769064 0.747661
vt 0.770302 0.798437
vt 0.769064 0.798437
vt 0.769064 0.699991
vt 0.770302 0.747661
vt 0.769064 0.652325
vt 0.770302 0.699991
vt 0.769064 0.601560
vt 0.770302 0.652325
vt 0.015882 0.052338
vt 0.014644 0.001561
vt 0.015882 0.001561
vt 0.015882 0.100008
vt 0.014644 0.052338
vt 0.015882 0.147674
vt 0.014644 0.100008
vt 0.015882 0.198438
vt 0.014644 0.147674
vt 0.812672 0.547664
vt 0.813910 0.598440
vt 0.812672 0.598440
vt 0.812672 0.499994
vt 0.813910 0.547664
vt 0.812672 0.452327
vt 0.813910 0.499994
vt 0.812672 0.401563
vt 0.813910 0.452327
vt 0.812672 0.747669
vt 0.813910 0.798441
vt 0.812672 0.798441
vt 0.812672 0.699998
vt 0.813910 0.747669
vt 0.812672 0.652332
vt 0.813910 0.699998
vt 0.812672 0.601562
vt 0.813910 0.652332
vt 0.084417 0.747661
vt 0.085655 0.798436
vt 0.084417 0.798436
vt 0.084417 0.699990
vt 0.085655 0.747661
vt 0.084417 0.652324
vt 0.085655 0.699990
vt 0.084417 0.601560
vt 0.085655 0.652324
vt 0.273170 0.452336
vt 0.271932 0.401560
vt 0.273170 0.401560
vt 0.273170 0.500007
vt 0.271932 0.452336
vt 0.273170 0.547673
vt 0.271932 0.500007
vt 0.273170 0.598437
vt 0.271932 0.547673
vt 0.761581 0.052337
vt 0.760342 0.001561
vt 0.761581 0.001561
vt 0.761580 0.100007
vt 0.760342 0.052337
vt 0.761580 0.147673
vt 0.760342 0.100007
vt 0.761581 0.198438
vt 0.760342 0.147673
vt 0.128025 0.547661
vt 0.129263 0.598437
vt 0.128025 0.598437
vt 0.128025 0.499991
vt 0.129263 0.547661
vt 0.128025 0.452325
vt 0.129263 0.499991
vt 0.128025 0.401560
vt 0.129263 0.452325
vt 0.987102 0.747674
vt 0.988341 0.798446
vt 0.987102 0.798446
vt 0.987102 0.700004
vt 0.988340 0.747674
vt 0.987103 0.652337
vt 0.988341 0.700004
vt 0.987102 0.601567
vt 0.988341 0.652337
vt 0.241406 0.747660
vt 0.242645 0.798436
vt 0.241406 0.798436
vt 0.241407 0.699990
vt 0.242645 0.747660
vt 0.241407 0.652324
vt 0.242645 0.699990
vt 0.241406 0.601560
vt 0.242645 0.652324
vt 0.926052 0.547672
vt 0.927290 0.598444
vt 0.926052 0.598444
vt 0.926052 0.500002
vt 0.927290 0.547672
vt 0.926052 0.452335
vt 0.927290 0.500002
vt 0.926052 0.401565
vt 0.927290 0.452335
vt 0.024604 0.452336
vt 0.023365 0.401560
vt 0.024604 0.401560
vt 0.024603 0.500006
vt 0.023365 0.452336
vt 0.024603 0.547672
vt 0.023365 0.500006
vt 0.024604 0.598437
vt 0.023366 0.547672
vt 0.033325 0.052338
vt 0.032087 0.001561
vt 0.033325 0.001561
vt 0.033325 0.100008
vt 0.032087 0.052338
vt 0.033325 0.147674
vt 0.032087 0.100008
vt 0.033325 0.198438
vt 0.032087 0.147674
vt 0.787745 0.052337
vt 0.786507 0.001561
vt 0.787745 0.001561
vt 0.787745 0.100007
vt 0.786507 0.052337
vt 0.787745 0.147673
vt 0.786507 0.100007
vt 0.787745 0.198438
vt 0.786507 0.147673
vt 0.965299 0.547672
vt 0.966537 0.598444
vt 0.965299 0.598444
vt 0.965299 0.500001
vt 0.966537 0.547672
vt 0.965299 0.452335
vt 0.966537 0.500001
vt 0.965299 0.401565
vt 0.966537 0.452335
vt 0.250128 0.347661
vt 0.251366 0.398438
vt 0.250128 0.398438
vt 0.250128 0.299991
vt 0.251366 0.347661
vt 0.250128 0.252325
vt 0.251366 0.299991
vt 0.250128 0.201561
vt 0.251366 0.252325
vt 0.237046 0.947667
vt 0.238284 0.998438
vt 0.237046 0.998438
vt 0.237046 0.899996
vt 0.238284 0.947667
vt 0.237046 0.852329
vt 0.238284 0.899996
vt 0.237046 0.801559
vt 0.238284 0.852329
vt 0.777786 0.747661
vt 0.779024 0.798437
vt 0.777786 0.798437
vt 0.777786 0.699991
vt 0.779024 0.747661
vt 0.777786 0.652325
vt 0.779024 0.699991
vt 0.777786 0.601560
vt 0.779024 0.652325
vt 0.132386 0.947667
vt 0.133624 0.998438
vt 0.132386 0.998438
vt 0.132386 0.899996
vt 0.133624 0.947667
vt 0.132386 0.852329
vt 0.133624 0.899996
vt 0.132386 0.801559
vt 0.133624 0.852329
vt 0.446365 0.747660
vt 0.447603 0.798436
vt 0.446365 0.798436
vt 0.446365 0.699990
vt 0.447603 0.747660
vt 0.446365 0.652324
vt 0.447603 0.699990
vt 0.446365 0.601560
vt 0.447603 0.652324
vt 0.062613 0.547661
vt 0.063851 0.598437
vt 0.062613 0.598437
vt 0.062613 0.499991
vt 0.063851 0.547661
vt 0.062613 0.452325
vt 0.063851 0.499991
vt 0.062613 0.401560
vt 0.063851 0.452325
vt 0.843197 0.547671
vt 0.844436 0.598444
vt 0.843197 0.598444
vt 0.843198 0.500001
vt 0.844435 0.547671
vt 0.843198 0.452334
vt 0.844436 0.500001
vt 0.843198 0.401565
vt 0.844436 0.452334
vt 0.437643 0.547661
vt 0.438881 0.598437
vt 0.437643 0.598437
vt 0.437643 0.499991
vt 0.438881 0.547661
vt 0.437643 0.452325
vt 0.438881 0.499991
vt 0.437643 0.401560
vt 0.438881 0.452325
vt 0.790868 0.747661
vt 0.792106 0.798437
vt 0.790868 0.798437
vt 0.790868 0.699991
vt 0.792106 0.747661
vt 0.790868 0.652325
vt 0.792106 0.699991
vt 0.790868 0.601560
vt 0.792106 0.652325
vt 0.825754 0.347662
vt 0.826992 0.398438
vt 0.825754 0.398438
vt 0.825754 0.299992
vt 0.826992 0.347662
vt 0.825754 0.252326
vt 0.826992 0.299992
vt 0.825754 0.201561
vt 0.826992 0.252326
vt 0.847558 0.547671
vt 0.848796 0.598444
vt 0.847558 0.598444
vt 0.847558 0.500001
vt 0.848796 0.547671
vt 0.847558 0.452334
vt 0.848796 0.500001
vt 0.847558 0.401565
vt 0.848796 0.452334
vt 0.761581 0.452336
vt 0.760342 0.401560
vt 0.761581 0.401560
vt 0.761580 0.500007
vt 0.760342 0.452336
vt 0.761580 0.547673
vt 0.760342 0.500007
vt 0.761581 0.598437
vt 0.760343 0.547673
vt 0.838837 0.547670
vt 0.840075 0.598442
vt 0.838837 0.598442
vt 0.838837 0.499999
vt 0.840075 0.547670
vt 0.838837 0.452332
vt 0.840075 0.499999
vt 0.838837 0.401563
vt 0.840075 0.452332
vt 0.638240 0.747661
vt 0.639479 0.798436
vt 0.638240 0.798436
vt 0.638241 0.699990
vt 0.639479 0.747661
vt 0.638241 0.652324
vt 0.639479 0.699990
vt 0.638240 0.601560
vt 0.639478 0.652324
vt 0.878084 0.147669
vt 0.879322 0.198441
vt 0.878084 0.198441
vt 0.878084 0.099998
vt 0.879322 0.147669
vt 0.878084 0.052332
vt 0.879322 0.099998
vt 0.878084 0.001561
vt 0.879322 0.052332
vt 0.076933 0.452336
vt 0.075695 0.401560
vt 0.076933 0.401560
vt 0.076933 0.500007
vt 0.075695 0.452336
vt 0.076933 0.547673
vt 0.075695 0.500007
vt 0.076933 0.598437
vt 0.075695 0.547673
vt 0.389674 0.947667
vt 0.390912 0.998438
vt 0.389674 0.998438
vt 0.389674 0.899996
vt 0.390912 0.947667
vt 0.389674 0.852329
vt 0.390912 0.899996
vt 0.389674 0.801559
vt 0.390912 0.852329
vt 0.098738 0.652335
vt 0.097499 0.601560
vt 0.098738 0.601560
vt 0.098737 0.700006
vt 0.097499 0.652335
vt 0.098737 0.747672
vt 0.097499 0.700006
vt 0.098738 0.798436
vt 0.097499 0.747672
vt 0.281892 0.652336
vt 0.280654 0.601560
vt 0.281892 0.601560
vt 0.281892 0.700006
vt 0.280654 0.652336
vt 0.281892 0.747672
vt 0.280654 0.700006
vt 0.281892 0.798437
vt 0.280654 0.747672
vt 0.752859 0.452336
vt 0.751621 0.401560
vt 0.752859 0.401560
vt 0.752859 0.500006
vt 0.751621 0.452336
vt 0.752859 0.547672
vt 0.751621 0.500006
vt 0.752859 0.598437
vt 0.751621 0.547672
vt 0.995824 0.347670
vt 0.997062 0.398442
vt 0.995824 0.398442
vt 0.995824 0.300000
vt 0.997062 0.347670
vt 0.995824 0.252333
vt 0.997062 0.300000
vt 0.995824 0.201563
vt 0.997062 0.252333
vt 0.063851 0.052338
vt 0.062613 0.001561
vt 0.063851 0.001561
vt 0.063851 0.100008
vt 0.062613 0.052338
vt 0.063851 0.147674
vt 0.062613 0.100008
vt 0.063851 0.198438
vt 0.062613 0.147674
vt 0.097499 0.947666
vt 0.098737 0.998438
vt 0.097499 0.998438
vt 0.097499 0.899996
vt 0.098737 0.947666
vt 0.097500 0.852329
vt 0.098737 0.899996
vt 0.097499 0.801559
vt 0.098737 0.852329
vt 0.415839 0.947666
vt 0.417077 0.998438
vt 0.415839 0.998438
vt 0.415839 0.899995
vt 0.417077 0.947666
vt 0.415839 0.852329
vt 0.417077 0.899995
vt 0.415839 0.801559
vt 0.417077 0.852329
vt 0.171633 0.347661
vt 0.172872 0.398438
vt 0.171633 0.398438
vt 0.171634 0.299991
vt 0.172872 0.347661
vt 0.171634 0.252325
vt 0.172872 0.299991
vt 0.171633 0.201561
vt 0.172871 0.252325
vt 0.093139 0.747660
vt 0.094377 0.798436
vt 0.093139 0.798436
vt 0.093139 0.699990
vt 0.094377 0.747660
vt 0.093139 0.652324
vt 0.094377 0.699990
vt 0.093139 0.601560
vt 0.094377 0.652324
vt 0.764703 0.147662
vt 0.765941 0.198438
vt 0.764703 0.198438
vt 0.764703 0.099992
vt 0.765941 0.147662
vt 0.764703 0.052326
vt 0.765941 0.099992
vt 0.764703 0.001561
vt 0.765941 0.052326
vt 0.742899 0.347662
vt 0.744137 0.398438
vt 0.742899 0.398438
vt 0.742899 0.299991
vt 0.744137 0.347662
vt 0.742899 0.252325
vt 0.744137 0.299991
vt 0.742899 0.201561
vt 0.744137 0.252325
vt 0.792106 0.052337
vt 0.790868 0.001561
vt 0.792106 0.001561
vt 0.792106 0.100007
vt 0.790868 0.052337
vt 0.792106 0.147673
vt 0.790868 0.100007
vt 0.792106 0.198438
vt 0.790868 0.147673
vt 0.276293 0.947667
vt 0.277531 0.998438
vt 0.276293 0.998438
vt 0.276293 0.899996
vt 0.277531 0.947667
vt 0.276293 0.852329
vt 0.277531 0.899996
vt 0.276293 0.801559
vt 0.277531 0.852329
vt 0.690570 0.747661
vt 0.691808 0.798436
vt 0.690570 0.798436
vt 0.690570 0.699990
vt 0.691808 0.747661
vt 0.690570 0.652324
vt 0.691808 0.699990
vt 0.690570 0.601560
vt 0.691808 0.652324
vt 0.010283 0.747661
vt 0.011521 0.798437
vt 0.010283 0.798437
vt 0.010283 0.699990
vt 0.011521 0.747661
vt 0.010283 0.652324
vt 0.011521 0.699990
vt 0.010283 0.601560
vt 0.011521 0.652324
vt 0.293736 0.947666
vt 0.294974 0.998438
vt 0.293736 0.998438
vt 0.293736 0.899995
vt 0.294974 0.947666
vt 0.293736 0.852329
vt 0.294974 0.899995
vt 0.293736 0.801559
vt 0.294974 0.852329
vt 0.137985 0.052338
vt 0.136747 0.001561
vt 0.137985 0.001561
vt 0.137985 0.100008
vt 0.136747 0.052338
vt 0.137985 0.147674
vt 0.136747 0.100008
vt 0.137985 0.198438
vt 0.136747 0.147674
vt 0.799590 0.347662
vt 0.800828 0.398437
vt 0.799589 0.398437
vt 0.799590 0.299991
vt 0.800828 0.347662
vt 0.799590 0.252325
vt 0.800828 0.299991
vt 0.799590 0.201561
vt 0.800828 0.252325
vt 0.843197 0.147668
vt 0.844436 0.198440
vt 0.843197 0.198440
vt 0.843198 0.099997
vt 0.844435 0.147668
vt 0.843198 0.052331
vt 0.844436 0.099997
vt 0.843198 0.001561
vt 0.844436 0.052331
vt 0.237046 0.347661
vt 0.238284 0.398438
vt 0.237046 0.398438
vt 0.237046 0.299991
vt 0.238284 0.347661
vt 0.237046 0.252325
vt 0.238284 0.299991
vt 0.237046 0.201561
vt 0.238284 0.252325
vt 0.015882 0.652335
vt 0.014644 0.601560
vt 0.015882 0.601560
vt 0.015882 0.700006
vt 0.014644 0.652335
vt 0.015882 0.747672
vt 0.014644 0.700006
vt 0.015882 0.798437
vt 0.014644 0.747672
vt 0.564107 0.747661
vt 0.565345 0.798437
vt 0.564107 0.798437
vt 0.564107 0.699990
vt 0.565345 0.747661
vt 0.564107 0.652324
vt 0.565345 0.699990
vt 0.564107 0.601560
vt 0.565345 0.652324
vt 0.049530 0.547661
vt 0.050769 0.598437
vt 0.049530 0.598437
vt 0.049530 0.499991
vt 0.050768 0.547661
vt 0.049531 0.452325
vt 0.050769 0.499991
vt 0.049530 0.401560
vt 0.050768 0.452325
vt 0.799590 0.747661
vt 0.800828 0.798437
vt 0.799589 0.798437
vt 0.799590 0.699991
vt 0.800828 0.747661
vt 0.799590 0.652325
vt 0.800828 0.699991
vt 0.799590 0.601560
vt 0.800828 0.652325
vt 0.124902 0.052338
vt 0.123664 0.001561
vt 0.124902 0.001561
vt 0.124902 0.100008
vt 0.123664 0.052338
vt 0.124902 0.147674
vt 0.123664 0.100008
vt 0.124902 0.198438
vt 0.123664 0.147674
vt 0.960938 0.547672
vt 0.962176 0.598444
vt 0.960938 0.598444
vt 0.960938 0.500001
vt 0.962176 0.547672
vt 0.960938 0.452335
vt 0.962176 0.500001
vt 0.960938 0.401565
vt 0.962176 0.452335
vt 0.076933 0.052338
vt 0.075695 0.001561
vt 0.076933 0.001561
vt 0.076933 0.100008
vt 0.075695 0.052338
vt 0.076933 0.147674
vt 0.075695 0.100008
vt 0.076933 0.198438
vt 0.075695 0.147674
vt 0.673127 0.747661
vt 0.674365 0.798437
vt 0.673127 0.798437
vt 0.673127 0.699991
vt 0.674365 0.747661
vt 0.673127 0.652325
vt 0.674365 0.699991
vt 0.673127 0.601560
vt 0.674365 0.652325
vt 0.212119 0.652335
vt 0.210881 0.601560
vt 0.212119 0.601560
vt 0.212119 0.700006
vt 0.210881 0.652335
vt 0.212119 0.747672
vt 0.210881 0.700006
vt 0.212119 0.798437
vt 0.210881 0.747672
vt 0.258850 0.747661
vt 0.260088 0.798436
vt 0.258850 0.798436
vt 0.258850 0.699990
vt 0.260088 0.747661
vt 0.258850 0.652324
vt 0.260088 0.699990
vt 0.258850 0.601560
vt 0.260088 0.652324
vt 0.114943 0.347661
vt 0.116181 0.398438
vt 0.114943 0.398438
vt 0.114943 0.299991
vt 0.116181 0.347661
vt 0.114943 0.252325
vt 0.116181 0.299991
vt 0.114943 0.201561
vt 0.116181 0.252325
vt 0.564107 0.347662
vt 0.565345 0.398438
vt 0.564107 0.398438
vt 0.564107 0.299991
vt 0.565345 0.347662
vt 0.564107 0.252325
vt 0.565345 0.299991
vt 0.564107 0.201561
vt 0.565345 0.252325
vt 0.254489 0.947667
vt 0.255727 0.998438
vt 0.254489 0.998438
vt 0.254489 0.899996
vt 0.255727 0.947667
vt 0.254489 0.852329
vt 0.255727 0.899996
vt 0.254489 0.801559
vt 0.255727 0.852329
vt 0.886805 0.747674
vt 0.888043 0.798446
vt 0.886805 0.798446
vt 0.886805 0.700003
vt 0.888043 0.747674
vt 0.886805 0.652337
vt 0.888043 0.700003
vt 0.886805 0.601566
vt 0.888043 0.652337
vt 0.734178 0.547661
vt 0.735416 0.598437
vt 0.734178 0.598437
vt 0.734178 0.499991
vt 0.735416 0.547661
vt 0.734178 0.452325
vt 0.735416 0.499991
vt 0.734178 0.401560
vt 0.735416 0.452325
vt 0.071334 0.547661
vt 0.072573 0.598437
vt 0.071334 0.598437
vt 0.071335 0.499990
vt 0.072573 0.547661
vt 0.071335 0.452325
vt 0.072573 0.499990
vt 0.071335 0.401560
vt 0.072573 0.452325
vt 0.943495 0.347670
vt 0.944733 0.398442
vt 0.943495 0.398442
vt 0.943495 0.299999
vt 0.944733 0.347670
vt 0.943495 0.252333
vt 0.944733 0.300000
vt 0.943495 0.201563
vt 0.944733 0.252333
vt 0.145468 0.347661
vt 0.146707 0.398438
vt 0.145468 0.398438
vt 0.145469 0.299991
vt 0.146707 0.347661
vt 0.145469 0.252325
vt 0.146707 0.299991
vt 0.145469 0.201561
vt 0.146707 0.252325
vt 0.149829 0.347661
vt 0.151067 0.398438
vt 0.149829 0.398438
vt 0.149829 0.299991
vt 0.151067 0.347661
vt 0.149829 0.252325
vt 0.151067 0.299991
vt 0.149829 0.201561
vt 0.151067 0.252325
vt 0.050769 0.052338
vt 0.049530 0.001561
vt 0.050769 0.001561
vt 0.050768 0.100008
vt 0.049530 0.052338
vt 0.050768 0.147674
vt 0.049530 0.100008
vt 0.050769 0.198438
vt 0.049530 0.147674
vt 0.024604 0.652336
vt 0.023365 0.601560
vt 0.024604 0.601560
vt 0.024603 0.700006
vt 0.023365 0.652336
vt 0.024603 0.747672
vt 0.023365 0.700006
vt 0.024604 0.798436
vt 0.023366 0.747672
vt 0.110582 0.747660
vt 0.111820 0.798436
vt 0.110582 0.798436
vt 0.110582 0.699990
vt 0.111820 0.747660
vt 0.110582 0.652324
vt 0.111820 0.699990
vt 0.110582 0.601559
vt 0.111820 0.652324
vt 0.747260 0.147662
vt 0.748498 0.198438
vt 0.747260 0.198438
vt 0.747260 0.099992
vt 0.748498 0.147662
vt 0.747260 0.052326
vt 0.748498 0.099992
vt 0.747260 0.001561
vt 0.748498 0.052326
vt 0.674365 0.052337
vt 0.673127 0.001561
vt 0.674365 0.001561
vt 0.674365 0.100008
vt 0.673127 0.052337
vt 0.674365 0.147674
vt 0.673127 0.100008
vt 0.674365 0.198438
vt 0.673127 0.147674
vt 0.011521 0.052338
vt 0.010283 0.001561
vt 0.011521 0.001561
vt 0.011521 0.100008
vt 0.010283 0.052338
vt 0.011521 0.147674
vt 0.010283 0.100008
vt 0.011521 0.198438
vt 0.010283 0.147674
vt 0.891166 0.747674
vt 0.892404 0.798446
vt 0.891166 0.798446
vt 0.891166 0.700003
vt 0.892404 0.747674
vt 0.891166 0.652337
vt 0.892404 0.700003
vt 0.891166 0.601566
vt 0.892404 0.652337
vt 0.055129 0.052338
vt 0.053891 0.001561
vt 0.055129 0.001561
vt 0.055129 0.100008
vt 0.053891 0.052338
vt 0.055129 0.147674
vt 0.053891 0.100008
vt 0.055129 0.198438
vt 0.053891 0.147674
vt 0.626396 0.652335
vt 0.625158 0.601559
vt 0.626396 0.601559
vt 0.626396 0.700005
vt 0.625158 0.652335
vt 0.626396 0.747672
vt 0.625158 0.700005
vt 0.626396 0.798436
vt 0.625158 0.747672
vt 0.660044 0.747661
vt 0.661282 0.798436
vt 0.660044 0.798436
vt 0.660044 0.699990
vt 0.661282 0.747661
vt 0.660044 0.652324
vt 0.661282 0.699990
vt 0.660044 0.601560
vt 0.661282 0.652324
vt 0.803950 0.747661
vt 0.805188 0.798437
vt 0.803950 0.798437
vt 0.803950 0.699991
vt 0.805188 0.747661
vt 0.803950 0.652325
vt 0.805188 0.699991
vt 0.803950 0.601560
vt 0.805188 0.652325
vt 0.411478 0.947666
vt 0.412716 0.998438
vt 0.411478 0.998438
vt 0.411478 0.899995
vt 0.412716 0.947666
vt 0.411478 0.852329
vt 0.412716 0.899996
vt 0.411478 0.801559
vt 0.412716 0.852329
vt 0.128025 0.347661
vt 0.129263 0.398438
vt 0.128025 0.398438
vt 0.128025 0.299991
vt 0.129263 0.347661
vt 0.128025 0.252325
vt 0.129263 0.299991
vt 0.128025 0.201561
vt 0.129263 0.252325
vt 0.764703 0.347662
vt 0.765941 0.398438
vt 0.764703 0.398438
vt 0.764703 0.299991
vt 0.765941 0.347662
vt 0.764703 0.252325
vt 0.765941 0.299991
vt 0.764703 0.201561
vt 0.765941 0.252325
vt 0.442004 0.747660
vt 0.443242 0.798436
vt 0.442004 0.798436
vt 0.442004 0.699990
vt 0.443242 0.747660
vt 0.442004 0.652324
vt 0.443242 0.699990
vt 0.442004 0.601559
vt 0.443242 0.652324
vt 0.620797 0.347662
vt 0.622035 0.398438
vt 0.620797 0.398438
vt 0.620797 0.299992
vt 0.622035 0.347662
vt 0.620797 0.252326
vt 0.622035 0.299992
vt 0.620797 0.201561
vt 0.622035 0.252326
vt 0.921691 0.747674
vt 0.922929 0.798446
vt 0.921691 0.798446
vt 0.921691 0.700003
vt 0.922929 0.747674
vt 0.921691 0.652337
vt 0.922929 0.700003
vt 0.921691 0.601566
vt 0.922929 0.652337
vt 0.796467 0.252337
vt 0.795229 0.201561
vt 0.796467 0.201561
vt 0.796467 0.300007
vt 0.795229 0.252337
vt 0.796467 0.347673
vt 0.795229 0.300007
vt 0.796467 0.398438
vt 0.795229 0.347673
vt 0.398396 0.547661
vt 0.399634 0.598437
vt 0.398396 0.598437
vt 0.398396 0.499991
vt 0.399634 0.547661
vt 0.398396 0.452325
vt 0.399634 0.499991
vt 0.398396 0.401560
vt 0.399634 0.452325
vt 0.699291 0.747661
vt 0.700530 0.798436
vt 0.699291 0.798436
vt 0.699292 0.699990
vt 0.700530 0.747661
vt 0.699292 0.652324
vt 0.700530 0.699990
vt 0.699291 0.601560
vt 0.700530 0.652324
vt 0.668766 0.747661
vt 0.670004 0.798437
vt 0.668766 0.798437
vt 0.668766 0.699991
vt 0.670004 0.747661
vt 0.668766 0.652325
vt 0.670004 0.699991
vt 0.668766 0.601560
vt 0.670004 0.652325
vt 0.042047 0.052338
vt 0.040809 0.001561
vt 0.042047 0.001561
vt 0.042047 0.100008
vt 0.040809 0.052338
vt 0.042047 0.147674
vt 0.040809 0.100008
vt 0.042047 0.198438
vt 0.040809 0.147674
vt 0.795229 0.147662
vt 0.796467 0.198438
vt 0.795229 0.198438
vt 0.795229 0.099992
vt 0.796467 0.147662
vt 0.795229 0.052326
vt 0.796467 0.099992
vt 0.795229 0.001561
vt 0.796467 0.052326
vt 0.241406 0.347661
vt 0.242645 0.398438
vt 0.241406 0.398438
vt 0.241407 0.299991
vt 0.242645 0.347661
vt 0.241407 0.252325
vt 0.242645 0.299991
vt 0.241407 0.201561
vt 0.242645 0.252325
vt 0.027726 0.747661
vt 0.028964 0.798437
vt 0.027726 0.798437
vt 0.027726 0.699990
vt 0.028964 0.747661
vt 0.027726 0.652324
vt 0.028964 0.699990
vt 0.027726 0.601560
vt 0.028964 0.652324
vt 0.068212 0.252337
vt 0.066974 0.201561
vt 0.068212 0.201561
vt 0.068212 0.300008
vt 0.066974 0.252337
vt 0.068212 0.347674
vt 0.066974 0.300008
vt 0.068212 0.398438
vt 0.066974 0.347674
vt 0.202159 0.947666
vt 0.203397 0.998438
vt 0.202159 0.998438
vt 0.202159 0.899996
vt 0.203397 0.947666
vt 0.202159 0.852329
vt 0.203397 0.899996
vt 0.202159 0.801559
vt 0.203397 0.852329
vt 0.356026 0.652335
vt 0.354788 0.601560
vt 0.356026 0.601560
vt 0.356026 0.700006
vt 0.354788 0.652335
vt 0.356026 0.747672
vt 0.354788 0.700006
vt 0.356026 0.798437
vt 0.354788 0.747672
vt 0.154190 0.347661
vt 0.155428 0.398438
vt 0.154190 0.398438
vt 0.154190 0.299991
vt 0.155428 0.347661
vt 0.154190 0.252325
vt 0.155428 0.299991
vt 0.154190 0.201561
vt 0.155428 0.252325
vt 0.472530 0.747660
vt 0.473768 0.798436
vt 0.472530 0.798436
vt 0.472530 0.699990
vt 0.473768 0.747660
vt 0.472530 0.652324
vt 0.473768 0.699990
vt 0.472530 0.601559
vt 0.473768 0.652324
vt 0.731055 0.452336
vt 0.729817 0.401560
vt 0.731055 0.401560
vt 0.731055 0.500006
vt 0.729817 0.452336
vt 0.731055 0.547672
vt 0.729817 0.500006
vt 0.731055 0.598437
vt 0.729817 0.547672
vt 0.751621 0.747661
vt 0.752859 0.798437
vt 0.751621 0.798437
vt 0.751621 0.699990
vt 0.752859 0.747661
vt 0.751621 0.652324
vt 0.752859 0.699990
vt 0.751621 0.601560
vt 0.752859 0.652324
vt 0.337344 0.547661
vt 0.338582 0.598437
vt 0.337344 0.598437
vt 0.337344 0.499991
vt 0.338582 0.547661
vt 0.337344 0.452325
vt 0.338582 0.499991
vt 0.337344 0.401560
vt 0.338582 0.452325
vt 0.704890 0.652335
vt 0.703652 0.601560
vt 0.704890 0.601560
vt 0.704890 0.700006
vt 0.703652 0.652335
vt 0.704890 0.747672
vt 0.703652 0.700006
vt 0.704890 0.798437
vt 0.703652 0.747672
vt 0.847558 0.747674
vt 0.848796 0.798446
vt 0.847558 0.798446
vt 0.847558 0.700003
vt 0.848796 0.747674
vt 0.847558 0.652337
vt 0.848796 0.700003
vt 0.847558 0.601566
vt 0.848796 0.652337
vt 0.347304 0.452336
vt 0.346066 0.401560
vt 0.347304 0.401560
vt 0.347304 0.500006
vt 0.346066 0.452336
vt 0.347304 0.547672
vt 0.346066 0.500006
vt 0.347304 0.598437
vt 0.346066 0.547672
vt 0.206520 0.547661
vt 0.207758 0.598437
vt 0.206520 0.598437
vt 0.206520 0.499991
vt 0.207758 0.547661
vt 0.206520 0.452325
vt 0.207758 0.499991
vt 0.206520 0.401560
vt 0.207758 0.452325
vt 0.882444 0.547672
vt 0.883683 0.598444
vt 0.882444 0.598444
vt 0.882444 0.500001
vt 0.883682 0.547672
vt 0.882445 0.452335
vt 0.883683 0.500001
vt 0.882444 0.401565
vt 0.883683 0.452335
vt 0.834476 0.147662
vt 0.835714 0.198438
vt 0.834476 0.198438
vt 0.834476 0.099992
vt 0.835714 0.147662
vt 0.834476 0.052326
vt 0.835714 0.099992
vt 0.834476 0.001561
vt 0.835714 0.052326
vt 0.202159 0.347661
vt 0.203397 0.398438
vt 0.202159 0.398438
vt 0.202159 0.299991
vt 0.203397 0.347661
vt 0.202159 0.252325
vt 0.203397 0.299991
vt 0.202159 0.201561
vt 0.203397 0.252325
vt 0.643839 0.652336
vt 0.642601 0.601560
vt 0.643839 0.601560
vt 0.643839 0.700006
vt 0.642601 0.652336
vt 0.643839 0.747672
vt 0.642601 0.700006
vt 0.643839 0.798436
vt 0.642601 0.747672
vt 0.024604 0.052338
vt 0.023365 0.001561
vt 0.024604 0.001561
vt 0.024603 0.100008
vt 0.023365 0.052338
vt 0.024603 0.147674
vt 0.023365 0.100008
vt 0.024604 0.198438
vt 0.023366 0.147674
vt 0.773425 0.747661
vt 0.774663 0.798437
vt 0.773425 0.798437
vt 0.773425 0.699991
vt 0.774663 0.747661
vt 0.773425 0.652325
vt 0.774663 0.699991
vt 0.773425 0.601560
vt 0.774663 0.652324
vt 0.053891 0.947667
vt 0.055129 0.998438
vt 0.053891 0.998438
vt 0.053891 0.899996
vt 0.055129 0.947667
vt 0.053891 0.852329
vt 0.055129 0.899996
vt 0.053891 0.801559
vt 0.055129 0.852329
vt 0.687447 0.652336
vt 0.686209 0.601560
vt 0.687447 0.601560
vt 0.687447 0.700006
vt 0.686209 0.652336
vt 0.687447 0.747672
vt 0.686209 0.700006
vt 0.687447 0.798436
vt 0.686209 0.747672
vt 0.040809 0.747661
vt 0.042047 0.798437
vt 0.040809 0.798437
vt 0.040809 0.699990
vt 0.042047 0.747661
vt 0.040809 0.652324
vt 0.042047 0.699990
vt 0.040809 0.601560
vt 0.042047 0.652324
vt 0.895527 0.547672
vt 0.896765 0.598444
vt 0.895527 0.598444
vt 0.895527 0.500001
vt 0.896765 0.547672
vt 0.895527 0.452335
vt 0.896765 0.500001
vt 0.895527 0.401565
vt 0.896765 0.452335
vt 0.036448 0.747661
vt 0.037686 0.798437
vt 0.036448 0.798437
vt 0.036448 0.699991
vt 0.037686 0.747661
vt 0.036448 0.652324
vt 0.037686 0.699991
vt 0.036448 0.601560
vt 0.037686 0.652324
vt 0.380953 0.947667
vt 0.382191 0.998438
vt 0.380953 0.998438
vt 0.380953 0.899996
vt 0.382191 0.947667
vt 0.380953 0.852329
vt 0.382191 0.899996
vt 0.380953 0.801559
vt 0.382191 0.852329
vt 0.219602 0.347661
vt 0.220841 0.398438
vt 0.219602 0.398438
vt 0.219603 0.299991
vt 0.220841 0.347661
vt 0.219603 0.252325
vt 0.220841 0.299991
vt 0.219602 0.201561
vt 0.220840 0.252325
vt 0.731055 0.652336
vt 0.729817 0.601560
vt 0.731055 0.601560
vt 0.731055 0.700006
vt 0.729817 0.652336
vt 0.731055 0.747672
vt 0.729817 0.700006
vt 0.731055 0.798436
vt 0.729817 0.747672
vt 0.516138 0.347662
vt 0.517376 0.398438
vt 0.516138 0.398438
vt 0.516138 0.299991
vt 0.517376 0.347662
vt 0.516138 0.252325
vt 0.517376 0.299991
vt 0.516138 0.201561
vt 0.517376 0.252325
vt 0.594633 0.747660
vt 0.595871 0.798436
vt 0.594633 0.798436
vt 0.594633 0.699990
vt 0.595871 0.747660
vt 0.594633 0.652324
vt 0.595871 0.699990
vt 0.594633 0.601560
vt 0.595871 0.652324
vt 0.742899 0.747661
vt 0.744137 0.798437
vt 0.742899 0.798437
vt 0.742899 0.699991
vt 0.744137 0.747661
vt 0.742899 0.652325
vt 0.744137 0.699991
vt 0.742899 0.601560
vt 0.744137 0.652325
vt 0.059490 0.052338
vt 0.058252 0.001561
vt 0.059490 0.001561
vt 0.059490 0.100008
vt 0.058252 0.052338
vt 0.059490 0.147674
vt 0.058252 0.100008
vt 0.059490 0.198438
vt 0.058252 0.147674
vt 0.821393 0.147662
vt 0.822632 0.198438
vt 0.821393 0.198438
vt 0.821394 0.099992
vt 0.822632 0.147662
vt 0.821394 0.052326
vt 0.822632 0.099992
vt 0.821393 0.001561
vt 0.822632 0.052326
vt 0.821393 0.347668
vt 0.822631 0.398440
vt 0.821393 0.398440
vt 0.821393 0.299997
vt 0.822631 0.347668
vt 0.821393 0.252331
vt 0.822631 0.299997
vt 0.821393 0.201561
vt 0.822631 0.252331
vt 0.019005 0.747661
vt 0.020243 0.798437
vt 0.019005 0.798437
vt 0.019005 0.699990
vt 0.020243 0.747661
vt 0.019005 0.652324
vt 0.020243 0.699990
vt 0.019005 0.601560
vt 0.020243 0.652324
vt 0.164150 0.452336
vt 0.162912 0.401560
vt 0.164150 0.401560
vt 0.164150 0.500007
vt 0.162912 0.452336
vt 0.164150 0.547673
vt 0.162912 0.500007
vt 0.164150 0.598437
vt 0.162912 0.547673
vt 0.748498 0.452336
vt 0.747260 0.401560
vt 0.748498 0.401560
vt 0.748498 0.500006
vt 0.747260 0.452336
vt 0.748498 0.547672
vt 0.747260 0.500006
vt 0.748498 0.598437
vt 0.747260 0.547672
vt 0.145468 0.547661
vt 0.146707 0.598437
vt 0.145468 0.598437
vt 0.145469 0.499991
vt 0.146707 0.547661
vt 0.145469 0.452325
vt 0.146707 0.499991
vt 0.145468 0.401560
vt 0.146707 0.452325
vt 0.991463 0.747674
vt 0.992701 0.798446
vt 0.991463 0.798446
vt 0.991463 0.700004
vt 0.992701 0.747674
vt 0.991463 0.652337
vt 0.992701 0.700004
vt 0.991463 0.601567
vt 0.992701 0.652337
vt 0.337344 0.747660
vt 0.338582 0.798436
vt 0.337344 0.798436
vt 0.337344 0.699990
vt 0.338582 0.747660
vt 0.337344 0.652324
vt 0.338582 0.699990
vt 0.337344 0.601560
vt 0.338582 0.652324
vt 0.930413 0.547672
vt 0.931651 0.598444
vt 0.930413 0.598444
vt 0.930413 0.500002
vt 0.931651 0.547672
vt 0.930413 0.452335
vt 0.931651 0.500002
vt 0.930413 0.401565
vt 0.931651 0.452335
vt 0.020243 0.452336
vt 0.019005 0.401560
vt 0.020243 0.401560
vt 0.020243 0.500006
vt 0.019005 0.452336
vt 0.020243 0.547672
vt 0.019005 0.500006
vt 0.020243 0.598437
vt 0.019005 0.547672
vt 0.028964 0.052338
vt 0.027726 0.001561
vt 0.028964 0.001561
vt 0.028964 0.100008
vt 0.027726 0.052338
vt 0.028964 0.147674
vt 0.027726 0.100008
vt 0.028964 0.198438
vt 0.027726 0.147674
vt 0.774663 0.452336
vt 0.773425 0.401560
vt 0.774663 0.401560
vt 0.774663 0.500006
vt 0.773425 0.452336
vt 0.774663 0.547672
vt 0.773425 0.500006
vt 0.774663 0.598437
vt 0.773425 0.547672
vt 0.969660 0.147669
vt 0.970898 0.198441
vt 0.969660 0.198441
vt 0.969660 0.099998
vt 0.970898 0.147669
vt 0.969660 0.052331
vt 0.970898 0.099998
vt 0.969660 0.001561
vt 0.970898 0.052331
vt 0.285015 0.347661
vt 0.286253 0.398438
vt 0.285015 0.398438
vt 0.285015 0.299991
vt 0.286253 0.347661
vt 0.285015 0.252325
vt 0.286253 0.299991
vt 0.285015 0.201561
vt 0.286253 0.252325
vt 0.219602 0.947667
vt 0.220840 0.998438
vt 0.219602 0.998438
vt 0.219602 0.899996
vt 0.220840 0.947667
vt 0.219603 0.852329
vt 0.220840 0.899996
vt 0.219602 0.801559
vt 0.220840 0.852329
vt 0.755982 0.747661
vt 0.757220 0.798437
vt 0.755982 0.798437
vt 0.755982 0.699991
vt 0.757220 0.747661
vt 0.755982 0.652325
vt 0.757220 0.699991
vt 0.755982 0.601560
vt 0.757220 0.652325
vt 0.223963 0.947666
vt 0.225201 0.998438
vt 0.223963 0.998438
vt 0.223963 0.899996
vt 0.225201 0.947666
vt 0.223963 0.852329
vt 0.225201 0.899996
vt 0.223963 0.801559
vt 0.225201 0.852329
vt 0.629519 0.747660
vt 0.630757 0.798436
vt 0.629519 0.798436
vt 0.629519 0.699990
vt 0.630757 0.747660
vt 0.629519 0.652324
vt 0.630757 0.699990
vt 0.629519 0.601559
vt 0.630757 0.652324
vt 0.237046 0.547661
vt 0.238284 0.598437
vt 0.237046 0.598437
vt 0.237046 0.499990
vt 0.238284 0.547661
vt 0.237046 0.452324
vt 0.238284 0.499990
vt 0.237046 0.401560
vt 0.238284 0.452324
vt 0.843197 0.747673
vt 0.844436 0.798445
vt 0.843197 0.798445
vt 0.843198 0.700002
vt 0.844435 0.747673
vt 0.843198 0.652336
vt 0.844436 0.700002
vt 0.843198 0.601566
vt 0.844436 0.652336
vt 0.455086 0.547661
vt 0.456325 0.598437
vt 0.455086 0.598437
vt 0.455087 0.499991
vt 0.456325 0.547661
vt 0.455087 0.452325
vt 0.456325 0.499991
vt 0.455086 0.401560
vt 0.456324 0.452325
vt 0.803950 0.347662
vt 0.805188 0.398438
vt 0.803950 0.398438
vt 0.803950 0.299992
vt 0.805188 0.347662
vt 0.803950 0.252326
vt 0.805188 0.299992
vt 0.803950 0.201561
vt 0.805188 0.252326
vt 0.825754 0.547664
vt 0.826992 0.598440
vt 0.825754 0.598440
vt 0.825754 0.499994
vt 0.826992 0.547664
vt 0.825754 0.452327
vt 0.826992 0.499994
vt 0.825754 0.401563
vt 0.826992 0.452327
vt 0.847558 0.347670
vt 0.848796 0.398442
vt 0.847558 0.398442
vt 0.847558 0.299999
vt 0.848796 0.347670
vt 0.847558 0.252333
vt 0.848796 0.299999
vt 0.847558 0.201563
vt 0.848796 0.252333
vt 0.739777 0.252337
vt 0.738538 0.201561
vt 0.739777 0.201561
vt 0.739776 0.300007
vt 0.738539 0.252337
vt 0.739776 0.347673
vt 0.738539 0.300007
vt 0.739777 0.398437
vt 0.738539 0.347673
vt 0.843197 0.347670
vt 0.844436 0.398442
vt 0.843197 0.398442
vt 0.843198 0.299999
vt 0.844435 0.347670
vt 0.843198 0.252333
vt 0.844436 0.299999
vt 0.843198 0.201563
vt 0.844436 0.252333
vt 0.598993 0.747660
vt 0.600231 0.798436
vt 0.598993 0.798436
vt 0.598993 0.699990
vt 0.600231 0.747660
vt 0.598993 0.652324
vt 0.600231 0.699990
vt 0.598993 0.601560
vt 0.600231 0.652324
vt 0.878084 0.747674
vt 0.879322 0.798446
vt 0.878084 0.798446
vt 0.878084 0.700003
vt 0.879322 0.747674
vt 0.878084 0.652337
vt 0.879322 0.700003
vt 0.878084 0.601566
vt 0.879322 0.652337
vt 0.097499 0.547661
vt 0.098738 0.598437
vt 0.097499 0.598437
vt 0.097500 0.499990
vt 0.098738 0.547661
vt 0.097500 0.452324
vt 0.098738 0.499990
vt 0.097499 0.401560
vt 0.098737 0.452324
vt 0.398396 0.947666
vt 0.399634 0.998438
vt 0.398396 0.998438
vt 0.398396 0.899996
vt 0.399634 0.947667
vt 0.398396 0.852329
vt 0.399634 0.899996
vt 0.398396 0.801559
vt 0.399634 0.852329
vt 0.059490 0.652336
vt 0.058252 0.601560
vt 0.059490 0.601560
vt 0.059490 0.700006
vt 0.058252 0.652336
vt 0.059490 0.747672
vt 0.058252 0.700006
vt 0.059490 0.798437
vt 0.058252 0.747672
vt 0.572829 0.147662
vt 0.574067 0.198438
vt 0.572829 0.198438
vt 0.572829 0.099991
vt 0.574067 0.147662
vt 0.572829 0.052325
vt 0.574067 0.099991
vt 0.572829 0.001561
vt 0.574067 0.052325
vt 0.412716 0.452336
vt 0.411478 0.401560
vt 0.412716 0.401560
vt 0.412716 0.500006
vt 0.411478 0.452336
vt 0.412716 0.547672
vt 0.411478 0.500006
vt 0.412716 0.598437
vt 0.411478 0.547672
vt 0.960938 0.147668
vt 0.962176 0.198440
vt 0.960938 0.198440
vt 0.960938 0.099997
vt 0.962176 0.147668
vt 0.960938 0.052331
vt 0.962176 0.099997
vt 0.960938 0.001561
vt 0.962176 0.052331
vt 0.620797 0.147662
vt 0.622035 0.198438
vt 0.620797 0.198438
vt 0.620797 0.099991
vt 0.622035 0.147662
vt 0.620797 0.052325
vt 0.622035 0.099991
vt 0.620797 0.001561
vt 0.622035 0.052325
vt 0.537942 0.147662
vt 0.539180 0.198438
vt 0.537942 0.198438
vt 0.537942 0.099991
vt 0.539180 0.147662
vt 0.537942 0.052326
vt 0.539180 0.099991
vt 0.537942 0.001561
vt 0.539180 0.052326
vt 0.114943 0.547661
vt 0.116181 0.598437
vt 0.114943 0.598437
vt 0.114943 0.499990
vt 0.116181 0.547661
vt 0.114943 0.452324
vt 0.116181 0.499990
vt 0.114943 0.401560
vt 0.116181 0.452324
vt 0.559746 0.147662
vt 0.560984 0.198438
vt 0.559746 0.198438
vt 0.559746 0.099991
vt 0.560984 0.147662
vt 0.559746 0.052326
vt 0.560984 0.099991
vt 0.559746 0.001561
vt 0.560984 0.052326
vt 0.124902 0.252337
vt 0.123664 0.201561
vt 0.124902 0.201561
vt 0.124902 0.300008
vt 0.123664 0.252337
vt 0.124902 0.347673
vt 0.123664 0.300008
vt 0.124902 0.398438
vt 0.123664 0.347673
vt 0.508655 0.052338
vt 0.507416 0.001561
vt 0.508655 0.001561
vt 0.508654 0.100008
vt 0.507416 0.052338
vt 0.508654 0.147674
vt 0.507416 0.100008
vt 0.508655 0.198438
vt 0.507417 0.147674
vt 0.189077 0.547661
vt 0.190315 0.598437
vt 0.189077 0.598437
vt 0.189077 0.499990
vt 0.190315 0.547661
vt 0.189077 0.452324
vt 0.190315 0.499990
vt 0.189077 0.401560
vt 0.190315 0.452324
vt 0.812672 0.347668
vt 0.813910 0.398440
vt 0.812672 0.398440
vt 0.812672 0.299997
vt 0.813910 0.347668
vt 0.812672 0.252331
vt 0.813910 0.299997
vt 0.812672 0.201561
vt 0.813910 0.252331
vt 0.263211 0.547661
vt 0.264449 0.598437
vt 0.263211 0.598437
vt 0.263211 0.499990
vt 0.264449 0.547661
vt 0.263211 0.452324
vt 0.264449 0.499990
vt 0.263211 0.401560
vt 0.264449 0.452324
vt 0.084417 0.547661
vt 0.085655 0.598437
vt 0.084417 0.598437
vt 0.084417 0.499990
vt 0.085655 0.547661
vt 0.084417 0.452324
vt 0.085655 0.499990
vt 0.084417 0.401560
vt 0.085655 0.452324
vt 0.210881 0.547661
vt 0.212119 0.598437
vt 0.210881 0.598437
vt 0.210881 0.499990
vt 0.212119 0.547661
vt 0.210881 0.452324
vt 0.212119 0.499990
vt 0.210881 0.401560
vt 0.212119 0.452324
vt 0.511777 0.347662
vt 0.513015 0.398438
vt 0.511777 0.398438
vt 0.511777 0.299991
vt 0.513015 0.347662
vt 0.511777 0.252325
vt 0.513015 0.299991
vt 0.511777 0.201561
vt 0.513015 0.252325
vt 0.154190 0.547661
vt 0.155428 0.598437
vt 0.154190 0.598437
vt 0.154190 0.499990
vt 0.155428 0.547661
vt 0.154190 0.452324
vt 0.155428 0.499990
vt 0.154190 0.401560
vt 0.155428 0.452324
vt 0.159789 0.252337
vt 0.158551 0.201561
vt 0.159789 0.201561
vt 0.159789 0.300007
vt 0.158551 0.252337
vt 0.159789 0.347673
vt 0.158551 0.300007
vt 0.159789 0.398438
vt 0.158551 0.347673
vt 0.228324 0.547661
vt 0.229562 0.598437
vt 0.228324 0.598437
vt 0.228324 0.499990
vt 0.229562 0.547661
vt 0.228324 0.452324
vt 0.229562 0.499990
vt 0.228324 0.401560
vt 0.229562 0.452324
vt 0.530459 0.052338
vt 0.529220 0.001561
vt 0.530459 0.001561
vt 0.530459 0.100008
vt 0.529221 0.052338
vt 0.530459 0.147674
vt 0.529221 0.100008
vt 0.530459 0.198438
vt 0.529221 0.147674
vt 0.792106 0.252337
vt 0.790868 0.201561
vt 0.792106 0.201561
vt 0.792106 0.300007
vt 0.790868 0.252337
vt 0.792106 0.347673
vt 0.790868 0.300007
vt 0.792106 0.398438
vt 0.790868 0.347673
vt 0.058252 0.547661
vt 0.059490 0.598437
vt 0.058252 0.598437
vt 0.058252 0.499990
vt 0.059490 0.547661
vt 0.058252 0.452324
vt 0.059490 0.499990
vt 0.058252 0.401560
vt 0.059490 0.452324
vt 0.726694 0.652335
vt 0.725456 0.601560
vt 0.726694 0.601560
vt 0.726694 0.700006
vt 0.725456 0.652335
vt 0.726694 0.747672
vt 0.725456 0.700006
vt 0.726694 0.798436
vt 0.725456 0.747672
vt 0.825754 0.747664
vt 0.826992 0.798439
vt 0.825754 0.798439
vt 0.825754 0.699993
vt 0.826992 0.747664
vt 0.825754 0.652327
vt 0.826992 0.699993
vt 0.825754 0.601562
vt 0.826992 0.652327
vt 0.790868 0.547661
vt 0.792106 0.598437
vt 0.790868 0.598437
vt 0.790868 0.499991
vt 0.792106 0.547661
vt 0.790868 0.452325
vt 0.792106 0.499991
vt 0.790868 0.401560
vt 0.792106 0.452325
vt 0.947856 0.547672
vt 0.949094 0.598444
vt 0.947856 0.598444
vt 0.947856 0.500001
vt 0.949094 0.547672
vt 0.947856 0.452334
vt 0.949094 0.500001
vt 0.947856 0.401565
vt 0.949094 0.452334
vt 0.495572 0.452336
vt 0.494334 0.401560
vt 0.495572 0.401560
vt 0.495572 0.500006
vt 0.494334 0.452336
vt 0.495572 0.547672
vt 0.494334 0.500006
vt 0.495572 0.598437
vt 0.494334 0.547672
vt 0.825754 0.147662
vt 0.826992 0.198438
vt 0.825754 0.198438
vt 0.825754 0.099992
vt 0.826992 0.147662
vt 0.825754 0.052326
vt 0.826992 0.099992
vt 0.825754 0.001561
vt 0.826992 0.052326
vt 0.795229 0.547661
vt 0.796467 0.598437
vt 0.795229 0.598437
vt 0.795229 0.499991
vt 0.796467 0.547661
vt 0.795229 0.452325
vt 0.796467 0.499991
vt 0.795229 0.401560
vt 0.796467 0.452325
vt 0.110582 0.547661
vt 0.111820 0.598437
vt 0.110582 0.598437
vt 0.110582 0.499990
vt 0.111820 0.547661
vt 0.110582 0.452324
vt 0.111820 0.499990
vt 0.110582 0.401560
vt 0.111820 0.452324
vt 0.433282 0.547661
vt 0.434520 0.598437
vt 0.433282 0.598437
vt 0.433282 0.499991
vt 0.434520 0.547661
vt 0.433282 0.452325
vt 0.434520 0.499991
vt 0.433282 0.401560
vt 0.434520 0.452325
vt 0.742899 0.147662
vt 0.744137 0.198438
vt 0.742899 0.198438
vt 0.742899 0.099992
vt 0.744137 0.147662
vt 0.742899 0.052326
vt 0.744137 0.099992
vt 0.742899 0.001561
vt 0.744137 0.052326
vt 0.834476 0.747672
vt 0.835714 0.798444
vt 0.834476 0.798444
vt 0.834476 0.700001
vt 0.835714 0.747672
vt 0.834476 0.652335
vt 0.835714 0.700001
vt 0.834476 0.601564
vt 0.835714 0.652335
vt 0.891166 0.547672
vt 0.892404 0.598444
vt 0.891166 0.598444
vt 0.891166 0.500001
vt 0.892404 0.547672
vt 0.891166 0.452335
vt 0.892404 0.500001
vt 0.891166 0.401565
vt 0.892404 0.452335
vt 0.068212 0.052338
vt 0.066974 0.001561
vt 0.068212 0.001561
vt 0.068212 0.100008
vt 0.066974 0.052338
vt 0.068212 0.147674
vt 0.066974 0.100008
vt 0.068212 0.198438
vt 0.066974 0.147674
vt 0.738539 0.547661
vt 0.739777 0.598437
vt 0.738538 0.598437
vt 0.738539 0.499991
vt 0.739777 0.547661
vt 0.738539 0.452325
vt 0.739777 0.499991
vt 0.738539 0.401560
vt 0.739777 0.452325
vt 0.904248 0.747673
vt 0.905486 0.798446
vt 0.904248 0.798446
vt 0.904248 0.700002
vt 0.905486 0.747673
vt 0.904248 0.652336
vt 0.905486 0.700002
vt 0.904248 0.601566
vt 0.905486 0.652336
vt 0.232685 0.747660
vt 0.233923 0.798436
vt 0.232685 0.798436
vt 0.232685 0.699990
vt 0.233923 0.747660
vt 0.232685 0.652324
vt 0.233923 0.699990
vt 0.232685 0.601560
vt 0.233923 0.652324
vt 0.734178 0.747661
vt 0.735416 0.798436
vt 0.734178 0.798436
vt 0.734178 0.699990
vt 0.735416 0.747661
vt 0.734178 0.652324
vt 0.735416 0.699990
vt 0.734178 0.601560
vt 0.735416 0.652324
vt 0.005922 0.747661
vt 0.007160 0.798437
vt 0.005922 0.798437
vt 0.005922 0.699990
vt 0.007160 0.747661
vt 0.005922 0.652324
vt 0.007160 0.699990
vt 0.005922 0.601560
vt 0.007160 0.652324
vt 0.116181 0.652335
vt 0.114943 0.601560
vt 0.116181 0.601560
vt 0.116181 0.700006
vt 0.114943 0.652335
vt 0.116181 0.747672
vt 0.114943 0.700006
vt 0.116181 0.798437
vt 0.114943 0.747672
vt 0.555385 0.347661
vt 0.556624 0.398438
vt 0.555385 0.398438
vt 0.555386 0.299991
vt 0.556624 0.347661
vt 0.555386 0.252325
vt 0.556624 0.299991
vt 0.555385 0.201561
vt 0.556624 0.252325
vt 0.159789 0.452336
vt 0.158551 0.401560
vt 0.159789 0.401560
vt 0.159789 0.500007
vt 0.158551 0.452336
vt 0.159789 0.547673
vt 0.158551 0.500007
vt 0.159789 0.598437
vt 0.158551 0.547673
vt 0.258850 0.547661
vt 0.260088 0.598437
vt 0.258850 0.598437
vt 0.258850 0.499990
vt 0.260088 0.547661
vt 0.258850 0.452324
vt 0.260088 0.499990
vt 0.258850 0.401560
vt 0.260088 0.452324
vt 0.613314 0.652336
vt 0.612076 0.601560
vt 0.613314 0.601560
vt 0.613314 0.700006
vt 0.612076 0.652336
vt 0.613314 0.747672
vt 0.612076 0.700006
vt 0.613314 0.798436
vt 0.612076 0.747672
vt 0.101860 0.947666
vt 0.103098 0.998438
vt 0.101860 0.998438
vt 0.101860 0.899996
vt 0.103098 0.947667
vt 0.101860 0.852329
vt 0.103098 0.899996
vt 0.101860 0.801559
vt 0.103098 0.852329
vt 0.542303 0.747660
vt 0.543541 0.798436
vt 0.542303 0.798436
vt 0.542303 0.699990
vt 0.543541 0.747660
vt 0.542303 0.652324
vt 0.543541 0.699990
vt 0.542303 0.601560
vt 0.543541 0.652324
vt 0.533581 0.347662
vt 0.534819 0.398438
vt 0.533581 0.398438
vt 0.533581 0.299991
vt 0.534819 0.347662
vt 0.533581 0.252325
vt 0.534819 0.299991
vt 0.533581 0.201561
vt 0.534819 0.252325
vt 0.046408 0.052338
vt 0.045170 0.001561
vt 0.046408 0.001561
vt 0.046408 0.100008
vt 0.045170 0.052338
vt 0.046408 0.147674
vt 0.045170 0.100008
vt 0.046408 0.198438
vt 0.045170 0.147674
vt 0.838836 0.347662
vt 0.840075 0.398438
vt 0.838836 0.398438
vt 0.838837 0.299992
vt 0.840075 0.347662
vt 0.838837 0.252326
vt 0.840075 0.299992
vt 0.838836 0.201561
vt 0.840075 0.252326
vt 0.851919 0.147669
vt 0.853157 0.198441
vt 0.851919 0.198441
vt 0.851919 0.099998
vt 0.853157 0.147669
vt 0.851919 0.052332
vt 0.853157 0.099998
vt 0.851919 0.001561
vt 0.853157 0.052332
vt 0.437643 0.747660
vt 0.438881 0.798436
vt 0.437643 0.798436
vt 0.437643 0.699990
vt 0.438881 0.747660
vt 0.437643 0.652324
vt 0.438881 0.699990
vt 0.437643 0.601560
vt 0.438881 0.652324
vt 0.202159 0.547661
vt 0.203397 0.598437
vt 0.202159 0.598437
vt 0.202159 0.499990
vt 0.203397 0.547661
vt 0.202159 0.452324
vt 0.203397 0.499990
vt 0.202159 0.401560
vt 0.203397 0.452324
vt 0.080056 0.547661
vt 0.081294 0.598437
vt 0.080056 0.598437
vt 0.080056 0.499990
vt 0.081294 0.547661
vt 0.080056 0.452324
vt 0.081294 0.499990
vt 0.080056 0.401560
vt 0.081294 0.452324
vt 0.145468 0.747661
vt 0.146707 0.798437
vt 0.145468 0.798437
vt 0.145469 0.699991
vt 0.146707 0.747661
vt 0.145469 0.652325
vt 0.146707 0.699991
vt 0.145468 0.601560
vt 0.146707 0.652325
vt 0.982742 0.547673
vt 0.983980 0.598444
vt 0.982742 0.598444
vt 0.982742 0.500002
vt 0.983980 0.547673
vt 0.982742 0.452335
vt 0.983980 0.500002
vt 0.982742 0.401565
vt 0.983980 0.452335
vt 0.316778 0.652335
vt 0.315540 0.601560
vt 0.316778 0.601560
vt 0.316778 0.700006
vt 0.315540 0.652335
vt 0.316778 0.747672
vt 0.315540 0.700006
vt 0.316778 0.798436
vt 0.315540 0.747672
vt 0.306819 0.747661
vt 0.308057 0.798437
vt 0.306819 0.798436
vt 0.306819 0.699991
vt 0.308057 0.747661
vt 0.306819 0.652324
vt 0.308057 0.699991
vt 0.306819 0.601560
vt 0.308057 0.652324
vt 0.184716 0.747661
vt 0.185954 0.798437
vt 0.184716 0.798437
vt 0.184716 0.699991
vt 0.185954 0.747661
vt 0.184716 0.652324
vt 0.185954 0.699991
vt 0.184716 0.601560
vt 0.185954 0.652324
vt 0.194676 0.652335
vt 0.193437 0.601560
vt 0.194676 0.601560
vt 0.194676 0.700006
vt 0.193437 0.652335
vt 0.194675 0.747672
vt 0.193437 0.700006
vt 0.194676 0.798437
vt 0.193438 0.747672
vt 0.712374 0.347662
vt 0.713612 0.398438
vt 0.712374 0.398438
vt 0.712374 0.299991
vt 0.713612 0.347662
vt 0.712374 0.252325
vt 0.713612 0.299991
vt 0.712374 0.201561
vt 0.713612 0.252325
vt 0.098738 0.252337
vt 0.097499 0.201561
vt 0.098738 0.201561
vt 0.098737 0.300007
vt 0.097499 0.252337
vt 0.098737 0.347673
vt 0.097499 0.300007
vt 0.098738 0.398437
vt 0.097499 0.347673
vt 0.712374 0.547661
vt 0.713612 0.598437
vt 0.712374 0.598437
vt 0.712374 0.499991
vt 0.713612 0.547661
vt 0.712374 0.452325
vt 0.713612 0.499991
vt 0.712374 0.401560
vt 0.713612 0.452325
vt 0.212119 0.052338
vt 0.210881 0.001561
vt 0.212119 0.001561
vt 0.212119 0.100008
vt 0.210881 0.052338
vt 0.212119 0.147674
vt 0.210881 0.100008
vt 0.212119 0.198438
vt 0.210881 0.147674
vt 0.442004 0.547661
vt 0.443242 0.598437
vt 0.442004 0.598437
vt 0.442004 0.499991
vt 0.443242 0.547661
vt 0.442004 0.452325
vt 0.443242 0.499991
vt 0.442004 0.401560
vt 0.443242 0.452325
vt 0.886805 0.147668
vt 0.888043 0.198440
vt 0.886805 0.198440
vt 0.886805 0.099997
vt 0.888043 0.147668
vt 0.886805 0.052331
vt 0.888043 0.099997
vt 0.886805 0.001561
vt 0.888043 0.052331
vt 0.251366 0.652335
vt 0.250128 0.601560
vt 0.251366 0.601560
vt 0.251366 0.700005
vt 0.250128 0.652335
vt 0.251366 0.747672
vt 0.250128 0.700005
vt 0.251366 0.798436
vt 0.250128 0.747672
vt 0.690570 0.547661
vt 0.691808 0.598437
vt 0.690570 0.598437
vt 0.690570 0.499991
vt 0.691808 0.547661
vt 0.690570 0.452325
vt 0.691808 0.499991
vt 0.690570 0.401560
vt 0.691808 0.452325
vt 0.190315 0.052338
vt 0.189077 0.001561
vt 0.190315 0.001561
vt 0.190315 0.100008
vt 0.189077 0.052338
vt 0.190315 0.147674
vt 0.189077 0.100008
vt 0.190315 0.198438
vt 0.189077 0.147674
vt 0.277531 0.652335
vt 0.276293 0.601560
vt 0.277531 0.601560
vt 0.277531 0.700006
vt 0.276293 0.652335
vt 0.277531 0.747672
vt 0.276293 0.700006
vt 0.277531 0.798437
vt 0.276293 0.747672
vt 0.447603 0.252337
vt 0.446365 0.201561
vt 0.447603 0.201561
vt 0.447603 0.300007
vt 0.446365 0.252337
vt 0.447603 0.347673
vt 0.446365 0.300007
vt 0.447603 0.398437
vt 0.446365 0.347673
vt 0.376592 0.347661
vt 0.377830 0.398437
vt 0.376592 0.398437
vt 0.376592 0.299991
vt 0.377830 0.347661
vt 0.376592 0.252325
vt 0.377830 0.299991
vt 0.376592 0.201561
vt 0.377830 0.252325
vt 0.154190 0.747661
vt 0.155428 0.798437
vt 0.154190 0.798437
vt 0.154190 0.699991
vt 0.155428 0.747661
vt 0.154190 0.652325
vt 0.155428 0.699991
vt 0.154190 0.601560
vt 0.155428 0.652325
vt 0.982742 0.147669
vt 0.983980 0.198441
vt 0.982742 0.198441
vt 0.982742 0.099998
vt 0.983980 0.147669
vt 0.982742 0.052332
vt 0.983980 0.099998
vt 0.982742 0.001561
vt 0.983980 0.052332
vt 0.407117 0.147662
vt 0.408355 0.198438
vt 0.407117 0.198438
vt 0.407117 0.099991
vt 0.408355 0.147662
vt 0.407118 0.052325
vt 0.408355 0.099991
vt 0.407117 0.001561
vt 0.408355 0.052325
vt 0.559746 0.547662
vt 0.560984 0.598437
vt 0.559746 0.598437
vt 0.559746 0.499991
vt 0.560984 0.547662
vt 0.559746 0.452325
vt 0.560984 0.499991
vt 0.559746 0.401560
vt 0.560984 0.452325
vt 0.978381 0.547673
vt 0.979619 0.598444
vt 0.978381 0.598444
vt 0.978381 0.500002
vt 0.979619 0.547673
vt 0.978381 0.452335
vt 0.979619 0.500002
vt 0.978381 0.401565
vt 0.979619 0.452335
vt 0.303696 0.652335
vt 0.302458 0.601560
vt 0.303696 0.601560
vt 0.303696 0.700006
vt 0.302458 0.652335
vt 0.303696 0.747672
vt 0.302458 0.700006
vt 0.303696 0.798437
vt 0.302458 0.747672
vt 0.673127 0.347662
vt 0.674365 0.398438
vt 0.673127 0.398438
vt 0.673127 0.299991
vt 0.674365 0.347662
vt 0.673127 0.252325
vt 0.674365 0.299991
vt 0.673127 0.201561
vt 0.674365 0.252325
vt 0.251366 0.052338
vt 0.250128 0.001561
vt 0.251366 0.001561
vt 0.251366 0.100008
vt 0.250128 0.052338
vt 0.251366 0.147674
vt 0.250128 0.100008
vt 0.251366 0.198438
vt 0.250128 0.147674
vt 0.469407 0.052337
vt 0.468169 0.001561
vt 0.469407 0.001561
vt 0.469407 0.100008
vt 0.468169 0.052337
vt 0.469407 0.147674
vt 0.468169 0.100008
vt 0.469407 0.198438
vt 0.468169 0.147674
vt 0.660044 0.547661
vt 0.661282 0.598437
vt 0.660044 0.598437
vt 0.660044 0.499991
vt 0.661282 0.547661
vt 0.660044 0.452325
vt 0.661282 0.499991
vt 0.660044 0.401560
vt 0.661282 0.452325
vt 0.974020 0.547673
vt 0.975258 0.598444
vt 0.974020 0.598444
vt 0.974020 0.500002
vt 0.975258 0.547673
vt 0.974020 0.452335
vt 0.975258 0.500002
vt 0.974020 0.401565
vt 0.975258 0.452335
vt 0.264449 0.052338
vt 0.263211 0.001561
vt 0.264449 0.001561
vt 0.264449 0.100008
vt 0.263211 0.052338
vt 0.264449 0.147674
vt 0.263211 0.100008
vt 0.264449 0.198438
vt 0.263211 0.147674
vt 0.638240 0.147662
vt 0.639479 0.198438
vt 0.638240 0.198438
vt 0.638241 0.099992
vt 0.639479 0.147662
vt 0.638241 0.052326
vt 0.639479 0.099992
vt 0.638240 0.001561
vt 0.639478 0.052326
vt 0.978381 0.147669
vt 0.979619 0.198441
vt 0.978381 0.198441
vt 0.978381 0.099998
vt 0.979619 0.147669
vt 0.978381 0.052332
vt 0.979619 0.099998
vt 0.978381 0.001561
vt 0.979619 0.052332
vt 0.172871 0.652335
vt 0.171633 0.601560
vt 0.172872 0.601560
vt 0.172871 0.700006
vt 0.171633 0.652335
vt 0.172871 0.747672
vt 0.171633 0.700006
vt 0.172872 0.798437
vt 0.171633 0.747672
vt 0.180355 0.947666
vt 0.181593 0.998438
vt 0.180355 0.998438
vt 0.180355 0.899996
vt 0.181593 0.947666
vt 0.180355 0.852329
vt 0.181593 0.899996
vt 0.180355 0.801559
vt 0.181593 0.852329
vt 0.425799 0.252337
vt 0.424561 0.201561
vt 0.425799 0.201561
vt 0.425799 0.300007
vt 0.424561 0.252337
vt 0.425799 0.347673
vt 0.424561 0.300007
vt 0.425799 0.398437
vt 0.424561 0.347673
vt 0.299335 0.052338
vt 0.298097 0.001561
vt 0.299335 0.001561
vt 0.299335 0.100008
vt 0.298097 0.052338
vt 0.299335 0.147674
vt 0.298097 0.100008
vt 0.299335 0.198438
vt 0.298097 0.147674
vt 0.446365 0.547661
vt 0.447603 0.598437
vt 0.446365 0.598437
vt 0.446365 0.499991
vt 0.447603 0.547661
vt 0.446365 0.452325
vt 0.447603 0.499991
vt 0.446365 0.401560
vt 0.447603 0.452325
vt 0.408355 0.652335
vt 0.407117 0.601559
vt 0.408355 0.601559
vt 0.408355 0.700005
vt 0.407117 0.652335
vt 0.408355 0.747672
vt 0.407117 0.700005
vt 0.408355 0.798436
vt 0.407117 0.747672
vt 0.386551 0.652335
vt 0.385313 0.601560
vt 0.386551 0.601560
vt 0.386551 0.700006
vt 0.385313 0.652335
vt 0.386551 0.747672
vt 0.385313 0.700006
vt 0.386551 0.798436
vt 0.385313 0.747672
vt 0.417077 0.052337
vt 0.415839 0.001561
vt 0.417077 0.001561
vt 0.417077 0.100008
vt 0.415839 0.052337
vt 0.417077 0.147674
vt 0.415839 0.100008
vt 0.417077 0.198438
vt 0.415839 0.147674
vt 0.124902 0.652335
vt 0.123664 0.601560
vt 0.124902 0.601560
vt 0.124902 0.700006
vt 0.123664 0.652335
vt 0.124902 0.747672
vt 0.123664 0.700006
vt 0.124902 0.798437
vt 0.123664 0.747672
vt 0.956577 0.347670
vt 0.957816 0.398442
vt 0.956577 0.398442
vt 0.956578 0.299999
vt 0.957815 0.347670
vt 0.956578 0.252333
vt 0.957816 0.299999
vt 0.956578 0.201563
vt 0.957816 0.252333
vt 0.085655 0.052338
vt 0.084417 0.001561
vt 0.085655 0.001561
vt 0.085655 0.100008
vt 0.084417 0.052338
vt 0.085655 0.147674
vt 0.084417 0.100008
vt 0.085655 0.198438
vt 0.084417 0.147674
vt 0.587149 0.652335
vt 0.585911 0.601559
vt 0.587149 0.601559
vt 0.587149 0.700005
vt 0.585911 0.652335
vt 0.587149 0.747671
vt 0.585911 0.700005
vt 0.587149 0.798436
vt 0.585911 0.747671
vt 0.037686 0.252337
vt 0.036448 0.201561
vt 0.037686 0.201561
vt 0.037686 0.300008
vt 0.036448 0.252337
vt 0.037686 0.347673
vt 0.036448 0.300008
vt 0.037686 0.398438
vt 0.036448 0.347673
vt 0.513015 0.652336
vt 0.511777 0.601560
vt 0.513015 0.601560
vt 0.513015 0.700006
vt 0.511777 0.652336
vt 0.513015 0.747672
vt 0.511777 0.700006
vt 0.513015 0.798437
vt 0.511777 0.747672
vt 0.394035 0.947666
vt 0.395273 0.998438
vt 0.394035 0.998438
vt 0.394035 0.899996
vt 0.395273 0.947666
vt 0.394035 0.852329
vt 0.395273 0.899996
vt 0.394035 0.801559
vt 0.395273 0.852329
vt 0.398396 0.147662
vt 0.399634 0.198438
vt 0.398396 0.198438
vt 0.398396 0.099991
vt 0.399634 0.147662
vt 0.398396 0.052325
vt 0.399634 0.099991
vt 0.398396 0.001561
vt 0.399634 0.052325
vt 0.952217 0.547672
vt 0.953455 0.598444
vt 0.952217 0.598444
vt 0.952217 0.500002
vt 0.953455 0.547672
vt 0.952217 0.452335
vt 0.953455 0.500002
vt 0.952217 0.401565
vt 0.953455 0.452335
vt 0.237046 0.747661
vt 0.238284 0.798437
vt 0.237046 0.798437
vt 0.237046 0.699991
vt 0.238284 0.747661
vt 0.237046 0.652324
vt 0.238284 0.699991
vt 0.237046 0.601560
vt 0.238284 0.652324
vt 0.293736 0.547661
vt 0.294974 0.598437
vt 0.293736 0.598437
vt 0.293736 0.499991
vt 0.294974 0.547661
vt 0.293736 0.452325
vt 0.294974 0.499991
vt 0.293736 0.401560
vt 0.294974 0.452325
vt 0.587149 0.052337
vt 0.585911 0.001561
vt 0.587149 0.001561
vt 0.587149 0.100008
vt 0.585911 0.052337
vt 0.587149 0.147674
vt 0.585911 0.100008
vt 0.587149 0.198438
vt 0.585911 0.147674
vt 0.363509 0.947666
vt 0.364747 0.998438
vt 0.363509 0.998438
vt 0.363509 0.899996
vt 0.364747 0.947666
vt 0.363509 0.852329
vt 0.364747 0.899996
vt 0.363509 0.801559
vt 0.364747 0.852329
vt 0.434520 0.652335
vt 0.433282 0.601560
vt 0.434520 0.601560
vt 0.434520 0.700006
vt 0.433282 0.652335
vt 0.434520 0.747672
vt 0.433282 0.700006
vt 0.434520 0.798436
vt 0.433282 0.747672
vt 0.145468 0.947667
vt 0.146706 0.998438
vt 0.145468 0.998438
vt 0.145468 0.899996
vt 0.146706 0.947667
vt 0.145469 0.852330
vt 0.146706 0.899996
vt 0.145468 0.801559
vt 0.146706 0.852330
vt 0.565345 0.052337
vt 0.564107 0.001561
vt 0.565345 0.001561
vt 0.565345 0.100008
vt 0.564107 0.052337
vt 0.565345 0.147674
vt 0.564107 0.100008
vt 0.565345 0.198438
vt 0.564107 0.147674
vt 0.939134 0.147668
vt 0.940372 0.198440
vt 0.939134 0.198440
vt 0.939134 0.099997
vt 0.940372 0.147668
vt 0.939134 0.052331
vt 0.940372 0.099997
vt 0.939134 0.001561
vt 0.940372 0.052331
vt 0.142346 0.052338
vt 0.141108 0.001561
vt 0.142346 0.001561
vt 0.142346 0.100008
vt 0.141108 0.052338
vt 0.142346 0.147674
vt 0.141108 0.100008
vt 0.142346 0.198438
vt 0.141108 0.147674
vt 0.578428 0.652335
vt 0.577189 0.601560
vt 0.578428 0.601560
vt 0.578427 0.700006
vt 0.577189 0.652335
vt 0.578427 0.747672
vt 0.577189 0.700006
vt 0.578428 0.798437
vt 0.577189 0.747672
vt 0.093139 0.947666
vt 0.094377 0.998438
vt 0.093139 0.998438
vt 0.093139 0.899996
vt 0.094377 0.947666
vt 0.093139 0.852329
vt 0.094377 0.899996
vt 0.093139 0.801559
vt 0.094377 0.852329
vt 0.341705 0.347661
vt 0.342943 0.398437
vt 0.341705 0.398437
vt 0.341705 0.299991
vt 0.342943 0.347661
vt 0.341705 0.252325
vt 0.342943 0.299991
vt 0.341705 0.201561
vt 0.342943 0.252325
vt 0.273170 0.652335
vt 0.271932 0.601560
vt 0.273170 0.601560
vt 0.273170 0.700006
vt 0.271932 0.652335
vt 0.273170 0.747672
vt 0.271932 0.700006
vt 0.273170 0.798437
vt 0.271932 0.747672
vt 0.334222 0.252337
vt 0.332983 0.201561
vt 0.334222 0.201561
vt 0.334222 0.300007
vt 0.332984 0.252337
vt 0.334222 0.347673
vt 0.332984 0.300007
vt 0.334222 0.398438
vt 0.332984 0.347673
vt 0.987102 0.547673
vt 0.988341 0.598444
vt 0.987102 0.598444
vt 0.987102 0.500002
vt 0.988340 0.547673
vt 0.987103 0.452335
vt 0.988341 0.500002
vt 0.987102 0.401565
vt 0.988340 0.452335
vt 0.491211 0.252337
vt 0.489973 0.201561
vt 0.491211 0.201561
vt 0.491211 0.300007
vt 0.489973 0.252337
vt 0.491211 0.347673
vt 0.489973 0.300007
vt 0.491211 0.398437
vt 0.489973 0.347673
vt 0.267571 0.947666
vt 0.268809 0.998438
vt 0.267571 0.998438
vt 0.267571 0.899996
vt 0.268809 0.947666
vt 0.267571 0.852329
vt 0.268809 0.899996
vt 0.267571 0.801559
vt 0.268809 0.852329
vt 0.377830 0.652335
vt 0.376592 0.601559
vt 0.377830 0.601559
vt 0.377830 0.700005
vt 0.376592 0.652335
vt 0.377830 0.747671
vt 0.376592 0.700005
vt 0.377830 0.798436
vt 0.376592 0.747671
vt 0.934774 0.547672
vt 0.936012 0.598444
vt 0.934774 0.598444
vt 0.934774 0.500001
vt 0.936011 0.547672
vt 0.934774 0.452335
vt 0.936012 0.500001
vt 0.934774 0.401565
vt 0.936012 0.452335
vt 0.582788 0.052337
vt 0.581550 0.001561
vt 0.582788 0.001561
vt 0.582788 0.100008
vt 0.581550 0.052337
vt 0.582788 0.147674
vt 0.581550 0.100008
vt 0.582788 0.198438
vt 0.581550 0.147674
vt 0.934774 0.347670
vt 0.936012 0.398442
vt 0.934774 0.398442
vt 0.934774 0.299999
vt 0.936011 0.347670
vt 0.934774 0.252333
vt 0.936012 0.299999
vt 0.934774 0.201563
vt 0.936012 0.252333
vt 0.517376 0.052337
vt 0.516138 0.001561
vt 0.517376 0.001561
vt 0.517376 0.100008
vt 0.516138 0.052337
vt 0.517376 0.147674
vt 0.516138 0.100008
vt 0.517376 0.198438
vt 0.516138 0.147674
vt 0.369108 0.652335
vt 0.367870 0.601560
vt 0.369108 0.601560
vt 0.369108 0.700006
vt 0.367870 0.652335
vt 0.369108 0.747672
vt 0.367870 0.700006
vt 0.369108 0.798437
vt 0.367870 0.747672
vt 0.168511 0.052338
vt 0.167273 0.001561
vt 0.168511 0.001561
vt 0.168511 0.100008
vt 0.167273 0.052338
vt 0.168511 0.147674
vt 0.167273 0.100008
vt 0.168511 0.198438
vt 0.167273 0.147674
vt 0.337344 0.947666
vt 0.338582 0.998438
vt 0.337344 0.998438
vt 0.337344 0.899996
vt 0.338582 0.947666
vt 0.337344 0.852329
vt 0.338582 0.899996
vt 0.337344 0.801559
vt 0.338582 0.852329
vt 0.782146 0.347662
vt 0.783385 0.398438
vt 0.782146 0.398438
vt 0.782147 0.299991
vt 0.783385 0.347662
vt 0.782147 0.252325
vt 0.783385 0.299991
vt 0.782146 0.201561
vt 0.783384 0.252325
vt 0.943495 0.747674
vt 0.944733 0.798446
vt 0.943495 0.798446
vt 0.943495 0.700003
vt 0.944733 0.747674
vt 0.943495 0.652336
vt 0.944733 0.700003
vt 0.943495 0.601567
vt 0.944733 0.652336
vt 0.912970 0.347670
vt 0.914208 0.398442
vt 0.912970 0.398442
vt 0.912970 0.299999
vt 0.914208 0.347670
vt 0.912970 0.252333
vt 0.914208 0.299999
vt 0.912970 0.201563
vt 0.914208 0.252333
vt 0.402756 0.347661
vt 0.403995 0.398437
vt 0.402756 0.398437
vt 0.402757 0.299991
vt 0.403995 0.347661
vt 0.402757 0.252325
vt 0.403995 0.299991
vt 0.402757 0.201561
vt 0.403995 0.252325
vt 0.430160 0.252337
vt 0.428921 0.201561
vt 0.430160 0.201561
vt 0.430159 0.300007
vt 0.428921 0.252337
vt 0.430159 0.347673
vt 0.428921 0.300007
vt 0.430160 0.398437
vt 0.428922 0.347673
vt 0.158551 0.747661
vt 0.159789 0.798437
vt 0.158551 0.798437
vt 0.158551 0.699991
vt 0.159789 0.747661
vt 0.158551 0.652325
vt 0.159789 0.699991
vt 0.158551 0.601560
vt 0.159789 0.652325
vt 0.254489 0.547661
vt 0.255727 0.598437
vt 0.254489 0.598437
vt 0.254489 0.499991
vt 0.255727 0.547661
vt 0.254489 0.452325
vt 0.255727 0.499991
vt 0.254489 0.401560
vt 0.255727 0.452325
vt 0.578428 0.252337
vt 0.577189 0.201561
vt 0.578428 0.201561
vt 0.578427 0.300007
vt 0.577189 0.252337
vt 0.578427 0.347673
vt 0.577189 0.300007
vt 0.578428 0.398438
vt 0.577190 0.347673
vt 0.947856 0.747674
vt 0.949094 0.798446
vt 0.947856 0.798446
vt 0.947856 0.700003
vt 0.949094 0.747674
vt 0.947856 0.652336
vt 0.949094 0.700003
vt 0.947856 0.601567
vt 0.949094 0.652336
vt 0.434520 0.052337
vt 0.433282 0.001561
vt 0.434520 0.001561
vt 0.434520 0.100008
vt 0.433282 0.052337
vt 0.434520 0.147674
vt 0.433282 0.100008
vt 0.434520 0.198438
vt 0.433282 0.147674
vt 0.215242 0.747661
vt 0.216480 0.798437
vt 0.215242 0.798437
vt 0.215242 0.699991
vt 0.216480 0.747661
vt 0.215242 0.652324
vt 0.216480 0.699991
vt 0.215242 0.601560
vt 0.216480 0.652324
vt 0.110582 0.947666
vt 0.111820 0.998438
vt 0.110582 0.998438
vt 0.110582 0.899996
vt 0.111820 0.947666
vt 0.110582 0.852329
vt 0.111820 0.899996
vt 0.110582 0.801559
vt 0.111820 0.852329
vt 0.769064 0.147662
vt 0.770302 0.198438
vt 0.769064 0.198438
vt 0.769064 0.099992
vt 0.770302 0.147662
vt 0.769064 0.052326
vt 0.770302 0.099992
vt 0.769064 0.001561
vt 0.770302 0.052326
vt 0.111820 0.052338
vt 0.110582 0.001561
vt 0.111820 0.001561
vt 0.111820 0.100008
vt 0.110582 0.052338
vt 0.111820 0.147674
vt 0.110582 0.100008
vt 0.111820 0.198438
vt 0.110582 0.147674
vt 0.895526 0.147668
vt 0.896765 0.198440
vt 0.895526 0.198440
vt 0.895527 0.099997
vt 0.896765 0.147668
vt 0.895527 0.052331
vt 0.896765 0.099997
vt 0.895527 0.001561
vt 0.896765 0.052331
vt 0.537942 0.747661
vt 0.539180 0.798436
vt 0.537942 0.798436
vt 0.537942 0.699990
vt 0.539180 0.747661
vt 0.537942 0.652324
vt 0.539180 0.699990
vt 0.537942 0.601560
vt 0.539180 0.652324
vt 0.107459 0.252337
vt 0.106221 0.201561
vt 0.107459 0.201561
vt 0.107459 0.300007
vt 0.106221 0.252337
vt 0.107459 0.347673
vt 0.106221 0.300007
vt 0.107459 0.398437
vt 0.106221 0.347673
vt 0.438881 0.052337
vt 0.437643 0.001561
vt 0.438881 0.001561
vt 0.438881 0.100008
vt 0.437643 0.052337
vt 0.438881 0.147674
vt 0.437643 0.100008
vt 0.438881 0.198438
vt 0.437643 0.147674
vt 0.033325 0.252337
vt 0.032087 0.201561
vt 0.033325 0.201561
vt 0.033325 0.300008
vt 0.032087 0.252337
vt 0.033325 0.347673
vt 0.032087 0.300008
vt 0.033325 0.398438
vt 0.032087 0.347673
vt 0.306819 0.547661
vt 0.308057 0.598437
vt 0.306819 0.598437
vt 0.306819 0.499991
vt 0.308057 0.547661
vt 0.306819 0.452325
vt 0.308057 0.499991
vt 0.306819 0.401560
vt 0.308057 0.452325
vt 0.498695 0.347661
vt 0.499933 0.398437
vt 0.498695 0.398437
vt 0.498695 0.299991
vt 0.499933 0.347661
vt 0.498695 0.252325
vt 0.499933 0.299991
vt 0.498695 0.201561
vt 0.499933 0.252325
vt 0.315540 0.947666
vt 0.316778 0.998438
vt 0.315540 0.998438
vt 0.315540 0.899996
vt 0.316778 0.947666
vt 0.315540 0.852329
vt 0.316778 0.899996
vt 0.315540 0.801559
vt 0.316778 0.852329
vt 0.520499 0.147662
vt 0.521737 0.198438
vt 0.520499 0.198438
vt 0.520499 0.099991
vt 0.521737 0.147662
vt 0.520499 0.052325
vt 0.521737 0.099991
vt 0.520499 0.001561
vt 0.521737 0.052325
vt 0.533581 0.147662
vt 0.534819 0.198438
vt 0.533581 0.198438
vt 0.533581 0.099991
vt 0.534819 0.147662
vt 0.533581 0.052325
vt 0.534819 0.099991
vt 0.533581 0.001561
vt 0.534819 0.052325
vt 0.633880 0.347662
vt 0.635118 0.398438
vt 0.633880 0.398438
vt 0.633880 0.299991
vt 0.635118 0.347662
vt 0.633880 0.252325
vt 0.635118 0.299991
vt 0.633880 0.201561
vt 0.635118 0.252325
vt 0.499933 0.052337
vt 0.498695 0.001561
vt 0.499933 0.001561
vt 0.499933 0.100008
vt 0.498695 0.052337
vt 0.499933 0.147674
vt 0.498695 0.100008
vt 0.499933 0.198438
vt 0.498695 0.147674
vt 0.042047 0.252337
vt 0.040809 0.201561
vt 0.042047 0.201561
vt 0.042047 0.300008
vt 0.040809 0.252337
vt 0.042047 0.347673
vt 0.040809 0.300008
vt 0.042047 0.398438
vt 0.040809 0.347673
vt 0.560984 0.652336
vt 0.559746 0.601560
vt 0.560984 0.601560
vt 0.560984 0.700006
vt 0.559746 0.652336
vt 0.560984 0.747672
vt 0.559746 0.700006
vt 0.560984 0.798437
vt 0.559746 0.747672
vt 0.141108 0.947667
vt 0.142346 0.998438
vt 0.141108 0.998438
vt 0.141108 0.899996
vt 0.142346 0.947667
vt 0.141108 0.852330
vt 0.142346 0.899996
vt 0.141108 0.801559
vt 0.142346 0.852330
vt 0.080056 0.947667
vt 0.081294 0.998438
vt 0.080056 0.998438
vt 0.080056 0.899996
vt 0.081294 0.947667
vt 0.080056 0.852329
vt 0.081294 0.899996
vt 0.080056 0.801559
vt 0.081294 0.852329
vt 0.120542 0.252337
vt 0.119303 0.201561
vt 0.120542 0.201561
vt 0.120542 0.300007
vt 0.119304 0.252337
vt 0.120542 0.347673
vt 0.119304 0.300007
vt 0.120542 0.398438
vt 0.119304 0.347673
vt 0.574067 0.652335
vt 0.572829 0.601560
vt 0.574067 0.601560
vt 0.574067 0.700005
vt 0.572829 0.652335
vt 0.574067 0.747672
vt 0.572829 0.700006
vt 0.574067 0.798436
vt 0.572829 0.747672
vt 0.908609 0.747673
vt 0.909847 0.798446
vt 0.908609 0.798446
vt 0.908609 0.700002
vt 0.909847 0.747673
vt 0.908609 0.652336
vt 0.909847 0.700002
vt 0.908609 0.601566
vt 0.909847 0.652336
vt 0.225201 0.252337
vt 0.223963 0.201561
vt 0.225201 0.201561
vt 0.225201 0.300007
vt 0.223963 0.252337
vt 0.225201 0.347673
vt 0.223963 0.300007
vt 0.225201 0.398438
vt 0.223963 0.347673
vt 0.582788 0.652335
vt 0.581550 0.601559
vt 0.582788 0.601559
vt 0.582788 0.700005
vt 0.581550 0.652335
vt 0.582788 0.747671
vt 0.581550 0.700005
vt 0.582788 0.798436
vt 0.581550 0.747671
vt 0.777786 0.347662
vt 0.779024 0.398438
vt 0.777786 0.398438
vt 0.777786 0.299991
vt 0.779024 0.347662
vt 0.777786 0.252325
vt 0.779024 0.299991
vt 0.777786 0.201561
vt 0.779024 0.252325
vt 0.411478 0.147662
vt 0.412716 0.198438
vt 0.411478 0.198438
vt 0.411478 0.099991
vt 0.412716 0.147662
vt 0.411478 0.052325
vt 0.412716 0.099991
vt 0.411478 0.001561
vt 0.412716 0.052325
vt 0.164150 0.052338
vt 0.162912 0.001561
vt 0.164150 0.001561
vt 0.164150 0.100008
vt 0.162912 0.052338
vt 0.164150 0.147674
vt 0.162912 0.100008
vt 0.164150 0.198438
vt 0.162912 0.147674
vt 0.420200 0.547661
vt 0.421438 0.598437
vt 0.420200 0.598437
vt 0.420200 0.499991
vt 0.421438 0.547661
vt 0.420200 0.452325
vt 0.421438 0.499991
vt 0.420200 0.401560
vt 0.421438 0.452325
vt 0.294974 0.652335
vt 0.293736 0.601560
vt 0.294974 0.601560
vt 0.294974 0.700006
vt 0.293736 0.652335
vt 0.294974 0.747672
vt 0.293736 0.700006
vt 0.294974 0.798437
vt 0.293736 0.747672
vt 0.185954 0.252337
vt 0.184716 0.201561
vt 0.185954 0.201561
vt 0.185954 0.300007
vt 0.184716 0.252337
vt 0.185954 0.347673
vt 0.184716 0.300007
vt 0.185954 0.398438
vt 0.184716 0.347673
vt 0.995824 0.747674
vt 0.997062 0.798446
vt 0.995824 0.798446
vt 0.995824 0.700004
vt 0.997062 0.747674
vt 0.995824 0.652337
vt 0.997062 0.700004
vt 0.995824 0.601567
vt 0.997062 0.652337
vt 0.504294 0.652335
vt 0.503056 0.601559
vt 0.504294 0.601559
vt 0.504294 0.700005
vt 0.503056 0.652335
vt 0.504294 0.747671
vt 0.503056 0.700005
vt 0.504294 0.798436
vt 0.503056 0.747671
vt 0.107459 0.052338
vt 0.106221 0.001561
vt 0.107459 0.001561
vt 0.107459 0.100008
vt 0.106221 0.052338
vt 0.107459 0.147674
vt 0.106221 0.100008
vt 0.107459 0.198438
vt 0.106221 0.147674
vt 0.149829 0.747661
vt 0.151067 0.798437
vt 0.149829 0.798437
vt 0.149829 0.699991
vt 0.151067 0.747661
vt 0.149829 0.652325
vt 0.151067 0.699991
vt 0.149829 0.601560
vt 0.151067 0.652325
vt 0.133624 0.052338
vt 0.132386 0.001561
vt 0.133624 0.001561
vt 0.133624 0.100008
vt 0.132386 0.052338
vt 0.133624 0.147674
vt 0.132386 0.100008
vt 0.133624 0.198438
vt 0.132386 0.147674
vt 0.245767 0.947666
vt 0.247005 0.998438
vt 0.245767 0.998438
vt 0.245767 0.899996
vt 0.247005 0.947666
vt 0.245767 0.852329
vt 0.247005 0.899996
vt 0.245767 0.801559
vt 0.247005 0.852329
vt 0.651323 0.747661
vt 0.652561 0.798436
vt 0.651323 0.798436
vt 0.651323 0.699990
vt 0.652561 0.747661
vt 0.651323 0.652324
vt 0.652561 0.699990
vt 0.651323 0.601560
vt 0.652561 0.652324
vt 0.421438 0.252337
vt 0.420200 0.201561
vt 0.421438 0.201561
vt 0.421438 0.300007
vt 0.420200 0.252337
vt 0.421438 0.347673
vt 0.420200 0.300007
vt 0.421438 0.398437
vt 0.420200 0.347673
vt 0.438881 0.252337
vt 0.437643 0.201561
vt 0.438881 0.201561
vt 0.438881 0.300007
vt 0.437643 0.252337
vt 0.438881 0.347673
vt 0.437643 0.300007
vt 0.438881 0.398437
vt 0.437643 0.347673
vt 0.494334 0.147662
vt 0.495572 0.198438
vt 0.494334 0.198438
vt 0.494334 0.099991
vt 0.495572 0.147662
vt 0.494334 0.052326
vt 0.495572 0.099991
vt 0.494334 0.001561
vt 0.495572 0.052326
vt 0.939134 0.547672
vt 0.940372 0.598444
vt 0.939134 0.598444
vt 0.939134 0.500001
vt 0.940372 0.547672
vt 0.939134 0.452335
vt 0.940372 0.500001
vt 0.939134 0.401565
vt 0.940372 0.452335
vt 0.591510 0.652335
vt 0.590272 0.601559
vt 0.591510 0.601559
vt 0.591510 0.700005
vt 0.590272 0.652335
vt 0.591510 0.747672
vt 0.590272 0.700005
vt 0.591510 0.798436
vt 0.590272 0.747672
vt 0.190315 0.252337
vt 0.189077 0.201561
vt 0.190315 0.201561
vt 0.190315 0.300007
vt 0.189077 0.252337
vt 0.190315 0.347673
vt 0.189077 0.300007
vt 0.190315 0.398438
vt 0.189077 0.347673
vt 0.028964 0.252337
vt 0.027726 0.201561
vt 0.028964 0.201561
vt 0.028964 0.300008
vt 0.027726 0.252337
vt 0.028964 0.347673
vt 0.027726 0.300008
vt 0.028964 0.398438
vt 0.027726 0.347673
vt 0.007160 0.252337
vt 0.005922 0.201561
vt 0.007160 0.201561
vt 0.007160 0.300008
vt 0.005922 0.252337
vt 0.007160 0.347674
vt 0.005922 0.300008
vt 0.007160 0.398438
vt 0.005922 0.347674
vt 0.232685 0.547661
vt 0.233923 0.598437
vt 0.232685 0.598437
vt 0.232685 0.499991
vt 0.233923 0.547661
vt 0.232685 0.452325
vt 0.233923 0.499991
vt 0.232685 0.401560
vt 0.233923 0.452325
vt 0.180355 0.747661
vt 0.181593 0.798437
vt 0.180355 0.798437
vt 0.180355 0.699991
vt 0.181593 0.747661
vt 0.180355 0.652324
vt 0.181593 0.699991
vt 0.180355 0.601560
vt 0.181593 0.652324
vt 0.380952 0.547661
vt 0.382191 0.598437
vt 0.380952 0.598437
vt 0.380953 0.499991
vt 0.382191 0.547661
vt 0.380953 0.452325
vt 0.382191 0.499991
vt 0.380952 0.401560
vt 0.382191 0.452325
vt 0.395273 0.652335
vt 0.394035 0.601559
vt 0.395273 0.601559
vt 0.395273 0.700005
vt 0.394035 0.652335
vt 0.395273 0.747672
vt 0.394035 0.700005
vt 0.395273 0.798436
vt 0.394035 0.747672
vt 0.773425 0.147662
vt 0.774663 0.198438
vt 0.773425 0.198438
vt 0.773425 0.099992
vt 0.774663 0.147662
vt 0.773425 0.052326
vt 0.774663 0.099992
vt 0.773425 0.001561
vt 0.774663 0.052326
vt 0.066974 0.947667
vt 0.068212 0.998439
vt 0.066974 0.998439
vt 0.066974 0.899996
vt 0.068212 0.947667
vt 0.066974 0.852330
vt 0.068212 0.899996
vt 0.066974 0.801559
vt 0.068212 0.852330
vt 0.635118 0.652335
vt 0.633880 0.601560
vt 0.635118 0.601560
vt 0.635118 0.700005
vt 0.633880 0.652335
vt 0.635118 0.747672
vt 0.633880 0.700005
vt 0.635118 0.798436
vt 0.633880 0.747672
vt 0.729817 0.347662
vt 0.731055 0.398437
vt 0.729817 0.398437
vt 0.729817 0.299991
vt 0.731055 0.347662
vt 0.729817 0.252325
vt 0.731055 0.299991
vt 0.729817 0.201561
vt 0.731055 0.252325
vt 0.373469 0.652335
vt 0.372231 0.601560
vt 0.373469 0.601560
vt 0.373469 0.700006
vt 0.372231 0.652335
vt 0.373469 0.747672
vt 0.372231 0.700006
vt 0.373469 0.798437
vt 0.372231 0.747672
vt 0.001561 0.747661
vt 0.002800 0.798437
vt 0.001561 0.798437
vt 0.001561 0.699991
vt 0.002799 0.747661
vt 0.001562 0.652325
vt 0.002800 0.699991
vt 0.001561 0.601560
vt 0.002799 0.652325
vt 0.469407 0.652335
vt 0.468169 0.601560
vt 0.469407 0.601560
vt 0.469407 0.700006
vt 0.468169 0.652335
vt 0.469407 0.747672
vt 0.468169 0.700006
vt 0.469407 0.798436
vt 0.468169 0.747672
vt 0.071334 0.747661
vt 0.072573 0.798437
vt 0.071334 0.798437
vt 0.071335 0.699991
vt 0.072573 0.747661
vt 0.071335 0.652325
vt 0.072573 0.699991
vt 0.071334 0.601560
vt 0.072573 0.652325
vt 0.524860 0.547661
vt 0.526098 0.598437
vt 0.524860 0.598437
vt 0.524860 0.499991
vt 0.526098 0.547661
vt 0.524860 0.452325
vt 0.526098 0.499991
vt 0.524860 0.401560
vt 0.526098 0.452325
vt 0.886805 0.547671
vt 0.888043 0.598444
vt 0.886805 0.598444
vt 0.886805 0.500001
vt 0.888043 0.547671
vt 0.886805 0.452334
vt 0.888043 0.500001
vt 0.886805 0.401565
vt 0.888043 0.452334
vt 0.119303 0.747661
vt 0.120542 0.798437
vt 0.119303 0.798437
vt 0.119304 0.699991
vt 0.120542 0.747661
vt 0.119304 0.652325
vt 0.120542 0.699991
vt 0.119303 0.601560
vt 0.120542 0.652325
vt 0.607715 0.547661
vt 0.608953 0.598437
vt 0.607715 0.598437
vt 0.607715 0.499991
vt 0.608953 0.547661
vt 0.607715 0.452325
vt 0.608953 0.499991
vt 0.607715 0.401560
vt 0.608953 0.452325
vt 0.324262 0.947667
vt 0.325500 0.998438
vt 0.324262 0.998438
vt 0.324262 0.899996
vt 0.325500 0.947667
vt 0.324262 0.852329
vt 0.325500 0.899996
vt 0.324262 0.801559
vt 0.325500 0.852329
vt 0.342943 0.652335
vt 0.341705 0.601559
vt 0.342943 0.601559
vt 0.342943 0.700005
vt 0.341705 0.652335
vt 0.342943 0.747671
vt 0.341705 0.700005
vt 0.342943 0.798436
vt 0.341705 0.747671
vt 0.537942 0.347661
vt 0.539180 0.398438
vt 0.537942 0.398438
vt 0.537942 0.299991
vt 0.539180 0.347661
vt 0.537942 0.252325
vt 0.539180 0.299991
vt 0.537942 0.201561
vt 0.539180 0.252325
vt 0.351665 0.652335
vt 0.350427 0.601560
vt 0.351665 0.601560
vt 0.351665 0.700006
vt 0.350427 0.652335
vt 0.351665 0.747672
vt 0.350427 0.700006
vt 0.351665 0.798437
vt 0.350427 0.747672
vt 0.499933 0.652335
vt 0.498695 0.601559
vt 0.499933 0.601559
vt 0.499933 0.700005
vt 0.498695 0.652335
vt 0.499933 0.747671
vt 0.498695 0.700005
vt 0.499933 0.798436
vt 0.498695 0.747671
vt 0.574067 0.252337
vt 0.572829 0.201561
vt 0.574067 0.201561
vt 0.574067 0.300007
vt 0.572829 0.252337
vt 0.574067 0.347673
vt 0.572829 0.300007
vt 0.574067 0.398438
vt 0.572829 0.347673
vt 0.128025 0.947667
vt 0.129263 0.998438
vt 0.128025 0.998438
vt 0.128025 0.899996
vt 0.129263 0.947667
vt 0.128025 0.852329
vt 0.129263 0.899996
vt 0.128025 0.801559
vt 0.129263 0.852329
vt 0.094377 0.052338
vt 0.093139 0.001561
vt 0.094377 0.001561
vt 0.094377 0.100008
vt 0.093139 0.052338
vt 0.094377 0.147674
vt 0.093139 0.100008
vt 0.094377 0.198438
vt 0.093139 0.147674
vt 0.478129 0.652335
vt 0.476891 0.601560
vt 0.478129 0.601560
vt 0.478129 0.700006
vt 0.476891 0.652335
vt 0.478129 0.747672
vt 0.476891 0.700006
vt 0.478129 0.798437
vt 0.476891 0.747672
vt 0.189077 0.947667
vt 0.190315 0.998438
vt 0.189077 0.998438
vt 0.189077 0.899996
vt 0.190315 0.947667
vt 0.189077 0.852329
vt 0.190315 0.899996
vt 0.189077 0.801559
vt 0.190315 0.852329
vt 0.046408 0.252337
vt 0.045170 0.201561
vt 0.046408 0.201561
vt 0.046408 0.300008
vt 0.045170 0.252337
vt 0.046408 0.347673
vt 0.045170 0.300008
vt 0.046408 0.398438
vt 0.045170 0.347673
vt 0.372231 0.947666
vt 0.373469 0.998438
vt 0.372231 0.998438
vt 0.372231 0.899996
vt 0.373469 0.947666
vt 0.372231 0.852329
vt 0.373469 0.899996
vt 0.372231 0.801559
vt 0.373469 0.852329
vt 0.769064 0.547661
vt 0.770302 0.598437
vt 0.769064 0.598437
vt 0.769064 0.499991
vt 0.770302 0.547661
vt 0.769064 0.452325
vt 0.770302 0.499991
vt 0.769064 0.401560
vt 0.770302 0.452325
vt 0.103098 0.052338
vt 0.101860 0.001561
vt 0.103098 0.001561
vt 0.103098 0.100008
vt 0.101860 0.052338
vt 0.103098 0.147674
vt 0.101860 0.100008
vt 0.103098 0.198438
vt 0.101860 0.147674
vt 0.546664 0.347661
vt 0.547902 0.398437
vt 0.546664 0.398437
vt 0.546664 0.299991
vt 0.547902 0.347661
vt 0.546664 0.252325
vt 0.547902 0.299991
vt 0.546664 0.201561
vt 0.547902 0.252325
vt 0.425799 0.052337
vt 0.424561 0.001561
vt 0.425799 0.001561
vt 0.425799 0.100008
vt 0.424561 0.052337
vt 0.425799 0.147674
vt 0.424561 0.100008
vt 0.425799 0.198438
vt 0.424561 0.147674
vt 0.399634 0.652335
vt 0.398396 0.601559
vt 0.399634 0.601559
vt 0.399634 0.700005
vt 0.398396 0.652335
vt 0.399634 0.747672
vt 0.398396 0.700005
vt 0.399634 0.798436
vt 0.398396 0.747672
vt 0.088778 0.747661
vt 0.090016 0.798437
vt 0.088778 0.798437
vt 0.088778 0.699991
vt 0.090016 0.747661
vt 0.088778 0.652324
vt 0.090016 0.699991
vt 0.088778 0.601560
vt 0.090016 0.652324
vt 0.212119 0.252337
vt 0.210881 0.201561
vt 0.212119 0.201561
vt 0.212119 0.300007
vt 0.210881 0.252337
vt 0.212119 0.347673
vt 0.210881 0.300007
vt 0.212119 0.398438
vt 0.210881 0.347673
vt 0.956577 0.147668
vt 0.957816 0.198440
vt 0.956577 0.198440
vt 0.956578 0.099997
vt 0.957815 0.147668
vt 0.956578 0.052331
vt 0.957816 0.099997
vt 0.956578 0.001561
vt 0.957816 0.052331
vt 0.116181 0.052338
vt 0.114943 0.001561
vt 0.116181 0.001561
vt 0.116181 0.100008
vt 0.114943 0.052338
vt 0.116181 0.147674
vt 0.114943 0.100008
vt 0.116181 0.198438
vt 0.114943 0.147674
vt 0.608953 0.652335
vt 0.607715 0.601560
vt 0.608953 0.601560
vt 0.608953 0.700006
vt 0.607715 0.652335
vt 0.608953 0.747672
vt 0.607715 0.700006
vt 0.608953 0.798437
vt 0.607715 0.747672
vt 0.055129 0.252337
vt 0.053891 0.201561
vt 0.055129 0.201561
vt 0.055129 0.300008
vt 0.053891 0.252337
vt 0.055129 0.347673
vt 0.053891 0.300008
vt 0.055129 0.398438
vt 0.053891 0.347673
vt 0.622035 0.652336
vt 0.620797 0.601560
vt 0.622035 0.601560
vt 0.622035 0.700006
vt 0.620797 0.652336
vt 0.622035 0.747672
vt 0.620797 0.700006
vt 0.622035 0.798437
vt 0.620797 0.747672
vt 0.354788 0.947666
vt 0.356026 0.998438
vt 0.354788 0.998438
vt 0.354788 0.899996
vt 0.356026 0.947666
vt 0.354788 0.852329
vt 0.356026 0.899996
vt 0.354788 0.801559
vt 0.356026 0.852329
vt 0.402756 0.147662
vt 0.403995 0.198438
vt 0.402756 0.198438
vt 0.402757 0.099991
vt 0.403995 0.147662
vt 0.402757 0.052325
vt 0.403995 0.099991
vt 0.402757 0.001561
vt 0.403995 0.052325
vt 0.952217 0.747674
vt 0.953455 0.798446
vt 0.952217 0.798446
vt 0.952217 0.700003
vt 0.953455 0.747674
vt 0.952217 0.652337
vt 0.953455 0.700003
vt 0.952217 0.601567
vt 0.953455 0.652337
vt 0.424561 0.747661
vt 0.425799 0.798436
vt 0.424560 0.798436
vt 0.424561 0.699990
vt 0.425799 0.747661
vt 0.424561 0.652324
vt 0.425799 0.699990
vt 0.424561 0.601560
vt 0.425799 0.652324
vt 0.285015 0.547661
vt 0.286253 0.598437
vt 0.285015 0.598437
vt 0.285015 0.499991
vt 0.286253 0.547661
vt 0.285015 0.452325
vt 0.286253 0.499991
vt 0.285015 0.401560
vt 0.286253 0.452325
vt 0.582788 0.252337
vt 0.581550 0.201561
vt 0.582788 0.201561
vt 0.582788 0.300007
vt 0.581550 0.252337
vt 0.582788 0.347673
vt 0.581550 0.300007
vt 0.582788 0.398437
vt 0.581550 0.347673
vt 0.350427 0.947666
vt 0.351665 0.998438
vt 0.350427 0.998438
vt 0.350427 0.899996
vt 0.351665 0.947666
vt 0.350427 0.852329
vt 0.351665 0.899996
vt 0.350427 0.801559
vt 0.351665 0.852329
vt 0.517376 0.652336
vt 0.516138 0.601560
vt 0.517376 0.601560
vt 0.517376 0.700006
vt 0.516138 0.652336
vt 0.517376 0.747672
vt 0.516138 0.700006
vt 0.517376 0.798437
vt 0.516138 0.747672
vt 0.088778 0.947667
vt 0.090016 0.998438
vt 0.088778 0.998438
vt 0.088778 0.899996
vt 0.090016 0.947667
vt 0.088778 0.852330
vt 0.090016 0.899996
vt 0.088778 0.801559
vt 0.090016 0.852330
vt 0.552263 0.252337
vt 0.551025 0.201561
vt 0.552263 0.201561
vt 0.552263 0.300007
vt 0.551025 0.252337
vt 0.552263 0.347673
vt 0.551025 0.300007
vt 0.552263 0.398437
vt 0.551025 0.347673
vt 0.899887 0.347670
vt 0.901125 0.398442
vt 0.899887 0.398442
vt 0.899887 0.299999
vt 0.901125 0.347670
vt 0.899888 0.252333
vt 0.901125 0.299999
vt 0.899887 0.201563
vt 0.901125 0.252333
vt 0.129263 0.052338
vt 0.128025 0.001561
vt 0.129263 0.001561
vt 0.129263 0.100008
vt 0.128025 0.052338
vt 0.129263 0.147674
vt 0.128025 0.100008
vt 0.129263 0.198438
vt 0.128025 0.147674
vt 0.451964 0.652335
vt 0.450726 0.601560
vt 0.451964 0.601560
vt 0.451964 0.700005
vt 0.450726 0.652335
vt 0.451964 0.747672
vt 0.450726 0.700006
vt 0.451964 0.798436
vt 0.450726 0.747672
vt 0.154190 0.947667
vt 0.155428 0.998438
vt 0.154190 0.998438
vt 0.154190 0.899996
vt 0.155428 0.947667
vt 0.154190 0.852329
vt 0.155428 0.899996
vt 0.154190 0.801559
vt 0.155428 0.852329
vt 0.306819 0.347661
vt 0.308057 0.398437
vt 0.306819 0.398437
vt 0.306819 0.299991
vt 0.308057 0.347661
vt 0.306819 0.252325
vt 0.308057 0.299991
vt 0.306819 0.201561
vt 0.308057 0.252325
vt 0.421438 0.652335
vt 0.420200 0.601560
vt 0.421438 0.601560
vt 0.421438 0.700005
vt 0.420200 0.652335
vt 0.421438 0.747672
vt 0.420200 0.700005
vt 0.421438 0.798436
vt 0.420200 0.747672
vt 0.347304 0.252337
vt 0.346066 0.201561
vt 0.347304 0.201561
vt 0.347304 0.300007
vt 0.346066 0.252337
vt 0.347304 0.347673
vt 0.346066 0.300007
vt 0.347304 0.398438
vt 0.346066 0.347673
vt 0.995824 0.547672
vt 0.997062 0.598444
vt 0.995824 0.598444
vt 0.995824 0.500002
vt 0.997062 0.547672
vt 0.995824 0.452335
vt 0.997062 0.500002
vt 0.995824 0.401565
vt 0.997062 0.452335
vt 0.473768 0.252337
vt 0.472530 0.201561
vt 0.473768 0.201561
vt 0.473768 0.300007
vt 0.472530 0.252337
vt 0.473768 0.347673
vt 0.472530 0.300007
vt 0.473768 0.398437
vt 0.472530 0.347673
vt 0.250128 0.947666
vt 0.251366 0.998438
vt 0.250128 0.998438
vt 0.250128 0.899996
vt 0.251366 0.947666
vt 0.250128 0.852329
vt 0.251366 0.899996
vt 0.250128 0.801559
vt 0.251366 0.852329
vt 0.390912 0.652335
vt 0.389674 0.601560
vt 0.390912 0.601560
vt 0.390912 0.700006
vt 0.389674 0.652335
vt 0.390912 0.747672
vt 0.389674 0.700006
vt 0.390912 0.798437
vt 0.389674 0.747672
vt 0.939134 0.347670
vt 0.940372 0.398442
vt 0.939134 0.398442
vt 0.939134 0.299999
vt 0.940372 0.347670
vt 0.939134 0.252333
vt 0.940372 0.299999
vt 0.939134 0.201563
vt 0.940372 0.252333
vt 0.578428 0.052337
vt 0.577189 0.001561
vt 0.578428 0.001561
vt 0.578427 0.100008
vt 0.577189 0.052337
vt 0.578427 0.147674
vt 0.577189 0.100008
vt 0.578428 0.198438
vt 0.577190 0.147674
vt 0.934774 0.147668
vt 0.936012 0.198440
vt 0.934774 0.198440
vt 0.934774 0.099997
vt 0.936011 0.147668
vt 0.934774 0.052331
vt 0.936012 0.099997
vt 0.934774 0.001561
vt 0.936012 0.052331
vt 0.543541 0.052337
vt 0.542303 0.001561
vt 0.543541 0.001561
vt 0.543541 0.100008
vt 0.542303 0.052337
vt 0.543541 0.147674
vt 0.542303 0.100008
vt 0.543541 0.198438
vt 0.542303 0.147674
vt 0.347304 0.652335
vt 0.346066 0.601559
vt 0.347304 0.601559
vt 0.347304 0.700005
vt 0.346066 0.652335
vt 0.347304 0.747672
vt 0.346066 0.700005
vt 0.347304 0.798436
vt 0.346066 0.747672
vt 0.155428 0.052338
vt 0.154190 0.001561
vt 0.155428 0.001561
vt 0.155428 0.100008
vt 0.154190 0.052338
vt 0.155428 0.147674
vt 0.154190 0.100008
vt 0.155428 0.198438
vt 0.154190 0.147674
vt 0.289375 0.947667
vt 0.290613 0.998438
vt 0.289375 0.998438
vt 0.289375 0.899996
vt 0.290613 0.947667
vt 0.289376 0.852329
vt 0.290613 0.899996
vt 0.289375 0.801559
vt 0.290613 0.852329
vt 0.782146 0.147662
vt 0.783385 0.198438
vt 0.782146 0.198438
vt 0.782147 0.099992
vt 0.783385 0.147662
vt 0.782147 0.052326
vt 0.783385 0.099992
vt 0.782146 0.001561
vt 0.783384 0.052326
vt 0.947856 0.347670
vt 0.949094 0.398442
vt 0.947856 0.398442
vt 0.947856 0.299999
vt 0.949094 0.347670
vt 0.947856 0.252333
vt 0.949094 0.299999
vt 0.947856 0.201563
vt 0.949094 0.252333
vt 0.912970 0.147668
vt 0.914208 0.198440
vt 0.912970 0.198440
vt 0.912970 0.099997
vt 0.914208 0.147668
vt 0.912970 0.052331
vt 0.914208 0.099997
vt 0.912970 0.001561
vt 0.914208 0.052331
vt 0.407117 0.347661
vt 0.408355 0.398437
vt 0.407117 0.398437
vt 0.407117 0.299991
vt 0.408355 0.347661
vt 0.407118 0.252325
vt 0.408355 0.299991
vt 0.407117 0.201561
vt 0.408355 0.252325
vt 0.417077 0.252337
vt 0.415839 0.201561
vt 0.417077 0.201561
vt 0.417077 0.300007
vt 0.415839 0.252337
vt 0.417077 0.347673
vt 0.415839 0.300007
vt 0.417077 0.398437
vt 0.415839 0.347673
vt 0.167273 0.747661
vt 0.168511 0.798437
vt 0.167273 0.798437
vt 0.167273 0.699991
vt 0.168511 0.747661
vt 0.167273 0.652324
vt 0.168511 0.699991
vt 0.167273 0.601560
vt 0.168511 0.652324
vt 0.276293 0.547661
vt 0.277531 0.598437
vt 0.276293 0.598437
vt 0.276293 0.499991
vt 0.277531 0.547661
vt 0.276293 0.452325
vt 0.277531 0.499991
vt 0.276293 0.401560
vt 0.277531 0.452325
vt 0.587149 0.252337
vt 0.585911 0.201561
vt 0.587149 0.201561
vt 0.587149 0.300007
vt 0.585911 0.252337
vt 0.587149 0.347673
vt 0.585911 0.300007
vt 0.587149 0.398437
vt 0.585911 0.347673
vt 0.952217 0.147668
vt 0.953455 0.198440
vt 0.952217 0.198440
vt 0.952217 0.099997
vt 0.953455 0.147668
vt 0.952217 0.052331
vt 0.953455 0.099997
vt 0.952217 0.001561
vt 0.953455 0.052331
vt 0.456325 0.252337
vt 0.455086 0.201561
vt 0.456325 0.201561
vt 0.456324 0.300007
vt 0.455086 0.252337
vt 0.456324 0.347673
vt 0.455086 0.300007
vt 0.456325 0.398437
vt 0.455087 0.347673
vt 0.202159 0.747661
vt 0.203397 0.798437
vt 0.202159 0.798437
vt 0.202159 0.699991
vt 0.203397 0.747661
vt 0.202159 0.652324
vt 0.203397 0.699991
vt 0.202159 0.601560
vt 0.203397 0.652324
vt 0.119303 0.947667
vt 0.120542 0.998438
vt 0.119303 0.998438
vt 0.119304 0.899996
vt 0.120541 0.947667
vt 0.119304 0.852330
vt 0.120542 0.899996
vt 0.119304 0.801559
vt 0.120542 0.852330
vt 0.777786 0.147662
vt 0.779024 0.198438
vt 0.777786 0.198438
vt 0.777786 0.099992
vt 0.779024 0.147662
vt 0.777786 0.052326
vt 0.779024 0.099992
vt 0.777786 0.001561
vt 0.779024 0.052326
vt 0.081294 0.052338
vt 0.080056 0.001561
vt 0.081294 0.001561
vt 0.081294 0.100008
vt 0.080056 0.052338
vt 0.081294 0.147674
vt 0.080056 0.100008
vt 0.081294 0.198438
vt 0.080056 0.147674
vt 0.934773 0.747674
vt 0.936011 0.798446
vt 0.934773 0.798446
vt 0.934774 0.700003
vt 0.936011 0.747674
vt 0.934774 0.652336
vt 0.936011 0.700003
vt 0.934774 0.601567
vt 0.936011 0.652336
vt 0.555385 0.747661
vt 0.556624 0.798437
vt 0.555385 0.798437
vt 0.555386 0.699991
vt 0.556624 0.747661
vt 0.555386 0.652325
vt 0.556624 0.699991
vt 0.555385 0.601560
vt 0.556623 0.652325
vt 0.050769 0.252337
vt 0.049530 0.201561
vt 0.050769 0.201561
vt 0.050768 0.300008
vt 0.049530 0.252337
vt 0.050768 0.347673
vt 0.049530 0.300008
vt 0.050769 0.398438
vt 0.049530 0.347673
vt 0.451964 0.052337
vt 0.450726 0.001561
vt 0.451964 0.001561
vt 0.451964 0.100008
vt 0.450726 0.052337
vt 0.451964 0.147674
vt 0.450726 0.100008
vt 0.451964 0.198438
vt 0.450726 0.147674
vt 0.076933 0.252337
vt 0.075695 0.201561
vt 0.076933 0.201561
vt 0.076933 0.300008
vt 0.075695 0.252337
vt 0.076933 0.347673
vt 0.075695 0.300008
vt 0.076933 0.398438
vt 0.075695 0.347673
vt 0.316778 0.052338
vt 0.315540 0.001561
vt 0.316778 0.001561
vt 0.316778 0.100008
vt 0.315540 0.052338
vt 0.316778 0.147674
vt 0.315540 0.100008
vt 0.316778 0.198438
vt 0.315540 0.147674
vt 0.090016 0.052338
vt 0.088778 0.001561
vt 0.090016 0.001561
vt 0.090016 0.100008
vt 0.088778 0.052338
vt 0.090016 0.147674
vt 0.088778 0.100008
vt 0.090016 0.198438
vt 0.088778 0.147674
vt 0.987102 0.147669
vt 0.988341 0.198441
vt 0.987102 0.198441
vt 0.987102 0.099998
vt 0.988340 0.147669
vt 0.987103 0.052332
vt 0.988341 0.099998
vt 0.987102 0.001561
vt 0.988340 0.052332
vt 0.347304 0.052338
vt 0.346066 0.001561
vt 0.347304 0.001561
vt 0.347304 0.100008
vt 0.346066 0.052338
vt 0.347304 0.147674
vt 0.346066 0.100008
vt 0.347304 0.198438
vt 0.346066 0.147674
vt 0.377830 0.052338
vt 0.376592 0.001561
vt 0.377830 0.001561
vt 0.377830 0.100008
vt 0.376592 0.052338
vt 0.377830 0.147674
vt 0.376592 0.100008
vt 0.377830 0.198438
vt 0.376592 0.147674
vt 0.380952 0.347661
vt 0.382191 0.398437
vt 0.380952 0.398437
vt 0.380953 0.299991
vt 0.382191 0.347661
vt 0.380953 0.252325
vt 0.382191 0.299991
vt 0.380953 0.201561
vt 0.382191 0.252325
vt 0.281892 0.052338
vt 0.280654 0.001561
vt 0.281892 0.001561
vt 0.281892 0.100008
vt 0.280654 0.052338
vt 0.281892 0.147674
vt 0.280654 0.100008
vt 0.281892 0.198438
vt 0.280654 0.147674
vt 0.389674 0.347661
vt 0.390912 0.398437
vt 0.389674 0.398437
vt 0.389674 0.299991
vt 0.390912 0.347661
vt 0.389674 0.252325
vt 0.390912 0.299991
vt 0.389674 0.201561
vt 0.390912 0.252325
vt 0.238284 0.052338
vt 0.237046 0.001561
vt 0.238284 0.001561
vt 0.238284 0.100008
vt 0.237046 0.052338
vt 0.238284 0.147674
vt 0.237046 0.100008
vt 0.238284 0.198438
vt 0.237046 0.147674
vt 0.917330 0.347670
vt 0.918569 0.398442
vt 0.917330 0.398442
vt 0.917331 0.299999
vt 0.918568 0.347670
vt 0.917331 0.252333
vt 0.918569 0.299999
vt 0.917331 0.201563
vt 0.918569 0.252333
vt 0.851919 0.747673
vt 0.853157 0.798446
vt 0.851919 0.798446
vt 0.851919 0.700002
vt 0.853157 0.747673
vt 0.851919 0.652336
vt 0.853157 0.700002
vt 0.851919 0.601566
vt 0.853157 0.652336
vt 0.268809 0.052338
vt 0.267571 0.001561
vt 0.268809 0.001561
vt 0.268809 0.100008
vt 0.267571 0.052338
vt 0.268809 0.147674
vt 0.267571 0.100008
vt 0.268810 0.198438
vt 0.267571 0.147674
vt 0.494334 0.347661
vt 0.495572 0.398437
vt 0.494334 0.398437
vt 0.494334 0.299991
vt 0.495572 0.347661
vt 0.494334 0.252325
vt 0.495572 0.299991
vt 0.494334 0.201561
vt 0.495572 0.252325
vt 0.901125 0.001561
vt 0.603354 0.198438
vt 0.547902 0.001561
vt 0.922929 0.401565
vt 0.633880 0.198438
vt 0.598994 0.398438
vt 0.608953 0.001561
vt 0.922929 0.201563
vt 0.367870 0.198438
vt 0.350427 0.198438
vt 0.831353 0.401563
vt 0.216479 0.401560
vt 0.268809 0.401560
vt 0.513015 0.001561
vt 0.302458 0.198438
vt 0.319901 0.198438
vt 0.450726 0.398437
vt 0.853157 0.401565
vt 0.712374 0.798437
vt 0.687447 0.401560
vt 0.036448 0.198438
vt 0.280654 0.398438
vt 0.438881 0.801559
vt 0.207758 0.601560
vt 0.142346 0.401560
vt 0.019005 0.198438
vt 0.285015 0.798437
vt 0.988340 0.201563
vt 0.661282 0.001561
vt 0.489973 0.798436
vt 0.735416 0.201561
vt 0.263211 0.798436
vt 0.696168 0.401560
vt 0.058252 0.398438
vt 0.473768 0.401560
vt 0.164150 0.201561
vt 0.748498 0.201561
vt 0.840075 0.601564
vt 0.617674 0.601560
vt 0.683086 0.601560
vt 0.683086 0.401560
vt 0.258850 0.398438
vt 0.716735 0.798437
vt 0.703653 0.398437
vt 0.373469 0.401560
vt 0.883682 0.001561
vt 0.005922 0.198438
vt 0.494334 0.798436
vt 0.046408 0.801559
vt 0.840074 0.001561
vt 0.765941 0.401560
vt 0.202159 0.198438
vt 0.455087 0.198438
vt 0.687447 0.201561
vt 0.979619 0.601567
vt 0.394035 0.198438
vt 0.547902 0.401560
vt 0.983980 0.201563
vt 0.219603 0.798436
vt 0.312418 0.801559
vt 0.442004 0.198438
vt 0.389674 0.198438
vt 0.465046 0.401560
vt 0.482489 0.401560
vt 0.600231 0.001561
vt 0.722333 0.601560
vt 0.800827 0.401560
vt 0.966537 0.201563
vt 0.633880 0.598437
vt 0.046407 0.601560
vt 0.403994 0.601560
vt 0.049531 0.798436
vt 0.870600 0.601566
vt 0.708013 0.398438
vt 0.892404 0.001561
vt 0.594633 0.198438
vt 0.002799 0.401561
vt 0.063851 0.601560
vt 0.360386 0.801559
vt 0.324262 0.398438
vt 0.107459 0.801559
vt 0.342943 0.401560
vt 0.949094 0.001561
vt 0.591510 0.401560
vt 0.315541 0.398438
vt 0.124902 0.801559
vt 0.648200 0.201561
vt 0.298097 0.398438
vt 0.168510 0.401560
vt 0.059490 0.801559
vt 0.642601 0.398438
vt 0.042047 0.801559
vt 0.656921 0.401560
vt 0.944733 0.001561
vt 0.302458 0.598437
vt 0.918569 0.401565
vt 0.319901 0.598437
vt 0.646962 0.798436
vt 0.311180 0.198438
vt 0.997062 0.001561
vt 0.489973 0.198438
vt 0.866239 0.001561
vt 0.940372 0.601567
vt 0.552262 0.001561
vt 0.713612 0.001561
vt 0.524860 0.798436
vt 0.206520 0.398438
vt 0.604592 0.401560
vt 0.861879 0.601566
vt 0.485613 0.398437
vt 0.225201 0.601560
vt 0.037686 0.801559
vt 0.485613 0.198438
vt 0.359149 0.198438
vt 0.918569 0.001561
vt 0.290613 0.601560
vt 0.526098 0.201561
vt 0.578427 0.401560
vt 0.482489 0.201561
vt 0.316778 0.401560
vt 0.482489 0.001561
vt 0.321139 0.801559
vt 0.478129 0.001561
vt 0.014644 0.398438
vt 0.403994 0.401560
vt 0.639478 0.401560
vt 0.591510 0.001561
vt 0.328623 0.798436
vt 0.033325 0.801559
vt 0.020243 0.801559
vt 0.215242 0.398438
vt 0.254489 0.398438
vt 0.914208 0.401565
vt 0.389674 0.598437
vt 0.319901 0.398438
vt 0.332984 0.598437
vt 0.652561 0.001561
vt 0.704890 0.401560
vt 0.120541 0.401560
vt 0.372231 0.398438
vt 0.385314 0.598437
vt 0.137985 0.801559
vt 0.337345 0.398438
vt 0.574067 0.401560
vt 0.027727 0.598437
vt 0.626396 0.001561
vt 0.273170 0.801559
vt 0.053891 0.598437
vt 0.603354 0.398438
vt 0.783384 0.401560
vt 0.642601 0.598437
vt 0.944733 0.401565
vt 0.665643 0.401560
vt 0.094376 0.401560
vt 0.696169 0.001561
vt 0.700529 0.201561
vt 0.066974 0.598437
vt 0.005922 0.598437
vt 0.185954 0.401560
vt 0.271932 0.398438
vt 0.507417 0.598437
vt 0.369108 0.801559
vt 0.363509 0.398438
vt 0.360386 0.401560
vt 0.293737 0.398438
vt 0.289376 0.398438
vt 0.761580 0.601560
vt 0.010283 0.598437
vt 0.726694 0.201561
vt 0.909847 0.401565
vt 0.709251 0.001561
vt 0.761580 0.201561
vt 0.260088 0.801559
vt 0.354788 0.398438
vt 0.639478 0.201561
vt 0.691808 0.201561
vt 0.678725 0.201561
vt 0.612076 0.398437
vt 0.151067 0.801559
vt 0.626396 0.401560
vt 0.359149 0.398438
vt 0.164150 0.801559
vt 0.678725 0.401560
vt 0.377830 0.801559
vt 0.594633 0.398437
vt 0.700529 0.001561
vt 0.717973 0.001561
vt 0.107459 0.601560
vt 0.350427 0.398438
vt 0.818271 0.401563
vt 0.324262 0.598437
vt 0.922929 0.001561
vt 0.630757 0.401560
vt 0.670004 0.201561
vt 0.533582 0.598437
vt 0.311180 0.398438
vt 0.403995 0.801559
vt 0.354788 0.198438
vt 0.063851 0.801559
vt 0.136747 0.798437
vt 0.228324 0.398438
vt 0.770302 0.201561
vt 0.342943 0.801559
vt 0.359149 0.798437
vt 0.116181 0.801559
vt 0.752859 0.001561
vt 0.874961 0.601566
vt 0.337345 0.198438
vt 0.380953 0.798437
vt 0.212119 0.801559
vt 0.097500 0.198438
vt 0.430159 0.601560
vt 0.395273 0.401560
vt 0.168511 0.801559
vt 0.472530 0.198438
vt 0.242645 0.801559
vt 0.655684 0.798437
vt 0.905486 0.201563
vt 0.559747 0.398437
vt 0.905486 0.401565
vt 0.468169 0.398437
vt 0.485613 0.798436
vt 0.271932 0.198438
vt 0.992701 0.001561
vt 0.555386 0.198438
vt 0.866239 0.401565
vt 0.901125 0.401565
vt 0.543541 0.201561
vt 0.643839 0.001561
vt 0.385314 0.198438
vt 0.395273 0.201561
vt 0.023366 0.398438
vt 0.857518 0.601566
vt 0.241407 0.198438
vt 0.232685 0.198438
vt 0.372231 0.198438
vt 0.215242 0.198438
vt 0.443242 0.201561
vt 0.430159 0.001561
vt 0.180355 0.198438
vt 0.914208 0.601566
vt 0.197799 0.198438
vt 0.927290 0.601567
vt 0.478129 0.201561
vt 0.223964 0.198438
vt 0.306819 0.198438
vt 0.328623 0.198438
vt 0.245768 0.198438
vt 0.691808 0.001561
vt 0.491211 0.401560
vt 0.399634 0.201561
vt 0.380953 0.198438
vt 0.983980 0.601567
vt 0.979619 0.201563
vt 0.136747 0.398438
vt 0.617674 0.401560
vt 0.870600 0.001561
vt 0.459448 0.198438
vt 0.076933 0.601560
vt 0.696168 0.601560
vt 0.617674 0.201561
vt 0.543541 0.401560
vt 0.149830 0.598437
vt 0.670004 0.001561
vt 0.268809 0.601560
vt 0.883682 0.601566
vt 0.787745 0.601560
vt 0.225201 0.401560
vt 0.590272 0.398438
vt 0.062613 0.398438
vt 0.216480 0.801559
vt 0.412716 0.601559
vt 0.476891 0.598437
vt 0.581550 0.598437
vt 0.835714 0.401563
vt 0.866239 0.601566
vt 0.809549 0.401563
vt 0.774663 0.201561
vt 0.090016 0.401560
vt 0.071335 0.198438
vt 0.779023 0.401560
vt 0.045170 0.598437
vt 0.757219 0.401560
vt 0.600231 0.401560
vt 0.796467 0.601560
vt 0.931651 0.001561
vt 0.751621 0.398438
vt 0.787745 0.201561
vt 0.805188 0.401560
vt 0.805188 0.001561
vt 0.137985 0.401560
vt 0.190315 0.601560
vt 0.364747 0.401560
vt 0.957815 0.601567
vt 0.556623 0.401560
vt 0.354788 0.598437
vt 0.281892 0.801559
vt 0.742900 0.598437
vt 0.508654 0.201561
vt 0.709251 0.401560
vt 0.800827 0.001561
vt 0.739776 0.601560
vt 0.992701 0.401565
vt 0.513015 0.401560
vt 0.822631 0.601562
vt 0.199036 0.801559
vt 0.263211 0.398437
vt 0.002799 0.801560
vt 0.748498 0.601560
vt 0.613314 0.001561
vt 0.181593 0.401560
vt 0.503056 0.598437
vt 0.809549 0.601562
vt 0.765941 0.601560
vt 0.782147 0.798436
vt 0.927290 0.001561
vt 0.103098 0.401560
vt 0.199036 0.401560
vt 0.630757 0.001561
vt 0.678725 0.601560
vt 0.229562 0.801559
vt 0.486850 0.401560
vt 0.185954 0.801559
vt 0.036448 0.598437
vt 0.665643 0.201561
vt 0.539180 0.401560
vt 0.007160 0.801559
vt 0.622035 0.401560
vt 0.264449 0.801559
vt 0.302458 0.398438
vt 0.334222 0.801559
vt 0.551025 0.598437
vt 0.648200 0.401560
vt 0.918569 0.601566
vt 0.726694 0.401560
vt 0.665643 0.001561
vt 0.674365 0.401560
vt 0.901125 0.601566
vt 0.289376 0.598437
vt 0.909847 0.001561
vt 0.312417 0.401560
vt 0.233923 0.801559
vt 0.168510 0.201561
vt 0.443242 0.801559
vt 0.568468 0.198438
vt 0.735416 0.001561
vt 0.652561 0.201561
vt 0.299335 0.801559
vt 0.648200 0.001561
vt 0.085655 0.801559
vt 0.386551 0.801559
vt 0.530458 0.401561
vt 0.251366 0.401560
vt 0.193438 0.598437
vt 0.133624 0.401560
vt 0.696168 0.201561
vt 0.072572 0.801559
vt 0.377830 0.401560
vt 0.033325 0.401560
vt 0.896765 0.601566
vt 0.661282 0.201561
vt 0.351665 0.401560
vt 0.909847 0.201563
vt 0.517376 0.401560
vt 0.068211 0.601560
vt 0.722333 0.201561
vt 0.014644 0.598437
vt 0.367870 0.398438
vt 0.683086 0.001561
vt 0.308057 0.801559
vt 0.683086 0.201561
vt 0.276293 0.398438
vt 0.835714 0.201561
vt 0.726694 0.001561
vt 0.587149 0.401560
vt 0.704890 0.001561
vt 0.172871 0.801559
vt 0.177232 0.801559
vt 0.107459 0.401560
vt 0.569706 0.201561
vt 0.303696 0.801559
vt 0.626396 0.201561
vt 0.652561 0.401560
vt 0.717973 0.201561
vt 0.722333 0.001561
vt 0.220840 0.401560
vt 0.247005 0.401560
vt 0.232685 0.398438
vt 0.289376 0.198438
vt 0.028964 0.801559
vt 0.019005 0.398438
vt 0.451963 0.401560
vt 0.617674 0.001561
vt 0.298097 0.798437
vt 0.194676 0.801559
vt 0.526098 0.001561
vt 0.329861 0.401560
vt 0.595870 0.401560
vt 0.321139 0.601560
vt 0.050768 0.801559
vt 0.520499 0.798436
vt 0.164150 0.601560
vt 0.311180 0.798437
vt 0.254489 0.798437
vt 0.434520 0.201561
vt 0.408355 0.401560
vt 0.386551 0.201561
vt 0.417077 0.401560
vt 0.258850 0.198438
vt 0.347304 0.801559
vt 0.530458 0.601560
vt 0.447603 0.001561
vt 0.687447 0.001561
vt 0.228324 0.798437
vt 0.608953 0.201561
vt 0.613314 0.401560
vt 0.133624 0.601560
vt 0.011521 0.801559
vt 0.460685 0.401560
vt 0.177232 0.601560
vt 0.962176 0.201563
vt 0.569706 0.601560
vt 0.465046 0.201561
vt 0.463808 0.198438
vt 0.110582 0.398437
vt 0.507417 0.798437
vt 0.966537 0.601567
vt 0.459448 0.398437
vt 0.565345 0.401560
vt 0.966537 0.001561
vt 0.332984 0.798436
vt 0.957815 0.401565
vt 0.228324 0.198438
vt 0.731055 0.001561
vt 0.504294 0.201561
vt 0.569706 0.401560
vt 0.757219 0.201561
vt 0.521737 0.201561
vt 0.551025 0.798436
vt 0.905486 0.001561
vt 0.267572 0.398438
vt 0.219603 0.198438
vt 0.324262 0.798437
vt 0.722333 0.401560
vt 0.970898 0.401565
vt 0.503056 0.198438
vt 0.962176 0.601567
vt 0.128025 0.798437
vt 0.206520 0.198438
vt 0.459448 0.798436
vt 0.975258 0.601567
vt 0.010283 0.398438
vt 0.159789 0.801559
vt 0.664405 0.798437
vt 0.329861 0.801559
vt 0.499933 0.401560
vt 0.084417 0.398437
vt 0.874961 0.001561
vt 0.417077 0.601559
vt 0.465046 0.601559
vt 0.455087 0.798436
vt 0.927290 0.201563
vt 0.193438 0.398438
vt 0.857518 0.001561
vt 0.080056 0.398438
vt 0.861879 0.401565
vt 0.171634 0.198438
vt 0.857518 0.401565
vt 0.088778 0.398437
vt 0.093139 0.398437
vt 0.481252 0.798436
vt 0.861879 0.001561
vt 0.158551 0.198438
vt 0.970898 0.601567
vt 0.145469 0.198438
vt 0.363509 0.798437
vt 0.149830 0.198438
vt 0.175995 0.198438
vt 0.193438 0.198438
vt 0.953455 0.201563
vt 0.329861 0.201561
vt 0.420200 0.198438
vt 0.656921 0.001561
vt 0.024603 0.801559
vt 0.656921 0.201561
vt 0.276293 0.198438
vt 0.870600 0.401565
vt 0.529221 0.398438
vt 0.285015 0.198438
vt 0.425798 0.401560
vt 0.293737 0.198438
vt 0.245768 0.398438
vt 0.332984 0.198438
vt 0.992701 0.201563
vt 0.341705 0.198438
vt 0.363510 0.198438
vt 0.700529 0.401560
vt 0.521737 0.401560
vt 0.101861 0.398437
vt 0.184716 0.198438
vt 0.970898 0.201563
vt 0.975258 0.201563
vt 0.172871 0.401560
vt 0.678725 0.001561
vt 0.874961 0.401565
vt 0.670004 0.401560
vt 0.469407 0.401560
vt 0.411478 0.398437
vt 0.254489 0.198438
vt 0.324262 0.198438
vt 0.281892 0.401560
vt 0.141108 0.798437
vt 0.197799 0.398438
vt 0.975258 0.001561
vt 0.786507 0.598437
vt 0.124902 0.401560
vt 0.717972 0.401560
vt 0.141108 0.398438
vt 0.207758 0.801559
vt 0.298097 0.598437
vt 0.603354 0.798437
vt 0.547902 0.601560
vt 0.199036 0.601560
vt 0.809549 0.201561
vt 0.831353 0.201561
vt 0.033325 0.601560
vt 0.181593 0.201561
vt 0.177232 0.201561
vt 0.103098 0.601559
vt 0.042047 0.401560
vt 0.739776 0.001561
vt 0.081294 0.601560
vt 0.708013 0.798436
vt 0.076933 0.801559
vt 0.822631 0.401563
vt 0.757219 0.001561
vt 0.818271 0.001561
vt 0.818270 0.201561
vt 0.177232 0.401560
vt 0.813910 0.001561
vt 0.430159 0.401560
vt 0.848796 0.001561
vt 0.241407 0.598437
vt 0.369108 0.401560
vt 0.408355 0.801559
vt 0.831353 0.001561
vt 0.071335 0.398438
vt 0.809549 0.001561
vt 0.831353 0.601564
vt 0.053891 0.798436
vt 0.879322 0.401565
vt 0.133624 0.201561
vt 0.817033 0.798439
vt 0.015882 0.801559
vt 0.001562 0.198438
vt 0.286253 0.801559
vt 0.247005 0.601560
vt 0.002799 0.201561
vt 0.119304 0.198438
vt 0.534819 0.601560
vt 0.770302 0.601560
vt 0.014644 0.198438
vt 0.813910 0.401563
vt 0.813910 0.601562
vt 0.085655 0.601560
vt 0.271932 0.598437
vt 0.760343 0.198438
vt 0.129263 0.401560
vt 0.988340 0.601567
vt 0.242644 0.601560
vt 0.927290 0.401565
vt 0.023366 0.598437
vt 0.032087 0.198438
vt 0.786507 0.198438
vt 0.966537 0.401565
vt 0.251366 0.201561
vt 0.238284 0.801559
vt 0.779023 0.601560
vt 0.133624 0.801559
vt 0.447603 0.601560
vt 0.063851 0.401560
vt 0.844436 0.401565
vt 0.438881 0.401560
vt 0.792106 0.601560
vt 0.826992 0.201561
vt 0.848796 0.401565
vt 0.760343 0.598437
vt 0.840075 0.401563
vt 0.639478 0.601560
vt 0.879322 0.001561
vt 0.075696 0.598437
vt 0.390912 0.801559
vt 0.097500 0.798436
vt 0.280654 0.798437
vt 0.751621 0.598437
vt 0.997062 0.201563
vt 0.062613 0.198438
vt 0.098737 0.801559
vt 0.417077 0.801559
vt 0.172871 0.201561
vt 0.094376 0.601560
vt 0.765941 0.001561
vt 0.744137 0.201561
vt 0.790868 0.198438
vt 0.277531 0.801559
vt 0.691808 0.601560
vt 0.011521 0.601560
vt 0.294974 0.801559
vt 0.136747 0.198438
vt 0.800827 0.201561
vt 0.844436 0.001561
vt 0.238284 0.201561
vt 0.014644 0.798437
vt 0.565345 0.601560
vt 0.050768 0.401560
vt 0.800827 0.601560
vt 0.123665 0.198438
vt 0.962176 0.401565
vt 0.075696 0.198438
vt 0.674365 0.601560
vt 0.210881 0.798437
vt 0.260088 0.601560
vt 0.116181 0.201561
vt 0.565345 0.201561
vt 0.255727 0.801559
vt 0.888043 0.601566
vt 0.735416 0.401560
vt 0.072572 0.401560
vt 0.944733 0.201563
vt 0.146706 0.201561
vt 0.151067 0.201561
vt 0.049531 0.198438
vt 0.023366 0.798436
vt 0.111820 0.601559
vt 0.748498 0.001561
vt 0.673127 0.198438
vt 0.010283 0.198438
vt 0.892404 0.601566
vt 0.053892 0.198438
vt 0.625158 0.798436
vt 0.661282 0.601560
vt 0.805188 0.601560
vt 0.412716 0.801559
vt 0.129263 0.201561
vt 0.765941 0.201561
vt 0.443242 0.601559
vt 0.622035 0.201561
vt 0.922929 0.601566
vt 0.795229 0.398438
vt 0.399634 0.401560
vt 0.700529 0.601560
vt 0.670004 0.601560
vt 0.040809 0.198438
vt 0.796467 0.001561
vt 0.242644 0.201561
vt 0.028964 0.601560
vt 0.066974 0.398438
vt 0.203397 0.801559
vt 0.354788 0.798437
vt 0.155428 0.201561
vt 0.473768 0.601559
vt 0.729817 0.598437
vt 0.752859 0.601560
vt 0.338582 0.401560
vt 0.703652 0.798436
vt 0.848796 0.601566
vt 0.346066 0.598437
vt 0.207758 0.401560
vt 0.883682 0.401565
vt 0.835714 0.001561
vt 0.203397 0.201561
vt 0.642601 0.798436
vt 0.023366 0.198438
vt 0.774663 0.601560
vt 0.055129 0.801559
vt 0.686209 0.798436
vt 0.042047 0.601560
vt 0.896765 0.401565
vt 0.037686 0.601560
vt 0.382191 0.801559
vt 0.220840 0.201561
vt 0.729817 0.798436
vt 0.517376 0.201561
vt 0.595870 0.601560
vt 0.744137 0.601560
vt 0.058252 0.198438
vt 0.822631 0.001561
vt 0.822631 0.201561
vt 0.020242 0.601560
vt 0.162912 0.598437
vt 0.747260 0.598437
vt 0.146706 0.401560
vt 0.992701 0.601567
vt 0.338582 0.601560
vt 0.931651 0.401565
vt 0.019005 0.598437
vt 0.027727 0.198438
vt 0.773425 0.598437
vt 0.970898 0.001561
vt 0.286252 0.201561
vt 0.220840 0.801559
vt 0.757219 0.601560
vt 0.225201 0.801559
vt 0.630757 0.601559
vt 0.238284 0.401560
vt 0.844436 0.601566
vt 0.456324 0.401560
vt 0.805188 0.201561
vt 0.826992 0.401563
vt 0.848796 0.201563
vt 0.738539 0.398437
vt 0.844436 0.201563
vt 0.600231 0.601560
vt 0.879322 0.601566
vt 0.098737 0.401560
vt 0.399634 0.801559
vt 0.058252 0.798437
vt 0.574066 0.001561
vt 0.411478 0.598437
vt 0.962176 0.001561
vt 0.622035 0.001561
vt 0.539180 0.001561
vt 0.116181 0.401560
vt 0.560984 0.001561
vt 0.123665 0.398438
vt 0.507417 0.198438
vt 0.190315 0.401560
vt 0.813910 0.201561
vt 0.264448 0.401560
vt 0.085655 0.401560
vt 0.212119 0.401560
vt 0.513015 0.201561
vt 0.155428 0.401560
vt 0.158551 0.398438
vt 0.229562 0.401560
vt 0.529221 0.198438
vt 0.790868 0.398438
vt 0.059490 0.401560
vt 0.725456 0.798436
vt 0.826992 0.601562
vt 0.792106 0.401560
vt 0.949094 0.401565
vt 0.494334 0.598437
vt 0.826992 0.001561
vt 0.796467 0.401560
vt 0.111820 0.401560
vt 0.434520 0.401560
vt 0.744137 0.001561
vt 0.835714 0.601564
vt 0.892404 0.401565
vt 0.066974 0.198438
vt 0.739776 0.401560
vt 0.905486 0.601566
vt 0.233923 0.601560
vt 0.735416 0.601560
vt 0.007160 0.601560
vt 0.114943 0.798437
vt 0.556623 0.201561
vt 0.158551 0.598437
vt 0.260088 0.401560
vt 0.612076 0.798436
vt 0.103098 0.801559
vt 0.543541 0.601560
vt 0.534819 0.201561
vt 0.045170 0.198438
vt 0.840074 0.201561
vt 0.853157 0.001561
vt 0.438881 0.601560
vt 0.203397 0.401560
vt 0.081294 0.401560
vt 0.146706 0.601560
vt 0.983980 0.401565
vt 0.315541 0.798436
vt 0.308057 0.601560
vt 0.185954 0.601560
vt 0.193438 0.798437
vt 0.713612 0.201561
vt 0.097500 0.398437
vt 0.713612 0.401560
vt 0.210881 0.198438
vt 0.443242 0.401560
vt 0.888043 0.001561
vt 0.250128 0.798436
vt 0.691808 0.401560
vt 0.189077 0.198438
vt 0.276293 0.798437
vt 0.446365 0.398437
vt 0.377830 0.201561
vt 0.155428 0.601560
vt 0.983980 0.001561
vt 0.408355 0.001561
vt 0.560984 0.401560
vt 0.979619 0.401565
vt 0.302458 0.798437
vt 0.674365 0.201561
vt 0.250128 0.198438
vt 0.468169 0.198438
vt 0.661282 0.401560
vt 0.975258 0.401565
vt 0.263211 0.198438
vt 0.639478 0.001561
vt 0.979619 0.001561
vt 0.171634 0.798437
vt 0.181593 0.801559
vt 0.424561 0.398437
vt 0.298097 0.198438
vt 0.447603 0.401560
vt 0.407118 0.798436
vt 0.385314 0.798436
vt 0.415839 0.198438
vt 0.123665 0.798437
vt 0.957816 0.201563
vt 0.084417 0.198438
vt 0.585911 0.798436
vt 0.036448 0.398438
vt 0.511778 0.798437
vt 0.395273 0.801559
vt 0.399634 0.001561
vt 0.953455 0.401565
vt 0.238284 0.601560
vt 0.294974 0.401560
vt 0.585911 0.198438
vt 0.364747 0.801559
vt 0.433282 0.798436
vt 0.146706 0.801559
vt 0.564107 0.198438
vt 0.940372 0.001561
vt 0.141108 0.198438
vt 0.577190 0.798437
vt 0.094377 0.801559
vt 0.342943 0.201561
vt 0.271932 0.798437
vt 0.332984 0.398438
vt 0.988340 0.401565
vt 0.489973 0.398437
vt 0.268809 0.801559
vt 0.376592 0.798436
vt 0.936012 0.401565
vt 0.581550 0.198438
vt 0.936012 0.201563
vt 0.516138 0.198438
vt 0.367870 0.798437
vt 0.167273 0.198438
vt 0.338582 0.801559
vt 0.783384 0.201561
vt 0.944733 0.601567
vt 0.914208 0.201563
vt 0.403994 0.201561
vt 0.428922 0.398437
vt 0.159789 0.601560
vt 0.255727 0.401560
vt 0.577190 0.398438
vt 0.949094 0.601567
vt 0.433283 0.198438
vt 0.216479 0.601560
vt 0.111820 0.801559
vt 0.770302 0.001561
vt 0.110582 0.198438
vt 0.896765 0.001561
vt 0.539180 0.601560
vt 0.106221 0.398437
vt 0.437643 0.198438
vt 0.032087 0.398438
vt 0.308057 0.401560
vt 0.499933 0.201561
vt 0.316778 0.801559
vt 0.521737 0.001561
vt 0.534819 0.001561
vt 0.635117 0.201561
vt 0.498695 0.198438
vt 0.040809 0.398438
vt 0.559747 0.798437
vt 0.142346 0.801559
vt 0.081294 0.801559
vt 0.119304 0.398438
vt 0.572829 0.798436
vt 0.909847 0.601566
vt 0.223964 0.398438
vt 0.581550 0.798436
vt 0.779023 0.201561
vt 0.412716 0.001561
vt 0.162912 0.198438
vt 0.421438 0.401560
vt 0.293737 0.798437
vt 0.184716 0.398438
vt 0.997062 0.601567
vt 0.503056 0.798436
vt 0.106221 0.198438
vt 0.151067 0.601560
vt 0.132386 0.198438
vt 0.247005 0.801559
vt 0.652561 0.601560
vt 0.420200 0.398437
vt 0.437643 0.398437
vt 0.495572 0.001561
vt 0.940372 0.401565
vt 0.590272 0.798436
vt 0.189077 0.398438
vt 0.027727 0.398438
vt 0.005922 0.398438
vt 0.233923 0.401560
vt 0.181593 0.601560
vt 0.382190 0.401560
vt 0.394035 0.798436
vt 0.774663 0.001561
vt 0.068212 0.801559
vt 0.633880 0.798436
vt 0.731055 0.201561
vt 0.372231 0.798437
vt 0.002799 0.601560
vt 0.468169 0.798436
vt 0.072572 0.601560
vt 0.526098 0.401560
vt 0.888043 0.401565
vt 0.120541 0.601560
vt 0.608953 0.401560
vt 0.325500 0.801559
vt 0.341705 0.798436
vt 0.539180 0.201561
vt 0.350427 0.798437
vt 0.498695 0.798436
vt 0.572829 0.398438
vt 0.129263 0.801559
vt 0.093139 0.198438
vt 0.476891 0.798437
vt 0.190315 0.801559
vt 0.045170 0.398438
vt 0.373469 0.801559
vt 0.770302 0.401560
vt 0.101861 0.198438
vt 0.547902 0.201561
vt 0.424561 0.198438
vt 0.398396 0.798436
vt 0.090016 0.601560
vt 0.210881 0.398438
vt 0.957816 0.001561
vt 0.114943 0.198438
vt 0.607715 0.798437
vt 0.053892 0.398438
vt 0.620798 0.798437
vt 0.356026 0.801559
vt 0.403994 0.001561
vt 0.953455 0.601567
vt 0.425798 0.601560
vt 0.286252 0.401560
vt 0.581550 0.398437
vt 0.351665 0.801559
vt 0.516138 0.798437
vt 0.090016 0.801559
vt 0.551025 0.398437
vt 0.901125 0.201563
vt 0.128025 0.198438
vt 0.450726 0.798436
vt 0.155428 0.801559
vt 0.308057 0.201561
vt 0.420200 0.798436
vt 0.346066 0.398438
vt 0.997062 0.401565
vt 0.472530 0.398437
vt 0.251366 0.801559
vt 0.389674 0.798437
vt 0.940372 0.201563
vt 0.577190 0.198438
vt 0.936012 0.001561
vt 0.542303 0.198438
vt 0.346066 0.798436
vt 0.154190 0.198438
vt 0.290613 0.801559
vt 0.783384 0.001561
vt 0.949094 0.201563
vt 0.914208 0.001561
vt 0.408355 0.201561
vt 0.415839 0.398437
vt 0.168510 0.601560
vt 0.277531 0.401560
vt 0.585911 0.398437
vt 0.953455 0.001561
vt 0.455087 0.398437
vt 0.203397 0.601560
vt 0.120542 0.801559
vt 0.779023 0.001561
vt 0.080056 0.198438
vt 0.936011 0.601567
vt 0.556623 0.601560
vt 0.049531 0.398438
vt 0.450726 0.198438
vt 0.075696 0.398438
vt 0.315541 0.198438
vt 0.088778 0.198438
vt 0.988340 0.001561
vt 0.346066 0.198438
vt 0.376592 0.198438
vt 0.382190 0.201561
vt 0.280654 0.198438
vt 0.390912 0.201561
vt 0.237046 0.198438
vt 0.918569 0.201563
vt 0.853157 0.601566
vt 0.267572 0.198438
vt 0.495572 0.201561
s 1
usemtl Material.009
f 555/677/489 552/678/489 553/679/489
f 557/680/489 554/681/489 555/677/489
f 559/682/489 556/683/489 557/680/489
f 561/684/489 558/685/489 559/682/489
f 565/686/489 562/687/489 563/688/489
f 567/689/489 564/690/489 565/686/489
f 569/691/489 566/692/489 567/689/489
f 571/693/489 568/694/489 569/691/489
f 575/695/489 572/696/489 573/697/489
f 577/698/489 574/699/489 575/695/489
f 579/700/489 576/701/489 577/698/489
f 581/702/489 578/703/489 579/700/489
f 585/704/489 582/705/489 583/706/489
f 587/707/489 584/708/489 585/704/489
f 589/709/489 586/710/489 587/707/489
f 591/711/489 588/712/489 589/709/489
f 595/713/489 592/714/489 593/715/489
f 597/716/489 594/717/489 595/713/489
f 599/718/489 596/719/489 597/716/489
f 601/720/489 598/721/489 599/718/489
f 605/722/489 602/723/489 603/724/489
f 607/725/489 604/726/489 605/722/489
f 609/727/489 606/728/489 607/725/489
f 611/729/489 608/730/489 609/727/489
f 615/731/489 612/732/489 613/733/489
f 617/734/489 614/735/489 615/731/489
f 619/736/489 616/737/489 617/734/489
f 621/738/489 618/739/489 619/736/489
f 625/740/489 622/741/489 623/742/489
f 627/743/489 624/744/489 625/740/489
f 629/745/489 626/746/489 627/743/489
f 631/747/489 628/748/489 629/745/489
f 635/749/490 632/750/490 633/751/490
f 637/752/490 634/753/490 635/749/490
f 639/754/490 636/755/490 637/752/490
f 641/756/490 638/757/490 639/754/490
f 645/758/489 642/759/489 643/760/489
f 647/761/489 644/762/489 645/758/489
f 649/763/489 646/764/489 647/761/489
f 651/765/489 648/766/489 649/763/489
f 655/767/489 652/768/489 653/769/489
f 657/770/489 654/771/489 655/767/489
f 659/772/489 656/773/489 657/770/489
f 661/774/489 658/775/489 659/772/489
f 665/776/490 662/777/490 663/778/490
f 667/779/490 664/780/490 665/776/490
f 669/781/490 666/782/490 667/779/490
f 671/783/490 668/784/490 669/781/490
f 675/785/490 672/786/490 673/787/490
f 677/788/490 674/789/490 675/785/490
f 679/790/490 676/791/490 677/788/490
f 681/792/490 678/793/490 679/790/490
f 685/794/490 682/795/490 683/796/490
f 687/797/490 684/798/490 685/794/490
f 689/799/490 686/800/490 687/797/490
f 691/801/490 688/802/490 689/799/490
f 695/803/490 692/804/490 693/805/490
f 697/806/490 694/807/490 695/803/490
f 699/808/490 696/809/490 697/806/490
f 701/810/490 698/811/490 699/808/490
f 705/812/490 702/813/490 703/814/490
f 707/815/490 704/816/490 705/812/490
f 709/817/490 706/818/490 707/815/490
f 711/819/490 708/820/490 709/817/490
f 715/821/490 712/822/490 713/823/490
f 717/824/490 714/825/490 715/821/490
f 719/826/490 716/827/490 717/824/490
f 721/828/490 718/829/490 719/826/490
f 725/830/490 722/831/490 723/832/490
f 727/833/490 724/834/490 725/830/490
f 729/835/490 726/836/490 727/833/490
f 731/837/490 728/838/490 729/835/490
f 735/839/490 732/840/490 733/841/490
f 737/842/490 734/843/490 735/839/490
f 739/844/490 736/845/490 737/842/490
f 741/846/490 738/847/490 739/844/490
f 745/848/489 742/849/489 743/850/489
f 747/851/489 744/852/489 745/848/489
f 749/853/489 746/854/489 747/851/489
f 751/855/489 748/856/489 749/853/489
f 755/857/490 752/858/490 753/859/490
f 757/860/490 754/861/490 755/857/490
f 759/862/490 756/863/490 757/860/490
f 761/864/490 758/865/490 759/862/490
f 765/866/489 762/867/489 763/868/489
f 767/869/489 764/870/489 765/866/489
f 769/871/489 766/872/489 767/869/489
f 771/873/489 768/874/489 769/871/489
f 775/875/490 772/876/490 773/877/490
f 777/878/490 774/879/490 775/875/490
f 779/880/490 776/881/490 777/878/490
f 781/882/490 778/883/490 779/880/490
f 785/884/490 782/885/490 783/886/490
f 787/887/490 784/888/490 785/884/490
f 789/889/490 786/890/490 787/887/490
f 791/891/490 788/892/490 789/889/490
f 795/893/490 792/894/490 793/895/490
f 797/896/490 794/897/490 795/893/490
f 799/898/490 796/899/490 797/896/490
f 801/900/490 798/901/490 799/898/490
f 805/902/490 802/903/490 803/904/490
f 807/905/490 804/906/490 805/902/490
f 809/907/490 806/908/490 807/905/490
f 811/909/490 808/910/490 809/907/490
f 815/911/489 812/912/489 813/913/489
f 817/914/489 814/915/489 815/911/489
f 819/916/489 816/917/489 817/914/489
f 821/918/489 818/919/489 819/916/489
f 825/920/489 822/921/489 823/922/489
f 827/923/489 824/924/489 825/920/489
f 829/925/489 826/926/489 827/923/489
f 831/927/489 828/928/489 829/925/489
f 835/929/490 832/930/490 833/931/490
f 837/932/490 834/933/490 835/929/490
f 839/934/490 836/935/490 837/932/490
f 841/936/490 838/937/490 839/934/490
f 845/938/490 842/939/490 843/940/490
f 847/941/490 844/942/490 845/938/490
f 849/943/490 846/944/490 847/941/490
f 851/945/490 848/946/490 849/943/490
f 855/947/490 852/948/490 853/949/490
f 857/950/490 854/951/490 855/947/490
f 859/952/490 856/953/490 857/950/490
f 861/954/490 858/955/490 859/952/490
f 865/956/490 862/957/490 863/958/490
f 867/959/490 864/960/490 865/956/490
f 869/961/490 866/962/490 867/959/490
f 871/963/490 868/964/490 869/961/490
f 875/965/490 872/966/490 873/967/490
f 877/968/490 874/969/490 875/965/490
f 879/970/490 876/971/490 877/968/490
f 881/972/490 878/973/490 879/970/490
f 885/974/490 882/975/490 883/976/490
f 887/977/490 884/978/490 885/974/490
f 889/979/490 886/980/490 887/977/490
f 891/981/490 888/982/490 889/979/490
f 895/983/490 892/984/490 893/985/490
f 897/986/490 894/987/490 895/983/490
f 899/988/490 896/989/490 897/986/490
f 901/990/490 898/991/490 899/988/490
f 905/992/490 902/993/490 903/994/490
f 907/995/490 904/996/490 905/992/490
f 909/997/490 906/998/490 907/995/490
f 911/999/490 908/1000/490 909/997/490
f 915/1001/490 912/1002/490 913/1003/490
f 917/1004/490 914/1005/490 915/1001/490
f 919/1006/490 916/1007/490 917/1004/490
f 921/1008/490 918/1009/490 919/1006/490
f 925/1010/490 922/1011/490 923/1012/490
f 927/1013/490 924/1014/490 925/1010/490
f 929/1015/490 926/1016/490 927/1013/490
f 931/1017/490 928/1018/490 929/1015/490
f 935/1019/490 932/1020/490 933/1021/490
f 937/1022/490 934/1023/490 935/1019/490
f 939/1024/490 936/1025/490 937/1022/490
f 941/1026/490 938/1027/490 939/1024/490
f 945/1028/490 942/1029/490 943/1030/490
f 947/1031/490 944/1032/490 945/1028/490
f 949/1033/490 946/1034/490 947/1031/490
f 951/1035/490 948/1036/490 949/1033/490
f 955/1037/489 952/1038/489 953/1039/489
f 957/1040/489 954/1041/489 955/1037/489
f 959/1042/489 956/1043/489 957/1040/489
f 961/1044/489 958/1045/489 959/1042/489
f 965/1046/489 962/1047/489 963/1048/489
f 967/1049/489 964/1050/489 965/1046/489
f 969/1051/489 966/1052/489 967/1049/489
f 971/1053/489 968/1054/489 969/1051/489
f 975/1055/490 972/1056/490 973/1057/490
f 977/1058/490 974/1059/490 975/1055/490
f 979/1060/490 976/1061/490 977/1058/490
f 981/1062/490 978/1063/490 979/1060/490
f 985/1064/489 982/1065/489 983/1066/489
f 987/1067/489 984/1068/489 985/1064/489
f 989/1069/489 986/1070/489 987/1067/489
f 991/1071/489 988/1072/489 989/1069/489
f 995/1073/490 992/1074/490 993/1075/490
f 997/1076/490 994/1077/490 995/1073/490
f 999/1078/490 996/1079/490 997/1076/490
f 1001/1080/490 998/1081/490 999/1078/490
f 1005/1082/490 1002/1083/490 1003/1084/490
f 1007/1085/490 1004/1086/490 1005/1082/490
f 1009/1087/490 1006/1088/490 1007/1085/490
f 1011/1089/490 1008/1090/490 1009/1087/490
f 1015/1091/490 1012/1092/490 1013/1093/490
f 1017/1094/490 1014/1095/490 1015/1091/490
f 1019/1096/490 1016/1097/490 1017/1094/490
f 1021/1098/490 1018/1099/490 1019/1096/490
f 1025/1100/490 1022/1101/490 1023/1102/490
f 1027/1103/490 1024/1104/490 1025/1100/490
f 1029/1105/490 1026/1106/490 1027/1103/490
f 1031/1107/490 1028/1108/490 1029/1105/490
f 1035/1109/490 1032/1110/490 1033/1111/490
f 1037/1112/490 1034/1113/490 1035/1109/490
f 1039/1114/490 1036/1115/490 1037/1112/490
f 1041/1116/490 1038/1117/490 1039/1114/490
f 1045/1118/490 1042/1119/490 1043/1120/490
f 1047/1121/490 1044/1122/490 1045/1118/490
f 1049/1123/490 1046/1124/490 1047/1121/490
f 1051/1125/490 1048/1126/490 1049/1123/490
f 1055/1127/490 1052/1128/490 1053/1129/490
f 1057/1130/490 1054/1131/490 1055/1127/490
f 1059/1132/490 1056/1133/490 1057/1130/490
f 1061/1134/490 1058/1135/490 1059/1132/490
f 1065/1136/490 1062/1137/490 1063/1138/490
f 1067/1139/490 1064/1140/490 1065/1136/490
f 1069/1141/490 1066/1142/490 1067/1139/490
f 1071/1143/490 1068/1144/490 1069/1141/490
f 1075/1145/490 1072/1146/490 1073/1147/490
f 1077/1148/490 1074/1149/490 1075/1145/490
f 1079/1150/490 1076/1151/490 1077/1148/490
f 1081/1152/490 1078/1153/490 1079/1150/490
f 1085/1154/490 1082/1155/490 1083/1156/490
f 1087/1157/490 1084/1158/490 1085/1154/490
f 1089/1159/490 1086/1160/490 1087/1157/490
f 1091/1161/490 1088/1162/490 1089/1159/490
f 1095/1163/490 1092/1164/490 1093/1165/490
f 1097/1166/490 1094/1167/490 1095/1163/490
f 1099/1168/490 1096/1169/490 1097/1166/490
f 1101/1170/490 1098/1171/490 1099/1168/490
f 1105/1172/489 1102/1173/489 1103/1174/489
f 1107/1175/489 1104/1176/489 1105/1172/489
f 1109/1177/489 1106/1178/489 1107/1175/489
f 1111/1179/489 1108/1180/489 1109/1177/489
f 1115/1181/490 1112/1182/490 1113/1183/490
f 1117/1184/490 1114/1185/490 1115/1181/490
f 1119/1186/490 1116/1187/490 1117/1184/490
f 1121/1188/490 1118/1189/490 1119/1186/490
f 1125/1190/490 1122/1191/490 1123/1192/490
f 1127/1193/490 1124/1194/490 1125/1190/490
f 1129/1195/490 1126/1196/490 1127/1193/490
f 1131/1197/490 1128/1198/490 1129/1195/490
f 1135/1199/490 1132/1200/490 1133/1201/490
f 1137/1202/490 1134/1203/490 1135/1199/490
f 1139/1204/490 1136/1205/490 1137/1202/490
f 1141/1206/490 1138/1207/490 1139/1204/490
f 1145/1208/490 1142/1209/490 1143/1210/490
f 1147/1211/490 1144/1212/490 1145/1208/490
f 1149/1213/490 1146/1214/490 1147/1211/490
f 1151/1215/490 1148/1216/490 1149/1213/490
f 1155/1217/490 1152/1218/490 1153/1219/490
f 1157/1220/490 1154/1221/490 1155/1217/490
f 1159/1222/490 1156/1223/490 1157/1220/490
f 1161/1224/490 1158/1225/490 1159/1222/490
f 1165/1226/489 1162/1227/489 1163/1228/489
f 1167/1229/489 1164/1230/489 1165/1226/489
f 1169/1231/489 1166/1232/489 1167/1229/489
f 1171/1233/489 1168/1234/489 1169/1231/489
f 1175/1235/490 1172/1236/490 1173/1237/490
f 1177/1238/490 1174/1239/490 1175/1235/490
f 1179/1240/490 1176/1241/490 1177/1238/490
f 1181/1242/490 1178/1243/490 1179/1240/490
f 1185/1244/490 1182/1245/490 1183/1246/490
f 1187/1247/490 1184/1248/490 1185/1244/490
f 1189/1249/490 1186/1250/490 1187/1247/490
f 1191/1251/490 1188/1252/490 1189/1249/490
f 1195/1253/490 1192/1254/490 1193/1255/490
f 1197/1256/490 1194/1257/490 1195/1253/490
f 1199/1258/490 1196/1259/490 1197/1256/490
f 1201/1260/490 1198/1261/490 1199/1258/490
f 1205/1262/490 1202/1263/490 1203/1264/490
f 1207/1265/490 1204/1266/490 1205/1262/490
f 1209/1267/490 1206/1268/490 1207/1265/490
f 1211/1269/490 1208/1270/490 1209/1267/490
f 1215/1271/490 1212/1272/490 1213/1273/490
f 1217/1274/490 1214/1275/490 1215/1271/490
f 1219/1276/490 1216/1277/490 1217/1274/490
f 1221/1278/490 1218/1279/490 1219/1276/490
f 1225/1280/490 1222/1281/490 1223/1282/490
f 1227/1283/490 1224/1284/490 1225/1280/490
f 1229/1285/490 1226/1286/490 1227/1283/490
f 1231/1287/490 1228/1288/490 1229/1285/490
f 1235/1289/489 1232/1290/489 1233/1291/489
f 1237/1292/489 1234/1293/489 1235/1289/489
f 1239/1294/489 1236/1295/489 1237/1292/489
f 1241/1296/489 1238/1297/489 1239/1294/489
f 1245/1298/490 1242/1299/490 1243/1300/490
f 1247/1301/490 1244/1302/490 1245/1298/490
f 1249/1303/490 1246/1304/490 1247/1301/490
f 1251/1305/490 1248/1306/490 1249/1303/490
f 1255/1307/490 1252/1308/490 1253/1309/490
f 1257/1310/490 1254/1311/490 1255/1307/490
f 1259/1312/490 1256/1313/490 1257/1310/490
f 1261/1314/490 1258/1315/490 1259/1312/490
f 1265/1316/490 1262/1317/490 1263/1318/490
f 1267/1319/490 1264/1320/490 1265/1316/490
f 1269/1321/490 1266/1322/490 1267/1319/490
f 1271/1323/490 1268/1324/490 1269/1321/490
f 1275/1325/490 1272/1326/490 1273/1327/490
f 1277/1328/490 1274/1329/490 1275/1325/490
f 1279/1330/490 1276/1331/490 1277/1328/490
f 1281/1332/490 1278/1333/490 1279/1330/490
f 1285/1334/489 1282/1335/489 1283/1336/489
f 1287/1337/489 1284/1338/489 1285/1334/489
f 1289/1339/489 1286/1340/489 1287/1337/489
f 1291/1341/489 1288/1342/489 1289/1339/489
f 1295/1343/490 1292/1344/490 1293/1345/490
f 1297/1346/490 1294/1347/490 1295/1343/490
f 1299/1348/490 1296/1349/490 1297/1346/490
f 1301/1350/490 1298/1351/490 1299/1348/490
f 1305/1352/489 1302/1353/489 1303/1354/489
f 1307/1355/489 1304/1356/489 1305/1352/489
f 1309/1357/489 1306/1358/489 1307/1355/489
f 1311/1359/489 1308/1360/489 1309/1357/489
f 1315/1361/489 1312/1362/489 1313/1363/489
f 1317/1364/489 1314/1365/489 1315/1361/489
f 1319/1366/489 1316/1367/489 1317/1364/489
f 1321/1368/489 1318/1369/489 1319/1366/489
f 1325/1370/489 1322/1371/489 1323/1372/489
f 1327/1373/489 1324/1374/489 1325/1370/489
f 1329/1375/489 1326/1376/489 1327/1373/489
f 1331/1377/489 1328/1378/489 1329/1375/489
f 1335/1379/489 1332/1380/489 1333/1381/489
f 1337/1382/489 1334/1383/489 1335/1379/489
f 1339/1384/489 1336/1385/489 1337/1382/489
f 1341/1386/489 1338/1387/489 1339/1384/489
f 1345/1388/489 1342/1389/489 1343/1390/489
f 1347/1391/489 1344/1392/489 1345/1388/489
f 1349/1393/489 1346/1394/489 1347/1391/489
f 1351/1395/489 1348/1396/489 1349/1393/489
f 1355/1397/489 1352/1398/489 1353/1399/489
f 1357/1400/489 1354/1401/489 1355/1397/489
f 1359/1402/489 1356/1403/489 1357/1400/489
f 1361/1404/489 1358/1405/489 1359/1402/489
f 1365/1406/489 1362/1407/489 1363/1408/489
f 1367/1409/489 1364/1410/489 1365/1406/489
f 1369/1411/489 1366/1412/489 1367/1409/489
f 1371/1413/489 1368/1414/489 1369/1411/489
f 1375/1415/489 1372/1416/489 1373/1417/489
f 1377/1418/489 1374/1419/489 1375/1415/489
f 1379/1420/489 1376/1421/489 1377/1418/489
f 1381/1422/489 1378/1423/489 1379/1420/489
f 1385/1424/489 1382/1425/489 1383/1426/489
f 1387/1427/489 1384/1428/489 1385/1424/489
f 1389/1429/489 1386/1430/489 1387/1427/489
f 1391/1431/489 1388/1432/489 1389/1429/489
f 1395/1433/489 1392/1434/489 1393/1435/489
f 1397/1436/489 1394/1437/489 1395/1433/489
f 1399/1438/489 1396/1439/489 1397/1436/489
f 1401/1440/489 1398/1441/489 1399/1438/489
f 1405/1442/489 1402/1443/489 1403/1444/489
f 1407/1445/489 1404/1446/489 1405/1442/489
f 1409/1447/489 1406/1448/489 1407/1445/489
f 1411/1449/489 1408/1450/489 1409/1447/489
f 1415/1451/489 1412/1452/489 1413/1453/489
f 1417/1454/489 1414/1455/489 1415/1451/489
f 1419/1456/489 1416/1457/489 1417/1454/489
f 1421/1458/489 1418/1459/489 1419/1456/489
f 1425/1460/489 1422/1461/489 1423/1462/489
f 1427/1463/489 1424/1464/489 1425/1460/489
f 1429/1465/489 1426/1466/489 1427/1463/489
f 1431/1467/489 1428/1468/489 1429/1465/489
f 1435/1469/489 1432/1470/489 1433/1471/489
f 1437/1472/489 1434/1473/489 1435/1469/489
f 1439/1474/489 1436/1475/489 1437/1472/489
f 1441/1476/489 1438/1477/489 1439/1474/489
f 1445/1478/489 1442/1479/489 1443/1480/489
f 1447/1481/489 1444/1482/489 1445/1478/489
f 1449/1483/489 1446/1484/489 1447/1481/489
f 1451/1485/489 1448/1486/489 1449/1483/489
f 1455/1487/489 1452/1488/489 1453/1489/489
f 1457/1490/489 1454/1491/489 1455/1487/489
f 1459/1492/489 1456/1493/489 1457/1490/489
f 1461/1494/489 1458/1495/489 1459/1492/489
f 1465/1496/489 1462/1497/489 1463/1498/489
f 1467/1499/489 1464/1500/489 1465/1496/489
f 1469/1501/489 1466/1502/489 1467/1499/489
f 1471/1503/489 1468/1504/489 1469/1501/489
f 1475/1505/489 1472/1506/489 1473/1507/489
f 1477/1508/489 1474/1509/489 1475/1505/489
f 1479/1510/489 1476/1511/489 1477/1508/489
f 1481/1512/489 1478/1513/489 1479/1510/489
f 1485/1514/489 1482/1515/489 1483/1516/489
f 1487/1517/489 1484/1518/489 1485/1514/489
f 1489/1519/489 1486/1520/489 1487/1517/489
f 1491/1521/489 1488/1522/489 1489/1519/489
f 1495/1523/489 1492/1524/489 1493/1525/489
f 1497/1526/489 1494/1527/489 1495/1523/489
f 1499/1528/489 1496/1529/489 1497/1526/489
f 1501/1530/489 1498/1531/489 1499/1528/489
f 1505/1532/489 1502/1533/489 1503/1534/489
f 1507/1535/489 1504/1536/489 1505/1532/489
f 1509/1537/489 1506/1538/489 1507/1535/489
f 1511/1539/489 1508/1540/489 1509/1537/489
f 1515/1541/489 1512/1542/489 1513/1543/489
f 1517/1544/489 1514/1545/489 1515/1541/489
f 1519/1546/489 1516/1547/489 1517/1544/489
f 1521/1548/489 1518/1549/489 1519/1546/489
f 1525/1550/489 1522/1551/489 1523/1552/489
f 1527/1553/489 1524/1554/489 1525/1550/489
f 1529/1555/489 1526/1556/489 1527/1553/489
f 1531/1557/489 1528/1558/489 1529/1555/489
f 1535/1559/489 1532/1560/489 1533/1561/489
f 1537/1562/489 1534/1563/489 1535/1559/489
f 1539/1564/489 1536/1565/489 1537/1562/489
f 1541/1566/489 1538/1567/489 1539/1564/489
f 1545/1568/489 1542/1569/489 1543/1570/489
f 1547/1571/489 1544/1572/489 1545/1568/489
f 1549/1573/489 1546/1574/489 1547/1571/489
f 1551/1575/489 1548/1576/489 1549/1573/489
f 1555/1577/489 1552/1578/489 1553/1579/489
f 1557/1580/489 1554/1581/489 1555/1577/489
f 1559/1582/489 1556/1583/489 1557/1580/489
f 1561/1584/489 1558/1585/489 1559/1582/489
f 1565/1586/489 1562/1587/489 1563/1588/489
f 1567/1589/489 1564/1590/489 1565/1586/489
f 1569/1591/489 1566/1592/489 1567/1589/489
f 1571/1593/489 1568/1594/489 1569/1591/489
f 1575/1595/489 1572/1596/489 1573/1597/489
f 1577/1598/489 1574/1599/489 1575/1595/489
f 1579/1600/489 1576/1601/489 1577/1598/489
f 1581/1602/489 1578/1603/489 1579/1600/489
f 1585/1604/489 1582/1605/489 1583/1606/489
f 1587/1607/489 1584/1608/489 1585/1604/489
f 1589/1609/489 1586/1610/489 1587/1607/489
f 1591/1611/489 1588/1612/489 1589/1609/489
f 1595/1613/490 1592/1614/490 1593/1615/490
f 1597/1616/490 1594/1617/490 1595/1613/490
f 1599/1618/490 1596/1619/490 1597/1616/490
f 1601/1620/490 1598/1621/490 1599/1618/490
f 1605/1622/489 1602/1623/489 1603/1624/489
f 1607/1625/489 1604/1626/489 1605/1622/489
f 1609/1627/489 1606/1628/489 1607/1625/489
f 1611/1629/489 1608/1630/489 1609/1627/489
f 1615/1631/489 1612/1632/489 1613/1633/489
f 1617/1634/489 1614/1635/489 1615/1631/489
f 1619/1636/489 1616/1637/489 1617/1634/489
f 1621/1638/489 1618/1639/489 1619/1636/489
f 1625/1640/489 1622/1641/489 1623/1642/489
f 1627/1643/489 1624/1644/489 1625/1640/489
f 1629/1645/489 1626/1646/489 1627/1643/489
f 1631/1647/489 1628/1648/489 1629/1645/489
f 1635/1649/489 1632/1650/489 1633/1651/489
f 1637/1652/489 1634/1653/489 1635/1649/489
f 1639/1654/489 1636/1655/489 1637/1652/489
f 1641/1656/489 1638/1657/489 1639/1654/489
f 1645/1658/489 1642/1659/489 1643/1660/489
f 1647/1661/489 1644/1662/489 1645/1658/489
f 1649/1663/489 1646/1664/489 1647/1661/489
f 1651/1665/489 1648/1666/489 1649/1663/489
f 1655/1667/489 1652/1668/489 1653/1669/489
f 1657/1670/489 1654/1671/489 1655/1667/489
f 1659/1672/489 1656/1673/489 1657/1670/489
f 1661/1674/489 1658/1675/489 1659/1672/489
f 1665/1676/489 1662/1677/489 1663/1678/489
f 1667/1679/489 1664/1680/489 1665/1676/489
f 1669/1681/489 1666/1682/489 1667/1679/489
f 1671/1683/489 1668/1684/489 1669/1681/489
f 1675/1685/489 1672/1686/489 1673/1687/489
f 1677/1688/489 1674/1689/489 1675/1685/489
f 1679/1690/489 1676/1691/489 1677/1688/489
f 1681/1692/489 1678/1693/489 1679/1690/489
f 1685/1694/489 1682/1695/489 1683/1696/489
f 1687/1697/489 1684/1698/489 1685/1694/489
f 1689/1699/489 1686/1700/489 1687/1697/489
f 1691/1701/489 1688/1702/489 1689/1699/489
f 1695/1703/489 1692/1704/489 1693/1705/489
f 1697/1706/489 1694/1707/489 1695/1703/489
f 1699/1708/489 1696/1709/489 1697/1706/489
f 1701/1710/489 1698/1711/489 1699/1708/489
f 1705/1712/489 1702/1713/489 1703/1714/489
f 1707/1715/489 1704/1716/489 1705/1712/489
f 1709/1717/489 1706/1718/489 1707/1715/489
f 1711/1719/489 1708/1720/489 1709/1717/489
f 1715/1721/489 1712/1722/489 1713/1723/489
f 1717/1724/489 1714/1725/489 1715/1721/489
f 1719/1726/489 1716/1727/489 1717/1724/489
f 1721/1728/489 1718/1729/489 1719/1726/489
f 1725/1730/489 1722/1731/489 1723/1732/489
f 1727/1733/489 1724/1734/489 1725/1730/489
f 1729/1735/489 1726/1736/489 1727/1733/489
f 1731/1737/489 1728/1738/489 1729/1735/489
f 1735/1739/489 1732/1740/489 1733/1741/489
f 1737/1742/489 1734/1743/489 1735/1739/489
f 1739/1744/489 1736/1745/489 1737/1742/489
f 1741/1746/489 1738/1747/489 1739/1744/489
f 1745/1748/489 1742/1749/489 1743/1750/489
f 1747/1751/489 1744/1752/489 1745/1748/489
f 1749/1753/489 1746/1754/489 1747/1751/489
f 1751/1755/489 1748/1756/489 1749/1753/489
f 1755/1757/489 1752/1758/489 1753/1759/489
f 1757/1760/489 1754/1761/489 1755/1757/489
f 1759/1762/489 1756/1763/489 1757/1760/489
f 1761/1764/489 1758/1765/489 1759/1762/489
f 1765/1766/489 1762/1767/489 1763/1768/489
f 1767/1769/489 1764/1770/489 1765/1766/489
f 1769/1771/489 1766/1772/489 1767/1769/489
f 1771/1773/489 1768/1774/489 1769/1771/489
f 1775/1775/489 1772/1776/489 1773/1777/489
f 1777/1778/489 1774/1779/489 1775/1775/489
f 1779/1780/489 1776/1781/489 1777/1778/489
f 1781/1782/489 1778/1783/489 1779/1780/489
f 1785/1784/489 1782/1785/489 1783/1786/489
f 1787/1787/489 1784/1788/489 1785/1784/489
f 1789/1789/489 1786/1790/489 1787/1787/489
f 1791/1791/489 1788/1792/489 1789/1789/489
f 1795/1793/489 1792/1794/489 1793/1795/489
f 1797/1796/489 1794/1797/489 1795/1793/489
f 1799/1798/489 1796/1799/489 1797/1796/489
f 1801/1800/489 1798/1801/489 1799/1798/489
f 1805/1802/489 1802/1803/489 1803/1804/489
f 1807/1805/489 1804/1806/489 1805/1802/489
f 1809/1807/489 1806/1808/489 1807/1805/489
f 1811/1809/489 1808/1810/489 1809/1807/489
f 1815/1811/489 1812/1812/489 1813/1813/489
f 1817/1814/489 1814/1815/489 1815/1811/489
f 1819/1816/489 1816/1817/489 1817/1814/489
f 1821/1818/489 1818/1819/489 1819/1816/489
f 1825/1820/489 1822/1821/489 1823/1822/489
f 1827/1823/489 1824/1824/489 1825/1820/489
f 1829/1825/489 1826/1826/489 1827/1823/489
f 1831/1827/489 1828/1828/489 1829/1825/489
f 1835/1829/489 1832/1830/489 1833/1831/489
f 1837/1832/489 1834/1833/489 1835/1829/489
f 1839/1834/489 1836/1835/489 1837/1832/489
f 1841/1836/489 1838/1837/489 1839/1834/489
f 1845/1838/489 1842/1839/489 1843/1840/489
f 1847/1841/489 1844/1842/489 1845/1838/489
f 1849/1843/489 1846/1844/489 1847/1841/489
f 1851/1845/489 1848/1846/489 1849/1843/489
f 1855/1847/489 1852/1848/489 1853/1849/489
f 1857/1850/489 1854/1851/489 1855/1847/489
f 1859/1852/489 1856/1853/489 1857/1850/489
f 1861/1854/489 1858/1855/489 1859/1852/489
f 1865/1856/489 1862/1857/489 1863/1858/489
f 1867/1859/489 1864/1860/489 1865/1856/489
f 1869/1861/489 1866/1862/489 1867/1859/489
f 1871/1863/489 1868/1864/489 1869/1861/489
f 1875/1865/489 1872/1866/489 1873/1867/489
f 1877/1868/489 1874/1869/489 1875/1865/489
f 1879/1870/489 1876/1871/489 1877/1868/489
f 1881/1872/489 1878/1873/489 1879/1870/489
f 1885/1874/489 1882/1875/489 1883/1876/489
f 1887/1877/489 1884/1878/489 1885/1874/489
f 1889/1879/489 1886/1880/489 1887/1877/489
f 1891/1881/489 1888/1882/489 1889/1879/489
f 1895/1883/489 1892/1884/489 1893/1885/489
f 1897/1886/489 1894/1887/489 1895/1883/489
f 1899/1888/489 1896/1889/489 1897/1886/489
f 1901/1890/489 1898/1891/489 1899/1888/489
f 1905/1892/489 1902/1893/489 1903/1894/489
f 1907/1895/489 1904/1896/489 1905/1892/489
f 1909/1897/489 1906/1898/489 1907/1895/489
f 1911/1899/489 1908/1900/489 1909/1897/489
f 1915/1901/489 1912/1902/489 1913/1903/489
f 1917/1904/489 1914/1905/489 1915/1901/489
f 1919/1906/489 1916/1907/489 1917/1904/489
f 1921/1908/489 1918/1909/489 1919/1906/489
f 1925/1910/489 1922/1911/489 1923/1912/489
f 1927/1913/489 1924/1914/489 1925/1910/489
f 1929/1915/489 1926/1916/489 1927/1913/489
f 1931/1917/489 1928/1918/489 1929/1915/489
f 1935/1919/489 1932/1920/489 1933/1921/489
f 1937/1922/489 1934/1923/489 1935/1919/489
f 1939/1924/489 1936/1925/489 1937/1922/489
f 1941/1926/489 1938/1927/489 1939/1924/489
f 1945/1928/489 1942/1929/489 1943/1930/489
f 1947/1931/489 1944/1932/489 1945/1928/489
f 1949/1933/489 1946/1934/489 1947/1931/489
f 1951/1935/489 1948/1936/489 1949/1933/489
f 1955/1937/489 1952/1938/489 1953/1939/489
f 1957/1940/489 1954/1941/489 1955/1937/489
f 1959/1942/489 1956/1943/489 1957/1940/489
f 1961/1944/489 1958/1945/489 1959/1942/489
f 1965/1946/489 1962/1947/489 1963/1948/489
f 1967/1949/489 1964/1950/489 1965/1946/489
f 1969/1951/489 1966/1952/489 1967/1949/489
f 1971/1953/489 1968/1954/489 1969/1951/489
f 1975/1955/489 1972/1956/489 1973/1957/489
f 1977/1958/489 1974/1959/489 1975/1955/489
f 1979/1960/489 1976/1961/489 1977/1958/489
f 1981/1962/489 1978/1963/489 1979/1960/489
f 1985/1964/489 1982/1965/489 1983/1966/489
f 1987/1967/489 1984/1968/489 1985/1964/489
f 1989/1969/489 1986/1970/489 1987/1967/489
f 1991/1971/489 1988/1972/489 1989/1969/489
f 1995/1973/489 1992/1974/489 1993/1975/489
f 1997/1976/489 1994/1977/489 1995/1973/489
f 1999/1978/489 1996/1979/489 1997/1976/489
f 2001/1980/489 1998/1981/489 1999/1978/489
f 2005/1982/489 2002/1983/489 2003/1984/489
f 2007/1985/489 2004/1986/489 2005/1982/489
f 2009/1987/489 2006/1988/489 2007/1985/489
f 2011/1989/489 2008/1990/489 2009/1987/489
f 2015/1991/489 2012/1992/489 2013/1993/489
f 2017/1994/489 2014/1995/489 2015/1991/489
f 2019/1996/489 2016/1997/489 2017/1994/489
f 2021/1998/489 2018/1999/489 2019/1996/489
f 2025/2000/489 2022/2001/489 2023/2002/489
f 2027/2003/489 2024/2004/489 2025/2000/489
f 2029/2005/489 2026/2006/489 2027/2003/489
f 2031/2007/489 2028/2008/489 2029/2005/489
f 2035/2009/489 2032/2010/489 2033/2011/489
f 2037/2012/489 2034/2013/489 2035/2009/489
f 2039/2014/489 2036/2015/489 2037/2012/489
f 2041/2016/489 2038/2017/489 2039/2014/489
f 2045/2018/489 2042/2019/489 2043/2020/489
f 2047/2021/489 2044/2022/489 2045/2018/489
f 2049/2023/489 2046/2024/489 2047/2021/489
f 2051/2025/489 2048/2026/489 2049/2023/489
f 2055/2027/489 2052/2028/489 2053/2029/489
f 2057/2030/489 2054/2031/489 2055/2027/489
f 2059/2032/489 2056/2033/489 2057/2030/489
f 2061/2034/489 2058/2035/489 2059/2032/489
f 2065/2036/489 2062/2037/489 2063/2038/489
f 2067/2039/489 2064/2040/489 2065/2036/489
f 2069/2041/489 2066/2042/489 2067/2039/489
f 2071/2043/489 2068/2044/489 2069/2041/489
f 2075/2045/489 2072/2046/489 2073/2047/489
f 2077/2048/489 2074/2049/489 2075/2045/489
f 2079/2050/489 2076/2051/489 2077/2048/489
f 2081/2052/489 2078/2053/489 2079/2050/489
f 2085/2054/489 2082/2055/489 2083/2056/489
f 2087/2057/489 2084/2058/489 2085/2054/489
f 2089/2059/489 2086/2060/489 2087/2057/489
f 2091/2061/489 2088/2062/489 2089/2059/489
f 2095/2063/489 2092/2064/489 2093/2065/489
f 2097/2066/489 2094/2067/489 2095/2063/489
f 2099/2068/489 2096/2069/489 2097/2066/489
f 2101/2070/489 2098/2071/489 2099/2068/489
f 2105/2072/489 2102/2073/489 2103/2074/489
f 2107/2075/489 2104/2076/489 2105/2072/489
f 2109/2077/489 2106/2078/489 2107/2075/489
f 2111/2079/489 2108/2080/489 2109/2077/489
f 2115/2081/489 2112/2082/489 2113/2083/489
f 2117/2084/489 2114/2085/489 2115/2081/489
f 2119/2086/489 2116/2087/489 2117/2084/489
f 2121/2088/489 2118/2089/489 2119/2086/489
f 2125/2090/489 2122/2091/489 2123/2092/489
f 2127/2093/489 2124/2094/489 2125/2090/489
f 2129/2095/489 2126/2096/489 2127/2093/489
f 2131/2097/489 2128/2098/489 2129/2095/489
f 2135/2099/489 2132/2100/489 2133/2101/489
f 2137/2102/489 2134/2103/489 2135/2099/489
f 2139/2104/489 2136/2105/489 2137/2102/489
f 2141/2106/489 2138/2107/489 2139/2104/489
f 2145/2108/489 2142/2109/489 2143/2110/489
f 2147/2111/489 2144/2112/489 2145/2108/489
f 2149/2113/489 2146/2114/489 2147/2111/489
f 2151/2115/489 2148/2116/489 2149/2113/489
f 2155/2117/489 2152/2118/489 2153/2119/489
f 2157/2120/489 2154/2121/489 2155/2117/489
f 2159/2122/489 2156/2123/489 2157/2120/489
f 2161/2124/489 2158/2125/489 2159/2122/489
f 2165/2126/489 2162/2127/489 2163/2128/489
f 2167/2129/489 2164/2130/489 2165/2126/489
f 2169/2131/489 2166/2132/489 2167/2129/489
f 2171/2133/489 2168/2134/489 2169/2131/489
f 2175/2135/489 2172/2136/489 2173/2137/489
f 2177/2138/489 2174/2139/489 2175/2135/489
f 2179/2140/489 2176/2141/489 2177/2138/489
f 2181/2142/489 2178/2143/489 2179/2140/489
f 2185/2144/489 2182/2145/489 2183/2146/489
f 2187/2147/489 2184/2148/489 2185/2144/489
f 2189/2149/489 2186/2150/489 2187/2147/489
f 2191/2151/489 2188/2152/489 2189/2149/489
f 2195/2153/489 2192/2154/489 2193/2155/489
f 2197/2156/489 2194/2157/489 2195/2153/489
f 2199/2158/489 2196/2159/489 2197/2156/489
f 2201/2160/489 2198/2161/489 2199/2158/489
f 2205/2162/489 2202/2163/489 2203/2164/489
f 2207/2165/489 2204/2166/489 2205/2162/489
f 2209/2167/489 2206/2168/489 2207/2165/489
f 2211/2169/489 2208/2170/489 2209/2167/489
f 2215/2171/489 2212/2172/489 2213/2173/489
f 2217/2174/489 2214/2175/489 2215/2171/489
f 2219/2176/489 2216/2177/489 2217/2174/489
f 2221/2178/489 2218/2179/489 2219/2176/489
f 2225/2180/489 2222/2181/489 2223/2182/489
f 2227/2183/489 2224/2184/489 2225/2180/489
f 2229/2185/489 2226/2186/489 2227/2183/489
f 2231/2187/489 2228/2188/489 2229/2185/489
f 2235/2189/489 2232/2190/489 2233/2191/489
f 2237/2192/489 2234/2193/489 2235/2189/489
f 2239/2194/489 2236/2195/489 2237/2192/489
f 2241/2196/489 2238/2197/489 2239/2194/489
f 2245/2198/489 2242/2199/489 2243/2200/489
f 2247/2201/489 2244/2202/489 2245/2198/489
f 2249/2203/489 2246/2204/489 2247/2201/489
f 2251/2205/489 2248/2206/489 2249/2203/489
f 2255/2207/489 2252/2208/489 2253/2209/489
f 2257/2210/489 2254/2211/489 2255/2207/489
f 2259/2212/489 2256/2213/489 2257/2210/489
f 2261/2214/489 2258/2215/489 2259/2212/489
f 2265/2216/489 2262/2217/489 2263/2218/489
f 2267/2219/489 2264/2220/489 2265/2216/489
f 2269/2221/489 2266/2222/489 2267/2219/489
f 2271/2223/489 2268/2224/489 2269/2221/489
f 2275/2225/489 2272/2226/489 2273/2227/489
f 2277/2228/489 2274/2229/489 2275/2225/489
f 2279/2230/489 2276/2231/489 2277/2228/489
f 2281/2232/489 2278/2233/489 2279/2230/489
f 2285/2234/489 2282/2235/489 2283/2236/489
f 2287/2237/489 2284/2238/489 2285/2234/489
f 2289/2239/489 2286/2240/489 2287/2237/489
f 2291/2241/489 2288/2242/489 2289/2239/489
f 2295/2243/489 2292/2244/489 2293/2245/489
f 2297/2246/489 2294/2247/489 2295/2243/489
f 2299/2248/489 2296/2249/489 2297/2246/489
f 2301/2250/489 2298/2251/489 2299/2248/489
f 2305/2252/489 2302/2253/489 2303/2254/489
f 2307/2255/489 2304/2256/489 2305/2252/489
f 2309/2257/489 2306/2258/489 2307/2255/489
f 2311/2259/489 2308/2260/489 2309/2257/489
f 2315/2261/489 2312/2262/489 2313/2263/489
f 2317/2264/489 2314/2265/489 2315/2261/489
f 2319/2266/489 2316/2267/489 2317/2264/489
f 2321/2268/489 2318/2269/489 2319/2266/489
f 2325/2270/489 2322/2271/489 2323/2272/489
f 2327/2273/489 2324/2274/489 2325/2270/489
f 2329/2275/489 2326/2276/489 2327/2273/489
f 2331/2277/489 2328/2278/489 2329/2275/489
f 2335/2279/489 2332/2280/489 2333/2281/489
f 2337/2282/489 2334/2283/489 2335/2279/489
f 2339/2284/489 2336/2285/489 2337/2282/489
f 2341/2286/489 2338/2287/489 2339/2284/489
f 2345/2288/489 2342/2289/489 2343/2290/489
f 2347/2291/489 2344/2292/489 2345/2288/489
f 2349/2293/489 2346/2294/489 2347/2291/489
f 2351/2295/489 2348/2296/489 2349/2293/489
f 2355/2297/489 2352/2298/489 2353/2299/489
f 2357/2300/489 2354/2301/489 2355/2297/489
f 2359/2302/489 2356/2303/489 2357/2300/489
f 2361/2304/489 2358/2305/489 2359/2302/489
f 2365/2306/489 2362/2307/489 2363/2308/489
f 2367/2309/489 2364/2310/489 2365/2306/489
f 2369/2311/489 2366/2312/489 2367/2309/489
f 2371/2313/489 2368/2314/489 2369/2311/489
f 2375/2315/489 2372/2316/489 2373/2317/489
f 2377/2318/489 2374/2319/489 2375/2315/489
f 2379/2320/489 2376/2321/489 2377/2318/489
f 2381/2322/489 2378/2323/489 2379/2320/489
f 2385/2324/489 2382/2325/489 2383/2326/489
f 2387/2327/489 2384/2328/489 2385/2324/489
f 2389/2329/489 2386/2330/489 2387/2327/489
f 2391/2331/489 2388/2332/489 2389/2329/489
f 2395/2333/489 2392/2334/489 2393/2335/489
f 2397/2336/489 2394/2337/489 2395/2333/489
f 2399/2338/489 2396/2339/489 2397/2336/489
f 2401/2340/489 2398/2341/489 2399/2338/489
f 2405/2342/489 2402/2343/489 2403/2344/489
f 2407/2345/489 2404/2346/489 2405/2342/489
f 2409/2347/489 2406/2348/489 2407/2345/489
f 2411/2349/489 2408/2350/489 2409/2347/489
f 2415/2351/489 2412/2352/489 2413/2353/489
f 2417/2354/489 2414/2355/489 2415/2351/489
f 2419/2356/489 2416/2357/489 2417/2354/489
f 2421/2358/489 2418/2359/489 2419/2356/489
f 2425/2360/489 2422/2361/489 2423/2362/489
f 2427/2363/489 2424/2364/489 2425/2360/489
f 2429/2365/489 2426/2366/489 2427/2363/489
f 2431/2367/489 2428/2368/489 2429/2365/489
f 2435/2369/489 2432/2370/489 2433/2371/489
f 2437/2372/489 2434/2373/489 2435/2369/489
f 2439/2374/489 2436/2375/489 2437/2372/489
f 2441/2376/489 2438/2377/489 2439/2374/489
f 2445/2378/489 2442/2379/489 2443/2380/489
f 2447/2381/489 2444/2382/489 2445/2378/489
f 2449/2383/489 2446/2384/489 2447/2381/489
f 2451/2385/489 2448/2386/489 2449/2383/489
f 2455/2387/489 2452/2388/489 2453/2389/489
f 2457/2390/489 2454/2391/489 2455/2387/489
f 2459/2392/489 2456/2393/489 2457/2390/489
f 2461/2394/489 2458/2395/489 2459/2392/489
f 2465/2396/489 2462/2397/489 2463/2398/489
f 2467/2399/489 2464/2400/489 2465/2396/489
f 2469/2401/489 2466/2402/489 2467/2399/489
f 2471/2403/489 2468/2404/489 2469/2401/489
f 2475/2405/489 2472/2406/489 2473/2407/489
f 2477/2408/489 2474/2409/489 2475/2405/489
f 2479/2410/489 2476/2411/489 2477/2408/489
f 2481/2412/489 2478/2413/489 2479/2410/489
f 2485/2414/489 2482/2415/489 2483/2416/489
f 2487/2417/489 2484/2418/489 2485/2414/489
f 2489/2419/489 2486/2420/489 2487/2417/489
f 2491/2421/489 2488/2422/489 2489/2419/489
f 2495/2423/489 2492/2424/489 2493/2425/489
f 2497/2426/489 2494/2427/489 2495/2423/489
f 2499/2428/489 2496/2429/489 2497/2426/489
f 2501/2430/489 2498/2431/489 2499/2428/489
f 2505/2432/489 2502/2433/489 2503/2434/489
f 2507/2435/489 2504/2436/489 2505/2432/489
f 2509/2437/489 2506/2438/489 2507/2435/489
f 2511/2439/489 2508/2440/489 2509/2437/489
f 2515/2441/489 2512/2442/489 2513/2443/489
f 2517/2444/489 2514/2445/489 2515/2441/489
f 2519/2446/489 2516/2447/489 2517/2444/489
f 2521/2448/489 2518/2449/489 2519/2446/489
f 2525/2450/489 2522/2451/489 2523/2452/489
f 2527/2453/489 2524/2454/489 2525/2450/489
f 2529/2455/489 2526/2456/489 2527/2453/489
f 2531/2457/489 2528/2458/489 2529/2455/489
f 2535/2459/489 2532/2460/489 2533/2461/489
f 2537/2462/489 2534/2463/489 2535/2459/489
f 2539/2464/489 2536/2465/489 2537/2462/489
f 2541/2466/489 2538/2467/489 2539/2464/489
f 2545/2468/489 2542/2469/489 2543/2470/489
f 2547/2471/489 2544/2472/489 2545/2468/489
f 2549/2473/489 2546/2474/489 2547/2471/489
f 2551/2475/489 2548/2476/489 2549/2473/489
f 2555/2477/489 2552/2478/489 2553/2479/489
f 2557/2480/489 2554/2481/489 2555/2477/489
f 2559/2482/489 2556/2483/489 2557/2480/489
f 2561/2484/489 2558/2485/489 2559/2482/489
f 2565/2486/489 2562/2487/489 2563/2488/489
f 2567/2489/489 2564/2490/489 2565/2486/489
f 2569/2491/489 2566/2492/489 2567/2489/489
f 2571/2493/489 2568/2494/489 2569/2491/489
f 2575/2495/489 2572/2496/489 2573/2497/489
f 2577/2498/489 2574/2499/489 2575/2495/489
f 2579/2500/489 2576/2501/489 2577/2498/489
f 2581/2502/489 2578/2503/489 2579/2500/489
f 2585/2504/489 2582/2505/489 2583/2506/489
f 2587/2507/489 2584/2508/489 2585/2504/489
f 2589/2509/489 2586/2510/489 2587/2507/489
f 2591/2511/489 2588/2512/489 2589/2509/489
f 2595/2513/489 2592/2514/489 2593/2515/489
f 2597/2516/489 2594/2517/489 2595/2513/489
f 2599/2518/489 2596/2519/489 2597/2516/489
f 2601/2520/489 2598/2521/489 2599/2518/489
f 2605/2522/489 2602/2523/489 2603/2524/489
f 2607/2525/489 2604/2526/489 2605/2522/489
f 2609/2527/489 2606/2528/489 2607/2525/489
f 2611/2529/489 2608/2530/489 2609/2527/489
f 2615/2531/489 2612/2532/489 2613/2533/489
f 2617/2534/489 2614/2535/489 2615/2531/489
f 2619/2536/489 2616/2537/489 2617/2534/489
f 2621/2538/489 2618/2539/489 2619/2536/489
f 2625/2540/489 2622/2541/489 2623/2542/489
f 2627/2543/489 2624/2544/489 2625/2540/489
f 2629/2545/489 2626/2546/489 2627/2543/489
f 2631/2547/489 2628/2548/489 2629/2545/489
f 2635/2549/489 2632/2550/489 2633/2551/489
f 2637/2552/489 2634/2553/489 2635/2549/489
f 2639/2554/489 2636/2555/489 2637/2552/489
f 2641/2556/489 2638/2557/489 2639/2554/489
f 2645/2558/489 2642/2559/489 2643/2560/489
f 2647/2561/489 2644/2562/489 2645/2558/489
f 2649/2563/489 2646/2564/489 2647/2561/489
f 2651/2565/489 2648/2566/489 2649/2563/489
f 2655/2567/489 2652/2568/489 2653/2569/489
f 2657/2570/489 2654/2571/489 2655/2567/489
f 2659/2572/489 2656/2573/489 2657/2570/489
f 2661/2574/489 2658/2575/489 2659/2572/489
f 2665/2576/489 2662/2577/489 2663/2578/489
f 2667/2579/489 2664/2580/489 2665/2576/489
f 2669/2581/489 2666/2582/489 2667/2579/489
f 2671/2583/489 2668/2584/489 2669/2581/489
f 2675/2585/489 2672/2586/489 2673/2587/489
f 2677/2588/489 2674/2589/489 2675/2585/489
f 2679/2590/489 2676/2591/489 2677/2588/489
f 2681/2592/489 2678/2593/489 2679/2590/489
f 2685/2594/489 2682/2595/489 2683/2596/489
f 2687/2597/489 2684/2598/489 2685/2594/489
f 2689/2599/489 2686/2600/489 2687/2597/489
f 2691/2601/489 2688/2602/489 2689/2599/489
f 2695/2603/489 2692/2604/489 2693/2605/489
f 2697/2606/489 2694/2607/489 2695/2603/489
f 2699/2608/489 2696/2609/489 2697/2606/489
f 2701/2610/489 2698/2611/489 2699/2608/489
f 2705/2612/489 2702/2613/489 2703/2614/489
f 2707/2615/489 2704/2616/489 2705/2612/489
f 2709/2617/489 2706/2618/489 2707/2615/489
f 2711/2619/489 2708/2620/489 2709/2617/489
f 2715/2621/489 2712/2622/489 2713/2623/489
f 2717/2624/489 2714/2625/489 2715/2621/489
f 2719/2626/489 2716/2627/489 2717/2624/489
f 2721/2628/489 2718/2629/489 2719/2626/489
f 2725/2630/489 2722/2631/489 2723/2632/489
f 2727/2633/489 2724/2634/489 2725/2630/489
f 2729/2635/489 2726/2636/489 2727/2633/489
f 2731/2637/489 2728/2638/489 2729/2635/489
f 2735/2639/489 2732/2640/489 2733/2641/489
f 2737/2642/489 2734/2643/489 2735/2639/489
f 2739/2644/489 2736/2645/489 2737/2642/489
f 2741/2646/489 2738/2647/489 2739/2644/489
f 2745/2648/489 2742/2649/489 2743/2650/489
f 2747/2651/489 2744/2652/489 2745/2648/489
f 2749/2653/489 2746/2654/489 2747/2651/489
f 2751/2655/489 2748/2656/489 2749/2653/489
f 2755/2657/489 2752/2658/489 2753/2659/489
f 2757/2660/489 2754/2661/489 2755/2657/489
f 2759/2662/489 2756/2663/489 2757/2660/489
f 2761/2664/489 2758/2665/489 2759/2662/489
f 2765/2666/489 2762/2667/489 2763/2668/489
f 2767/2669/489 2764/2670/489 2765/2666/489
f 2769/2671/489 2766/2672/489 2767/2669/489
f 2771/2673/489 2768/2674/489 2769/2671/489
f 2775/2675/489 2772/2676/489 2773/2677/489
f 2777/2678/489 2774/2679/489 2775/2675/489
f 2779/2680/489 2776/2681/489 2777/2678/489
f 2781/2682/489 2778/2683/489 2779/2680/489
f 2785/2684/489 2782/2685/489 2783/2686/489
f 2787/2687/489 2784/2688/489 2785/2684/489
f 2789/2689/489 2786/2690/489 2787/2687/489
f 2791/2691/489 2788/2692/489 2789/2689/489
f 2795/2693/489 2792/2694/489 2793/2695/489
f 2797/2696/489 2794/2697/489 2795/2693/489
f 2799/2698/489 2796/2699/489 2797/2696/489
f 2801/2700/489 2798/2701/489 2799/2698/489
f 2805/2702/489 2802/2703/489 2803/2704/489
f 2807/2705/489 2804/2706/489 2805/2702/489
f 2809/2707/489 2806/2708/489 2807/2705/489
f 2811/2709/489 2808/2710/489 2809/2707/489
f 2815/2711/489 2812/2712/489 2813/2713/489
f 2817/2714/489 2814/2715/489 2815/2711/489
f 2819/2716/489 2816/2717/489 2817/2714/489
f 2821/2718/489 2818/2719/489 2819/2716/489
f 2825/2720/489 2822/2721/489 2823/2722/489
f 2827/2723/489 2824/2724/489 2825/2720/489
f 2829/2725/489 2826/2726/489 2827/2723/489
f 2831/2727/489 2828/2728/489 2829/2725/489
f 2835/2729/490 2832/2730/490 2833/2731/490
f 2837/2732/490 2834/2733/490 2835/2729/490
f 2839/2734/490 2836/2735/490 2837/2732/490
f 2841/2736/490 2838/2737/490 2839/2734/490
f 2845/2738/490 2842/2739/490 2843/2740/490
f 2847/2741/490 2844/2742/490 2845/2738/490
f 2849/2743/490 2846/2744/490 2847/2741/490
f 2851/2745/490 2848/2746/490 2849/2743/490
f 2855/2747/490 2852/2748/490 2853/2749/490
f 2857/2750/490 2854/2751/490 2855/2747/490
f 2859/2752/490 2856/2753/490 2857/2750/490
f 2861/2754/490 2858/2755/490 2859/2752/490
f 2865/2756/489 2862/2757/489 2863/2758/489
f 2867/2759/489 2864/2760/489 2865/2756/489
f 2869/2761/489 2866/2762/489 2867/2759/489
f 2871/2763/489 2868/2764/489 2869/2761/489
f 2875/2765/490 2872/2766/490 2873/2767/490
f 2877/2768/490 2874/2769/490 2875/2765/490
f 2879/2770/490 2876/2771/490 2877/2768/490
f 2881/2772/490 2878/2773/490 2879/2770/490
f 2885/2774/489 2882/2775/489 2883/2776/489
f 2887/2777/489 2884/2778/489 2885/2774/489
f 2889/2779/489 2886/2780/489 2887/2777/489
f 2891/2781/489 2888/2782/489 2889/2779/489
f 2895/2783/489 2892/2784/489 2893/2785/489
f 2897/2786/489 2894/2787/489 2895/2783/489
f 2899/2788/489 2896/2789/489 2897/2786/489
f 2901/2790/489 2898/2791/489 2899/2788/489
f 2905/2792/489 2902/2793/489 2903/2794/489
f 2907/2795/489 2904/2796/489 2905/2792/489
f 2909/2797/489 2906/2798/489 2907/2795/489
f 2911/2799/489 2908/2800/489 2909/2797/489
f 2915/2801/489 2912/2802/489 2913/2803/489
f 2917/2804/489 2914/2805/489 2915/2801/489
f 2919/2806/489 2916/2807/489 2917/2804/489
f 2921/2808/489 2918/2809/489 2919/2806/489
f 2925/2810/489 2922/2811/489 2923/2812/489
f 2927/2813/489 2924/2814/489 2925/2810/489
f 2929/2815/489 2926/2816/489 2927/2813/489
f 2931/2817/489 2928/2818/489 2929/2815/489
f 2935/2819/489 2932/2820/489 2933/2821/489
f 2937/2822/489 2934/2823/489 2935/2819/489
f 2939/2824/489 2936/2825/489 2937/2822/489
f 2941/2826/489 2938/2827/489 2939/2824/489
f 2945/2828/489 2942/2829/489 2943/2830/489
f 2947/2831/489 2944/2832/489 2945/2828/489
f 2949/2833/489 2946/2834/489 2947/2831/489
f 2951/2835/489 2948/2836/489 2949/2833/489
f 2955/2837/489 2952/2838/489 2953/2839/489
f 2957/2840/489 2954/2841/489 2955/2837/489
f 2959/2842/489 2956/2843/489 2957/2840/489
f 2961/2844/489 2958/2845/489 2959/2842/489
f 2965/2846/489 2962/2847/489 2963/2848/489
f 2967/2849/489 2964/2850/489 2965/2846/489
f 2969/2851/489 2966/2852/489 2967/2849/489
f 2971/2853/489 2968/2854/489 2969/2851/489
f 2975/2855/489 2972/2856/489 2973/2857/489
f 2977/2858/489 2974/2859/489 2975/2855/489
f 2979/2860/489 2976/2861/489 2977/2858/489
f 2981/2862/489 2978/2863/489 2979/2860/489
f 2985/2864/490 2982/2865/490 2983/2866/490
f 2987/2867/490 2984/2868/490 2985/2864/490
f 2989/2869/490 2986/2870/490 2987/2867/490
f 2991/2871/490 2988/2872/490 2989/2869/490
f 2995/2873/489 2992/2874/489 2993/2875/489
f 2997/2876/489 2994/2877/489 2995/2873/489
f 2999/2878/489 2996/2879/489 2997/2876/489
f 3001/2880/489 2998/2881/489 2999/2878/489
f 3005/2882/489 3002/2883/489 3003/2884/489
f 3007/2885/489 3004/2886/489 3005/2882/489
f 3009/2887/489 3006/2888/489 3007/2885/489
f 3011/2889/489 3008/2890/489 3009/2887/489
f 3015/2891/490 3012/2892/490 3013/2893/490
f 3017/2894/490 3014/2895/490 3015/2891/490
f 3019/2896/490 3016/2897/490 3017/2894/490
f 3021/2898/490 3018/2899/490 3019/2896/490
f 3025/2900/490 3022/2901/490 3023/2902/490
f 3027/2903/490 3024/2904/490 3025/2900/490
f 3029/2905/490 3026/2906/490 3027/2903/490
f 3031/2907/490 3028/2908/490 3029/2905/490
f 3035/2909/490 3032/2910/490 3033/2911/490
f 3037/2912/490 3034/2913/490 3035/2909/490
f 3039/2914/490 3036/2915/490 3037/2912/490
f 3041/2916/490 3038/2917/490 3039/2914/490
f 3045/2918/490 3042/2919/490 3043/2920/490
f 3047/2921/490 3044/2922/490 3045/2918/490
f 3049/2923/490 3046/2924/490 3047/2921/490
f 3051/2925/490 3048/2926/490 3049/2923/490
f 3055/2927/490 3052/2928/490 3053/2929/490
f 3057/2930/490 3054/2931/490 3055/2927/490
f 3059/2932/490 3056/2933/490 3057/2930/490
f 3061/2934/490 3058/2935/490 3059/2932/490
f 3065/2936/490 3062/2937/490 3063/2938/490
f 3067/2939/490 3064/2940/490 3065/2936/490
f 3069/2941/490 3066/2942/490 3067/2939/490
f 3071/2943/490 3068/2944/490 3069/2941/490
f 3075/2945/490 3072/2946/490 3073/2947/490
f 3077/2948/490 3074/2949/490 3075/2945/490
f 3079/2950/490 3076/2951/490 3077/2948/490
f 3081/2952/490 3078/2953/490 3079/2950/490
f 3085/2954/490 3082/2955/490 3083/2956/490
f 3087/2957/490 3084/2958/490 3085/2954/490
f 3089/2959/490 3086/2960/490 3087/2957/490
f 3091/2961/490 3088/2962/490 3089/2959/490
f 3095/2963/489 3092/2964/489 3093/2965/489
f 3097/2966/489 3094/2967/489 3095/2963/489
f 3099/2968/489 3096/2969/489 3097/2966/489
f 3101/2970/489 3098/2971/489 3099/2968/489
f 3105/2972/490 3102/2973/490 3103/2974/490
f 3107/2975/490 3104/2976/490 3105/2972/490
f 3109/2977/490 3106/2978/490 3107/2975/490
f 3111/2979/490 3108/2980/490 3109/2977/490
f 3115/2981/489 3112/2982/489 3113/2983/489
f 3117/2984/489 3114/2985/489 3115/2981/489
f 3119/2986/489 3116/2987/489 3117/2984/489
f 3121/2988/489 3118/2989/489 3119/2986/489
f 3125/2990/490 3122/2991/490 3123/2992/490
f 3127/2993/490 3124/2994/490 3125/2990/490
f 3129/2995/490 3126/2996/490 3127/2993/490
f 3131/2997/490 3128/2998/490 3129/2995/490
f 3135/2999/490 3132/3000/490 3133/3001/490
f 3137/3002/490 3134/3003/490 3135/2999/490
f 3139/3004/490 3136/3005/490 3137/3002/490
f 3141/3006/490 3138/3007/490 3139/3004/490
f 3145/3008/490 3142/3009/490 3143/3010/490
f 3147/3011/490 3144/3012/490 3145/3008/490
f 3149/3013/490 3146/3014/490 3147/3011/490
f 3151/3015/490 3148/3016/490 3149/3013/490
f 3155/3017/489 3152/3018/489 3153/3019/489
f 3157/3020/489 3154/3021/489 3155/3017/489
f 3159/3022/489 3156/3023/489 3157/3020/489
f 3161/3024/489 3158/3025/489 3159/3022/489
f 3165/3026/489 3162/3027/489 3163/3028/489
f 3167/3029/489 3164/3030/489 3165/3026/489
f 3169/3031/489 3166/3032/489 3167/3029/489
f 3171/3033/489 3168/3034/489 3169/3031/489
f 3175/3035/489 3172/3036/489 3173/3037/489
f 3177/3038/489 3174/3039/489 3175/3035/489
f 3179/3040/489 3176/3041/489 3177/3038/489
f 3181/3042/489 3178/3043/489 3179/3040/489
f 3185/3044/489 3182/3045/489 3183/3046/489
f 3187/3047/489 3184/3048/489 3185/3044/489
f 3189/3049/489 3186/3050/489 3187/3047/489
f 3191/3051/489 3188/3052/489 3189/3049/489
f 3195/3053/490 3192/3054/490 3193/3055/490
f 3197/3056/490 3194/3057/490 3195/3053/490
f 3199/3058/490 3196/3059/490 3197/3056/490
f 3201/3060/490 3198/3061/490 3199/3058/490
f 3205/3062/490 3202/3063/490 3203/3064/490
f 3207/3065/490 3204/3066/490 3205/3062/490
f 3209/3067/490 3206/3068/490 3207/3065/490
f 3211/3069/490 3208/3070/490 3209/3067/490
f 3215/3071/490 3212/3072/490 3213/3073/490
f 3217/3074/490 3214/3075/490 3215/3071/490
f 3219/3076/490 3216/3077/490 3217/3074/490
f 3221/3078/490 3218/3079/490 3219/3076/490
f 3225/3080/490 3222/3081/490 3223/3082/490
f 3227/3083/490 3224/3084/490 3225/3080/490
f 3229/3085/490 3226/3086/490 3227/3083/490
f 3231/3087/490 3228/3088/490 3229/3085/490
f 3235/3089/489 3232/3090/489 3233/3091/489
f 3237/3092/489 3234/3093/489 3235/3089/489
f 3239/3094/489 3236/3095/489 3237/3092/489
f 3241/3096/489 3238/3097/489 3239/3094/489
f 3245/3098/490 3242/3099/490 3243/3100/490
f 3247/3101/490 3244/3102/490 3245/3098/490
f 3249/3103/490 3246/3104/490 3247/3101/490
f 3251/3105/490 3248/3106/490 3249/3103/490
f 3255/3107/490 3252/3108/490 3253/3109/490
f 3257/3110/490 3254/3111/490 3255/3107/490
f 3259/3112/490 3256/3113/490 3257/3110/490
f 3261/3114/490 3258/3115/490 3259/3112/490
f 3265/3116/490 3262/3117/490 3263/3118/490
f 3267/3119/490 3264/3120/490 3265/3116/490
f 3269/3121/490 3266/3122/490 3267/3119/490
f 3271/3123/490 3268/3124/490 3269/3121/490
f 3275/3125/489 3272/3126/489 3273/3127/489
f 3277/3128/489 3274/3129/489 3275/3125/489
f 3279/3130/489 3276/3131/489 3277/3128/489
f 3281/3132/489 3278/3133/489 3279/3130/489
f 3285/3134/489 3282/3135/489 3283/3136/489
f 3287/3137/489 3284/3138/489 3285/3134/489
f 3289/3139/489 3286/3140/489 3287/3137/489
f 3291/3141/489 3288/3142/489 3289/3139/489
f 3295/3143/490 3292/3144/490 3293/3145/490
f 3297/3146/490 3294/3147/490 3295/3143/490
f 3299/3148/490 3296/3149/490 3297/3146/490
f 3301/3150/490 3298/3151/490 3299/3148/490
f 3305/3152/490 3302/3153/490 3303/3154/490
f 3307/3155/490 3304/3156/490 3305/3152/490
f 3309/3157/490 3306/3158/490 3307/3155/490
f 3311/3159/490 3308/3160/490 3309/3157/490
f 3315/3161/490 3312/3162/490 3313/3163/490
f 3317/3164/490 3314/3165/490 3315/3161/490
f 3319/3166/490 3316/3167/490 3317/3164/490
f 3321/3168/490 3318/3169/490 3319/3166/490
f 3325/3170/490 3322/3171/490 3323/3172/490
f 3327/3173/490 3324/3174/490 3325/3170/490
f 3329/3175/490 3326/3176/490 3327/3173/490
f 3331/3177/490 3328/3178/490 3329/3175/490
f 3335/3179/490 3332/3180/490 3333/3181/490
f 3337/3182/490 3334/3183/490 3335/3179/490
f 3339/3184/490 3336/3185/490 3337/3182/490
f 3341/3186/490 3338/3187/490 3339/3184/490
f 3345/3188/490 3342/3189/490 3343/3190/490
f 3347/3191/490 3344/3192/490 3345/3188/490
f 3349/3193/490 3346/3194/490 3347/3191/490
f 3351/3195/490 3348/3196/490 3349/3193/490
f 3355/3197/490 3352/3198/490 3353/3199/490
f 3357/3200/490 3354/3201/490 3355/3197/490
f 3359/3202/490 3356/3203/490 3357/3200/490
f 3361/3204/490 3358/3205/490 3359/3202/490
f 3365/3206/489 3362/3207/489 3363/3208/489
f 3367/3209/489 3364/3210/489 3365/3206/489
f 3369/3211/489 3366/3212/489 3367/3209/489
f 3371/3213/489 3368/3214/489 3369/3211/489
f 3375/3215/490 3372/3216/490 3373/3217/490
f 3377/3218/490 3374/3219/490 3375/3215/490
f 3379/3220/490 3376/3221/490 3377/3218/490
f 3381/3222/490 3378/3223/490 3379/3220/490
f 3385/3224/489 3382/3225/489 3383/3226/489
f 3387/3227/489 3384/3228/489 3385/3224/489
f 3389/3229/489 3386/3230/489 3387/3227/489
f 3391/3231/489 3388/3232/489 3389/3229/489
f 3395/3233/490 3392/3234/490 3393/3235/490
f 3397/3236/490 3394/3237/490 3395/3233/490
f 3399/3238/490 3396/3239/490 3397/3236/490
f 3401/3240/490 3398/3241/490 3399/3238/490
f 3405/3242/489 3402/3243/489 3403/3244/489
f 3407/3245/489 3404/3246/489 3405/3242/489
f 3409/3247/489 3406/3248/489 3407/3245/489
f 3411/3249/489 3408/3250/489 3409/3247/489
f 3415/3251/490 3412/3252/490 3413/3253/490
f 3417/3254/490 3414/3255/490 3415/3251/490
f 3419/3256/490 3416/3257/490 3417/3254/490
f 3421/3258/490 3418/3259/490 3419/3256/490
f 3425/3260/490 3422/3261/490 3423/3262/490
f 3427/3263/490 3424/3264/490 3425/3260/490
f 3429/3265/490 3426/3266/490 3427/3263/490
f 3431/3267/490 3428/3268/490 3429/3265/490
f 3435/3269/490 3432/3270/490 3433/3271/490
f 3437/3272/490 3434/3273/490 3435/3269/490
f 3439/3274/490 3436/3275/490 3437/3272/490
f 3441/3276/490 3438/3277/490 3439/3274/490
f 3445/3278/490 3442/3279/490 3443/3280/490
f 3447/3281/490 3444/3282/490 3445/3278/490
f 3449/3283/490 3446/3284/490 3447/3281/490
f 3451/3285/490 3448/3286/490 3449/3283/490
f 3455/3287/490 3452/3288/490 3453/3289/490
f 3457/3290/490 3454/3291/490 3455/3287/490
f 3459/3292/490 3456/3293/490 3457/3290/490
f 3461/3294/490 3458/3295/490 3459/3292/490
f 3465/3296/490 3462/3297/490 3463/3298/490
f 3467/3299/490 3464/3300/490 3465/3296/490
f 3469/3301/490 3466/3302/490 3467/3299/490
f 3471/3303/490 3468/3304/490 3469/3301/490
f 3475/3305/490 3472/3306/490 3473/3307/490
f 3477/3308/490 3474/3309/490 3475/3305/490
f 3479/3310/490 3476/3311/490 3477/3308/490
f 3481/3312/490 3478/3313/490 3479/3310/490
f 3485/3314/490 3482/3315/490 3483/3316/490
f 3487/3317/490 3484/3318/490 3485/3314/490
f 3489/3319/490 3486/3320/490 3487/3317/490
f 3491/3321/490 3488/3322/490 3489/3319/490
f 3495/3323/490 3492/3324/490 3493/3325/490
f 3497/3326/490 3494/3327/490 3495/3323/490
f 3499/3328/490 3496/3329/490 3497/3326/490
f 3501/3330/490 3498/3331/490 3499/3328/490
f 3505/3332/490 3502/3333/490 3503/3334/490
f 3507/3335/490 3504/3336/490 3505/3332/490
f 3509/3337/490 3506/3338/490 3507/3335/490
f 3511/3339/490 3508/3340/490 3509/3337/490
f 3515/3341/490 3512/3342/490 3513/3343/490
f 3517/3344/490 3514/3345/490 3515/3341/490
f 3519/3346/490 3516/3347/490 3517/3344/490
f 3521/3348/490 3518/3349/490 3519/3346/490
f 3525/3350/490 3522/3351/490 3523/3352/490
f 3527/3353/490 3524/3354/490 3525/3350/490
f 3529/3355/490 3526/3356/490 3527/3353/490
f 3531/3357/490 3528/3358/490 3529/3355/490
f 3535/3359/490 3532/3360/490 3533/3361/490
f 3537/3362/490 3534/3363/490 3535/3359/490
f 3539/3364/490 3536/3365/490 3537/3362/490
f 3541/3366/490 3538/3367/490 3539/3364/490
f 3545/3368/489 3542/3369/489 3543/3370/489
f 3547/3371/489 3544/3372/489 3545/3368/489
f 3549/3373/489 3546/3374/489 3547/3371/489
f 3551/3375/489 3548/3376/489 3549/3373/489
f 3555/3377/490 3552/3378/490 3553/3379/490
f 3557/3380/490 3554/3381/490 3555/3377/490
f 3559/3382/490 3556/3383/490 3557/3380/490
f 3561/3384/490 3558/3385/490 3559/3382/490
f 3565/3386/490 3562/3387/490 3563/3388/490
f 3567/3389/490 3564/3390/490 3565/3386/490
f 3569/3391/490 3566/3392/490 3567/3389/490
f 3571/3393/490 3568/3394/490 3569/3391/490
f 3575/3395/490 3572/3396/490 3573/3397/490
f 3577/3398/490 3574/3399/490 3575/3395/490
f 3579/3400/490 3576/3401/490 3577/3398/490
f 3581/3402/490 3578/3403/490 3579/3400/490
f 3585/3404/489 3582/3405/489 3583/3406/489
f 3587/3407/489 3584/3408/489 3585/3404/489
f 3589/3409/489 3586/3410/489 3587/3407/489
f 3591/3411/489 3588/3412/489 3589/3409/489
f 3595/3413/490 3592/3414/490 3593/3415/490
f 3597/3416/490 3594/3417/490 3595/3413/490
f 3599/3418/490 3596/3419/490 3597/3416/490
f 3601/3420/490 3598/3421/490 3599/3418/490
f 3605/3422/490 3602/3423/490 3603/3424/490
f 3607/3425/490 3604/3426/490 3605/3422/490
f 3609/3427/490 3606/3428/490 3607/3425/490
f 3611/3429/490 3608/3430/490 3609/3427/490
f 3615/3431/490 3612/3432/490 3613/3433/490
f 3617/3434/490 3614/3435/490 3615/3431/490
f 3619/3436/490 3616/3437/490 3617/3434/490
f 3621/3438/490 3618/3439/490 3619/3436/490
f 3625/3440/490 3622/3441/490 3623/3442/490
f 3627/3443/490 3624/3444/490 3625/3440/490
f 3629/3445/490 3626/3446/490 3627/3443/490
f 3631/3447/490 3628/3448/490 3629/3445/490
f 3635/3449/490 3632/3450/490 3633/3451/490
f 3637/3452/490 3634/3453/490 3635/3449/490
f 3639/3454/490 3636/3455/490 3637/3452/490
f 3641/3456/490 3638/3457/490 3639/3454/490
f 3645/3458/489 3642/3459/489 3643/3460/489
f 3647/3461/489 3644/3462/489 3645/3458/489
f 3649/3463/489 3646/3464/489 3647/3461/489
f 3651/3465/489 3648/3466/489 3649/3463/489
f 3655/3467/490 3652/3468/490 3653/3469/490
f 3657/3470/490 3654/3471/490 3655/3467/490
f 3659/3472/490 3656/3473/490 3657/3470/490
f 3661/3474/490 3658/3475/490 3659/3472/490
f 3665/3476/489 3662/3477/489 3663/3478/489
f 3667/3479/489 3664/3480/489 3665/3476/489
f 3669/3481/489 3666/3482/489 3667/3479/489
f 3671/3483/489 3668/3484/489 3669/3481/489
f 3675/3485/490 3672/3486/490 3673/3487/490
f 3677/3488/490 3674/3489/490 3675/3485/490
f 3679/3490/490 3676/3491/490 3677/3488/490
f 3681/3492/490 3678/3493/490 3679/3490/490
f 3685/3494/490 3682/3495/490 3683/3496/490
f 3687/3497/490 3684/3498/490 3685/3494/490
f 3689/3499/490 3686/3500/490 3687/3497/490
f 3691/3501/490 3688/3502/490 3689/3499/490
f 3695/3503/490 3692/3504/490 3693/3505/490
f 3697/3506/490 3694/3507/490 3695/3503/490
f 3699/3508/490 3696/3509/490 3697/3506/490
f 3701/3510/490 3698/3511/490 3699/3508/490
f 3705/3512/489 3702/3513/489 3703/3514/489
f 3707/3515/489 3704/3516/489 3705/3512/489
f 3709/3517/489 3706/3518/489 3707/3515/489
f 3711/3519/489 3708/3520/489 3709/3517/489
f 3715/3521/489 3712/3522/489 3713/3523/489
f 3717/3524/489 3714/3525/489 3715/3521/489
f 3719/3526/489 3716/3527/489 3717/3524/489
f 3721/3528/489 3718/3529/489 3719/3526/489
f 3725/3530/490 3722/3531/490 3723/3532/490
f 3727/3533/490 3724/3534/490 3725/3530/490
f 3729/3535/490 3726/3536/490 3727/3533/490
f 3731/3537/490 3728/3538/490 3729/3535/490
f 3735/3539/489 3732/3540/489 3733/3541/489
f 3737/3542/489 3734/3543/489 3735/3539/489
f 3739/3544/489 3736/3545/489 3737/3542/489
f 3741/3546/489 3738/3547/489 3739/3544/489
f 3745/3548/489 3742/3549/489 3743/3550/489
f 3747/3551/489 3744/3552/489 3745/3548/489
f 3749/3553/489 3746/3554/489 3747/3551/489
f 3751/3555/489 3748/3556/489 3749/3553/489
f 3755/3557/489 3752/3558/489 3753/3559/489
f 3757/3560/489 3754/3561/489 3755/3557/489
f 3759/3562/489 3756/3563/489 3757/3560/489
f 3761/3564/489 3758/3565/489 3759/3562/489
f 3765/3566/489 3762/3567/489 3763/3568/489
f 3767/3569/489 3764/3570/489 3765/3566/489
f 3769/3571/489 3766/3572/489 3767/3569/489
f 3771/3573/489 3768/3574/489 3769/3571/489
f 3775/3575/489 3772/3576/489 3773/3577/489
f 3777/3578/489 3774/3579/489 3775/3575/489
f 3779/3580/489 3776/3581/489 3777/3578/489
f 3781/3582/489 3778/3583/489 3779/3580/489
f 3785/3584/489 3782/3585/489 3783/3586/489
f 3787/3587/489 3784/3588/489 3785/3584/489
f 3789/3589/489 3786/3590/489 3787/3587/489
f 3791/3591/489 3788/3592/489 3789/3589/489
f 3795/3593/489 3792/3594/489 3793/3595/489
f 3797/3596/489 3794/3597/489 3795/3593/489
f 3799/3598/489 3796/3599/489 3797/3596/489
f 3801/3600/489 3798/3601/489 3799/3598/489
f 3805/3602/489 3802/3603/489 3803/3604/489
f 3807/3605/489 3804/3606/489 3805/3602/489
f 3809/3607/489 3806/3608/489 3807/3605/489
f 3811/3609/489 3808/3610/489 3809/3607/489
f 3815/3611/489 3812/3612/489 3813/3613/489
f 3817/3614/489 3814/3615/489 3815/3611/489
f 3819/3616/489 3816/3617/489 3817/3614/489
f 3821/3618/489 3818/3619/489 3819/3616/489
f 3825/3620/489 3822/3621/489 3823/3622/489
f 3827/3623/489 3824/3624/489 3825/3620/489
f 3829/3625/489 3826/3626/489 3827/3623/489
f 3831/3627/489 3828/3628/489 3829/3625/489
f 3835/3629/489 3832/3630/489 3833/3631/489
f 3837/3632/489 3834/3633/489 3835/3629/489
f 3839/3634/489 3836/3635/489 3837/3632/489
f 3841/3636/489 3838/3637/489 3839/3634/489
f 3845/3638/489 3842/3639/489 3843/3640/489
f 3847/3641/489 3844/3642/489 3845/3638/489
f 3849/3643/489 3846/3644/489 3847/3641/489
f 3851/3645/489 3848/3646/489 3849/3643/489
f 3855/3647/489 3852/3648/489 3853/3649/489
f 3857/3650/489 3854/3651/489 3855/3647/489
f 3859/3652/489 3856/3653/489 3857/3650/489
f 3861/3654/489 3858/3655/489 3859/3652/489
f 3865/3656/489 3862/3657/489 3863/3658/489
f 3867/3659/489 3864/3660/489 3865/3656/489
f 3869/3661/489 3866/3662/489 3867/3659/489
f 3871/3663/489 3868/3664/489 3869/3661/489
f 3875/3665/489 3872/3666/489 3873/3667/489
f 3877/3668/489 3874/3669/489 3875/3665/489
f 3879/3670/489 3876/3671/489 3877/3668/489
f 3881/3672/489 3878/3673/489 3879/3670/489
f 3885/3674/489 3882/3675/489 3883/3676/489
f 3887/3677/489 3884/3678/489 3885/3674/489
f 3889/3679/489 3886/3680/489 3887/3677/489
f 3891/3681/489 3888/3682/489 3889/3679/489
f 3895/3683/489 3892/3684/489 3893/3685/489
f 3897/3686/489 3894/3687/489 3895/3683/489
f 3899/3688/489 3896/3689/489 3897/3686/489
f 3901/3690/489 3898/3691/489 3899/3688/489
f 3905/3692/489 3902/3693/489 3903/3694/489
f 3907/3695/489 3904/3696/489 3905/3692/489
f 3909/3697/489 3906/3698/489 3907/3695/489
f 3911/3699/489 3908/3700/489 3909/3697/489
f 3915/3701/489 3912/3702/489 3913/3703/489
f 3917/3704/489 3914/3705/489 3915/3701/489
f 3919/3706/489 3916/3707/489 3917/3704/489
f 3921/3708/489 3918/3709/489 3919/3706/489
f 3925/3710/489 3922/3711/489 3923/3712/489
f 3927/3713/489 3924/3714/489 3925/3710/489
f 3929/3715/489 3926/3716/489 3927/3713/489
f 3931/3717/489 3928/3718/489 3929/3715/489
f 3935/3719/489 3932/3720/489 3933/3721/489
f 3937/3722/489 3934/3723/489 3935/3719/489
f 3939/3724/489 3936/3725/489 3937/3722/489
f 3941/3726/489 3938/3727/489 3939/3724/489
f 3945/3728/489 3942/3729/489 3943/3730/489
f 3947/3731/489 3944/3732/489 3945/3728/489
f 3949/3733/489 3946/3734/489 3947/3731/489
f 3951/3735/489 3948/3736/489 3949/3733/489
f 3955/3737/489 3952/3738/489 3953/3739/489
f 3957/3740/489 3954/3741/489 3955/3737/489
f 3959/3742/489 3956/3743/489 3957/3740/489
f 3961/3744/489 3958/3745/489 3959/3742/489
f 3965/3746/489 3962/3747/489 3963/3748/489
f 3967/3749/489 3964/3750/489 3965/3746/489
f 3969/3751/489 3966/3752/489 3967/3749/489
f 3971/3753/489 3968/3754/489 3969/3751/489
f 3975/3755/490 3972/3756/490 3973/3757/490
f 3977/3758/490 3974/3759/490 3975/3755/490
f 3979/3760/490 3976/3761/490 3977/3758/490
f 3981/3762/490 3978/3763/490 3979/3760/490
f 3985/3764/489 3982/3765/489 3983/3766/489
f 3987/3767/489 3984/3768/489 3985/3764/489
f 3989/3769/489 3986/3770/489 3987/3767/489
f 3991/3771/489 3988/3772/489 3989/3769/489
f 3995/3773/489 3992/3774/489 3993/3775/489
f 3997/3776/489 3994/3777/489 3995/3773/489
f 3999/3778/489 3996/3779/489 3997/3776/489
f 4001/3780/489 3998/3781/489 3999/3778/489
f 4005/3782/489 4002/3783/489 4003/3784/489
f 4007/3785/489 4004/3786/489 4005/3782/489
f 4009/3787/489 4006/3788/489 4007/3785/489
f 4011/3789/489 4008/3790/489 4009/3787/489
f 4015/3791/489 4012/3792/489 4013/3793/489
f 4017/3794/489 4014/3795/489 4015/3791/489
f 4019/3796/489 4016/3797/489 4017/3794/489
f 4021/3798/489 4018/3799/489 4019/3796/489
f 4025/3800/489 4022/3801/489 4023/3802/489
f 4027/3803/489 4024/3804/489 4025/3800/489
f 4029/3805/489 4026/3806/489 4027/3803/489
f 4031/3807/489 4028/3808/489 4029/3805/489
f 4035/3809/489 4032/3810/489 4033/3811/489
f 4037/3812/489 4034/3813/489 4035/3809/489
f 4039/3814/489 4036/3815/489 4037/3812/489
f 4041/3816/489 4038/3817/489 4039/3814/489
f 4045/3818/489 4042/3819/489 4043/3820/489
f 4047/3821/489 4044/3822/489 4045/3818/489
f 4049/3823/489 4046/3824/489 4047/3821/489
f 4051/3825/489 4048/3826/489 4049/3823/489
f 4055/3827/489 4052/3828/489 4053/3829/489
f 4057/3830/489 4054/3831/489 4055/3827/489
f 4059/3832/489 4056/3833/489 4057/3830/489
f 4061/3834/489 4058/3835/489 4059/3832/489
f 4065/3836/489 4062/3837/489 4063/3838/489
f 4067/3839/489 4064/3840/489 4065/3836/489
f 4069/3841/489 4066/3842/489 4067/3839/489
f 4071/3843/489 4068/3844/489 4069/3841/489
f 4075/3845/489 4072/3846/489 4073/3847/489
f 4077/3848/489 4074/3849/489 4075/3845/489
f 4079/3850/489 4076/3851/489 4077/3848/489
f 4081/3852/489 4078/3853/489 4079/3850/489
f 4085/3854/489 4082/3855/489 4083/3856/489
f 4087/3857/489 4084/3858/489 4085/3854/489
f 4089/3859/489 4086/3860/489 4087/3857/489
f 4091/3861/489 4088/3862/489 4089/3859/489
f 4095/3863/489 4092/3864/489 4093/3865/489
f 4097/3866/489 4094/3867/489 4095/3863/489
f 4099/3868/489 4096/3869/489 4097/3866/489
f 4101/3870/489 4098/3871/489 4099/3868/489
f 4105/3872/489 4102/3873/489 4103/3874/489
f 4107/3875/489 4104/3876/489 4105/3872/489
f 4109/3877/489 4106/3878/489 4107/3875/489
f 4111/3879/489 4108/3880/489 4109/3877/489
f 4115/3881/489 4112/3882/489 4113/3883/489
f 4117/3884/489 4114/3885/489 4115/3881/489
f 4119/3886/489 4116/3887/489 4117/3884/489
f 4121/3888/489 4118/3889/489 4119/3886/489
f 4125/3890/489 4122/3891/489 4123/3892/489
f 4127/3893/489 4124/3894/489 4125/3890/489
f 4129/3895/489 4126/3896/489 4127/3893/489
f 4131/3897/489 4128/3898/489 4129/3895/489
f 4135/3899/489 4132/3900/489 4133/3901/489
f 4137/3902/489 4134/3903/489 4135/3899/489
f 4139/3904/489 4136/3905/489 4137/3902/489
f 4141/3906/489 4138/3907/489 4139/3904/489
f 4145/3908/489 4142/3909/489 4143/3910/489
f 4147/3911/489 4144/3912/489 4145/3908/489
f 4149/3913/489 4146/3914/489 4147/3911/489
f 4151/3915/489 4148/3916/489 4149/3913/489
f 4155/3917/489 4152/3918/489 4153/3919/489
f 4157/3920/489 4154/3921/489 4155/3917/489
f 4159/3922/489 4156/3923/489 4157/3920/489
f 4161/3924/489 4158/3925/489 4159/3922/489
f 4165/3926/489 4162/3927/489 4163/3928/489
f 4167/3929/489 4164/3930/489 4165/3926/489
f 4169/3931/489 4166/3932/489 4167/3929/489
f 4171/3933/489 4168/3934/489 4169/3931/489
f 4175/3935/489 4172/3936/489 4173/3937/489
f 4177/3938/489 4174/3939/489 4175/3935/489
f 4179/3940/489 4176/3941/489 4177/3938/489
f 4181/3942/489 4178/3943/489 4179/3940/489
f 4185/3944/489 4182/3945/489 4183/3946/489
f 4187/3947/489 4184/3948/489 4185/3944/489
f 4189/3949/489 4186/3950/489 4187/3947/489
f 4191/3951/489 4188/3952/489 4189/3949/489
f 4195/3953/489 4192/3954/489 4193/3955/489
f 4197/3956/489 4194/3957/489 4195/3953/489
f 4199/3958/489 4196/3959/489 4197/3956/489
f 4201/3960/489 4198/3961/489 4199/3958/489
f 4205/3962/489 4202/3963/489 4203/3964/489
f 4207/3965/489 4204/3966/489 4205/3962/489
f 4209/3967/489 4206/3968/489 4207/3965/489
f 4211/3969/489 4208/3970/489 4209/3967/489
f 4215/3971/489 4212/3972/489 4213/3973/489
f 4217/3974/489 4214/3975/489 4215/3971/489
f 4219/3976/489 4216/3977/489 4217/3974/489
f 4221/3978/489 4218/3979/489 4219/3976/489
f 4225/3980/489 4222/3981/489 4223/3982/489
f 4227/3983/489 4224/3984/489 4225/3980/489
f 4229/3985/489 4226/3986/489 4227/3983/489
f 4231/3987/489 4228/3988/489 4229/3985/489
f 4235/3989/489 4232/3990/489 4233/3991/489
f 4237/3992/489 4234/3993/489 4235/3989/489
f 4239/3994/489 4236/3995/489 4237/3992/489
f 4241/3996/489 4238/3997/489 4239/3994/489
f 4245/3998/489 4242/3999/489 4243/4000/489
f 4247/4001/489 4244/4002/489 4245/3998/489
f 4249/4003/489 4246/4004/489 4247/4001/489
f 4251/4005/489 4248/4006/489 4249/4003/489
f 4255/4007/489 4252/4008/489 4253/4009/489
f 4257/4010/489 4254/4011/489 4255/4007/489
f 4259/4012/489 4256/4013/489 4257/4010/489
f 4261/4014/489 4258/4015/489 4259/4012/489
f 4265/4016/489 4262/4017/489 4263/4018/489
f 4267/4019/489 4264/4020/489 4265/4016/489
f 4269/4021/489 4266/4022/489 4267/4019/489
f 4271/4023/489 4268/4024/489 4269/4021/489
f 4275/4025/490 4272/4026/490 4273/4027/490
f 4277/4028/490 4274/4029/490 4275/4025/490
f 4279/4030/490 4276/4031/490 4277/4028/490
f 4281/4032/490 4278/4033/490 4279/4030/490
f 4285/4034/489 4282/4035/489 4283/4036/489
f 4287/4037/489 4284/4038/489 4285/4034/489
f 4289/4039/489 4286/4040/489 4287/4037/489
f 4291/4041/489 4288/4042/489 4289/4039/489
f 4295/4043/489 4292/4044/489 4293/4045/489
f 4297/4046/489 4294/4047/489 4295/4043/489
f 4299/4048/489 4296/4049/489 4297/4046/489
f 4301/4050/489 4298/4051/489 4299/4048/489
f 4305/4052/489 4302/4053/489 4303/4054/489
f 4307/4055/489 4304/4056/489 4305/4052/489
f 4309/4057/489 4306/4058/489 4307/4055/489
f 4311/4059/489 4308/4060/489 4309/4057/489
f 4315/4061/489 4312/4062/489 4313/4063/489
f 4317/4064/489 4314/4065/489 4315/4061/489
f 4319/4066/489 4316/4067/489 4317/4064/489
f 4321/4068/489 4318/4069/489 4319/4066/489
f 4325/4070/489 4322/4071/489 4323/4072/489
f 4327/4073/489 4324/4074/489 4325/4070/489
f 4329/4075/489 4326/4076/489 4327/4073/489
f 4331/4077/489 4328/4078/489 4329/4075/489
f 4335/4079/489 4332/4080/489 4333/4081/489
f 4337/4082/489 4334/4083/489 4335/4079/489
f 4339/4084/489 4336/4085/489 4337/4082/489
f 4341/4086/489 4338/4087/489 4339/4084/489
f 4345/4088/489 4342/4089/489 4343/4090/489
f 4347/4091/489 4344/4092/489 4345/4088/489
f 4349/4093/489 4346/4094/489 4347/4091/489
f 4351/4095/489 4348/4096/489 4349/4093/489
f 4355/4097/489 4352/4098/489 4353/4099/489
f 4357/4100/489 4354/4101/489 4355/4097/489
f 4359/4102/489 4356/4103/489 4357/4100/489
f 4361/4104/489 4358/4105/489 4359/4102/489
f 4365/4106/489 4362/4107/489 4363/4108/489
f 4367/4109/489 4364/4110/489 4365/4106/489
f 4369/4111/489 4366/4112/489 4367/4109/489
f 4371/4113/489 4368/4114/489 4369/4111/489
f 4375/4115/489 4372/4116/489 4373/4117/489
f 4377/4118/489 4374/4119/489 4375/4115/489
f 4379/4120/489 4376/4121/489 4377/4118/489
f 4381/4122/489 4378/4123/489 4379/4120/489
f 4385/4124/489 4382/4125/489 4383/4126/489
f 4387/4127/489 4384/4128/489 4385/4124/489
f 4389/4129/489 4386/4130/489 4387/4127/489
f 4391/4131/489 4388/4132/489 4389/4129/489
f 4395/4133/489 4392/4134/489 4393/4135/489
f 4397/4136/489 4394/4137/489 4395/4133/489
f 4399/4138/489 4396/4139/489 4397/4136/489
f 4401/4140/489 4398/4141/489 4399/4138/489
f 4405/4142/489 4402/4143/489 4403/4144/489
f 4407/4145/489 4404/4146/489 4405/4142/489
f 4409/4147/489 4406/4148/489 4407/4145/489
f 4411/4149/489 4408/4150/489 4409/4147/489
f 4415/4151/489 4412/4152/489 4413/4153/489
f 4417/4154/489 4414/4155/489 4415/4151/489
f 4419/4156/489 4416/4157/489 4417/4154/489
f 4421/4158/489 4418/4159/489 4419/4156/489
f 4425/4160/489 4422/4161/489 4423/4162/489
f 4427/4163/489 4424/4164/489 4425/4160/489
f 4429/4165/489 4426/4166/489 4427/4163/489
f 4431/4167/489 4428/4168/489 4429/4165/489
f 4435/4169/489 4432/4170/489 4433/4171/489
f 4437/4172/489 4434/4173/489 4435/4169/489
f 4439/4174/489 4436/4175/489 4437/4172/489
f 4441/4176/489 4438/4177/489 4439/4174/489
f 4445/4178/489 4442/4179/489 4443/4180/489
f 4447/4181/489 4444/4182/489 4445/4178/489
f 4449/4183/489 4446/4184/489 4447/4181/489
f 4451/4185/489 4448/4186/489 4449/4183/489
f 4455/4187/489 4452/4188/489 4453/4189/489
f 4457/4190/489 4454/4191/489 4455/4187/489
f 4459/4192/489 4456/4193/489 4457/4190/489
f 4461/4194/489 4458/4195/489 4459/4192/489
f 4465/4196/489 4462/4197/489 4463/4198/489
f 4467/4199/489 4464/4200/489 4465/4196/489
f 4469/4201/489 4466/4202/489 4467/4199/489
f 4471/4203/489 4468/4204/489 4469/4201/489
f 4475/4205/489 4472/4206/489 4473/4207/489
f 4477/4208/489 4474/4209/489 4475/4205/489
f 4479/4210/489 4476/4211/489 4477/4208/489
f 4481/4212/489 4478/4213/489 4479/4210/489
f 4485/4214/489 4482/4215/489 4483/4216/489
f 4487/4217/489 4484/4218/489 4485/4214/489
f 4489/4219/489 4486/4220/489 4487/4217/489
f 4491/4221/489 4488/4222/489 4489/4219/489
f 4495/4223/489 4492/4224/489 4493/4225/489
f 4497/4226/489 4494/4227/489 4495/4223/489
f 4499/4228/489 4496/4229/489 4497/4226/489
f 4501/4230/489 4498/4231/489 4499/4228/489
f 4505/4232/489 4502/4233/489 4503/4234/489
f 4507/4235/489 4504/4236/489 4505/4232/489
f 4509/4237/489 4506/4238/489 4507/4235/489
f 4511/4239/489 4508/4240/489 4509/4237/489
f 4515/4241/489 4512/4242/489 4513/4243/489
f 4517/4244/489 4514/4245/489 4515/4241/489
f 4519/4246/489 4516/4247/489 4517/4244/489
f 4521/4248/489 4518/4249/489 4519/4246/489
f 4525/4250/489 4522/4251/489 4523/4252/489
f 4527/4253/489 4524/4254/489 4525/4250/489
f 4529/4255/489 4526/4256/489 4527/4253/489
f 4531/4257/489 4528/4258/489 4529/4255/489
f 4535/4259/489 4532/4260/489 4533/4261/489
f 4537/4262/489 4534/4263/489 4535/4259/489
f 4539/4264/489 4536/4265/489 4537/4262/489
f 4541/4266/489 4538/4267/489 4539/4264/489
f 4545/4268/489 4542/4269/489 4543/4270/489
f 4547/4271/489 4544/4272/489 4545/4268/489
f 4549/4273/489 4546/4274/489 4547/4271/489
f 4551/4275/489 4548/4276/489 4549/4273/489
f 4555/4277/489 4552/4278/489 4553/4279/489
f 4557/4280/489 4554/4281/489 4555/4277/489
f 4559/4282/489 4556/4283/489 4557/4280/489
f 4561/4284/489 4558/4285/489 4559/4282/489
f 4565/4286/489 4562/4287/489 4563/4288/489
f 4567/4289/489 4564/4290/489 4565/4286/489
f 4569/4291/489 4566/4292/489 4567/4289/489
f 4571/4293/489 4568/4294/489 4569/4291/489
f 4575/4295/489 4572/4296/489 4573/4297/489
f 4577/4298/489 4574/4299/489 4575/4295/489
f 4579/4300/489 4576/4301/489 4577/4298/489
f 4581/4302/489 4578/4303/489 4579/4300/489
f 4585/4304/489 4582/4305/489 4583/4306/489
f 4587/4307/489 4584/4308/489 4585/4304/489
f 4589/4309/489 4586/4310/489 4587/4307/489
f 4591/4311/489 4588/4312/489 4589/4309/489
f 4595/4313/489 4592/4314/489 4593/4315/489
f 4597/4316/489 4594/4317/489 4595/4313/489
f 4599/4318/489 4596/4319/489 4597/4316/489
f 4601/4320/489 4598/4321/489 4599/4318/489
f 4605/4322/489 4602/4323/489 4603/4324/489
f 4607/4325/489 4604/4326/489 4605/4322/489
f 4609/4327/489 4606/4328/489 4607/4325/489
f 4611/4329/489 4608/4330/489 4609/4327/489
f 4615/4331/489 4612/4332/489 4613/4333/489
f 4617/4334/489 4614/4335/489 4615/4331/489
f 4619/4336/489 4616/4337/489 4617/4334/489
f 4621/4338/489 4618/4339/489 4619/4336/489
f 4625/4340/489 4622/4341/489 4623/4342/489
f 4627/4343/489 4624/4344/489 4625/4340/489
f 4629/4345/489 4626/4346/489 4627/4343/489
f 4631/4347/489 4628/4348/489 4629/4345/489
f 4635/4349/489 4632/4350/489 4633/4351/489
f 4637/4352/489 4634/4353/489 4635/4349/489
f 4639/4354/489 4636/4355/489 4637/4352/489
f 4641/4356/489 4638/4357/489 4639/4354/489
f 4645/4358/489 4642/4359/489 4643/4360/489
f 4647/4361/489 4644/4362/489 4645/4358/489
f 4649/4363/489 4646/4364/489 4647/4361/489
f 4651/4365/489 4648/4366/489 4649/4363/489
f 4655/4367/489 4652/4368/489 4653/4369/489
f 4657/4370/489 4654/4371/489 4655/4367/489
f 4659/4372/489 4656/4373/489 4657/4370/489
f 4661/4374/489 4658/4375/489 4659/4372/489
f 4665/4376/489 4662/4377/489 4663/4378/489
f 4667/4379/489 4664/4380/489 4665/4376/489
f 4669/4381/489 4666/4382/489 4667/4379/489
f 4671/4383/489 4668/4384/489 4669/4381/489
f 4675/4385/489 4672/4386/489 4673/4387/489
f 4677/4388/489 4674/4389/489 4675/4385/489
f 4679/4390/489 4676/4391/489 4677/4388/489
f 4681/4392/489 4678/4393/489 4679/4390/489
f 4685/4394/489 4682/4395/489 4683/4396/489
f 4687/4397/489 4684/4398/489 4685/4394/489
f 4689/4399/489 4686/4400/489 4687/4397/489
f 4691/4401/489 4688/4402/489 4689/4399/489
f 4695/4403/489 4692/4404/489 4693/4405/489
f 4697/4406/489 4694/4407/489 4695/4403/489
f 4699/4408/489 4696/4409/489 4697/4406/489
f 4701/4410/489 4698/4411/489 4699/4408/489
f 4705/4412/489 4702/4413/489 4703/4414/489
f 4707/4415/489 4704/4416/489 4705/4412/489
f 4709/4417/489 4706/4418/489 4707/4415/489
f 4711/4419/489 4708/4420/489 4709/4417/489
f 4715/4421/489 4712/4422/489 4713/4423/489
f 4717/4424/489 4714/4425/489 4715/4421/489
f 4719/4426/489 4716/4427/489 4717/4424/489
f 4721/4428/489 4718/4429/489 4719/4426/489
f 4725/4430/489 4722/4431/489 4723/4432/489
f 4727/4433/489 4724/4434/489 4725/4430/489
f 4729/4435/489 4726/4436/489 4727/4433/489
f 4731/4437/489 4728/4438/489 4729/4435/489
f 4735/4439/489 4732/4440/489 4733/4441/489
f 4737/4442/489 4734/4443/489 4735/4439/489
f 4739/4444/489 4736/4445/489 4737/4442/489
f 4741/4446/489 4738/4447/489 4739/4444/489
f 4745/4448/489 4742/4449/489 4743/4450/489
f 4747/4451/489 4744/4452/489 4745/4448/489
f 4749/4453/489 4746/4454/489 4747/4451/489
f 4751/4455/489 4748/4456/489 4749/4453/489
f 4755/4457/489 4752/4458/489 4753/4459/489
f 4757/4460/489 4754/4461/489 4755/4457/489
f 4759/4462/489 4756/4463/489 4757/4460/489
f 4761/4464/489 4758/4465/489 4759/4462/489
f 4765/4466/489 4762/4467/489 4763/4468/489
f 4767/4469/489 4764/4470/489 4765/4466/489
f 4769/4471/489 4766/4472/489 4767/4469/489
f 4771/4473/489 4768/4474/489 4769/4471/489
f 4775/4475/489 4772/4476/489 4773/4477/489
f 4777/4478/489 4774/4479/489 4775/4475/489
f 4779/4480/489 4776/4481/489 4777/4478/489
f 4781/4482/489 4778/4483/489 4779/4480/489
f 4785/4484/489 4782/4485/489 4783/4486/489
f 4787/4487/489 4784/4488/489 4785/4484/489
f 4789/4489/489 4786/4490/489 4787/4487/489
f 4791/4491/489 4788/4492/489 4789/4489/489
f 4795/4493/489 4792/4494/489 4793/4495/489
f 4797/4496/489 4794/4497/489 4795/4493/489
f 4799/4498/489 4796/4499/489 4797/4496/489
f 4801/4500/489 4798/4501/489 4799/4498/489
f 4805/4502/489 4802/4503/489 4803/4504/489
f 4807/4505/489 4804/4506/489 4805/4502/489
f 4809/4507/489 4806/4508/489 4807/4505/489
f 4811/4509/489 4808/4510/489 4809/4507/489
f 4815/4511/489 4812/4512/489 4813/4513/489
f 4817/4514/489 4814/4515/489 4815/4511/489
f 4819/4516/489 4816/4517/489 4817/4514/489
f 4821/4518/489 4818/4519/489 4819/4516/489
f 4825/4520/489 4822/4521/489 4823/4522/489
f 4827/4523/489 4824/4524/489 4825/4520/489
f 4829/4525/489 4826/4526/489 4827/4523/489
f 4831/4527/489 4828/4528/489 4829/4525/489
f 4835/4529/489 4832/4530/489 4833/4531/489
f 4837/4532/489 4834/4533/489 4835/4529/489
f 4839/4534/489 4836/4535/489 4837/4532/489
f 4841/4536/489 4838/4537/489 4839/4534/489
f 4845/4538/489 4842/4539/489 4843/4540/489
f 4847/4541/489 4844/4542/489 4845/4538/489
f 4849/4543/489 4846/4544/489 4847/4541/489
f 4851/4545/489 4848/4546/489 4849/4543/489
f 4855/4547/489 4852/4548/489 4853/4549/489
f 4857/4550/489 4854/4551/489 4855/4547/489
f 4859/4552/489 4856/4553/489 4857/4550/489
f 4861/4554/489 4858/4555/489 4859/4552/489
f 4865/4556/489 4862/4557/489 4863/4558/489
f 4867/4559/489 4864/4560/489 4865/4556/489
f 4869/4561/489 4866/4562/489 4867/4559/489
f 4871/4563/489 4868/4564/489 4869/4561/489
f 4875/4565/489 4872/4566/489 4873/4567/489
f 4877/4568/489 4874/4569/489 4875/4565/489
f 4879/4570/489 4876/4571/489 4877/4568/489
f 4881/4572/489 4878/4573/489 4879/4570/489
f 4885/4574/489 4882/4575/489 4883/4576/489
f 4887/4577/489 4884/4578/489 4885/4574/489
f 4889/4579/489 4886/4580/489 4887/4577/489
f 4891/4581/489 4888/4582/489 4889/4579/489
f 4895/4583/489 4892/4584/489 4893/4585/489
f 4897/4586/489 4894/4587/489 4895/4583/489
f 4899/4588/489 4896/4589/489 4897/4586/489
f 4901/4590/489 4898/4591/489 4899/4588/489
f 4905/4592/489 4902/4593/489 4903/4594/489
f 4907/4595/489 4904/4596/489 4905/4592/489
f 4909/4597/489 4906/4598/489 4907/4595/489
f 4911/4599/489 4908/4600/489 4909/4597/489
f 4915/4601/489 4912/4602/489 4913/4603/489
f 4917/4604/489 4914/4605/489 4915/4601/489
f 4919/4606/489 4916/4607/489 4917/4604/489
f 4921/4608/489 4918/4609/489 4919/4606/489
f 4925/4610/489 4922/4611/489 4923/4612/489
f 4927/4613/489 4924/4614/489 4925/4610/489
f 4929/4615/489 4926/4616/489 4927/4613/489
f 4931/4617/489 4928/4618/489 4929/4615/489
f 4935/4619/489 4932/4620/489 4933/4621/489
f 4937/4622/489 4934/4623/489 4935/4619/489
f 4939/4624/489 4936/4625/489 4937/4622/489
f 4941/4626/489 4938/4627/489 4939/4624/489
f 4945/4628/489 4942/4629/489 4943/4630/489
f 4947/4631/489 4944/4632/489 4945/4628/489
f 4949/4633/489 4946/4634/489 4947/4631/489
f 4951/4635/489 4948/4636/489 4949/4633/489
f 4955/4637/489 4952/4638/489 4953/4639/489
f 4957/4640/489 4954/4641/489 4955/4637/489
f 4959/4642/489 4956/4643/489 4957/4640/489
f 4961/4644/489 4958/4645/489 4959/4642/489
f 4965/4646/490 4962/4647/490 4963/4648/490
f 4967/4649/490 4964/4650/490 4965/4646/490
f 4969/4651/490 4966/4652/490 4967/4649/490
f 4971/4653/490 4968/4654/490 4969/4651/490
f 4975/4655/489 4972/4656/489 4973/4657/489
f 4977/4658/489 4974/4659/489 4975/4655/489
f 4979/4660/489 4976/4661/489 4977/4658/489
f 4981/4662/489 4978/4663/489 4979/4660/489
f 4985/4664/489 4982/4665/489 4983/4666/489
f 4987/4667/489 4984/4668/489 4985/4664/489
f 4989/4669/489 4986/4670/489 4987/4667/489
f 4991/4671/489 4988/4672/489 4989/4669/489
f 4995/4673/489 4992/4674/489 4993/4675/489
f 4997/4676/489 4994/4677/489 4995/4673/489
f 4999/4678/489 4996/4679/489 4997/4676/489
f 5001/4680/489 4998/4681/489 4999/4678/489
f 5005/4682/489 5002/4683/489 5003/4684/489
f 5007/4685/489 5004/4686/489 5005/4682/489
f 5009/4687/489 5006/4688/489 5007/4685/489
f 5011/4689/489 5008/4690/489 5009/4687/489
f 5015/4691/489 5012/4692/489 5013/4693/489
f 5017/4694/489 5014/4695/489 5015/4691/489
f 5019/4696/489 5016/4697/489 5017/4694/489
f 5021/4698/489 5018/4699/489 5019/4696/489
f 5025/4700/489 5022/4701/489 5023/4702/489
f 5027/4703/489 5024/4704/489 5025/4700/489
f 5029/4705/489 5026/4706/489 5027/4703/489
f 5031/4707/489 5028/4708/489 5029/4705/489
f 5035/4709/489 5032/4710/489 5033/4711/489
f 5037/4712/489 5034/4713/489 5035/4709/489
f 5039/4714/489 5036/4715/489 5037/4712/489
f 5041/4716/489 5038/4717/489 5039/4714/489
f 5045/4718/489 5042/4719/489 5043/4720/489
f 5047/4721/489 5044/4722/489 5045/4718/489
f 5049/4723/489 5046/4724/489 5047/4721/489
f 5051/4725/489 5048/4726/489 5049/4723/489
f 5055/4727/489 5052/4728/489 5053/4729/489
f 5057/4730/489 5054/4731/489 5055/4727/489
f 5059/4732/489 5056/4733/489 5057/4730/489
f 5061/4734/489 5058/4735/489 5059/4732/489
f 5065/4736/489 5062/4737/489 5063/4738/489
f 5067/4739/489 5064/4740/489 5065/4736/489
f 5069/4741/489 5066/4742/489 5067/4739/489
f 5071/4743/489 5068/4744/489 5069/4741/489
f 5075/4745/489 5072/4746/489 5073/4747/489
f 5077/4748/489 5074/4749/489 5075/4745/489
f 5079/4750/489 5076/4751/489 5077/4748/489
f 5081/4752/489 5078/4753/489 5079/4750/489
f 5085/4754/489 5082/4755/489 5083/4756/489
f 5087/4757/489 5084/4758/489 5085/4754/489
f 5089/4759/489 5086/4760/489 5087/4757/489
f 5091/4761/489 5088/4762/489 5089/4759/489
f 5095/4763/489 5092/4764/489 5093/4765/489
f 5097/4766/489 5094/4767/489 5095/4763/489
f 5099/4768/489 5096/4769/489 5097/4766/489
f 5101/4770/489 5098/4771/489 5099/4768/489
f 5105/4772/489 5102/4773/489 5103/4774/489
f 5107/4775/489 5104/4776/489 5105/4772/489
f 5109/4777/489 5106/4778/489 5107/4775/489
f 5111/4779/489 5108/4780/489 5109/4777/489
f 5115/4781/489 5112/4782/489 5113/4783/489
f 5117/4784/489 5114/4785/489 5115/4781/489
f 5119/4786/489 5116/4787/489 5117/4784/489
f 5121/4788/489 5118/4789/489 5119/4786/489
f 5125/4790/489 5122/4791/489 5123/4792/489
f 5127/4793/489 5124/4794/489 5125/4790/489
f 5129/4795/489 5126/4796/489 5127/4793/489
f 5131/4797/489 5128/4798/489 5129/4795/489
f 5135/4799/489 5132/4800/489 5133/4801/489
f 5137/4802/489 5134/4803/489 5135/4799/489
f 5139/4804/489 5136/4805/489 5137/4802/489
f 5141/4806/489 5138/4807/489 5139/4804/489
f 5145/4808/489 5142/4809/489 5143/4810/489
f 5147/4811/489 5144/4812/489 5145/4808/489
f 5149/4813/489 5146/4814/489 5147/4811/489
f 5151/4815/489 5148/4816/489 5149/4813/489
f 5155/4817/489 5152/4818/489 5153/4819/489
f 5157/4820/489 5154/4821/489 5155/4817/489
f 5159/4822/489 5156/4823/489 5157/4820/489
f 5161/4824/489 5158/4825/489 5159/4822/489
f 5165/4826/489 5162/4827/489 5163/4828/489
f 5167/4829/489 5164/4830/489 5165/4826/489
f 5169/4831/489 5166/4832/489 5167/4829/489
f 5171/4833/489 5168/4834/489 5169/4831/489
f 5175/4835/489 5172/4836/489 5173/4837/489
f 5177/4838/489 5174/4839/489 5175/4835/489
f 5179/4840/489 5176/4841/489 5177/4838/489
f 5181/4842/489 5178/4843/489 5179/4840/489
f 5185/4844/489 5182/4845/489 5183/4846/489
f 5187/4847/489 5184/4848/489 5185/4844/489
f 5189/4849/489 5186/4850/489 5187/4847/489
f 5191/4851/489 5188/4852/489 5189/4849/489
f 5195/4853/489 5192/4854/489 5193/4855/489
f 5197/4856/489 5194/4857/489 5195/4853/489
f 5199/4858/489 5196/4859/489 5197/4856/489
f 5201/4860/489 5198/4861/489 5199/4858/489
f 5205/4862/489 5202/4863/489 5203/4864/489
f 5207/4865/489 5204/4866/489 5205/4862/489
f 5209/4867/489 5206/4868/489 5207/4865/489
f 5211/4869/489 5208/4870/489 5209/4867/489
f 5215/4871/490 5212/4872/490 5213/4873/490
f 5217/4874/490 5214/4875/490 5215/4871/490
f 5219/4876/490 5216/4877/490 5217/4874/490
f 5221/4878/490 5218/4879/490 5219/4876/490
f 5225/4880/489 5222/4881/489 5223/4882/489
f 5227/4883/489 5224/4884/489 5225/4880/489
f 5229/4885/489 5226/4886/489 5227/4883/489
f 5231/4887/489 5228/4888/489 5229/4885/489
f 5235/4889/489 5232/4890/489 5233/4891/489
f 5237/4892/489 5234/4893/489 5235/4889/489
f 5239/4894/489 5236/4895/489 5237/4892/489
f 5241/4896/489 5238/4897/489 5239/4894/489
f 5245/4898/489 5242/4899/489 5243/4900/489
f 5247/4901/489 5244/4902/489 5245/4898/489
f 5249/4903/489 5246/4904/489 5247/4901/489
f 5251/4905/489 5248/4906/489 5249/4903/489
f 5255/4907/489 5252/4908/489 5253/4909/489
f 5257/4910/489 5254/4911/489 5255/4907/489
f 5259/4912/489 5256/4913/489 5257/4910/489
f 5261/4914/489 5258/4915/489 5259/4912/489
f 5265/4916/489 5262/4917/489 5263/4918/489
f 5267/4919/489 5264/4920/489 5265/4916/489
f 5269/4921/489 5266/4922/489 5267/4919/489
f 5271/4923/489 5268/4924/489 5269/4921/489
f 5275/4925/489 5272/4926/489 5273/4927/489
f 5277/4928/489 5274/4929/489 5275/4925/489
f 5279/4930/489 5276/4931/489 5277/4928/489
f 5281/4932/489 5278/4933/489 5279/4930/489
f 5285/4934/489 5282/4935/489 5283/4936/489
f 5287/4937/489 5284/4938/489 5285/4934/489
f 5289/4939/489 5286/4940/489 5287/4937/489
f 5291/4941/489 5288/4942/489 5289/4939/489
f 5295/4943/490 5292/4944/490 5293/4945/490
f 5297/4946/490 5294/4947/490 5295/4943/490
f 5299/4948/490 5296/4949/490 5297/4946/490
f 5301/4950/490 5298/4951/490 5299/4948/490
f 5305/4952/490 5302/4953/490 5303/4954/490
f 5307/4955/490 5304/4956/490 5305/4952/490
f 5309/4957/490 5306/4958/490 5307/4955/490
f 5311/4959/490 5308/4960/490 5309/4957/490
f 5315/4961/490 5312/4962/490 5313/4963/490
f 5317/4964/490 5314/4965/490 5315/4961/490
f 5319/4966/490 5316/4967/490 5317/4964/490
f 5321/4968/490 5318/4969/490 5319/4966/490
f 5325/4970/489 5322/4971/489 5323/4972/489
f 5327/4973/489 5324/4974/489 5325/4970/489
f 5329/4975/489 5326/4976/489 5327/4973/489
f 5331/4977/489 5328/4978/489 5329/4975/489
f 5335/4979/490 5332/4980/490 5333/4981/490
f 5337/4982/490 5334/4983/490 5335/4979/490
f 5339/4984/490 5336/4985/490 5337/4982/490
f 5341/4986/490 5338/4987/490 5339/4984/490
f 5345/4988/490 5342/4989/490 5343/4990/490
f 5347/4991/490 5344/4992/490 5345/4988/490
f 5349/4993/490 5346/4994/490 5347/4991/490
f 5351/4995/490 5348/4996/490 5349/4993/490
f 5355/4997/489 5352/4998/489 5353/4999/489
f 5357/5000/489 5354/5001/489 5355/4997/489
f 5359/5002/489 5356/5003/489 5357/5000/489
f 5361/5004/489 5358/5005/489 5359/5002/489
f 5365/5006/490 5362/5007/490 5363/5008/490
f 5367/5009/490 5364/5010/490 5365/5006/490
f 5369/5011/490 5366/5012/490 5367/5009/490
f 5371/5013/490 5368/5014/490 5369/5011/490
f 5375/5015/490 5372/5016/490 5373/5017/490
f 5377/5018/490 5374/5019/490 5375/5015/490
f 5379/5020/490 5376/5021/490 5377/5018/490
f 5381/5022/490 5378/5023/490 5379/5020/490
f 5385/5024/490 5382/5025/490 5383/5026/490
f 5387/5027/490 5384/5028/490 5385/5024/490
f 5389/5029/490 5386/5030/490 5387/5027/490
f 5391/5031/490 5388/5032/490 5389/5029/490
f 5395/5033/490 5392/5034/490 5393/5035/490
f 5397/5036/490 5394/5037/490 5395/5033/490
f 5399/5038/490 5396/5039/490 5397/5036/490
f 5401/5040/490 5398/5041/490 5399/5038/490
f 5405/5042/490 5402/5043/490 5403/5044/490
f 5407/5045/490 5404/5046/490 5405/5042/490
f 5409/5047/490 5406/5048/490 5407/5045/490
f 5411/5049/490 5408/5050/490 5409/5047/490
f 5415/5051/490 5412/5052/490 5413/5053/490
f 5417/5054/490 5414/5055/490 5415/5051/490
f 5419/5056/490 5416/5057/490 5417/5054/490
f 5421/5058/490 5418/5059/490 5419/5056/490
f 5425/5060/490 5422/5061/490 5423/5062/490
f 5427/5063/490 5424/5064/490 5425/5060/490
f 5429/5065/490 5426/5066/490 5427/5063/490
f 5431/5067/490 5428/5068/490 5429/5065/490
f 5435/5069/490 5432/5070/490 5433/5071/490
f 5437/5072/490 5434/5073/490 5435/5069/490
f 5439/5074/490 5436/5075/490 5437/5072/490
f 5441/5076/490 5438/5077/490 5439/5074/490
f 5445/5078/490 5442/5079/490 5443/5080/490
f 5447/5081/490 5444/5082/490 5445/5078/490
f 5449/5083/490 5446/5084/490 5447/5081/490
f 5451/5085/490 5448/5086/490 5449/5083/490
f 5455/5087/490 5452/5088/490 5453/5089/490
f 5457/5090/490 5454/5091/490 5455/5087/490
f 5459/5092/490 5456/5093/490 5457/5090/490
f 5461/5094/490 5458/5095/490 5459/5092/490
f 5465/5096/490 5462/5097/490 5463/5098/490
f 5467/5099/490 5464/5100/490 5465/5096/490
f 5469/5101/490 5466/5102/490 5467/5099/490
f 5471/5103/490 5468/5104/490 5469/5101/490
f 5475/5105/490 5472/5106/490 5473/5107/490
f 5477/5108/490 5474/5109/490 5475/5105/490
f 5479/5110/490 5476/5111/490 5477/5108/490
f 5481/5112/490 5478/5113/490 5479/5110/490
f 5485/5114/490 5482/5115/490 5483/5116/490
f 5487/5117/490 5484/5118/490 5485/5114/490
f 5489/5119/490 5486/5120/490 5487/5117/490
f 5491/5121/490 5488/5122/490 5489/5119/490
f 5495/5123/490 5492/5124/490 5493/5125/490
f 5497/5126/490 5494/5127/490 5495/5123/490
f 5499/5128/490 5496/5129/490 5497/5126/490
f 5501/5130/490 5498/5131/490 5499/5128/490
f 5505/5132/490 5502/5133/490 5503/5134/490
f 5507/5135/490 5504/5136/490 5505/5132/490
f 5509/5137/490 5506/5138/490 5507/5135/490
f 5511/5139/490 5508/5140/490 5509/5137/490
f 5515/5141/490 5512/5142/490 5513/5143/490
f 5517/5144/490 5514/5145/490 5515/5141/490
f 5519/5146/490 5516/5147/490 5517/5144/490
f 5521/5148/490 5518/5149/490 5519/5146/490
f 5525/5150/490 5522/5151/490 5523/5152/490
f 5527/5153/490 5524/5154/490 5525/5150/490
f 5529/5155/490 5526/5156/490 5527/5153/490
f 5531/5157/490 5528/5158/490 5529/5155/490
f 5535/5159/490 5532/5160/490 5533/5161/490
f 5537/5162/490 5534/5163/490 5535/5159/490
f 5539/5164/490 5536/5165/490 5537/5162/490
f 5541/5166/490 5538/5167/490 5539/5164/490
f 5545/5168/490 5542/5169/490 5543/5170/490
f 5547/5171/490 5544/5172/490 5545/5168/490
f 5549/5173/490 5546/5174/490 5547/5171/490
f 5551/5175/490 5548/5176/490 5549/5173/490
f 5555/5177/490 5552/5178/490 5553/5179/490
f 5557/5180/490 5554/5181/490 5555/5177/490
f 5559/5182/490 5556/5183/490 5557/5180/490
f 5561/5184/490 5558/5185/490 5559/5182/490
f 5565/5186/490 5562/5187/490 5563/5188/490
f 5567/5189/490 5564/5190/490 5565/5186/490
f 5569/5191/490 5566/5192/490 5567/5189/490
f 5571/5193/490 5568/5194/490 5569/5191/490
f 5575/5195/490 5572/5196/490 5573/5197/490
f 5577/5198/490 5574/5199/490 5575/5195/490
f 5579/5200/490 5576/5201/490 5577/5198/490
f 5581/5202/490 5578/5203/490 5579/5200/490
f 5585/5204/490 5582/5205/490 5583/5206/490
f 5587/5207/490 5584/5208/490 5585/5204/490
f 5589/5209/490 5586/5210/490 5587/5207/490
f 5591/5211/490 5588/5212/490 5589/5209/490
f 5595/5213/490 5592/5214/490 5593/5215/490
f 5597/5216/490 5594/5217/490 5595/5213/490
f 5599/5218/490 5596/5219/490 5597/5216/490
f 5601/5220/490 5598/5221/490 5599/5218/490
f 5605/5222/490 5602/5223/490 5603/5224/490
f 5607/5225/490 5604/5226/490 5605/5222/490
f 5609/5227/490 5606/5228/490 5607/5225/490
f 5611/5229/490 5608/5230/490 5609/5227/490
f 5615/5231/490 5612/5232/490 5613/5233/490
f 5617/5234/490 5614/5235/490 5615/5231/490
f 5619/5236/490 5616/5237/490 5617/5234/490
f 5621/5238/490 5618/5239/490 5619/5236/490
f 5625/5240/490 5622/5241/490 5623/5242/490
f 5627/5243/490 5624/5244/490 5625/5240/490
f 5629/5245/490 5626/5246/490 5627/5243/490
f 5631/5247/490 5628/5248/490 5629/5245/490
f 5635/5249/490 5632/5250/490 5633/5251/490
f 5637/5252/490 5634/5253/490 5635/5249/490
f 5639/5254/490 5636/5255/490 5637/5252/490
f 5641/5256/490 5638/5257/490 5639/5254/490
f 5645/5258/490 5642/5259/490 5643/5260/490
f 5647/5261/490 5644/5262/490 5645/5258/490
f 5649/5263/490 5646/5264/490 5647/5261/490
f 5651/5265/490 5648/5266/490 5649/5263/490
f 5655/5267/490 5652/5268/490 5653/5269/490
f 5657/5270/490 5654/5271/490 5655/5267/490
f 5659/5272/490 5656/5273/490 5657/5270/490
f 5661/5274/490 5658/5275/490 5659/5272/490
f 5665/5276/490 5662/5277/490 5663/5278/490
f 5667/5279/490 5664/5280/490 5665/5276/490
f 5669/5281/490 5666/5282/490 5667/5279/490
f 5671/5283/490 5668/5284/490 5669/5281/490
f 5675/5285/490 5672/5286/490 5673/5287/490
f 5677/5288/490 5674/5289/490 5675/5285/490
f 5679/5290/490 5676/5291/490 5677/5288/490
f 5681/5292/490 5678/5293/490 5679/5290/490
f 5685/5294/490 5682/5295/490 5683/5296/490
f 5687/5297/490 5684/5298/490 5685/5294/490
f 5689/5299/490 5686/5300/490 5687/5297/490
f 5691/5301/490 5688/5302/490 5689/5299/490
f 5695/5303/490 5692/5304/490 5693/5305/490
f 5697/5306/490 5694/5307/490 5695/5303/490
f 5699/5308/490 5696/5309/490 5697/5306/490
f 5701/5310/490 5698/5311/490 5699/5308/490
f 5705/5312/490 5702/5313/490 5703/5314/490
f 5707/5315/490 5704/5316/490 5705/5312/490
f 5709/5317/490 5706/5318/490 5707/5315/490
f 5711/5319/490 5708/5320/490 5709/5317/490
f 5715/5321/490 5712/5322/490 5713/5323/490
f 5717/5324/490 5714/5325/490 5715/5321/490
f 5719/5326/490 5716/5327/490 5717/5324/490
f 5721/5328/490 5718/5329/490 5719/5326/490
f 5725/5330/490 5722/5331/490 5723/5332/490
f 5727/5333/490 5724/5334/490 5725/5330/490
f 5729/5335/490 5726/5336/490 5727/5333/490
f 5731/5337/490 5728/5338/490 5729/5335/490
f 5735/5339/490 5732/5340/490 5733/5341/490
f 5737/5342/490 5734/5343/490 5735/5339/490
f 5739/5344/490 5736/5345/490 5737/5342/490
f 5741/5346/490 5738/5347/490 5739/5344/490
f 5745/5348/490 5742/5349/490 5743/5350/490
f 5747/5351/490 5744/5352/490 5745/5348/490
f 5749/5353/490 5746/5354/490 5747/5351/490
f 5751/5355/490 5748/5356/490 5749/5353/490
f 5755/5357/490 5752/5358/490 5753/5359/490
f 5757/5360/490 5754/5361/490 5755/5357/490
f 5759/5362/490 5756/5363/490 5757/5360/490
f 5761/5364/490 5758/5365/490 5759/5362/490
f 5765/5366/490 5762/5367/490 5763/5368/490
f 5767/5369/490 5764/5370/490 5765/5366/490
f 5769/5371/490 5766/5372/490 5767/5369/490
f 5771/5373/490 5768/5374/490 5769/5371/490
f 5775/5375/490 5772/5376/490 5773/5377/490
f 5777/5378/490 5774/5379/490 5775/5375/490
f 5779/5380/490 5776/5381/490 5777/5378/490
f 5781/5382/490 5778/5383/490 5779/5380/490
f 5785/5384/490 5782/5385/490 5783/5386/490
f 5787/5387/490 5784/5388/490 5785/5384/490
f 5789/5389/490 5786/5390/490 5787/5387/490
f 5791/5391/490 5788/5392/490 5789/5389/490
f 5795/5393/490 5792/5394/490 5793/5395/490
f 5797/5396/490 5794/5397/490 5795/5393/490
f 5799/5398/490 5796/5399/490 5797/5396/490
f 5801/5400/490 5798/5401/490 5799/5398/490
f 5805/5402/490 5802/5403/490 5803/5404/490
f 5807/5405/490 5804/5406/490 5805/5402/490
f 5809/5407/490 5806/5408/490 5807/5405/490
f 5811/5409/490 5808/5410/490 5809/5407/490
f 5815/5411/490 5812/5412/490 5813/5413/490
f 5817/5414/490 5814/5415/490 5815/5411/490
f 5819/5416/490 5816/5417/490 5817/5414/490
f 5821/5418/490 5818/5419/490 5819/5416/490
f 5825/5420/490 5822/5421/490 5823/5422/490
f 5827/5423/490 5824/5424/490 5825/5420/490
f 5829/5425/490 5826/5426/490 5827/5423/490
f 5831/5427/490 5828/5428/490 5829/5425/490
f 5835/5429/490 5832/5430/490 5833/5431/490
f 5837/5432/490 5834/5433/490 5835/5429/490
f 5839/5434/490 5836/5435/490 5837/5432/490
f 5841/5436/490 5838/5437/490 5839/5434/490
f 5845/5438/490 5842/5439/490 5843/5440/490
f 5847/5441/490 5844/5442/490 5845/5438/490
f 5849/5443/490 5846/5444/490 5847/5441/490
f 5851/5445/490 5848/5446/490 5849/5443/490
f 5855/5447/490 5852/5448/490 5853/5449/490
f 5857/5450/490 5854/5451/490 5855/5447/490
f 5859/5452/490 5856/5453/490 5857/5450/490
f 5861/5454/490 5858/5455/490 5859/5452/490
f 5865/5456/490 5862/5457/490 5863/5458/490
f 5867/5459/490 5864/5460/490 5865/5456/490
f 5869/5461/490 5866/5462/490 5867/5459/490
f 5871/5463/490 5868/5464/490 5869/5461/490
f 5875/5465/490 5872/5466/490 5873/5467/490
f 5877/5468/490 5874/5469/490 5875/5465/490
f 5879/5470/490 5876/5471/490 5877/5468/490
f 5881/5472/490 5878/5473/490 5879/5470/490
f 5885/5474/490 5882/5475/490 5883/5476/490
f 5887/5477/490 5884/5478/490 5885/5474/490
f 5889/5479/490 5886/5480/490 5887/5477/490
f 5891/5481/490 5888/5482/490 5889/5479/490
f 5895/5483/490 5892/5484/490 5893/5485/490
f 5897/5486/490 5894/5487/490 5895/5483/490
f 5899/5488/490 5896/5489/490 5897/5486/490
f 5901/5490/490 5898/5491/490 5899/5488/490
f 5905/5492/490 5902/5493/490 5903/5494/490
f 5907/5495/490 5904/5496/490 5905/5492/490
f 5909/5497/490 5906/5498/490 5907/5495/490
f 5911/5499/490 5908/5500/490 5909/5497/490
f 5915/5501/490 5912/5502/490 5913/5503/490
f 5917/5504/490 5914/5505/490 5915/5501/490
f 5919/5506/490 5916/5507/490 5917/5504/490
f 5921/5508/490 5918/5509/490 5919/5506/490
f 5925/5510/490 5922/5511/490 5923/5512/490
f 5927/5513/490 5924/5514/490 5925/5510/490
f 5929/5515/490 5926/5516/490 5927/5513/490
f 5931/5517/490 5928/5518/490 5929/5515/490
f 5935/5519/490 5932/5520/490 5933/5521/490
f 5937/5522/490 5934/5523/490 5935/5519/490
f 5939/5524/490 5936/5525/490 5937/5522/490
f 5941/5526/490 5938/5527/490 5939/5524/490
f 5945/5528/490 5942/5529/490 5943/5530/490
f 5947/5531/490 5944/5532/490 5945/5528/490
f 5949/5533/490 5946/5534/490 5947/5531/490
f 5951/5535/490 5948/5536/490 5949/5533/490
f 5955/5537/490 5952/5538/490 5953/5539/490
f 5957/5540/490 5954/5541/490 5955/5537/490
f 5959/5542/490 5956/5543/490 5957/5540/490
f 5961/5544/490 5958/5545/490 5959/5542/490
f 5965/5546/490 5962/5547/490 5963/5548/490
f 5967/5549/490 5964/5550/490 5965/5546/490
f 5969/5551/490 5966/5552/490 5967/5549/490
f 5971/5553/490 5968/5554/490 5969/5551/490
f 5975/5555/490 5972/5556/490 5973/5557/490
f 5977/5558/490 5974/5559/490 5975/5555/490
f 5979/5560/490 5976/5561/490 5977/5558/490
f 5981/5562/490 5978/5563/490 5979/5560/490
f 5985/5564/490 5982/5565/490 5983/5566/490
f 5987/5567/490 5984/5568/490 5985/5564/490
f 5989/5569/490 5986/5570/490 5987/5567/490
f 5991/5571/490 5988/5572/490 5989/5569/490
f 5995/5573/490 5992/5574/490 5993/5575/490
f 5997/5576/490 5994/5577/490 5995/5573/490
f 5999/5578/490 5996/5579/490 5997/5576/490
f 6001/5580/490 5998/5581/490 5999/5578/490
f 6005/5582/490 6002/5583/490 6003/5584/490
f 6007/5585/490 6004/5586/490 6005/5582/490
f 6009/5587/490 6006/5588/490 6007/5585/490
f 6011/5589/490 6008/5590/490 6009/5587/490
f 6015/5591/490 6012/5592/490 6013/5593/490
f 6017/5594/490 6014/5595/490 6015/5591/490
f 6019/5596/490 6016/5597/490 6017/5594/490
f 6021/5598/490 6018/5599/490 6019/5596/490
f 6025/5600/490 6022/5601/490 6023/5602/490
f 6027/5603/490 6024/5604/490 6025/5600/490
f 6029/5605/490 6026/5606/490 6027/5603/490
f 6031/5607/490 6028/5608/490 6029/5605/490
f 6035/5609/490 6032/5610/490 6033/5611/490
f 6037/5612/490 6034/5613/490 6035/5609/490
f 6039/5614/490 6036/5615/490 6037/5612/490
f 6041/5616/490 6038/5617/490 6039/5614/490
f 6045/5618/490 6042/5619/490 6043/5620/490
f 6047/5621/490 6044/5622/490 6045/5618/490
f 6049/5623/490 6046/5624/490 6047/5621/490
f 6051/5625/490 6048/5626/490 6049/5623/490
f 6055/5627/490 6052/5628/490 6053/5629/490
f 6057/5630/490 6054/5631/490 6055/5627/490
f 6059/5632/490 6056/5633/490 6057/5630/490
f 6061/5634/490 6058/5635/490 6059/5632/490
f 6065/5636/490 6062/5637/490 6063/5638/490
f 6067/5639/490 6064/5640/490 6065/5636/490
f 6069/5641/490 6066/5642/490 6067/5639/490
f 6071/5643/490 6068/5644/490 6069/5641/490
f 6075/5645/490 6072/5646/490 6073/5647/490
f 6077/5648/490 6074/5649/490 6075/5645/490
f 6079/5650/490 6076/5651/490 6077/5648/490
f 6081/5652/490 6078/5653/490 6079/5650/490
f 6085/5654/490 6082/5655/490 6083/5656/490
f 6087/5657/490 6084/5658/490 6085/5654/490
f 6089/5659/490 6086/5660/490 6087/5657/490
f 6091/5661/490 6088/5662/490 6089/5659/490
f 6095/5663/490 6092/5664/490 6093/5665/490
f 6097/5666/490 6094/5667/490 6095/5663/490
f 6099/5668/490 6096/5669/490 6097/5666/490
f 6101/5670/490 6098/5671/490 6099/5668/490
f 6105/5672/490 6102/5673/490 6103/5674/490
f 6107/5675/490 6104/5676/490 6105/5672/490
f 6109/5677/490 6106/5678/490 6107/5675/490
f 6111/5679/490 6108/5680/490 6109/5677/490
f 6115/5681/490 6112/5682/490 6113/5683/490
f 6117/5684/490 6114/5685/490 6115/5681/490
f 6119/5686/490 6116/5687/490 6117/5684/490
f 6121/5688/490 6118/5689/490 6119/5686/490
f 6125/5690/490 6122/5691/490 6123/5692/490
f 6127/5693/490 6124/5694/490 6125/5690/490
f 6129/5695/490 6126/5696/490 6127/5693/490
f 6131/5697/490 6128/5698/490 6129/5695/490
f 6135/5699/490 6132/5700/490 6133/5701/490
f 6137/5702/490 6134/5703/490 6135/5699/490
f 6139/5704/490 6136/5705/490 6137/5702/490
f 6141/5706/490 6138/5707/490 6139/5704/490
f 6145/5708/490 6142/5709/490 6143/5710/490
f 6147/5711/490 6144/5712/490 6145/5708/490
f 6149/5713/490 6146/5714/490 6147/5711/490
f 6151/5715/490 6148/5716/490 6149/5713/490
f 6155/5717/490 6152/5718/490 6153/5719/490
f 6157/5720/490 6154/5721/490 6155/5717/490
f 6159/5722/490 6156/5723/490 6157/5720/490
f 6161/5724/490 6158/5725/490 6159/5722/490
f 6165/5726/490 6162/5727/490 6163/5728/490
f 6167/5729/490 6164/5730/490 6165/5726/490
f 6169/5731/490 6166/5732/490 6167/5729/490
f 6171/5733/490 6168/5734/490 6169/5731/490
f 6175/5735/490 6172/5736/490 6173/5737/490
f 6177/5738/490 6174/5739/490 6175/5735/490
f 6179/5740/490 6176/5741/490 6177/5738/490
f 6181/5742/490 6178/5743/490 6179/5740/490
f 6185/5744/490 6182/5745/490 6183/5746/490
f 6187/5747/490 6184/5748/490 6185/5744/490
f 6189/5749/490 6186/5750/490 6187/5747/490
f 6191/5751/490 6188/5752/490 6189/5749/490
f 6195/5753/490 6192/5754/490 6193/5755/490
f 6197/5756/490 6194/5757/490 6195/5753/490
f 6199/5758/490 6196/5759/490 6197/5756/490
f 6201/5760/490 6198/5761/490 6199/5758/490
f 6205/5762/490 6202/5763/490 6203/5764/490
f 6207/5765/490 6204/5766/490 6205/5762/490
f 6209/5767/490 6206/5768/490 6207/5765/490
f 6211/5769/490 6208/5770/490 6209/5767/490
f 6215/5771/490 6212/5772/490 6213/5773/490
f 6217/5774/490 6214/5775/490 6215/5771/490
f 6219/5776/490 6216/5777/490 6217/5774/490
f 6221/5778/490 6218/5779/490 6219/5776/490
f 6225/5780/490 6222/5781/490 6223/5782/490
f 6227/5783/490 6224/5784/490 6225/5780/490
f 6229/5785/490 6226/5786/490 6227/5783/490
f 6231/5787/490 6228/5788/490 6229/5785/490
f 6235/5789/490 6232/5790/490 6233/5791/490
f 6237/5792/490 6234/5793/490 6235/5789/490
f 6239/5794/490 6236/5795/490 6237/5792/490
f 6241/5796/490 6238/5797/490 6239/5794/490
f 6245/5798/490 6242/5799/490 6243/5800/490
f 6247/5801/490 6244/5802/490 6245/5798/490
f 6249/5803/490 6246/5804/490 6247/5801/490
f 6251/5805/490 6248/5806/490 6249/5803/490
f 6255/5807/490 6252/5808/490 6253/5809/490
f 6257/5810/490 6254/5811/490 6255/5807/490
f 6259/5812/490 6256/5813/490 6257/5810/490
f 6261/5814/490 6258/5815/490 6259/5812/490
f 6265/5816/490 6262/5817/490 6263/5818/490
f 6267/5819/490 6264/5820/490 6265/5816/490
f 6269/5821/490 6266/5822/490 6267/5819/490
f 6271/5823/490 6268/5824/490 6269/5821/490
f 6275/5825/490 6272/5826/490 6273/5827/490
f 6277/5828/490 6274/5829/490 6275/5825/490
f 6279/5830/490 6276/5831/490 6277/5828/490
f 6281/5832/490 6278/5833/490 6279/5830/490
f 6285/5834/490 6282/5835/490 6283/5836/490
f 6287/5837/490 6284/5838/490 6285/5834/490
f 6289/5839/490 6286/5840/490 6287/5837/490
f 6291/5841/490 6288/5842/490 6289/5839/490
f 6295/5843/490 6292/5844/490 6293/5845/490
f 6297/5846/490 6294/5847/490 6295/5843/490
f 6299/5848/490 6296/5849/490 6297/5846/490
f 6301/5850/490 6298/5851/490 6299/5848/490
f 6305/5852/490 6302/5853/490 6303/5854/490
f 6307/5855/490 6304/5856/490 6305/5852/490
f 6309/5857/490 6306/5858/490 6307/5855/490
f 6311/5859/490 6308/5860/490 6309/5857/490
f 6315/5861/490 6312/5862/490 6313/5863/490
f 6317/5864/490 6314/5865/490 6315/5861/490
f 6319/5866/490 6316/5867/490 6317/5864/490
f 6321/5868/490 6318/5869/490 6319/5866/490
f 6325/5870/490 6322/5871/490 6323/5872/490
f 6327/5873/490 6324/5874/490 6325/5870/490
f 6329/5875/490 6326/5876/490 6327/5873/490
f 6331/5877/490 6328/5878/490 6329/5875/490
f 6335/5879/490 6332/5880/490 6333/5881/490
f 6337/5882/490 6334/5883/490 6335/5879/490
f 6339/5884/490 6336/5885/490 6337/5882/490
f 6341/5886/490 6338/5887/490 6339/5884/490
f 6345/5888/490 6342/5889/490 6343/5890/490
f 6347/5891/490 6344/5892/490 6345/5888/490
f 6349/5893/490 6346/5894/490 6347/5891/490
f 6351/5895/490 6348/5896/490 6349/5893/490
f 6355/5897/490 6352/5898/490 6353/5899/490
f 6357/5900/490 6354/5901/490 6355/5897/490
f 6359/5902/490 6356/5903/490 6357/5900/490
f 6361/5904/490 6358/5905/490 6359/5902/490
f 6365/5906/490 6362/5907/490 6363/5908/490
f 6367/5909/490 6364/5910/490 6365/5906/490
f 6369/5911/490 6366/5912/490 6367/5909/490
f 6371/5913/490 6368/5914/490 6369/5911/490
f 6375/5915/490 6372/5916/490 6373/5917/490
f 6377/5918/490 6374/5919/490 6375/5915/490
f 6379/5920/490 6376/5921/490 6377/5918/490
f 6381/5922/490 6378/5923/490 6379/5920/490
f 6385/5924/490 6382/5925/490 6383/5926/490
f 6387/5927/490 6384/5928/490 6385/5924/490
f 6389/5929/490 6386/5930/490 6387/5927/490
f 6391/5931/490 6388/5932/490 6389/5929/490
f 6395/5933/490 6392/5934/490 6393/5935/490
f 6397/5936/490 6394/5937/490 6395/5933/490
f 6399/5938/490 6396/5939/490 6397/5936/490
f 6401/5940/490 6398/5941/490 6399/5938/490
f 6405/5942/490 6402/5943/490 6403/5944/490
f 6407/5945/490 6404/5946/490 6405/5942/490
f 6409/5947/490 6406/5948/490 6407/5945/490
f 6411/5949/490 6408/5950/490 6409/5947/490
f 6415/5951/490 6412/5952/490 6413/5953/490
f 6417/5954/490 6414/5955/490 6415/5951/490
f 6419/5956/490 6416/5957/490 6417/5954/490
f 6421/5958/490 6418/5959/490 6419/5956/490
f 6425/5960/490 6422/5961/490 6423/5962/490
f 6427/5963/490 6424/5964/490 6425/5960/490
f 6429/5965/490 6426/5966/490 6427/5963/490
f 6431/5967/490 6428/5968/490 6429/5965/490
f 6435/5969/490 6432/5970/490 6433/5971/490
f 6437/5972/490 6434/5973/490 6435/5969/490
f 6439/5974/490 6436/5975/490 6437/5972/490
f 6441/5976/490 6438/5977/490 6439/5974/490
f 6445/5978/490 6442/5979/490 6443/5980/490
f 6447/5981/490 6444/5982/490 6445/5978/490
f 6449/5983/490 6446/5984/490 6447/5981/490
f 6451/5985/490 6448/5986/490 6449/5983/490
f 6455/5987/490 6452/5988/490 6453/5989/490
f 6457/5990/490 6454/5991/490 6455/5987/490
f 6459/5992/490 6456/5993/490 6457/5990/490
f 6461/5994/490 6458/5995/490 6459/5992/490
f 6465/5996/490 6462/5997/490 6463/5998/490
f 6467/5999/490 6464/6000/490 6465/5996/490
f 6469/6001/490 6466/6002/490 6467/5999/490
f 6471/6003/490 6468/6004/490 6469/6001/490
f 6475/6005/490 6472/6006/490 6473/6007/490
f 6477/6008/490 6474/6009/490 6475/6005/490
f 6479/6010/490 6476/6011/490 6477/6008/490
f 6481/6012/490 6478/6013/490 6479/6010/490
f 6485/6014/490 6482/6015/490 6483/6016/490
f 6487/6017/490 6484/6018/490 6485/6014/490
f 6489/6019/490 6486/6020/490 6487/6017/490
f 6491/6021/490 6488/6022/490 6489/6019/490
f 6495/6023/490 6492/6024/490 6493/6025/490
f 6497/6026/490 6494/6027/490 6495/6023/490
f 6499/6028/490 6496/6029/490 6497/6026/490
f 6501/6030/490 6498/6031/490 6499/6028/490
f 6505/6032/490 6502/6033/490 6503/6034/490
f 6507/6035/490 6504/6036/490 6505/6032/490
f 6509/6037/490 6506/6038/490 6507/6035/490
f 6511/6039/490 6508/6040/490 6509/6037/490
f 6515/6041/490 6512/6042/490 6513/6043/490
f 6517/6044/490 6514/6045/490 6515/6041/490
f 6519/6046/490 6516/6047/490 6517/6044/490
f 6521/6048/490 6518/6049/490 6519/6046/490
f 6525/6050/490 6522/6051/490 6523/6052/490
f 6527/6053/490 6524/6054/490 6525/6050/490
f 6529/6055/490 6526/6056/490 6527/6053/490
f 6531/6057/490 6528/6058/490 6529/6055/490
f 6535/6059/490 6532/6060/490 6533/6061/490
f 6537/6062/490 6534/6063/490 6535/6059/490
f 6539/6064/490 6536/6065/490 6537/6062/490
f 6541/6066/490 6538/6067/490 6539/6064/490
f 6545/6068/490 6542/6069/490 6543/6070/490
f 6547/6071/490 6544/6072/490 6545/6068/490
f 6549/6073/490 6546/6074/490 6547/6071/490
f 6551/6075/490 6548/6076/490 6549/6073/490
f 6555/6077/490 6552/6078/490 6553/6079/490
f 6557/6080/490 6554/6081/490 6555/6077/490
f 6559/6082/490 6556/6083/490 6557/6080/490
f 6561/6084/490 6558/6085/490 6559/6082/490
f 6565/6086/490 6562/6087/490 6563/6088/490
f 6567/6089/490 6564/6090/490 6565/6086/490
f 6569/6091/490 6566/6092/490 6567/6089/490
f 6571/6093/490 6568/6094/490 6569/6091/490
f 6575/6095/490 6572/6096/490 6573/6097/490
f 6577/6098/490 6574/6099/490 6575/6095/490
f 6579/6100/490 6576/6101/490 6577/6098/490
f 6581/6102/490 6578/6103/490 6579/6100/490
f 6585/6104/490 6582/6105/490 6583/6106/490
f 6587/6107/490 6584/6108/490 6585/6104/490
f 6589/6109/490 6586/6110/490 6587/6107/490
f 6591/6111/490 6588/6112/490 6589/6109/490
f 6595/6113/490 6592/6114/490 6593/6115/490
f 6597/6116/490 6594/6117/490 6595/6113/490
f 6599/6118/490 6596/6119/490 6597/6116/490
f 6601/6120/490 6598/6121/490 6599/6118/490
f 6605/6122/490 6602/6123/490 6603/6124/490
f 6607/6125/490 6604/6126/490 6605/6122/490
f 6609/6127/490 6606/6128/490 6607/6125/490
f 6611/6129/490 6608/6130/490 6609/6127/490
f 6615/6131/490 6612/6132/490 6613/6133/490
f 6617/6134/490 6614/6135/490 6615/6131/490
f 6619/6136/490 6616/6137/490 6617/6134/490
f 6621/6138/490 6618/6139/490 6619/6136/490
f 6625/6140/490 6622/6141/490 6623/6142/490
f 6627/6143/490 6624/6144/490 6625/6140/490
f 6629/6145/490 6626/6146/490 6627/6143/490
f 6631/6147/490 6628/6148/490 6629/6145/490
f 6635/6149/490 6632/6150/490 6633/6151/490
f 6637/6152/490 6634/6153/490 6635/6149/490
f 6639/6154/490 6636/6155/490 6637/6152/490
f 6641/6156/490 6638/6157/490 6639/6154/490
f 6645/6158/490 6642/6159/490 6643/6160/490
f 6647/6161/490 6644/6162/490 6645/6158/490
f 6649/6163/490 6646/6164/490 6647/6161/490
f 6651/6165/490 6648/6166/490 6649/6163/490
f 6655/6167/490 6652/6168/490 6653/6169/490
f 6657/6170/490 6654/6171/490 6655/6167/490
f 6659/6172/490 6656/6173/490 6657/6170/490
f 6661/6174/490 6658/6175/490 6659/6172/490
f 6665/6176/490 6662/6177/490 6663/6178/490
f 6667/6179/490 6664/6180/490 6665/6176/490
f 6669/6181/490 6666/6182/490 6667/6179/490
f 6671/6183/490 6668/6184/490 6669/6181/490
f 6675/6185/490 6672/6186/490 6673/6187/490
f 6677/6188/490 6674/6189/490 6675/6185/490
f 6679/6190/490 6676/6191/490 6677/6188/490
f 6681/6192/490 6678/6193/490 6679/6190/490
f 6685/6194/490 6682/6195/490 6683/6196/490
f 6687/6197/490 6684/6198/490 6685/6194/490
f 6689/6199/490 6686/6200/490 6687/6197/490
f 6691/6201/490 6688/6202/490 6689/6199/490
f 6695/6203/490 6692/6204/490 6693/6205/490
f 6697/6206/490 6694/6207/490 6695/6203/490
f 6699/6208/490 6696/6209/490 6697/6206/490
f 6701/6210/490 6698/6211/490 6699/6208/490
f 6705/6212/490 6702/6213/490 6703/6214/490
f 6707/6215/490 6704/6216/490 6705/6212/490
f 6709/6217/490 6706/6218/490 6707/6215/490
f 6711/6219/490 6708/6220/490 6709/6217/490
f 6715/6221/490 6712/6222/490 6713/6223/490
f 6717/6224/490 6714/6225/490 6715/6221/490
f 6719/6226/490 6716/6227/490 6717/6224/490
f 6721/6228/490 6718/6229/490 6719/6226/490
f 6725/6230/490 6722/6231/490 6723/6232/490
f 6727/6233/490 6724/6234/490 6725/6230/490
f 6729/6235/490 6726/6236/490 6727/6233/490
f 6731/6237/490 6728/6238/490 6729/6235/490
f 6735/6239/490 6732/6240/490 6733/6241/490
f 6737/6242/490 6734/6243/490 6735/6239/490
f 6739/6244/490 6736/6245/490 6737/6242/490
f 6741/6246/490 6738/6247/490 6739/6244/490
f 6745/6248/490 6742/6249/490 6743/6250/490
f 6747/6251/490 6744/6252/490 6745/6248/490
f 6749/6253/490 6746/6254/490 6747/6251/490
f 6751/6255/490 6748/6256/490 6749/6253/490
f 6755/6257/490 6752/6258/490 6753/6259/490
f 6757/6260/490 6754/6261/490 6755/6257/490
f 6759/6262/490 6756/6263/490 6757/6260/490
f 6761/6264/490 6758/6265/490 6759/6262/490
f 6765/6266/490 6762/6267/490 6763/6268/490
f 6767/6269/490 6764/6270/490 6765/6266/490
f 6769/6271/490 6766/6272/490 6767/6269/490
f 6771/6273/490 6768/6274/490 6769/6271/490
f 6775/6275/490 6772/6276/490 6773/6277/490
f 6777/6278/490 6774/6279/490 6775/6275/490
f 6779/6280/490 6776/6281/490 6777/6278/490
f 6781/6282/490 6778/6283/490 6779/6280/490
f 6785/6284/490 6782/6285/490 6783/6286/490
f 6787/6287/490 6784/6288/490 6785/6284/490
f 6789/6289/490 6786/6290/490 6787/6287/490
f 6791/6291/490 6788/6292/490 6789/6289/490
f 6795/6293/490 6792/6294/490 6793/6295/490
f 6797/6296/490 6794/6297/490 6795/6293/490
f 6799/6298/490 6796/6299/490 6797/6296/490
f 6801/6300/490 6798/6301/490 6799/6298/490
f 6805/6302/490 6802/6303/490 6803/6304/490
f 6807/6305/490 6804/6306/490 6805/6302/490
f 6809/6307/490 6806/6308/490 6807/6305/490
f 6811/6309/490 6808/6310/490 6809/6307/490
f 6815/6311/490 6812/6312/490 6813/6313/490
f 6817/6314/490 6814/6315/490 6815/6311/490
f 6819/6316/490 6816/6317/490 6817/6314/490
f 6821/6318/490 6818/6319/490 6819/6316/490
f 6825/6320/490 6822/6321/490 6823/6322/490
f 6827/6323/490 6824/6324/490 6825/6320/490
f 6829/6325/490 6826/6326/490 6827/6323/490
f 6831/6327/490 6828/6328/490 6829/6325/490
f 6835/6329/490 6832/6330/490 6833/6331/490
f 6837/6332/490 6834/6333/490 6835/6329/490
f 6839/6334/490 6836/6335/490 6837/6332/490
f 6841/6336/490 6838/6337/490 6839/6334/490
f 6845/6338/490 6842/6339/490 6843/6340/490
f 6847/6341/490 6844/6342/490 6845/6338/490
f 6849/6343/490 6846/6344/490 6847/6341/490
f 6851/6345/490 6848/6346/490 6849/6343/490
f 6855/6347/490 6852/6348/490 6853/6349/490
f 6857/6350/490 6854/6351/490 6855/6347/490
f 6859/6352/490 6856/6353/490 6857/6350/490
f 6861/6354/490 6858/6355/490 6859/6352/490
f 6865/6356/490 6862/6357/490 6863/6358/490
f 6867/6359/490 6864/6360/490 6865/6356/490
f 6869/6361/490 6866/6362/490 6867/6359/490
f 6871/6363/490 6868/6364/490 6869/6361/490
f 6875/6365/490 6872/6366/490 6873/6367/490
f 6877/6368/490 6874/6369/490 6875/6365/490
f 6879/6370/490 6876/6371/490 6877/6368/490
f 6881/6372/490 6878/6373/490 6879/6370/490
f 6885/6374/490 6882/6375/490 6883/6376/490
f 6887/6377/490 6884/6378/490 6885/6374/490
f 6889/6379/490 6886/6380/490 6887/6377/490
f 6891/6381/490 6888/6382/490 6889/6379/490
f 6895/6383/490 6892/6384/490 6893/6385/490
f 6897/6386/490 6894/6387/490 6895/6383/490
f 6899/6388/490 6896/6389/490 6897/6386/490
f 6901/6390/490 6898/6391/490 6899/6388/490
f 6905/6392/490 6902/6393/490 6903/6394/490
f 6907/6395/490 6904/6396/490 6905/6392/490
f 6909/6397/490 6906/6398/490 6907/6395/490
f 6911/6399/490 6908/6400/490 6909/6397/490
f 6915/6401/490 6912/6402/490 6913/6403/490
f 6917/6404/490 6914/6405/490 6915/6401/490
f 6919/6406/490 6916/6407/490 6917/6404/490
f 6921/6408/490 6918/6409/490 6919/6406/490
f 6925/6410/490 6922/6411/490 6923/6412/490
f 6927/6413/490 6924/6414/490 6925/6410/490
f 6929/6415/490 6926/6416/490 6927/6413/490
f 6931/6417/490 6928/6418/490 6929/6415/490
f 6935/6419/490 6932/6420/490 6933/6421/490
f 6937/6422/490 6934/6423/490 6935/6419/490
f 6939/6424/490 6936/6425/490 6937/6422/490
f 6941/6426/490 6938/6427/490 6939/6424/490
f 6945/6428/490 6942/6429/490 6943/6430/490
f 6947/6431/490 6944/6432/490 6945/6428/490
f 6949/6433/490 6946/6434/490 6947/6431/490
f 6951/6435/490 6948/6436/490 6949/6433/490
f 6955/6437/490 6952/6438/490 6953/6439/490
f 6957/6440/490 6954/6441/490 6955/6437/490
f 6959/6442/490 6956/6443/490 6957/6440/490
f 6961/6444/490 6958/6445/490 6959/6442/490
f 6965/6446/490 6962/6447/490 6963/6448/490
f 6967/6449/490 6964/6450/490 6965/6446/490
f 6969/6451/490 6966/6452/490 6967/6449/490
f 6971/6453/490 6968/6454/490 6969/6451/490
f 6975/6455/490 6972/6456/490 6973/6457/490
f 6977/6458/490 6974/6459/490 6975/6455/490
f 6979/6460/490 6976/6461/490 6977/6458/490
f 6981/6462/490 6978/6463/490 6979/6460/490
f 6985/6464/490 6982/6465/490 6983/6466/490
f 6987/6467/490 6984/6468/490 6985/6464/490
f 6989/6469/490 6986/6470/490 6987/6467/490
f 6991/6471/490 6988/6472/490 6989/6469/490
f 6995/6473/490 6992/6474/490 6993/6475/490
f 6997/6476/490 6994/6477/490 6995/6473/490
f 6999/6478/490 6996/6479/490 6997/6476/490
f 7001/6480/490 6998/6481/490 6999/6478/490
f 7005/6482/490 7002/6483/490 7003/6484/490
f 7007/6485/490 7004/6486/490 7005/6482/490
f 7009/6487/490 7006/6488/490 7007/6485/490
f 7011/6489/490 7008/6490/490 7009/6487/490
f 7015/6491/490 7012/6492/490 7013/6493/490
f 7017/6494/490 7014/6495/490 7015/6491/490
f 7019/6496/490 7016/6497/490 7017/6494/490
f 7021/6498/490 7018/6499/490 7019/6496/490
f 7025/6500/490 7022/6501/490 7023/6502/490
f 7027/6503/490 7024/6504/490 7025/6500/490
f 7029/6505/490 7026/6506/490 7027/6503/490
f 7031/6507/490 7028/6508/490 7029/6505/490
f 7035/6509/490 7032/6510/490 7033/6511/490
f 7037/6512/490 7034/6513/490 7035/6509/490
f 7039/6514/490 7036/6515/490 7037/6512/490
f 7041/6516/490 7038/6517/490 7039/6514/490
f 7045/6518/490 7042/6519/490 7043/6520/490
f 7047/6521/490 7044/6522/490 7045/6518/490
f 7049/6523/490 7046/6524/490 7047/6521/490
f 7051/6525/490 7048/6526/490 7049/6523/490
f 7055/6527/490 7052/6528/490 7053/6529/490
f 7057/6530/490 7054/6531/490 7055/6527/490
f 7059/6532/490 7056/6533/490 7057/6530/490
f 7061/6534/490 7058/6535/490 7059/6532/490
f 7065/6536/490 7062/6537/490 7063/6538/490
f 7067/6539/490 7064/6540/490 7065/6536/490
f 7069/6541/490 7066/6542/490 7067/6539/490
f 7071/6543/490 7068/6544/490 7069/6541/490
f 7075/6545/490 7072/6546/490 7073/6547/490
f 7077/6548/490 7074/6549/490 7075/6545/490
f 7079/6550/490 7076/6551/490 7077/6548/490
f 7081/6552/490 7078/6553/490 7079/6550/490
f 7085/6554/490 7082/6555/490 7083/6556/490
f 7087/6557/490 7084/6558/490 7085/6554/490
f 7089/6559/490 7086/6560/490 7087/6557/490
f 7091/6561/490 7088/6562/490 7089/6559/490
f 7095/6563/490 7092/6564/490 7093/6565/490
f 7097/6566/490 7094/6567/490 7095/6563/490
f 7099/6568/490 7096/6569/490 7097/6566/490
f 7101/6570/490 7098/6571/490 7099/6568/490
f 7105/6572/490 7102/6573/490 7103/6574/490
f 7107/6575/490 7104/6576/490 7105/6572/490
f 7109/6577/490 7106/6578/490 7107/6575/490
f 7111/6579/490 7108/6580/490 7109/6577/490
f 7115/6581/490 7112/6582/490 7113/6583/490
f 7117/6584/490 7114/6585/490 7115/6581/490
f 7119/6586/490 7116/6587/490 7117/6584/490
f 7121/6588/490 7118/6589/490 7119/6586/490
f 7125/6590/490 7122/6591/490 7123/6592/490
f 7127/6593/490 7124/6594/490 7125/6590/490
f 7129/6595/490 7126/6596/490 7127/6593/490
f 7131/6597/490 7128/6598/490 7129/6595/490
f 7135/6599/490 7132/6600/490 7133/6601/490
f 7137/6602/490 7134/6603/490 7135/6599/490
f 7139/6604/490 7136/6605/490 7137/6602/490
f 7141/6606/490 7138/6607/490 7139/6604/490
f 7145/6608/490 7142/6609/490 7143/6610/490
f 7147/6611/490 7144/6612/490 7145/6608/490
f 7149/6613/490 7146/6614/490 7147/6611/490
f 7151/6615/490 7148/6616/490 7149/6613/490
f 7155/6617/490 7152/6618/490 7153/6619/490
f 7157/6620/490 7154/6621/490 7155/6617/490
f 7159/6622/490 7156/6623/490 7157/6620/490
f 7161/6624/490 7158/6625/490 7159/6622/490
f 7165/6626/490 7162/6627/490 7163/6628/490
f 7167/6629/490 7164/6630/490 7165/6626/490
f 7169/6631/490 7166/6632/490 7167/6629/490
f 7171/6633/490 7168/6634/490 7169/6631/490
f 7175/6635/490 7172/6636/490 7173/6637/490
f 7177/6638/490 7174/6639/490 7175/6635/490
f 7179/6640/490 7176/6641/490 7177/6638/490
f 7181/6642/490 7178/6643/490 7179/6640/490
f 7185/6644/490 7182/6645/490 7183/6646/490
f 7187/6647/490 7184/6648/490 7185/6644/490
f 7189/6649/490 7186/6650/490 7187/6647/490
f 7191/6651/490 7188/6652/490 7189/6649/490
f 7195/6653/490 7192/6654/490 7193/6655/490
f 7197/6656/490 7194/6657/490 7195/6653/490
f 7199/6658/490 7196/6659/490 7197/6656/490
f 7201/6660/490 7198/6661/490 7199/6658/490
f 7205/6662/490 7202/6663/490 7203/6664/490
f 7207/6665/490 7204/6666/490 7205/6662/490
f 7209/6667/490 7206/6668/490 7207/6665/490
f 7211/6669/490 7208/6670/490 7209/6667/490
f 7215/6671/490 7212/6672/490 7213/6673/490
f 7217/6674/490 7214/6675/490 7215/6671/490
f 7219/6676/490 7216/6677/490 7217/6674/490
f 7221/6678/490 7218/6679/490 7219/6676/490
f 7225/6680/490 7222/6681/490 7223/6682/490
f 7227/6683/490 7224/6684/490 7225/6680/490
f 7229/6685/490 7226/6686/490 7227/6683/490
f 7231/6687/490 7228/6688/490 7229/6685/490
f 7235/6689/490 7232/6690/490 7233/6691/490
f 7237/6692/490 7234/6693/490 7235/6689/490
f 7239/6694/490 7236/6695/490 7237/6692/490
f 7241/6696/490 7238/6697/490 7239/6694/490
f 7245/6698/490 7242/6699/490 7243/6700/490
f 7247/6701/490 7244/6702/490 7245/6698/490
f 7249/6703/490 7246/6704/490 7247/6701/490
f 7251/6705/490 7248/6706/490 7249/6703/490
f 7255/6707/490 7252/6708/490 7253/6709/490
f 7257/6710/490 7254/6711/490 7255/6707/490
f 7259/6712/490 7256/6713/490 7257/6710/490
f 7261/6714/490 7258/6715/490 7259/6712/490
f 7265/6716/490 7262/6717/490 7263/6718/490
f 7267/6719/490 7264/6720/490 7265/6716/490
f 7269/6721/490 7266/6722/490 7267/6719/490
f 7271/6723/490 7268/6724/490 7269/6721/490
f 7275/6725/490 7272/6726/490 7273/6727/490
f 7277/6728/490 7274/6729/490 7275/6725/490
f 7279/6730/490 7276/6731/490 7277/6728/490
f 7281/6732/490 7278/6733/490 7279/6730/490
f 7285/6734/490 7282/6735/490 7283/6736/490
f 7287/6737/490 7284/6738/490 7285/6734/490
f 7289/6739/490 7286/6740/490 7287/6737/490
f 7291/6741/490 7288/6742/490 7289/6739/490
f 7295/6743/490 7292/6744/490 7293/6745/490
f 7297/6746/490 7294/6747/490 7295/6743/490
f 7299/6748/490 7296/6749/490 7297/6746/490
f 7301/6750/490 7298/6751/490 7299/6748/490
f 7305/6752/490 7302/6753/490 7303/6754/490
f 7307/6755/490 7304/6756/490 7305/6752/490
f 7309/6757/490 7306/6758/490 7307/6755/490
f 7311/6759/490 7308/6760/490 7309/6757/490
f 7315/6761/490 7312/6762/490 7313/6763/490
f 7317/6764/490 7314/6765/490 7315/6761/490
f 7319/6766/490 7316/6767/490 7317/6764/490
f 7321/6768/490 7318/6769/490 7319/6766/490
f 7325/6770/490 7322/6771/490 7323/6772/490
f 7327/6773/490 7324/6774/490 7325/6770/490
f 7329/6775/490 7326/6776/490 7327/6773/490
f 7331/6777/490 7328/6778/490 7329/6775/490
f 7335/6779/490 7332/6780/490 7333/6781/490
f 7337/6782/490 7334/6783/490 7335/6779/490
f 7339/6784/490 7336/6785/490 7337/6782/490
f 7341/6786/490 7338/6787/490 7339/6784/490
f 7345/6788/490 7342/6789/490 7343/6790/490
f 7347/6791/490 7344/6792/490 7345/6788/490
f 7349/6793/490 7346/6794/490 7347/6791/490
f 7351/6795/490 7348/6796/490 7349/6793/490
f 7355/6797/490 7352/6798/490 7353/6799/490
f 7357/6800/490 7354/6801/490 7355/6797/490
f 7359/6802/490 7356/6803/490 7357/6800/490
f 7361/6804/490 7358/6805/490 7359/6802/490
f 7365/6806/490 7362/6807/490 7363/6808/490
f 7367/6809/490 7364/6810/490 7365/6806/490
f 7369/6811/490 7366/6812/490 7367/6809/490
f 7371/6813/490 7368/6814/490 7369/6811/490
f 7375/6815/490 7372/6816/490 7373/6817/490
f 7377/6818/490 7374/6819/490 7375/6815/490
f 7379/6820/490 7376/6821/490 7377/6818/490
f 7381/6822/490 7378/6823/490 7379/6820/490
f 7385/6824/490 7382/6825/490 7383/6826/490
f 7387/6827/490 7384/6828/490 7385/6824/490
f 7389/6829/490 7386/6830/490 7387/6827/490
f 7391/6831/490 7388/6832/490 7389/6829/490
f 7395/6833/490 7392/6834/490 7393/6835/490
f 7397/6836/490 7394/6837/490 7395/6833/490
f 7399/6838/490 7396/6839/490 7397/6836/490
f 7401/6840/490 7398/6841/490 7399/6838/490
f 7405/6842/490 7402/6843/490 7403/6844/490
f 7407/6845/490 7404/6846/490 7405/6842/490
f 7409/6847/490 7406/6848/490 7407/6845/490
f 7411/6849/490 7408/6850/490 7409/6847/490
f 7415/6851/490 7412/6852/490 7413/6853/490
f 7417/6854/490 7414/6855/490 7415/6851/490
f 7419/6856/490 7416/6857/490 7417/6854/490
f 7421/6858/490 7418/6859/490 7419/6856/490
f 7425/6860/490 7422/6861/490 7423/6862/490
f 7427/6863/490 7424/6864/490 7425/6860/490
f 7429/6865/490 7426/6866/490 7427/6863/490
f 7431/6867/490 7428/6868/490 7429/6865/490
f 7435/6869/490 7432/6870/490 7433/6871/490
f 7437/6872/490 7434/6873/490 7435/6869/490
f 7439/6874/490 7436/6875/490 7437/6872/490
f 7441/6876/490 7438/6877/490 7439/6874/490
f 7445/6878/490 7442/6879/490 7443/6880/490
f 7447/6881/490 7444/6882/490 7445/6878/490
f 7449/6883/490 7446/6884/490 7447/6881/490
f 7451/6885/490 7448/6886/490 7449/6883/490
f 7455/6887/490 7452/6888/490 7453/6889/490
f 7457/6890/490 7454/6891/490 7455/6887/490
f 7459/6892/490 7456/6893/490 7457/6890/490
f 7461/6894/490 7458/6895/490 7459/6892/490
f 7465/6896/490 7462/6897/490 7463/6898/490
f 7467/6899/490 7464/6900/490 7465/6896/490
f 7469/6901/490 7466/6902/490 7467/6899/490
f 7471/6903/490 7468/6904/490 7469/6901/490
f 7475/6905/490 7472/6906/490 7473/6907/490
f 7477/6908/490 7474/6909/490 7475/6905/490
f 7479/6910/490 7476/6911/490 7477/6908/490
f 7481/6912/490 7478/6913/490 7479/6910/490
f 7485/6914/490 7482/6915/490 7483/6916/490
f 7487/6917/490 7484/6918/490 7485/6914/490
f 7489/6919/490 7486/6920/490 7487/6917/490
f 7491/6921/490 7488/6922/490 7489/6919/490
f 7495/6923/490 7492/6924/490 7493/6925/490
f 7497/6926/490 7494/6927/490 7495/6923/490
f 7499/6928/490 7496/6929/490 7497/6926/490
f 7501/6930/490 7498/6931/490 7499/6928/490
f 7505/6932/490 7502/6933/490 7503/6934/490
f 7507/6935/490 7504/6936/490 7505/6932/490
f 7509/6937/490 7506/6938/490 7507/6935/490
f 7511/6939/490 7508/6940/490 7509/6937/490
f 7515/6941/490 7512/6942/490 7513/6943/490
f 7517/6944/490 7514/6945/490 7515/6941/490
f 7519/6946/490 7516/6947/490 7517/6944/490
f 7521/6948/490 7518/6949/490 7519/6946/490
f 7525/6950/490 7522/6951/490 7523/6952/490
f 7527/6953/490 7524/6954/490 7525/6950/490
f 7529/6955/490 7526/6956/490 7527/6953/490
f 7531/6957/490 7528/6958/490 7529/6955/490
f 7535/6959/490 7532/6960/490 7533/6961/490
f 7537/6962/490 7534/6963/490 7535/6959/490
f 7539/6964/490 7536/6965/490 7537/6962/490
f 7541/6966/490 7538/6967/490 7539/6964/490
f 7545/6968/490 7542/6969/490 7543/6970/490
f 7547/6971/490 7544/6972/490 7545/6968/490
f 7549/6973/490 7546/6974/490 7547/6971/490
f 7551/6975/490 7548/6976/490 7549/6973/490
f 7555/6977/490 7552/6978/490 7553/6979/490
f 7557/6980/490 7554/6981/490 7555/6977/490
f 7559/6982/490 7556/6983/490 7557/6980/490
f 7561/6984/490 7558/6985/490 7559/6982/490
f 7565/6986/490 7562/6987/490 7563/6988/490
f 7567/6989/490 7564/6990/490 7565/6986/490
f 7569/6991/490 7566/6992/490 7567/6989/490
f 7571/6993/490 7568/6994/490 7569/6991/490
f 7575/6995/490 7572/6996/490 7573/6997/490
f 7577/6998/490 7574/6999/490 7575/6995/490
f 7579/7000/490 7576/7001/490 7577/6998/490
f 7581/7002/490 7578/7003/490 7579/7000/490
f 7585/7004/490 7582/7005/490 7583/7006/490
f 7587/7007/490 7584/7008/490 7585/7004/490
f 7589/7009/490 7586/7010/490 7587/7007/490
f 7591/7011/490 7588/7012/490 7589/7009/490
f 7595/7013/490 7592/7014/490 7593/7015/490
f 7597/7016/490 7594/7017/490 7595/7013/490
f 7599/7018/490 7596/7019/490 7597/7016/490
f 7601/7020/490 7598/7021/490 7599/7018/490
f 7605/7022/490 7602/7023/490 7603/7024/490
f 7607/7025/490 7604/7026/490 7605/7022/490
f 7609/7027/490 7606/7028/490 7607/7025/490
f 7611/7029/490 7608/7030/490 7609/7027/490
f 7615/7031/490 7612/7032/490 7613/7033/490
f 7617/7034/490 7614/7035/490 7615/7031/490
f 7619/7036/490 7616/7037/490 7617/7034/490
f 7621/7038/490 7618/7039/490 7619/7036/490
f 7625/7040/490 7622/7041/490 7623/7042/490
f 7627/7043/490 7624/7044/490 7625/7040/490
f 7629/7045/490 7626/7046/490 7627/7043/490
f 7631/7047/490 7628/7048/490 7629/7045/490
f 7635/7049/490 7632/7050/490 7633/7051/490
f 7637/7052/490 7634/7053/490 7635/7049/490
f 7639/7054/490 7636/7055/490 7637/7052/490
f 7641/7056/490 7638/7057/490 7639/7054/490
f 7645/7058/490 7642/7059/490 7643/7060/490
f 7647/7061/490 7644/7062/490 7645/7058/490
f 7649/7063/490 7646/7064/490 7647/7061/490
f 7651/7065/490 7648/7066/490 7649/7063/490
f 7655/7067/490 7652/7068/490 7653/7069/490
f 7657/7070/490 7654/7071/490 7655/7067/490
f 7659/7072/490 7656/7073/490 7657/7070/490
f 7661/7074/490 7658/7075/490 7659/7072/490
f 7665/7076/490 7662/7077/490 7663/7078/490
f 7667/7079/490 7664/7080/490 7665/7076/490
f 7669/7081/490 7666/7082/490 7667/7079/490
f 7671/7083/490 7668/7084/490 7669/7081/490
f 7675/7085/490 7672/7086/490 7673/7087/490
f 7677/7088/490 7674/7089/490 7675/7085/490
f 7679/7090/490 7676/7091/490 7677/7088/490
f 7681/7092/490 7678/7093/490 7679/7090/490
f 7685/7094/490 7682/7095/490 7683/7096/490
f 7687/7097/490 7684/7098/490 7685/7094/490
f 7689/7099/490 7686/7100/490 7687/7097/490
f 7691/7101/490 7688/7102/490 7689/7099/490
f 7695/7103/490 7692/7104/490 7693/7105/490
f 7697/7106/490 7694/7107/490 7695/7103/490
f 7699/7108/490 7696/7109/490 7697/7106/490
f 7701/7110/490 7698/7111/490 7699/7108/490
f 7705/7112/490 7702/7113/490 7703/7114/490
f 7707/7115/490 7704/7116/490 7705/7112/490
f 7709/7117/490 7706/7118/490 7707/7115/490
f 7711/7119/490 7708/7120/490 7709/7117/490
f 7715/7121/490 7712/7122/490 7713/7123/490
f 7717/7124/490 7714/7125/490 7715/7121/490
f 7719/7126/490 7716/7127/490 7717/7124/490
f 7721/7128/490 7718/7129/490 7719/7126/490
f 7725/7130/489 7722/7131/489 7723/7132/489
f 7727/7133/489 7724/7134/489 7725/7130/489
f 7729/7135/489 7726/7136/489 7727/7133/489
f 7731/7137/489 7728/7138/489 7729/7135/489
f 7735/7139/489 7732/7140/489 7733/7141/489
f 7737/7142/489 7734/7143/489 7735/7139/489
f 7739/7144/489 7736/7145/489 7737/7142/489
f 7741/7146/489 7738/7147/489 7739/7144/489
f 7745/7148/490 7742/7149/490 7743/7150/490
f 7747/7151/490 7744/7152/490 7745/7148/490
f 7749/7153/490 7746/7154/490 7747/7151/490
f 7751/7155/490 7748/7156/490 7749/7153/490
f 7755/7157/489 7752/7158/489 7753/7159/489
f 7757/7160/489 7754/7161/489 7755/7157/489
f 7759/7162/489 7756/7163/489 7757/7160/489
f 7761/7164/489 7758/7165/489 7759/7162/489
f 7765/7166/490 7762/7167/490 7763/7168/490
f 7767/7169/490 7764/7170/490 7765/7166/490
f 7769/7171/490 7766/7172/490 7767/7169/490
f 7771/7173/490 7768/7174/490 7769/7171/490
f 7775/7175/490 7772/7176/490 7773/7177/490
f 7777/7178/490 7774/7179/490 7775/7175/490
f 7779/7180/490 7776/7181/490 7777/7178/490
f 7781/7182/490 7778/7183/490 7779/7180/490
f 7785/7184/490 7782/7185/490 7783/7186/490
f 7787/7187/490 7784/7188/490 7785/7184/490
f 7789/7189/490 7786/7190/490 7787/7187/490
f 7791/7191/490 7788/7192/490 7789/7189/490
f 7795/7193/490 7792/7194/490 7793/7195/490
f 7797/7196/490 7794/7197/490 7795/7193/490
f 7799/7198/490 7796/7199/490 7797/7196/490
f 7801/7200/490 7798/7201/490 7799/7198/490
f 7805/7202/490 7802/7203/490 7803/7204/490
f 7807/7205/490 7804/7206/490 7805/7202/490
f 7809/7207/490 7806/7208/490 7807/7205/490
f 7811/7209/490 7808/7210/490 7809/7207/490
f 7815/7211/490 7812/7212/490 7813/7213/490
f 7817/7214/490 7814/7215/490 7815/7211/490
f 7819/7216/490 7816/7217/490 7817/7214/490
f 7821/7218/490 7818/7219/490 7819/7216/490
f 7825/7220/490 7822/7221/490 7823/7222/490
f 7827/7223/490 7824/7224/490 7825/7220/490
f 7829/7225/490 7826/7226/490 7827/7223/490
f 7831/7227/490 7828/7228/490 7829/7225/490
f 7835/7229/490 7832/7230/490 7833/7231/490
f 7837/7232/490 7834/7233/490 7835/7229/490
f 7839/7234/490 7836/7235/490 7837/7232/490
f 7841/7236/490 7838/7237/490 7839/7234/490
f 7845/7238/490 7842/7239/490 7843/7240/490
f 7847/7241/490 7844/7242/490 7845/7238/490
f 7849/7243/490 7846/7244/490 7847/7241/490
f 7851/7245/490 7848/7246/490 7849/7243/490
f 7855/7247/490 7852/7248/490 7853/7249/490
f 7857/7250/490 7854/7251/490 7855/7247/490
f 7859/7252/490 7856/7253/490 7857/7250/490
f 7861/7254/490 7858/7255/490 7859/7252/490
f 7865/7256/490 7862/7257/490 7863/7258/490
f 7867/7259/490 7864/7260/490 7865/7256/490
f 7869/7261/490 7866/7262/490 7867/7259/490
f 7871/7263/490 7868/7264/490 7869/7261/490
f 7875/7265/490 7872/7266/490 7873/7267/490
f 7877/7268/490 7874/7269/490 7875/7265/490
f 7879/7270/490 7876/7271/490 7877/7268/490
f 7881/7272/490 7878/7273/490 7879/7270/490
f 7885/7274/490 7882/7275/490 7883/7276/490
f 7887/7277/490 7884/7278/490 7885/7274/490
f 7889/7279/490 7886/7280/490 7887/7277/490
f 7891/7281/490 7888/7282/490 7889/7279/490
f 7895/7283/490 7892/7284/490 7893/7285/490
f 7897/7286/490 7894/7287/490 7895/7283/490
f 7899/7288/490 7896/7289/490 7897/7286/490
f 7901/7290/490 7898/7291/490 7899/7288/490
f 7905/7292/490 7902/7293/490 7903/7294/490
f 7907/7295/490 7904/7296/490 7905/7292/490
f 7909/7297/490 7906/7298/490 7907/7295/490
f 7911/7299/490 7908/7300/490 7909/7297/490
f 7915/7301/490 7912/7302/490 7913/7303/490
f 7917/7304/490 7914/7305/490 7915/7301/490
f 7919/7306/490 7916/7307/490 7917/7304/490
f 7921/7308/490 7918/7309/490 7919/7306/490
f 7925/7310/490 7922/7311/490 7923/7312/490
f 7927/7313/490 7924/7314/490 7925/7310/490
f 7929/7315/490 7926/7316/490 7927/7313/490
f 7931/7317/490 7928/7318/490 7929/7315/490
f 7935/7319/490 7932/7320/490 7933/7321/490
f 7937/7322/490 7934/7323/490 7935/7319/490
f 7939/7324/490 7936/7325/490 7937/7322/490
f 7941/7326/490 7938/7327/490 7939/7324/490
f 7945/7328/490 7942/7329/490 7943/7330/490
f 7947/7331/490 7944/7332/490 7945/7328/490
f 7949/7333/490 7946/7334/490 7947/7331/490
f 7951/7335/490 7948/7336/490 7949/7333/490
f 7955/7337/490 7952/7338/490 7953/7339/490
f 7957/7340/490 7954/7341/490 7955/7337/490
f 7959/7342/490 7956/7343/490 7957/7340/490
f 7961/7344/490 7958/7345/490 7959/7342/490
f 7965/7346/490 7962/7347/490 7963/7348/490
f 7967/7349/490 7964/7350/490 7965/7346/490
f 7969/7351/490 7966/7352/490 7967/7349/490
f 7971/7353/490 7968/7354/490 7969/7351/490
f 7975/7355/490 7972/7356/490 7973/7357/490
f 7977/7358/490 7974/7359/490 7975/7355/490
f 7979/7360/490 7976/7361/490 7977/7358/490
f 7981/7362/490 7978/7363/490 7979/7360/490
f 7985/7364/490 7982/7365/490 7983/7366/490
f 7987/7367/490 7984/7368/490 7985/7364/490
f 7989/7369/490 7986/7370/490 7987/7367/490
f 7991/7371/490 7988/7372/490 7989/7369/490
f 7995/7373/490 7992/7374/490 7993/7375/490
f 7997/7376/490 7994/7377/490 7995/7373/490
f 7999/7378/490 7996/7379/490 7997/7376/490
f 8001/7380/490 7998/7381/490 7999/7378/490
f 8005/7382/490 8002/7383/490 8003/7384/490
f 8007/7385/490 8004/7386/490 8005/7382/490
f 8009/7387/490 8006/7388/490 8007/7385/490
f 8011/7389/490 8008/7390/490 8009/7387/490
f 8015/7391/490 8012/7392/490 8013/7393/490
f 8017/7394/490 8014/7395/490 8015/7391/490
f 8019/7396/490 8016/7397/490 8017/7394/490
f 8021/7398/490 8018/7399/490 8019/7396/490
f 8025/7400/490 8022/7401/490 8023/7402/490
f 8027/7403/490 8024/7404/490 8025/7400/490
f 8029/7405/490 8026/7406/490 8027/7403/490
f 8031/7407/490 8028/7408/490 8029/7405/490
f 8035/7409/490 8032/7410/490 8033/7411/490
f 8037/7412/490 8034/7413/490 8035/7409/490
f 8039/7414/490 8036/7415/490 8037/7412/490
f 8041/7416/490 8038/7417/490 8039/7414/490
f 8045/7418/490 8042/7419/490 8043/7420/490
f 8047/7421/490 8044/7422/490 8045/7418/490
f 8049/7423/490 8046/7424/490 8047/7421/490
f 8051/7425/490 8048/7426/490 8049/7423/490
f 8055/7427/490 8052/7428/490 8053/7429/490
f 8057/7430/490 8054/7431/490 8055/7427/490
f 8059/7432/490 8056/7433/490 8057/7430/490
f 8061/7434/490 8058/7435/490 8059/7432/490
f 8065/7436/490 8062/7437/490 8063/7438/490
f 8067/7439/490 8064/7440/490 8065/7436/490
f 8069/7441/490 8066/7442/490 8067/7439/490
f 8071/7443/490 8068/7444/490 8069/7441/490
f 8075/7445/490 8072/7446/490 8073/7447/490
f 8077/7448/490 8074/7449/490 8075/7445/490
f 8079/7450/490 8076/7451/490 8077/7448/490
f 8081/7452/490 8078/7453/490 8079/7450/490
f 8085/7454/490 8082/7455/490 8083/7456/490
f 8087/7457/490 8084/7458/490 8085/7454/490
f 8089/7459/490 8086/7460/490 8087/7457/490
f 8091/7461/490 8088/7462/490 8089/7459/490
f 8095/7463/490 8092/7464/490 8093/7465/490
f 8097/7466/490 8094/7467/490 8095/7463/490
f 8099/7468/490 8096/7469/490 8097/7466/490
f 8101/7470/490 8098/7471/490 8099/7468/490
f 8105/7472/490 8102/7473/490 8103/7474/490
f 8107/7475/490 8104/7476/490 8105/7472/490
f 8109/7477/490 8106/7478/490 8107/7475/490
f 8111/7479/490 8108/7480/490 8109/7477/490
f 8115/7481/490 8112/7482/490 8113/7483/490
f 8117/7484/490 8114/7485/490 8115/7481/490
f 8119/7486/490 8116/7487/490 8117/7484/490
f 8121/7488/490 8118/7489/490 8119/7486/490
f 8125/7490/490 8122/7491/490 8123/7492/490
f 8127/7493/490 8124/7494/490 8125/7490/490
f 8129/7495/490 8126/7496/490 8127/7493/490
f 8131/7497/490 8128/7498/490 8129/7495/490
f 8135/7499/490 8132/7500/490 8133/7501/490
f 8137/7502/490 8134/7503/490 8135/7499/490
f 8139/7504/490 8136/7505/490 8137/7502/490
f 8141/7506/490 8138/7507/490 8139/7504/490
f 8145/7508/490 8142/7509/490 8143/7510/490
f 8147/7511/490 8144/7512/490 8145/7508/490
f 8149/7513/490 8146/7514/490 8147/7511/490
f 8151/7515/490 8148/7516/490 8149/7513/490
f 8155/7517/490 8152/7518/490 8153/7519/490
f 8157/7520/490 8154/7521/490 8155/7517/490
f 8159/7522/490 8156/7523/490 8157/7520/490
f 8161/7524/490 8158/7525/490 8159/7522/490
f 8165/7526/490 8162/7527/490 8163/7528/490
f 8167/7529/490 8164/7530/490 8165/7526/490
f 8169/7531/490 8166/7532/490 8167/7529/490
f 8171/7533/490 8168/7534/490 8169/7531/490
f 8175/7535/490 8172/7536/490 8173/7537/490
f 8177/7538/490 8174/7539/490 8175/7535/490
f 8179/7540/490 8176/7541/490 8177/7538/490
f 8181/7542/490 8178/7543/490 8179/7540/490
f 8185/7544/490 8182/7545/490 8183/7546/490
f 8187/7547/490 8184/7548/490 8185/7544/490
f 8189/7549/490 8186/7550/490 8187/7547/490
f 8191/7551/490 8188/7552/490 8189/7549/490
f 8195/7553/490 8192/7554/490 8193/7555/490
f 8197/7556/490 8194/7557/490 8195/7553/490
f 8199/7558/490 8196/7559/490 8197/7556/490
f 8201/7560/490 8198/7561/490 8199/7558/490
f 8205/7562/490 8202/7563/490 8203/7564/490
f 8207/7565/490 8204/7566/490 8205/7562/490
f 8209/7567/490 8206/7568/490 8207/7565/490
f 8211/7569/490 8208/7570/490 8209/7567/490
f 8215/7571/490 8212/7572/490 8213/7573/490
f 8217/7574/490 8214/7575/490 8215/7571/490
f 8219/7576/490 8216/7577/490 8217/7574/490
f 8221/7578/490 8218/7579/490 8219/7576/490
f 8225/7580/490 8222/7581/490 8223/7582/490
f 8227/7583/490 8224/7584/490 8225/7580/490
f 8229/7585/490 8226/7586/490 8227/7583/490
f 8231/7587/490 8228/7588/490 8229/7585/490
f 8235/7589/490 8232/7590/490 8233/7591/490
f 8237/7592/490 8234/7593/490 8235/7589/490
f 8239/7594/490 8236/7595/490 8237/7592/490
f 8241/7596/490 8238/7597/490 8239/7594/490
f 8245/7598/490 8242/7599/490 8243/7600/490
f 8247/7601/490 8244/7602/490 8245/7598/490
f 8249/7603/490 8246/7604/490 8247/7601/490
f 8251/7605/490 8248/7606/490 8249/7603/490
f 8255/7607/490 8252/7608/490 8253/7609/490
f 8257/7610/490 8254/7611/490 8255/7607/490
f 8259/7612/490 8256/7613/490 8257/7610/490
f 8261/7614/490 8258/7615/490 8259/7612/490
f 8265/7616/490 8262/7617/490 8263/7618/490
f 8267/7619/490 8264/7620/490 8265/7616/490
f 8269/7621/490 8266/7622/490 8267/7619/490
f 8271/7623/490 8268/7624/490 8269/7621/490
f 8275/7625/490 8272/7626/490 8273/7627/490
f 8277/7628/490 8274/7629/490 8275/7625/490
f 8279/7630/490 8276/7631/490 8277/7628/490
f 8281/7632/490 8278/7633/490 8279/7630/490
f 8285/7634/490 8282/7635/490 8283/7636/490
f 8287/7637/490 8284/7638/490 8285/7634/490
f 8289/7639/490 8286/7640/490 8287/7637/490
f 8291/7641/490 8288/7642/490 8289/7639/490
f 8295/7643/490 8292/7644/490 8293/7645/490
f 8297/7646/490 8294/7647/490 8295/7643/490
f 8299/7648/490 8296/7649/490 8297/7646/490
f 8301/7650/490 8298/7651/490 8299/7648/490
f 8305/7652/490 8302/7653/490 8303/7654/490
f 8307/7655/490 8304/7656/490 8305/7652/490
f 8309/7657/490 8306/7658/490 8307/7655/490
f 8311/7659/490 8308/7660/490 8309/7657/490
f 8315/7661/490 8312/7662/490 8313/7663/490
f 8317/7664/490 8314/7665/490 8315/7661/490
f 8319/7666/490 8316/7667/490 8317/7664/490
f 8321/7668/490 8318/7669/490 8319/7666/490
f 8325/7670/490 8322/7671/490 8323/7672/490
f 8327/7673/490 8324/7674/490 8325/7670/490
f 8329/7675/490 8326/7676/490 8327/7673/490
f 8331/7677/490 8328/7678/490 8329/7675/490
f 8335/7679/490 8332/7680/490 8333/7681/490
f 8337/7682/490 8334/7683/490 8335/7679/490
f 8339/7684/490 8336/7685/490 8337/7682/490
f 8341/7686/490 8338/7687/490 8339/7684/490
f 8345/7688/490 8342/7689/490 8343/7690/490
f 8347/7691/490 8344/7692/490 8345/7688/490
f 8349/7693/490 8346/7694/490 8347/7691/490
f 8351/7695/490 8348/7696/490 8349/7693/490
f 8355/7697/490 8352/7698/490 8353/7699/490
f 8357/7700/490 8354/7701/490 8355/7697/490
f 8359/7702/490 8356/7703/490 8357/7700/490
f 8361/7704/490 8358/7705/490 8359/7702/490
f 8365/7706/490 8362/7707/490 8363/7708/490
f 8367/7709/490 8364/7710/490 8365/7706/490
f 8369/7711/490 8366/7712/490 8367/7709/490
f 8371/7713/490 8368/7714/490 8369/7711/490
f 8375/7715/490 8372/7716/490 8373/7717/490
f 8377/7718/490 8374/7719/490 8375/7715/490
f 8379/7720/490 8376/7721/490 8377/7718/490
f 8381/7722/490 8378/7723/490 8379/7720/490
f 8385/7724/490 8382/7725/490 8383/7726/490
f 8387/7727/490 8384/7728/490 8385/7724/490
f 8389/7729/490 8386/7730/490 8387/7727/490
f 8391/7731/490 8388/7732/490 8389/7729/490
f 8395/7733/490 8392/7734/490 8393/7735/490
f 8397/7736/490 8394/7737/490 8395/7733/490
f 8399/7738/490 8396/7739/490 8397/7736/490
f 8401/7740/490 8398/7741/490 8399/7738/490
f 8405/7742/490 8402/7743/490 8403/7744/490
f 8407/7745/490 8404/7746/490 8405/7742/490
f 8409/7747/490 8406/7748/490 8407/7745/490
f 8411/7749/490 8408/7750/490 8409/7747/490
f 8415/7751/490 8412/7752/490 8413/7753/490
f 8417/7754/490 8414/7755/490 8415/7751/490
f 8419/7756/490 8416/7757/490 8417/7754/490
f 8421/7758/490 8418/7759/490 8419/7756/490
f 8425/7760/490 8422/7761/490 8423/7762/490
f 8427/7763/490 8424/7764/490 8425/7760/490
f 8429/7765/490 8426/7766/490 8427/7763/490
f 8431/7767/490 8428/7768/490 8429/7765/490
f 8435/7769/490 8432/7770/490 8433/7771/490
f 8437/7772/490 8434/7773/490 8435/7769/490
f 8439/7774/490 8436/7775/490 8437/7772/490
f 8441/7776/490 8438/7777/490 8439/7774/490
f 8445/7778/490 8442/7779/490 8443/7780/490
f 8447/7781/490 8444/7782/490 8445/7778/490
f 8449/7783/490 8446/7784/490 8447/7781/490
f 8451/7785/490 8448/7786/490 8449/7783/490
f 8455/7787/490 8452/7788/490 8453/7789/490
f 8457/7790/490 8454/7791/490 8455/7787/490
f 8459/7792/490 8456/7793/490 8457/7790/490
f 8461/7794/490 8458/7795/490 8459/7792/490
f 8465/7796/490 8462/7797/490 8463/7798/490
f 8467/7799/490 8464/7800/490 8465/7796/490
f 8469/7801/490 8466/7802/490 8467/7799/490
f 8471/7803/490 8468/7804/490 8469/7801/490
f 8475/7805/490 8472/7806/490 8473/7807/490
f 8477/7808/490 8474/7809/490 8475/7805/490
f 8479/7810/490 8476/7811/490 8477/7808/490
f 8481/7812/490 8478/7813/490 8479/7810/490
f 8485/7814/490 8482/7815/490 8483/7816/490
f 8487/7817/490 8484/7818/490 8485/7814/490
f 8489/7819/490 8486/7820/490 8487/7817/490
f 8491/7821/490 8488/7822/490 8489/7819/490
f 8495/7823/490 8492/7824/490 8493/7825/490
f 8497/7826/490 8494/7827/490 8495/7823/490
f 8499/7828/490 8496/7829/490 8497/7826/490
f 8501/7830/490 8498/7831/490 8499/7828/490
f 8505/7832/490 8502/7833/490 8503/7834/490
f 8507/7835/490 8504/7836/490 8505/7832/490
f 8509/7837/490 8506/7838/490 8507/7835/490
f 8511/7839/490 8508/7840/490 8509/7837/490
f 8515/7841/490 8512/7842/490 8513/7843/490
f 8517/7844/490 8514/7845/490 8515/7841/490
f 8519/7846/490 8516/7847/490 8517/7844/490
f 8521/7848/490 8518/7849/490 8519/7846/490
f 8525/7850/490 8522/7851/490 8523/7852/490
f 8527/7853/490 8524/7854/490 8525/7850/490
f 8529/7855/490 8526/7856/490 8527/7853/490
f 8531/7857/490 8528/7858/490 8529/7855/490
f 8535/7859/490 8532/7860/490 8533/7861/490
f 8537/7862/490 8534/7863/490 8535/7859/490
f 8539/7864/490 8536/7865/490 8537/7862/490
f 8541/7866/490 8538/7867/490 8539/7864/490
f 8545/7868/490 8542/7869/490 8543/7870/490
f 8547/7871/490 8544/7872/490 8545/7868/490
f 8549/7873/490 8546/7874/490 8547/7871/490
f 8551/7875/490 8548/7876/490 8549/7873/490
f 8555/7877/490 8552/7878/490 8553/7879/490
f 8557/7880/490 8554/7881/490 8555/7877/490
f 8559/7882/490 8556/7883/490 8557/7880/490
f 8561/7884/490 8558/7885/490 8559/7882/490
f 8565/7886/490 8562/7887/490 8563/7888/490
f 8567/7889/490 8564/7890/490 8565/7886/490
f 8569/7891/490 8566/7892/490 8567/7889/490
f 8571/7893/490 8568/7894/490 8569/7891/490
f 8575/7895/490 8572/7896/490 8573/7897/490
f 8577/7898/490 8574/7899/490 8575/7895/490
f 8579/7900/490 8576/7901/490 8577/7898/490
f 8581/7902/490 8578/7903/490 8579/7900/490
f 8585/7904/490 8582/7905/490 8583/7906/490
f 8587/7907/490 8584/7908/490 8585/7904/490
f 8589/7909/490 8586/7910/490 8587/7907/490
f 8591/7911/490 8588/7912/490 8589/7909/490
f 8595/7913/490 8592/7914/490 8593/7915/490
f 8597/7916/490 8594/7917/490 8595/7913/490
f 8599/7918/490 8596/7919/490 8597/7916/490
f 8601/7920/490 8598/7921/490 8599/7918/490
f 8605/7922/490 8602/7923/490 8603/7924/490
f 8607/7925/490 8604/7926/490 8605/7922/490
f 8609/7927/490 8606/7928/490 8607/7925/490
f 8611/7929/490 8608/7930/490 8609/7927/490
f 8615/7931/490 8612/7932/490 8613/7933/490
f 8617/7934/490 8614/7935/490 8615/7931/490
f 8619/7936/490 8616/7937/490 8617/7934/490
f 8621/7938/490 8618/7939/490 8619/7936/490
f 8625/7940/490 8622/7941/490 8623/7942/490
f 8627/7943/490 8624/7944/490 8625/7940/490
f 8629/7945/490 8626/7946/490 8627/7943/490
f 8631/7947/490 8628/7948/490 8629/7945/490
f 8635/7949/490 8632/7950/490 8633/7951/490
f 8637/7952/490 8634/7953/490 8635/7949/490
f 8639/7954/490 8636/7955/490 8637/7952/490
f 8641/7956/490 8638/7957/490 8639/7954/490
f 8645/7958/490 8642/7959/490 8643/7960/490
f 8647/7961/490 8644/7962/490 8645/7958/490
f 8649/7963/490 8646/7964/490 8647/7961/490
f 8651/7965/490 8648/7966/490 8649/7963/490
f 8655/7967/490 8652/7968/490 8653/7969/490
f 8657/7970/490 8654/7971/490 8655/7967/490
f 8659/7972/490 8656/7973/490 8657/7970/490
f 8661/7974/490 8658/7975/490 8659/7972/490
f 8665/7976/490 8662/7977/490 8663/7978/490
f 8667/7979/490 8664/7980/490 8665/7976/490
f 8669/7981/490 8666/7982/490 8667/7979/490
f 8671/7983/490 8668/7984/490 8669/7981/490
f 8675/7985/490 8672/7986/490 8673/7987/490
f 8677/7988/490 8674/7989/490 8675/7985/490
f 8679/7990/490 8676/7991/490 8677/7988/490
f 8681/7992/490 8678/7993/490 8679/7990/490
f 8685/7994/490 8682/7995/490 8683/7996/490
f 8687/7997/490 8684/7998/490 8685/7994/490
f 8689/7999/490 8686/8000/490 8687/7997/490
f 8691/8001/490 8688/8002/490 8689/7999/490
f 8695/8003/490 8692/8004/490 8693/8005/490
f 8697/8006/490 8694/8007/490 8695/8003/490
f 8699/8008/490 8696/8009/490 8697/8006/490
f 8701/8010/490 8698/8011/490 8699/8008/490
f 8705/8012/490 8702/8013/490 8703/8014/490
f 8707/8015/490 8704/8016/490 8705/8012/490
f 8709/8017/490 8706/8018/490 8707/8015/490
f 8711/8019/490 8708/8020/490 8709/8017/490
f 8715/8021/490 8712/8022/490 8713/8023/490
f 8717/8024/490 8714/8025/490 8715/8021/490
f 8719/8026/490 8716/8027/490 8717/8024/490
f 8721/8028/490 8718/8029/490 8719/8026/490
f 8725/8030/490 8722/8031/490 8723/8032/490
f 8727/8033/490 8724/8034/490 8725/8030/490
f 8729/8035/490 8726/8036/490 8727/8033/490
f 8731/8037/490 8728/8038/490 8729/8035/490
f 8735/8039/490 8732/8040/490 8733/8041/490
f 8737/8042/490 8734/8043/490 8735/8039/490
f 8739/8044/490 8736/8045/490 8737/8042/490
f 8741/8046/490 8738/8047/490 8739/8044/490
f 8745/8048/490 8742/8049/490 8743/8050/490
f 8747/8051/490 8744/8052/490 8745/8048/490
f 8749/8053/490 8746/8054/490 8747/8051/490
f 8751/8055/490 8748/8056/490 8749/8053/490
f 8755/8057/490 8752/8058/490 8753/8059/490
f 8757/8060/490 8754/8061/490 8755/8057/490
f 8759/8062/490 8756/8063/490 8757/8060/490
f 8761/8064/490 8758/8065/490 8759/8062/490
f 8765/8066/490 8762/8067/490 8763/8068/490
f 8767/8069/490 8764/8070/490 8765/8066/490
f 8769/8071/490 8766/8072/490 8767/8069/490
f 8771/8073/490 8768/8074/490 8769/8071/490
f 8775/8075/490 8772/8076/490 8773/8077/490
f 8777/8078/490 8774/8079/490 8775/8075/490
f 8779/8080/490 8776/8081/490 8777/8078/490
f 8781/8082/490 8778/8083/490 8779/8080/490
f 8785/8084/490 8782/8085/490 8783/8086/490
f 8787/8087/490 8784/8088/490 8785/8084/490
f 8789/8089/490 8786/8090/490 8787/8087/490
f 8791/8091/490 8788/8092/490 8789/8089/490
f 8795/8093/490 8792/8094/490 8793/8095/490
f 8797/8096/490 8794/8097/490 8795/8093/490
f 8799/8098/490 8796/8099/490 8797/8096/490
f 8801/8100/490 8798/8101/490 8799/8098/490
f 8805/8102/490 8802/8103/490 8803/8104/490
f 8807/8105/490 8804/8106/490 8805/8102/490
f 8809/8107/490 8806/8108/490 8807/8105/490
f 8811/8109/490 8808/8110/490 8809/8107/490
f 8815/8111/490 8812/8112/490 8813/8113/490
f 8817/8114/490 8814/8115/490 8815/8111/490
f 8819/8116/490 8816/8117/490 8817/8114/490
f 8821/8118/490 8818/8119/490 8819/8116/490
f 8825/8120/490 8822/8121/490 8823/8122/490
f 8827/8123/490 8824/8124/490 8825/8120/490
f 8829/8125/490 8826/8126/490 8827/8123/490
f 8831/8127/490 8828/8128/490 8829/8125/490
f 8835/8129/490 8832/8130/490 8833/8131/490
f 8837/8132/490 8834/8133/490 8835/8129/490
f 8839/8134/490 8836/8135/490 8837/8132/490
f 8841/8136/490 8838/8137/490 8839/8134/490
f 8845/8138/490 8842/8139/490 8843/8140/490
f 8847/8141/490 8844/8142/490 8845/8138/490
f 8849/8143/490 8846/8144/490 8847/8141/490
f 8851/8145/490 8848/8146/490 8849/8143/490
f 8855/8147/490 8852/8148/490 8853/8149/490
f 8857/8150/490 8854/8151/490 8855/8147/490
f 8859/8152/490 8856/8153/490 8857/8150/490
f 8861/8154/490 8858/8155/490 8859/8152/490
f 8865/8156/490 8862/8157/490 8863/8158/490
f 8867/8159/490 8864/8160/490 8865/8156/490
f 8869/8161/490 8866/8162/490 8867/8159/490
f 8871/8163/490 8868/8164/490 8869/8161/490
f 8875/8165/490 8872/8166/490 8873/8167/490
f 8877/8168/490 8874/8169/490 8875/8165/490
f 8879/8170/490 8876/8171/490 8877/8168/490
f 8881/8172/490 8878/8173/490 8879/8170/490
f 8885/8174/490 8882/8175/490 8883/8176/490
f 8887/8177/490 8884/8178/490 8885/8174/490
f 8889/8179/490 8886/8180/490 8887/8177/490
f 8891/8181/490 8888/8182/490 8889/8179/490
f 8895/8183/490 8892/8184/490 8893/8185/490
f 8897/8186/490 8894/8187/490 8895/8183/490
f 8899/8188/490 8896/8189/490 8897/8186/490
f 8901/8190/490 8898/8191/490 8899/8188/490
f 8905/8192/490 8902/8193/490 8903/8194/490
f 8907/8195/490 8904/8196/490 8905/8192/490
f 8909/8197/490 8906/8198/490 8907/8195/490
f 8911/8199/490 8908/8200/490 8909/8197/490
f 8915/8201/490 8912/8202/490 8913/8203/490
f 8917/8204/490 8914/8205/490 8915/8201/490
f 8919/8206/490 8916/8207/490 8917/8204/490
f 8921/8208/490 8918/8209/490 8919/8206/490
f 8925/8210/490 8922/8211/490 8923/8212/490
f 8927/8213/490 8924/8214/490 8925/8210/490
f 8929/8215/490 8926/8216/490 8927/8213/490
f 8931/8217/490 8928/8218/490 8929/8215/490
f 8935/8219/490 8932/8220/490 8933/8221/490
f 8937/8222/490 8934/8223/490 8935/8219/490
f 8939/8224/490 8936/8225/490 8937/8222/490
f 8941/8226/490 8938/8227/490 8939/8224/490
f 8945/8228/490 8942/8229/490 8943/8230/490
f 8947/8231/490 8944/8232/490 8945/8228/490
f 8949/8233/490 8946/8234/490 8947/8231/490
f 8951/8235/490 8948/8236/490 8949/8233/490
f 8955/8237/490 8952/8238/490 8953/8239/490
f 8957/8240/490 8954/8241/490 8955/8237/490
f 8959/8242/490 8956/8243/490 8957/8240/490
f 8961/8244/490 8958/8245/490 8959/8242/490
f 8965/8246/490 8962/8247/490 8963/8248/490
f 8967/8249/490 8964/8250/490 8965/8246/490
f 8969/8251/490 8966/8252/490 8967/8249/490
f 8971/8253/490 8968/8254/490 8969/8251/490
f 8975/8255/490 8972/8256/490 8973/8257/490
f 8977/8258/490 8974/8259/490 8975/8255/490
f 8979/8260/490 8976/8261/490 8977/8258/490
f 8981/8262/490 8978/8263/490 8979/8260/490
f 8985/8264/490 8982/8265/490 8983/8266/490
f 8987/8267/490 8984/8268/490 8985/8264/490
f 8989/8269/490 8986/8270/490 8987/8267/490
f 8991/8271/490 8988/8272/490 8989/8269/490
f 8995/8273/490 8992/8274/490 8993/8275/490
f 8997/8276/490 8994/8277/490 8995/8273/490
f 8999/8278/490 8996/8279/490 8997/8276/490
f 9001/8280/490 8998/8281/490 8999/8278/490
f 9005/8282/490 9002/8283/490 9003/8284/490
f 9007/8285/490 9004/8286/490 9005/8282/490
f 9009/8287/490 9006/8288/490 9007/8285/490
f 9011/8289/490 9008/8290/490 9009/8287/490
f 9015/8291/490 9012/8292/490 9013/8293/490
f 9017/8294/490 9014/8295/490 9015/8291/490
f 9019/8296/490 9016/8297/490 9017/8294/490
f 9021/8298/490 9018/8299/490 9019/8296/490
f 9025/8300/490 9022/8301/490 9023/8302/490
f 9027/8303/490 9024/8304/490 9025/8300/490
f 9029/8305/490 9026/8306/490 9027/8303/490
f 9031/8307/490 9028/8308/490 9029/8305/490
f 9035/8309/490 9032/8310/490 9033/8311/490
f 9037/8312/490 9034/8313/490 9035/8309/490
f 9039/8314/490 9036/8315/490 9037/8312/490
f 9041/8316/490 9038/8317/490 9039/8314/490
f 9045/8318/490 9042/8319/490 9043/8320/490
f 9047/8321/490 9044/8322/490 9045/8318/490
f 9049/8323/490 9046/8324/490 9047/8321/490
f 9051/8325/490 9048/8326/490 9049/8323/490
f 9055/8327/490 9052/8328/490 9053/8329/490
f 9057/8330/490 9054/8331/490 9055/8327/490
f 9059/8332/490 9056/8333/490 9057/8330/490
f 9061/8334/490 9058/8335/490 9059/8332/490
f 9065/8336/490 9062/8337/490 9063/8338/490
f 9067/8339/490 9064/8340/490 9065/8336/490
f 9069/8341/490 9066/8342/490 9067/8339/490
f 9071/8343/490 9068/8344/490 9069/8341/490
f 9075/8345/490 9072/8346/490 9073/8347/490
f 9077/8348/490 9074/8349/490 9075/8345/490
f 9079/8350/490 9076/8351/490 9077/8348/490
f 9081/8352/490 9078/8353/490 9079/8350/490
f 9085/8354/490 9082/8355/490 9083/8356/490
f 9087/8357/490 9084/8358/490 9085/8354/490
f 9089/8359/490 9086/8360/490 9087/8357/490
f 9091/8361/490 9088/8362/490 9089/8359/490
f 9095/8363/490 9092/8364/490 9093/8365/490
f 9097/8366/490 9094/8367/490 9095/8363/490
f 9099/8368/490 9096/8369/490 9097/8366/490
f 9101/8370/490 9098/8371/490 9099/8368/490
f 9105/8372/490 9102/8373/490 9103/8374/490
f 9107/8375/490 9104/8376/490 9105/8372/490
f 9109/8377/490 9106/8378/490 9107/8375/490
f 9111/8379/490 9108/8380/490 9109/8377/490
f 9115/8381/490 9112/8382/490 9113/8383/490
f 9117/8384/490 9114/8385/490 9115/8381/490
f 9119/8386/490 9116/8387/490 9117/8384/490
f 9121/8388/490 9118/8389/490 9119/8386/490
f 9125/8390/490 9122/8391/490 9123/8392/490
f 9127/8393/490 9124/8394/490 9125/8390/490
f 9129/8395/490 9126/8396/490 9127/8393/490
f 9131/8397/490 9128/8398/490 9129/8395/490
f 9135/8399/490 9132/8400/490 9133/8401/490
f 9137/8402/490 9134/8403/490 9135/8399/490
f 9139/8404/490 9136/8405/490 9137/8402/490
f 9141/8406/490 9138/8407/490 9139/8404/490
f 9145/8408/490 9142/8409/490 9143/8410/490
f 9147/8411/490 9144/8412/490 9145/8408/490
f 9149/8413/490 9146/8414/490 9147/8411/490
f 9151/8415/490 9148/8416/490 9149/8413/490
f 9155/8417/490 9152/8418/490 9153/8419/490
f 9157/8420/490 9154/8421/490 9155/8417/490
f 9159/8422/490 9156/8423/490 9157/8420/490
f 9161/8424/490 9158/8425/490 9159/8422/490
f 9165/8426/490 9162/8427/490 9163/8428/490
f 9167/8429/490 9164/8430/490 9165/8426/490
f 9169/8431/490 9166/8432/490 9167/8429/490
f 9171/8433/490 9168/8434/490 9169/8431/490
f 9175/8435/490 9172/8436/490 9173/8437/490
f 9177/8438/490 9174/8439/490 9175/8435/490
f 9179/8440/490 9176/8441/490 9177/8438/490
f 9181/8442/490 9178/8443/490 9179/8440/490
f 9185/8444/490 9182/8445/490 9183/8446/490
f 9187/8447/490 9184/8448/490 9185/8444/490
f 9189/8449/490 9186/8450/490 9187/8447/490
f 9191/8451/490 9188/8452/490 9189/8449/490
f 9195/8453/490 9192/8454/490 9193/8455/490
f 9197/8456/490 9194/8457/490 9195/8453/490
f 9199/8458/490 9196/8459/490 9197/8456/490
f 9201/8460/490 9198/8461/490 9199/8458/490
f 9205/8462/490 9202/8463/490 9203/8464/490
f 9207/8465/490 9204/8466/490 9205/8462/490
f 9209/8467/490 9206/8468/490 9207/8465/490
f 9211/8469/490 9208/8470/490 9209/8467/490
f 9215/8471/490 9212/8472/490 9213/8473/490
f 9217/8474/490 9214/8475/490 9215/8471/490
f 9219/8476/490 9216/8477/490 9217/8474/490
f 9221/8478/490 9218/8479/490 9219/8476/490
f 9225/8480/490 9222/8481/490 9223/8482/490
f 9227/8483/490 9224/8484/490 9225/8480/490
f 9229/8485/490 9226/8486/490 9227/8483/490
f 9231/8487/490 9228/8488/490 9229/8485/490
f 9235/8489/490 9232/8490/490 9233/8491/490
f 9237/8492/490 9234/8493/490 9235/8489/490
f 9239/8494/490 9236/8495/490 9237/8492/490
f 9241/8496/490 9238/8497/490 9239/8494/490
f 9245/8498/490 9242/8499/490 9243/8500/490
f 9247/8501/490 9244/8502/490 9245/8498/490
f 9249/8503/490 9246/8504/490 9247/8501/490
f 9251/8505/490 9248/8506/490 9249/8503/490
f 9255/8507/490 9252/8508/490 9253/8509/490
f 9257/8510/490 9254/8511/490 9255/8507/490
f 9259/8512/490 9256/8513/490 9257/8510/490
f 9261/8514/490 9258/8515/490 9259/8512/490
f 9265/8516/490 9262/8517/490 9263/8518/490
f 9267/8519/490 9264/8520/490 9265/8516/490
f 9269/8521/490 9266/8522/490 9267/8519/490
f 9271/8523/490 9268/8524/490 9269/8521/490
f 9275/8525/490 9272/8526/490 9273/8527/490
f 9277/8528/490 9274/8529/490 9275/8525/490
f 9279/8530/490 9276/8531/490 9277/8528/490
f 9281/8532/490 9278/8533/490 9279/8530/490
f 9285/8534/490 9282/8535/490 9283/8536/490
f 9287/8537/490 9284/8538/490 9285/8534/490
f 9289/8539/490 9286/8540/490 9287/8537/490
f 9291/8541/490 9288/8542/490 9289/8539/490
f 9295/8543/490 9292/8544/490 9293/8545/490
f 9297/8546/490 9294/8547/490 9295/8543/490
f 9299/8548/490 9296/8549/490 9297/8546/490
f 9301/8550/490 9298/8551/490 9299/8548/490
f 9305/8552/490 9302/8553/490 9303/8554/490
f 9307/8555/490 9304/8556/490 9305/8552/490
f 9309/8557/490 9306/8558/490 9307/8555/490
f 9311/8559/490 9308/8560/490 9309/8557/490
f 9315/8561/490 9312/8562/490 9313/8563/490
f 9317/8564/490 9314/8565/490 9315/8561/490
f 9319/8566/490 9316/8567/490 9317/8564/490
f 9321/8568/490 9318/8569/490 9319/8566/490
f 9325/8570/490 9322/8571/490 9323/8572/490
f 9327/8573/490 9324/8574/490 9325/8570/490
f 9329/8575/490 9326/8576/490 9327/8573/490
f 9331/8577/490 9328/8578/490 9329/8575/490
f 9335/8579/490 9332/8580/490 9333/8581/490
f 9337/8582/490 9334/8583/490 9335/8579/490
f 9339/8584/490 9336/8585/490 9337/8582/490
f 9341/8586/490 9338/8587/490 9339/8584/490
f 9345/8588/490 9342/8589/490 9343/8590/490
f 9347/8591/490 9344/8592/490 9345/8588/490
f 9349/8593/490 9346/8594/490 9347/8591/490
f 9351/8595/490 9348/8596/490 9349/8593/490
f 9355/8597/490 9352/8598/490 9353/8599/490
f 9357/8600/490 9354/8601/490 9355/8597/490
f 9359/8602/490 9356/8603/490 9357/8600/490
f 9361/8604/490 9358/8605/490 9359/8602/490
f 9365/8606/490 9362/8607/490 9363/8608/490
f 9367/8609/490 9364/8610/490 9365/8606/490
f 9369/8611/490 9366/8612/490 9367/8609/490
f 9371/8613/490 9368/8614/490 9369/8611/490
f 9375/8615/490 9372/8616/490 9373/8617/490
f 9377/8618/490 9374/8619/490 9375/8615/490
f 9379/8620/490 9376/8621/490 9377/8618/490
f 9381/8622/490 9378/8623/490 9379/8620/490
f 9385/8624/490 9382/8625/490 9383/8626/490
f 9387/8627/490 9384/8628/490 9385/8624/490
f 9389/8629/490 9386/8630/490 9387/8627/490
f 9391/8631/490 9388/8632/490 9389/8629/490
f 9395/8633/490 9392/8634/490 9393/8635/490
f 9397/8636/490 9394/8637/490 9395/8633/490
f 9399/8638/490 9396/8639/490 9397/8636/490
f 9401/8640/490 9398/8641/490 9399/8638/490
f 9405/8642/490 9402/8643/490 9403/8644/490
f 9407/8645/490 9404/8646/490 9405/8642/490
f 9409/8647/490 9406/8648/490 9407/8645/490
f 9411/8649/490 9408/8650/490 9409/8647/490
f 9415/8651/490 9412/8652/490 9413/8653/490
f 9417/8654/490 9414/8655/490 9415/8651/490
f 9419/8656/490 9416/8657/490 9417/8654/490
f 9421/8658/490 9418/8659/490 9419/8656/490
f 9425/8660/490 9422/8661/490 9423/8662/490
f 9427/8663/490 9424/8664/490 9425/8660/490
f 9429/8665/490 9426/8666/490 9427/8663/490
f 9431/8667/490 9428/8668/490 9429/8665/490
f 9435/8669/490 9432/8670/490 9433/8671/490
f 9437/8672/490 9434/8673/490 9435/8669/490
f 9439/8674/490 9436/8675/490 9437/8672/490
f 9441/8676/490 9438/8677/490 9439/8674/490
f 9445/8678/490 9442/8679/490 9443/8680/490
f 9447/8681/490 9444/8682/490 9445/8678/490
f 9449/8683/490 9446/8684/490 9447/8681/490
f 9451/8685/490 9448/8686/490 9449/8683/490
f 9455/8687/490 9452/8688/490 9453/8689/490
f 9457/8690/490 9454/8691/490 9455/8687/490
f 9459/8692/490 9456/8693/490 9457/8690/490
f 9461/8694/490 9458/8695/490 9459/8692/490
f 9465/8696/490 9462/8697/490 9463/8698/490
f 9467/8699/490 9464/8700/490 9465/8696/490
f 9469/8701/490 9466/8702/490 9467/8699/490
f 9471/8703/490 9468/8704/490 9469/8701/490
f 9475/8705/490 9472/8706/490 9473/8707/490
f 9477/8708/490 9474/8709/490 9475/8705/490
f 9479/8710/490 9476/8711/490 9477/8708/490
f 9481/8712/490 9478/8713/490 9479/8710/490
f 9485/8714/490 9482/8715/490 9483/8716/490
f 9487/8717/490 9484/8718/490 9485/8714/490
f 9489/8719/490 9486/8720/490 9487/8717/490
f 9491/8721/490 9488/8722/490 9489/8719/490
f 9495/8723/490 9492/8724/490 9493/8725/490
f 9497/8726/490 9494/8727/490 9495/8723/490
f 9499/8728/490 9496/8729/490 9497/8726/490
f 9501/8730/490 9498/8731/490 9499/8728/490
f 9505/8732/490 9502/8733/490 9503/8734/490
f 9507/8735/490 9504/8736/490 9505/8732/490
f 9509/8737/490 9506/8738/490 9507/8735/490
f 9511/8739/490 9508/8740/490 9509/8737/490
f 9515/8741/490 9512/8742/490 9513/8743/490
f 9517/8744/490 9514/8745/490 9515/8741/490
f 9519/8746/490 9516/8747/490 9517/8744/490
f 9521/8748/490 9518/8749/490 9519/8746/490
f 9525/8750/490 9522/8751/490 9523/8752/490
f 9527/8753/490 9524/8754/490 9525/8750/490
f 9529/8755/490 9526/8756/490 9527/8753/490
f 9531/8757/490 9528/8758/490 9529/8755/490
f 9535/8759/490 9532/8760/490 9533/8761/490
f 9537/8762/490 9534/8763/490 9535/8759/490
f 9539/8764/490 9536/8765/490 9537/8762/490
f 9541/8766/490 9538/8767/490 9539/8764/490
f 9545/8768/490 9542/8769/490 9543/8770/490
f 9547/8771/490 9544/8772/490 9545/8768/490
f 9549/8773/490 9546/8774/490 9547/8771/490
f 9551/8775/490 9548/8776/490 9549/8773/490
f 9555/8777/490 9552/8778/490 9553/8779/490
f 9557/8780/490 9554/8781/490 9555/8777/490
f 9559/8782/490 9556/8783/490 9557/8780/490
f 9561/8784/490 9558/8785/490 9559/8782/490
f 9565/8786/490 9562/8787/490 9563/8788/490
f 9567/8789/490 9564/8790/490 9565/8786/490
f 9569/8791/490 9566/8792/490 9567/8789/490
f 9571/8793/490 9568/8794/490 9569/8791/490
f 9575/8795/490 9572/8796/490 9573/8797/490
f 9577/8798/490 9574/8799/490 9575/8795/490
f 9579/8800/490 9576/8801/490 9577/8798/490
f 9581/8802/490 9578/8803/490 9579/8800/490
f 9585/8804/490 9582/8805/490 9583/8806/490
f 9587/8807/490 9584/8808/490 9585/8804/490
f 9589/8809/490 9586/8810/490 9587/8807/490
f 9591/8811/490 9588/8812/490 9589/8809/490
f 9595/8813/490 9592/8814/490 9593/8815/490
f 9597/8816/490 9594/8817/490 9595/8813/490
f 9599/8818/490 9596/8819/490 9597/8816/490
f 9601/8820/490 9598/8821/490 9599/8818/490
f 9605/8822/490 9602/8823/490 9603/8824/490
f 9607/8825/490 9604/8826/490 9605/8822/490
f 9609/8827/490 9606/8828/490 9607/8825/490
f 9611/8829/490 9608/8830/490 9609/8827/490
f 9615/8831/490 9612/8832/490 9613/8833/490
f 9617/8834/490 9614/8835/490 9615/8831/490
f 9619/8836/490 9616/8837/490 9617/8834/490
f 9621/8838/490 9618/8839/490 9619/8836/490
f 9625/8840/490 9622/8841/490 9623/8842/490
f 9627/8843/490 9624/8844/490 9625/8840/490
f 9629/8845/490 9626/8846/490 9627/8843/490
f 9631/8847/490 9628/8848/490 9629/8845/490
f 9635/8849/490 9632/8850/490 9633/8851/490
f 9637/8852/490 9634/8853/490 9635/8849/490
f 9639/8854/490 9636/8855/490 9637/8852/490
f 9641/8856/490 9638/8857/490 9639/8854/490
f 9645/8858/490 9642/8859/490 9643/8860/490
f 9647/8861/490 9644/8862/490 9645/8858/490
f 9649/8863/490 9646/8864/490 9647/8861/490
f 9651/8865/490 9648/8866/490 9649/8863/490
f 9655/8867/490 9652/8868/490 9653/8869/490
f 9657/8870/490 9654/8871/490 9655/8867/490
f 9659/8872/490 9656/8873/490 9657/8870/490
f 9661/8874/490 9658/8875/490 9659/8872/490
f 9665/8876/490 9662/8877/490 9663/8878/490
f 9667/8879/490 9664/8880/490 9665/8876/490
f 9669/8881/490 9666/8882/490 9667/8879/490
f 9671/8883/490 9668/8884/490 9669/8881/490
f 9675/8885/490 9672/8886/490 9673/8887/490
f 9677/8888/490 9674/8889/490 9675/8885/490
f 9679/8890/490 9676/8891/490 9677/8888/490
f 9681/8892/490 9678/8893/490 9679/8890/490
f 9685/8894/490 9682/8895/490 9683/8896/490
f 9687/8897/490 9684/8898/490 9685/8894/490
f 9689/8899/490 9686/8900/490 9687/8897/490
f 9691/8901/490 9688/8902/490 9689/8899/490
f 9695/8903/490 9692/8904/490 9693/8905/490
f 9697/8906/490 9694/8907/490 9695/8903/490
f 9699/8908/490 9696/8909/490 9697/8906/490
f 9701/8910/490 9698/8911/490 9699/8908/490
f 9705/8912/490 9702/8913/490 9703/8914/490
f 9707/8915/490 9704/8916/490 9705/8912/490
f 9709/8917/490 9706/8918/490 9707/8915/490
f 9711/8919/490 9708/8920/490 9709/8917/490
f 9715/8921/490 9712/8922/490 9713/8923/490
f 9717/8924/490 9714/8925/490 9715/8921/490
f 9719/8926/490 9716/8927/490 9717/8924/490
f 9721/8928/490 9718/8929/490 9719/8926/490
f 9725/8930/490 9722/8931/490 9723/8932/490
f 9727/8933/490 9724/8934/490 9725/8930/490
f 9729/8935/490 9726/8936/490 9727/8933/490
f 9731/8937/490 9728/8938/490 9729/8935/490
f 9735/8939/490 9732/8940/490 9733/8941/490
f 9737/8942/490 9734/8943/490 9735/8939/490
f 9739/8944/490 9736/8945/490 9737/8942/490
f 9741/8946/490 9738/8947/490 9739/8944/490
f 9745/8948/490 9742/8949/490 9743/8950/490
f 9747/8951/490 9744/8952/490 9745/8948/490
f 9749/8953/490 9746/8954/490 9747/8951/490
f 9751/8955/490 9748/8956/490 9749/8953/490
f 9755/8957/490 9752/8958/490 9753/8959/490
f 9757/8960/490 9754/8961/490 9755/8957/490
f 9759/8962/490 9756/8963/490 9757/8960/490
f 9761/8964/490 9758/8965/490 9759/8962/490
f 9765/8966/490 9762/8967/490 9763/8968/490
f 9767/8969/490 9764/8970/490 9765/8966/490
f 9769/8971/490 9766/8972/490 9767/8969/490
f 9771/8973/490 9768/8974/490 9769/8971/490
f 9775/8975/490 9772/8976/490 9773/8977/490
f 9777/8978/490 9774/8979/490 9775/8975/490
f 9779/8980/490 9776/8981/490 9777/8978/490
f 9781/8982/490 9778/8983/490 9779/8980/490
f 9785/8984/490 9782/8985/490 9783/8986/490
f 9787/8987/490 9784/8988/490 9785/8984/490
f 9789/8989/490 9786/8990/490 9787/8987/490
f 9791/8991/490 9788/8992/490 9789/8989/490
f 9795/8993/490 9792/8994/490 9793/8995/490
f 9797/8996/490 9794/8997/490 9795/8993/490
f 9799/8998/490 9796/8999/490 9797/8996/490
f 9801/9000/490 9798/9001/490 9799/8998/490
f 9805/9002/490 9802/9003/490 9803/9004/490
f 9807/9005/490 9804/9006/490 9805/9002/490
f 9809/9007/490 9806/9008/490 9807/9005/490
f 9811/9009/490 9808/9010/490 9809/9007/490
f 9815/9011/490 9812/9012/490 9813/9013/490
f 9817/9014/490 9814/9015/490 9815/9011/490
f 9819/9016/490 9816/9017/490 9817/9014/490
f 9821/9018/490 9818/9019/490 9819/9016/490
f 9825/9020/490 9822/9021/490 9823/9022/490
f 9827/9023/490 9824/9024/490 9825/9020/490
f 9829/9025/490 9826/9026/490 9827/9023/490
f 9831/9027/490 9828/9028/490 9829/9025/490
f 9835/9029/490 9832/9030/490 9833/9031/490
f 9837/9032/490 9834/9033/490 9835/9029/490
f 9839/9034/490 9836/9035/490 9837/9032/490
f 9841/9036/490 9838/9037/490 9839/9034/490
f 9845/9038/490 9842/9039/490 9843/9040/490
f 9847/9041/490 9844/9042/490 9845/9038/490
f 9849/9043/490 9846/9044/490 9847/9041/490
f 9851/9045/490 9848/9046/490 9849/9043/490
f 9855/9047/490 9852/9048/490 9853/9049/490
f 9857/9050/490 9854/9051/490 9855/9047/490
f 9859/9052/490 9856/9053/490 9857/9050/490
f 9861/9054/490 9858/9055/490 9859/9052/490
f 9865/9056/490 9862/9057/490 9863/9058/490
f 9867/9059/490 9864/9060/490 9865/9056/490
f 9869/9061/490 9866/9062/490 9867/9059/490
f 9871/9063/490 9868/9064/490 9869/9061/490
f 9875/9065/490 9872/9066/490 9873/9067/490
f 9877/9068/490 9874/9069/490 9875/9065/490
f 9879/9070/490 9876/9071/490 9877/9068/490
f 9881/9072/490 9878/9073/490 9879/9070/490
f 9885/9074/490 9882/9075/490 9883/9076/490
f 9887/9077/490 9884/9078/490 9885/9074/490
f 9889/9079/490 9886/9080/490 9887/9077/490
f 9891/9081/490 9888/9082/490 9889/9079/490
f 9895/9083/490 9892/9084/490 9893/9085/490
f 9897/9086/490 9894/9087/490 9895/9083/490
f 9899/9088/490 9896/9089/490 9897/9086/490
f 9901/9090/490 9898/9091/490 9899/9088/490
f 9905/9092/490 9902/9093/490 9903/9094/490
f 9907/9095/490 9904/9096/490 9905/9092/490
f 9909/9097/490 9906/9098/490 9907/9095/490
f 9911/9099/490 9908/9100/490 9909/9097/490
f 9915/9101/490 9912/9102/490 9913/9103/490
f 9917/9104/490 9914/9105/490 9915/9101/490
f 9919/9106/490 9916/9107/490 9917/9104/490
f 9921/9108/490 9918/9109/490 9919/9106/490
f 9925/9110/490 9922/9111/490 9923/9112/490
f 9927/9113/490 9924/9114/490 9925/9110/490
f 9929/9115/490 9926/9116/490 9927/9113/490
f 9931/9117/490 9928/9118/490 9929/9115/490
f 9935/9119/490 9932/9120/490 9933/9121/490
f 9937/9122/490 9934/9123/490 9935/9119/490
f 9939/9124/490 9936/9125/490 9937/9122/490
f 9941/9126/490 9938/9127/490 9939/9124/490
f 9945/9128/490 9942/9129/490 9943/9130/490
f 9947/9131/490 9944/9132/490 9945/9128/490
f 9949/9133/490 9946/9134/490 9947/9131/490
f 9951/9135/490 9948/9136/490 9949/9133/490
f 9955/9137/490 9952/9138/490 9953/9139/490
f 9957/9140/490 9954/9141/490 9955/9137/490
f 9959/9142/490 9956/9143/490 9957/9140/490
f 9961/9144/490 9958/9145/490 9959/9142/490
f 9965/9146/490 9962/9147/490 9963/9148/490
f 9967/9149/490 9964/9150/490 9965/9146/490
f 9969/9151/490 9966/9152/490 9967/9149/490
f 9971/9153/490 9968/9154/490 9969/9151/490
f 9975/9155/490 9972/9156/490 9973/9157/490
f 9977/9158/490 9974/9159/490 9975/9155/490
f 9979/9160/490 9976/9161/490 9977/9158/490
f 9981/9162/490 9978/9163/490 9979/9160/490
f 9985/9164/490 9982/9165/490 9983/9166/490
f 9987/9167/490 9984/9168/490 9985/9164/490
f 9989/9169/490 9986/9170/490 9987/9167/490
f 9991/9171/490 9988/9172/490 9989/9169/490
f 9995/9173/490 9992/9174/490 9993/9175/490
f 9997/9176/490 9994/9177/490 9995/9173/490
f 9999/9178/490 9996/9179/490 9997/9176/490
f 10001/9180/490 9998/9181/490 9999/9178/490
f 10005/9182/490 10002/9183/490 10003/9184/490
f 10007/9185/490 10004/9186/490 10005/9182/490
f 10009/9187/490 10006/9188/490 10007/9185/490
f 10011/9189/490 10008/9190/490 10009/9187/490
f 10015/9191/490 10012/9192/490 10013/9193/490
f 10017/9194/490 10014/9195/490 10015/9191/490
f 10019/9196/490 10016/9197/490 10017/9194/490
f 10021/9198/490 10018/9199/490 10019/9196/490
f 10025/9200/490 10022/9201/490 10023/9202/490
f 10027/9203/490 10024/9204/490 10025/9200/490
f 10029/9205/490 10026/9206/490 10027/9203/490
f 10031/9207/490 10028/9208/490 10029/9205/490
f 10035/9209/490 10032/9210/490 10033/9211/490
f 10037/9212/490 10034/9213/490 10035/9209/490
f 10039/9214/490 10036/9215/490 10037/9212/490
f 10041/9216/490 10038/9217/490 10039/9214/490
f 10045/9218/490 10042/9219/490 10043/9220/490
f 10047/9221/490 10044/9222/490 10045/9218/490
f 10049/9223/490 10046/9224/490 10047/9221/490
f 10051/9225/490 10048/9226/490 10049/9223/490
f 10055/9227/490 10052/9228/490 10053/9229/490
f 10057/9230/490 10054/9231/490 10055/9227/490
f 10059/9232/490 10056/9233/490 10057/9230/490
f 10061/9234/490 10058/9235/490 10059/9232/490
f 10065/9236/490 10062/9237/490 10063/9238/490
f 10067/9239/490 10064/9240/490 10065/9236/490
f 10069/9241/490 10066/9242/490 10067/9239/490
f 10071/9243/490 10068/9244/490 10069/9241/490
f 10075/9245/490 10072/9246/490 10073/9247/490
f 10077/9248/490 10074/9249/490 10075/9245/490
f 10079/9250/490 10076/9251/490 10077/9248/490
f 10081/9252/490 10078/9253/490 10079/9250/490
f 10085/9254/490 10082/9255/490 10083/9256/490
f 10087/9257/490 10084/9258/490 10085/9254/490
f 10089/9259/490 10086/9260/490 10087/9257/490
f 10091/9261/490 10088/9262/490 10089/9259/490
f 10095/9263/490 10092/9264/490 10093/9265/490
f 10097/9266/490 10094/9267/490 10095/9263/490
f 10099/9268/490 10096/9269/490 10097/9266/490
f 10101/9270/490 10098/9271/490 10099/9268/490
f 10105/9272/490 10102/9273/490 10103/9274/490
f 10107/9275/490 10104/9276/490 10105/9272/490
f 10109/9277/490 10106/9278/490 10107/9275/490
f 10111/9279/490 10108/9280/490 10109/9277/490
f 10115/9281/490 10112/9282/490 10113/9283/490
f 10117/9284/490 10114/9285/490 10115/9281/490
f 10119/9286/490 10116/9287/490 10117/9284/490
f 10121/9288/490 10118/9289/490 10119/9286/490
f 10125/9290/490 10122/9291/490 10123/9292/490
f 10127/9293/490 10124/9294/490 10125/9290/490
f 10129/9295/490 10126/9296/490 10127/9293/490
f 10131/9297/490 10128/9298/490 10129/9295/490
f 10135/9299/490 10132/9300/490 10133/9301/490
f 10137/9302/490 10134/9303/490 10135/9299/490
f 10139/9304/490 10136/9305/490 10137/9302/490
f 10141/9306/490 10138/9307/490 10139/9304/490
f 10145/9308/490 10142/9309/490 10143/9310/490
f 10147/9311/490 10144/9312/490 10145/9308/490
f 10149/9313/490 10146/9314/490 10147/9311/490
f 10151/9315/490 10148/9316/490 10149/9313/490
f 10155/9317/490 10152/9318/490 10153/9319/490
f 10157/9320/490 10154/9321/490 10155/9317/490
f 10159/9322/490 10156/9323/490 10157/9320/490
f 10161/9324/490 10158/9325/490 10159/9322/490
f 10165/9326/490 10162/9327/490 10163/9328/490
f 10167/9329/490 10164/9330/490 10165/9326/490
f 10169/9331/490 10166/9332/490 10167/9329/490
f 10171/9333/490 10168/9334/490 10169/9331/490
f 10175/9335/490 10172/9336/490 10173/9337/490
f 10177/9338/490 10174/9339/490 10175/9335/490
f 10179/9340/490 10176/9341/490 10177/9338/490
f 10181/9342/490 10178/9343/490 10179/9340/490
f 10185/9344/490 10182/9345/490 10183/9346/490
f 10187/9347/490 10184/9348/490 10185/9344/490
f 10189/9349/490 10186/9350/490 10187/9347/490
f 10191/9351/490 10188/9352/490 10189/9349/490
f 10195/9353/490 10192/9354/490 10193/9355/490
f 10197/9356/490 10194/9357/490 10195/9353/490
f 10199/9358/490 10196/9359/490 10197/9356/490
f 10201/9360/490 10198/9361/490 10199/9358/490
f 10205/9362/490 10202/9363/490 10203/9364/490
f 10207/9365/490 10204/9366/490 10205/9362/490
f 10209/9367/490 10206/9368/490 10207/9365/490
f 10211/9369/490 10208/9370/490 10209/9367/490
f 10215/9371/490 10212/9372/490 10213/9373/490
f 10217/9374/490 10214/9375/490 10215/9371/490
f 10219/9376/490 10216/9377/490 10217/9374/490
f 10221/9378/490 10218/9379/490 10219/9376/490
f 10225/9380/490 10222/9381/490 10223/9382/490
f 10227/9383/490 10224/9384/490 10225/9380/490
f 10229/9385/490 10226/9386/490 10227/9383/490
f 10231/9387/490 10228/9388/490 10229/9385/490
f 10235/9389/490 10232/9390/490 10233/9391/490
f 10237/9392/490 10234/9393/490 10235/9389/490
f 10239/9394/490 10236/9395/490 10237/9392/490
f 10241/9396/490 10238/9397/490 10239/9394/490
f 10245/9398/490 10242/9399/490 10243/9400/490
f 10247/9401/490 10244/9402/490 10245/9398/490
f 10249/9403/490 10246/9404/490 10247/9401/490
f 10251/9405/490 10248/9406/490 10249/9403/490
f 10255/9407/490 10252/9408/490 10253/9409/490
f 10257/9410/490 10254/9411/490 10255/9407/490
f 10259/9412/490 10256/9413/490 10257/9410/490
f 10261/9414/490 10258/9415/490 10259/9412/490
f 10265/9416/490 10262/9417/490 10263/9418/490
f 10267/9419/490 10264/9420/490 10265/9416/490
f 10269/9421/490 10266/9422/490 10267/9419/490
f 10271/9423/490 10268/9424/490 10269/9421/490
f 10275/9425/490 10272/9426/490 10273/9427/490
f 10277/9428/490 10274/9429/490 10275/9425/490
f 10279/9430/490 10276/9431/490 10277/9428/490
f 10281/9432/490 10278/9433/490 10279/9430/490
f 10285/9434/490 10282/9435/490 10283/9436/490
f 10287/9437/490 10284/9438/490 10285/9434/490
f 10289/9439/490 10286/9440/490 10287/9437/490
f 10291/9441/490 10288/9442/490 10289/9439/490
f 10295/9443/490 10292/9444/490 10293/9445/490
f 10297/9446/490 10294/9447/490 10295/9443/490
f 10299/9448/490 10296/9449/490 10297/9446/490
f 10301/9450/490 10298/9451/490 10299/9448/490
f 10305/9452/490 10302/9453/490 10303/9454/490
f 10307/9455/490 10304/9456/490 10305/9452/490
f 10309/9457/490 10306/9458/490 10307/9455/490
f 10311/9459/490 10308/9460/490 10309/9457/490
f 10315/9461/490 10312/9462/490 10313/9463/490
f 10317/9464/490 10314/9465/490 10315/9461/490
f 10319/9466/490 10316/9467/490 10317/9464/490
f 10321/9468/490 10318/9469/490 10319/9466/490
f 10325/9470/490 10322/9471/490 10323/9472/490
f 10327/9473/490 10324/9474/490 10325/9470/490
f 10329/9475/490 10326/9476/490 10327/9473/490
f 10331/9477/490 10328/9478/490 10329/9475/490
f 10335/9479/490 10332/9480/490 10333/9481/490
f 10337/9482/490 10334/9483/490 10335/9479/490
f 10339/9484/490 10336/9485/490 10337/9482/490
f 10341/9486/490 10338/9487/490 10339/9484/490
f 10345/9488/490 10342/9489/490 10343/9490/490
f 10347/9491/490 10344/9492/490 10345/9488/490
f 10349/9493/490 10346/9494/490 10347/9491/490
f 10351/9495/490 10348/9496/490 10349/9493/490
f 10355/9497/490 10352/9498/490 10353/9499/490
f 10357/9500/490 10354/9501/490 10355/9497/490
f 10359/9502/490 10356/9503/490 10357/9500/490
f 10361/9504/490 10358/9505/490 10359/9502/490
f 10365/9506/490 10362/9507/490 10363/9508/490
f 10367/9509/490 10364/9510/490 10365/9506/490
f 10369/9511/490 10366/9512/490 10367/9509/490
f 10371/9513/490 10368/9514/490 10369/9511/490
f 10375/9515/490 10372/9516/490 10373/9517/490
f 10377/9518/490 10374/9519/490 10375/9515/490
f 10379/9520/490 10376/9521/490 10377/9518/490
f 10381/9522/490 10378/9523/490 10379/9520/490
f 10385/9524/490 10382/9525/490 10383/9526/490
f 10387/9527/490 10384/9528/490 10385/9524/490
f 10389/9529/490 10386/9530/490 10387/9527/490
f 10391/9531/490 10388/9532/490 10389/9529/490
f 10395/9533/490 10392/9534/490 10393/9535/490
f 10397/9536/490 10394/9537/490 10395/9533/490
f 10399/9538/490 10396/9539/490 10397/9536/490
f 10401/9540/490 10398/9541/490 10399/9538/490
f 10405/9542/490 10402/9543/490 10403/9544/490
f 10407/9545/490 10404/9546/490 10405/9542/490
f 10409/9547/490 10406/9548/490 10407/9545/490
f 10411/9549/490 10408/9550/490 10409/9547/490
f 10415/9551/490 10412/9552/490 10413/9553/490
f 10417/9554/490 10414/9555/490 10415/9551/490
f 10419/9556/490 10416/9557/490 10417/9554/490
f 10421/9558/490 10418/9559/490 10419/9556/490
f 10425/9560/490 10422/9561/490 10423/9562/490
f 10427/9563/490 10424/9564/490 10425/9560/490
f 10429/9565/490 10426/9566/490 10427/9563/490
f 10431/9567/490 10428/9568/490 10429/9565/490
f 10435/9569/490 10432/9570/490 10433/9571/490
f 10437/9572/490 10434/9573/490 10435/9569/490
f 10439/9574/490 10436/9575/490 10437/9572/490
f 10441/9576/490 10438/9577/490 10439/9574/490
f 10445/9578/490 10442/9579/490 10443/9580/490
f 10447/9581/490 10444/9582/490 10445/9578/490
f 10449/9583/490 10446/9584/490 10447/9581/490
f 10451/9585/490 10448/9586/490 10449/9583/490
f 10455/9587/490 10452/9588/490 10453/9589/490
f 10457/9590/490 10454/9591/490 10455/9587/490
f 10459/9592/490 10456/9593/490 10457/9590/490
f 10461/9594/490 10458/9595/490 10459/9592/490
f 10465/9596/490 10462/9597/490 10463/9598/490
f 10467/9599/490 10464/9600/490 10465/9596/490
f 10469/9601/490 10466/9602/490 10467/9599/490
f 10471/9603/490 10468/9604/490 10469/9601/490
f 10475/9605/490 10472/9606/490 10473/9607/490
f 10477/9608/490 10474/9609/490 10475/9605/490
f 10479/9610/490 10476/9611/490 10477/9608/490
f 10481/9612/490 10478/9613/490 10479/9610/490
f 10485/9614/490 10482/9615/490 10483/9616/490
f 10487/9617/490 10484/9618/490 10485/9614/490
f 10489/9619/490 10486/9620/490 10487/9617/490
f 10491/9621/490 10488/9622/490 10489/9619/490
f 10495/9623/490 10492/9624/490 10493/9625/490
f 10497/9626/490 10494/9627/490 10495/9623/490
f 10499/9628/490 10496/9629/490 10497/9626/490
f 10501/9630/490 10498/9631/490 10499/9628/490
f 10505/9632/490 10502/9633/490 10503/9634/490
f 10507/9635/490 10504/9636/490 10505/9632/490
f 10509/9637/490 10506/9638/490 10507/9635/490
f 10511/9639/490 10508/9640/490 10509/9637/490
f 10515/9641/490 10512/9642/490 10513/9643/490
f 10517/9644/490 10514/9645/490 10515/9641/490
f 10519/9646/490 10516/9647/490 10517/9644/490
f 10521/9648/490 10518/9649/490 10519/9646/490
f 10525/9650/490 10522/9651/490 10523/9652/490
f 10527/9653/490 10524/9654/490 10525/9650/490
f 10529/9655/490 10526/9656/490 10527/9653/490
f 10531/9657/490 10528/9658/490 10529/9655/490
f 10535/9659/490 10532/9660/490 10533/9661/490
f 10537/9662/490 10534/9663/490 10535/9659/490
f 10539/9664/490 10536/9665/490 10537/9662/490
f 10541/9666/490 10538/9667/490 10539/9664/490
f 10545/9668/490 10542/9669/490 10543/9670/490
f 10547/9671/490 10544/9672/490 10545/9668/490
f 10549/9673/490 10546/9674/490 10547/9671/490
f 10551/9675/490 10548/9676/490 10549/9673/490
f 555/677/489 554/681/489 552/678/489
f 557/680/489 556/683/489 554/681/489
f 559/682/489 558/685/489 556/683/489
f 561/684/489 560/9677/489 558/685/489
f 565/686/489 564/690/489 562/687/489
f 567/689/489 566/692/489 564/690/489
f 569/691/489 568/694/489 566/692/489
f 571/693/489 570/9678/489 568/694/489
f 575/695/489 574/699/489 572/696/489
f 577/698/489 576/701/489 574/699/489
f 579/700/489 578/703/489 576/701/489
f 581/702/489 580/9679/489 578/703/489
f 585/704/489 584/708/489 582/705/489
f 587/707/489 586/710/489 584/708/489
f 589/709/489 588/712/489 586/710/489
f 591/711/489 590/9680/489 588/712/489
f 595/713/489 594/717/489 592/714/489
f 597/716/489 596/719/489 594/717/489
f 599/718/489 598/721/489 596/719/489
f 601/720/489 600/9681/489 598/721/489
f 605/722/489 604/726/489 602/723/489
f 607/725/489 606/728/489 604/726/489
f 609/727/489 608/730/489 606/728/489
f 611/729/489 610/9682/489 608/730/489
f 615/731/489 614/735/489 612/732/489
f 617/734/489 616/737/489 614/735/489
f 619/736/489 618/739/489 616/737/489
f 621/738/489 620/9683/489 618/739/489
f 625/740/489 624/744/489 622/741/489
f 627/743/489 626/746/489 624/744/489
f 629/745/489 628/748/489 626/746/489
f 631/747/489 630/9684/489 628/748/489
f 635/749/490 634/753/490 632/750/490
f 637/752/490 636/755/490 634/753/490
f 639/754/490 638/757/490 636/755/490
f 641/756/490 640/9685/490 638/757/490
f 645/758/489 644/762/489 642/759/489
f 647/761/489 646/764/489 644/762/489
f 649/763/489 648/766/489 646/764/489
f 651/765/489 650/9686/489 648/766/489
f 655/767/489 654/771/489 652/768/489
f 657/770/489 656/773/489 654/771/489
f 659/772/489 658/775/489 656/773/489
f 661/774/489 660/9687/489 658/775/489
f 665/776/490 664/780/490 662/777/490
f 667/779/490 666/782/490 664/780/490
f 669/781/490 668/784/490 666/782/490
f 671/783/490 670/9688/490 668/784/490
f 675/785/490 674/789/490 672/786/490
f 677/788/490 676/791/490 674/789/490
f 679/790/490 678/793/490 676/791/490
f 681/792/490 680/9689/490 678/793/490
f 685/794/490 684/798/490 682/795/490
f 687/797/490 686/800/490 684/798/490
f 689/799/490 688/802/490 686/800/490
f 691/801/490 690/9690/490 688/802/490
f 695/803/490 694/807/490 692/804/490
f 697/806/490 696/809/490 694/807/490
f 699/808/490 698/811/490 696/809/490
f 701/810/490 700/9691/490 698/811/490
f 705/812/490 704/816/490 702/813/490
f 707/815/490 706/818/490 704/816/490
f 709/817/490 708/820/490 706/818/490
f 711/819/490 710/9692/490 708/820/490
f 715/821/490 714/825/490 712/822/490
f 717/824/490 716/827/490 714/825/490
f 719/826/490 718/829/490 716/827/490
f 721/828/490 720/9693/490 718/829/490
f 725/830/490 724/834/490 722/831/490
f 727/833/490 726/836/490 724/834/490
f 729/835/490 728/838/490 726/836/490
f 731/837/490 730/9694/490 728/838/490
f 735/839/490 734/843/490 732/840/490
f 737/842/490 736/845/490 734/843/490
f 739/844/490 738/847/490 736/845/490
f 741/846/490 740/9695/490 738/847/490
f 745/848/489 744/852/489 742/849/489
f 747/851/489 746/854/489 744/852/489
f 749/853/489 748/856/489 746/854/489
f 751/855/489 750/9696/489 748/856/489
f 755/857/490 754/861/490 752/858/490
f 757/860/490 756/863/490 754/861/490
f 759/862/490 758/865/490 756/863/490
f 761/864/490 760/9697/490 758/865/490
f 765/866/489 764/870/489 762/867/489
f 767/869/489 766/872/489 764/870/489
f 769/871/489 768/874/489 766/872/489
f 771/873/489 770/9698/489 768/874/489
f 775/875/490 774/879/490 772/876/490
f 777/878/490 776/881/490 774/879/490
f 779/880/490 778/883/490 776/881/490
f 781/882/490 780/9699/490 778/883/490
f 785/884/490 784/888/490 782/885/490
f 787/887/490 786/890/490 784/888/490
f 789/889/490 788/892/490 786/890/490
f 791/891/490 790/9700/490 788/892/490
f 795/893/490 794/897/490 792/894/490
f 797/896/490 796/899/490 794/897/490
f 799/898/490 798/901/490 796/899/490
f 801/900/490 800/9701/490 798/901/490
f 805/902/490 804/906/490 802/903/490
f 807/905/490 806/908/490 804/906/490
f 809/907/490 808/910/490 806/908/490
f 811/909/490 810/9702/490 808/910/490
f 815/911/489 814/915/489 812/912/489
f 817/914/489 816/917/489 814/915/489
f 819/916/489 818/919/489 816/917/489
f 821/918/489 820/9703/489 818/919/489
f 825/920/489 824/924/489 822/921/489
f 827/923/489 826/926/489 824/924/489
f 829/925/489 828/928/489 826/926/489
f 831/927/489 830/9704/489 828/928/489
f 835/929/490 834/933/490 832/930/490
f 837/932/490 836/935/490 834/933/490
f 839/934/490 838/937/490 836/935/490
f 841/936/490 840/9705/490 838/937/490
f 845/938/490 844/942/490 842/939/490
f 847/941/490 846/944/490 844/942/490
f 849/943/490 848/946/490 846/944/490
f 851/945/490 850/9706/490 848/946/490
f 855/947/490 854/951/490 852/948/490
f 857/950/490 856/953/490 854/951/490
f 859/952/490 858/955/490 856/953/490
f 861/954/490 860/9707/490 858/955/490
f 865/956/490 864/960/490 862/957/490
f 867/959/490 866/962/490 864/960/490
f 869/961/490 868/964/490 866/962/490
f 871/963/490 870/9708/490 868/964/490
f 875/965/490 874/969/490 872/966/490
f 877/968/490 876/971/490 874/969/490
f 879/970/490 878/973/490 876/971/490
f 881/972/490 880/9709/490 878/973/490
f 885/974/490 884/978/490 882/975/490
f 887/977/490 886/980/490 884/978/490
f 889/979/490 888/982/490 886/980/490
f 891/981/490 890/9710/490 888/982/490
f 895/983/490 894/987/490 892/984/490
f 897/986/490 896/989/490 894/987/490
f 899/988/490 898/991/490 896/989/490
f 901/990/490 900/9711/490 898/991/490
f 905/992/490 904/996/490 902/993/490
f 907/995/490 906/998/490 904/996/490
f 909/997/490 908/1000/490 906/998/490
f 911/999/490 910/9712/490 908/1000/490
f 915/1001/490 914/1005/490 912/1002/490
f 917/1004/490 916/1007/490 914/1005/490
f 919/1006/490 918/1009/490 916/1007/490
f 921/1008/490 920/9713/490 918/1009/490
f 925/1010/490 924/1014/490 922/1011/490
f 927/1013/490 926/1016/490 924/1014/490
f 929/1015/490 928/1018/490 926/1016/490
f 931/1017/490 930/9714/490 928/1018/490
f 935/1019/490 934/1023/490 932/1020/490
f 937/1022/490 936/1025/490 934/1023/490
f 939/1024/490 938/1027/490 936/1025/490
f 941/1026/490 940/9715/490 938/1027/490
f 945/1028/490 944/1032/490 942/1029/490
f 947/1031/490 946/1034/490 944/1032/490
f 949/1033/490 948/1036/490 946/1034/490
f 951/1035/490 950/9716/490 948/1036/490
f 955/1037/489 954/1041/489 952/1038/489
f 957/1040/489 956/1043/489 954/1041/489
f 959/1042/489 958/1045/489 956/1043/489
f 961/1044/489 960/9717/489 958/1045/489
f 965/1046/489 964/1050/489 962/1047/489
f 967/1049/489 966/1052/489 964/1050/489
f 969/1051/489 968/1054/489 966/1052/489
f 971/1053/489 970/9718/489 968/1054/489
f 975/1055/490 974/1059/490 972/1056/490
f 977/1058/490 976/1061/490 974/1059/490
f 979/1060/490 978/1063/490 976/1061/490
f 981/1062/490 980/9719/490 978/1063/490
f 985/1064/489 984/1068/489 982/1065/489
f 987/1067/489 986/1070/489 984/1068/489
f 989/1069/489 988/1072/489 986/1070/489
f 991/1071/489 990/9720/489 988/1072/489
f 995/1073/490 994/1077/490 992/1074/490
f 997/1076/490 996/1079/490 994/1077/490
f 999/1078/490 998/1081/490 996/1079/490
f 1001/1080/490 1000/9721/490 998/1081/490
f 1005/1082/490 1004/1086/490 1002/1083/490
f 1007/1085/490 1006/1088/490 1004/1086/490
f 1009/1087/490 1008/1090/490 1006/1088/490
f 1011/1089/490 1010/9722/490 1008/1090/490
f 1015/1091/490 1014/1095/490 1012/1092/490
f 1017/1094/490 1016/1097/490 1014/1095/490
f 1019/1096/490 1018/1099/490 1016/1097/490
f 1021/1098/490 1020/9723/490 1018/1099/490
f 1025/1100/490 1024/1104/490 1022/1101/490
f 1027/1103/490 1026/1106/490 1024/1104/490
f 1029/1105/490 1028/1108/490 1026/1106/490
f 1031/1107/490 1030/9724/490 1028/1108/490
f 1035/1109/490 1034/1113/490 1032/1110/490
f 1037/1112/490 1036/1115/490 1034/1113/490
f 1039/1114/490 1038/1117/490 1036/1115/490
f 1041/1116/490 1040/9725/490 1038/1117/490
f 1045/1118/490 1044/1122/490 1042/1119/490
f 1047/1121/490 1046/1124/490 1044/1122/490
f 1049/1123/490 1048/1126/490 1046/1124/490
f 1051/1125/490 1050/9726/490 1048/1126/490
f 1055/1127/490 1054/1131/490 1052/1128/490
f 1057/1130/490 1056/1133/490 1054/1131/490
f 1059/1132/490 1058/1135/490 1056/1133/490
f 1061/1134/490 1060/9727/490 1058/1135/490
f 1065/1136/490 1064/1140/490 1062/1137/490
f 1067/1139/490 1066/1142/490 1064/1140/490
f 1069/1141/490 1068/1144/490 1066/1142/490
f 1071/1143/490 1070/9728/490 1068/1144/490
f 1075/1145/490 1074/1149/490 1072/1146/490
f 1077/1148/490 1076/1151/490 1074/1149/490
f 1079/1150/490 1078/1153/490 1076/1151/490
f 1081/1152/490 1080/9729/490 1078/1153/490
f 1085/1154/490 1084/1158/490 1082/1155/490
f 1087/1157/490 1086/1160/490 1084/1158/490
f 1089/1159/490 1088/1162/490 1086/1160/490
f 1091/1161/490 1090/9730/490 1088/1162/490
f 1095/1163/490 1094/1167/490 1092/1164/490
f 1097/1166/490 1096/1169/490 1094/1167/490
f 1099/1168/490 1098/1171/490 1096/1169/490
f 1101/1170/490 1100/9731/490 1098/1171/490
f 1105/1172/489 1104/1176/489 1102/1173/489
f 1107/1175/489 1106/1178/489 1104/1176/489
f 1109/1177/489 1108/1180/489 1106/1178/489
f 1111/1179/489 1110/9732/489 1108/1180/489
f 1115/1181/490 1114/1185/490 1112/1182/490
f 1117/1184/490 1116/1187/490 1114/1185/490
f 1119/1186/490 1118/1189/490 1116/1187/490
f 1121/1188/490 1120/9733/490 1118/1189/490
f 1125/1190/490 1124/1194/490 1122/1191/490
f 1127/1193/490 1126/1196/490 1124/1194/490
f 1129/1195/490 1128/1198/490 1126/1196/490
f 1131/1197/490 1130/9734/490 1128/1198/490
f 1135/1199/490 1134/1203/490 1132/1200/490
f 1137/1202/490 1136/1205/490 1134/1203/490
f 1139/1204/490 1138/1207/490 1136/1205/490
f 1141/1206/490 1140/9735/490 1138/1207/490
f 1145/1208/490 1144/1212/490 1142/1209/490
f 1147/1211/490 1146/1214/490 1144/1212/490
f 1149/1213/490 1148/1216/490 1146/1214/490
f 1151/1215/490 1150/9736/490 1148/1216/490
f 1155/1217/490 1154/1221/490 1152/1218/490
f 1157/1220/490 1156/1223/490 1154/1221/490
f 1159/1222/490 1158/1225/490 1156/1223/490
f 1161/1224/490 1160/9737/490 1158/1225/490
f 1165/1226/489 1164/1230/489 1162/1227/489
f 1167/1229/489 1166/1232/489 1164/1230/489
f 1169/1231/489 1168/1234/489 1166/1232/489
f 1171/1233/489 1170/9738/489 1168/1234/489
f 1175/1235/490 1174/1239/490 1172/1236/490
f 1177/1238/490 1176/1241/490 1174/1239/490
f 1179/1240/490 1178/1243/490 1176/1241/490
f 1181/1242/490 1180/9739/490 1178/1243/490
f 1185/1244/490 1184/1248/490 1182/1245/490
f 1187/1247/490 1186/1250/490 1184/1248/490
f 1189/1249/490 1188/1252/490 1186/1250/490
f 1191/1251/490 1190/9740/490 1188/1252/490
f 1195/1253/490 1194/1257/490 1192/1254/490
f 1197/1256/490 1196/1259/490 1194/1257/490
f 1199/1258/490 1198/1261/490 1196/1259/490
f 1201/1260/490 1200/9741/490 1198/1261/490
f 1205/1262/490 1204/1266/490 1202/1263/490
f 1207/1265/490 1206/1268/490 1204/1266/490
f 1209/1267/490 1208/1270/490 1206/1268/490
f 1211/1269/490 1210/9742/490 1208/1270/490
f 1215/1271/490 1214/1275/490 1212/1272/490
f 1217/1274/490 1216/1277/490 1214/1275/490
f 1219/1276/490 1218/1279/490 1216/1277/490
f 1221/1278/490 1220/9743/490 1218/1279/490
f 1225/1280/490 1224/1284/490 1222/1281/490
f 1227/1283/490 1226/1286/490 1224/1284/490
f 1229/1285/490 1228/1288/490 1226/1286/490
f 1231/1287/490 1230/9744/490 1228/1288/490
f 1235/1289/489 1234/1293/489 1232/1290/489
f 1237/1292/489 1236/1295/489 1234/1293/489
f 1239/1294/489 1238/1297/489 1236/1295/489
f 1241/1296/489 1240/9745/489 1238/1297/489
f 1245/1298/490 1244/1302/490 1242/1299/490
f 1247/1301/490 1246/1304/490 1244/1302/490
f 1249/1303/490 1248/1306/490 1246/1304/490
f 1251/1305/490 1250/9746/490 1248/1306/490
f 1255/1307/490 1254/1311/490 1252/1308/490
f 1257/1310/490 1256/1313/490 1254/1311/490
f 1259/1312/490 1258/1315/490 1256/1313/490
f 1261/1314/490 1260/9747/490 1258/1315/490
f 1265/1316/490 1264/1320/490 1262/1317/490
f 1267/1319/490 1266/1322/490 1264/1320/490
f 1269/1321/490 1268/1324/490 1266/1322/490
f 1271/1323/490 1270/9748/490 1268/1324/490
f 1275/1325/490 1274/1329/490 1272/1326/490
f 1277/1328/490 1276/1331/490 1274/1329/490
f 1279/1330/490 1278/1333/490 1276/1331/490
f 1281/1332/490 1280/9749/490 1278/1333/490
f 1285/1334/489 1284/1338/489 1282/1335/489
f 1287/1337/489 1286/1340/489 1284/1338/489
f 1289/1339/489 1288/1342/489 1286/1340/489
f 1291/1341/489 1290/9750/489 1288/1342/489
f 1295/1343/490 1294/1347/490 1292/1344/490
f 1297/1346/490 1296/1349/490 1294/1347/490
f 1299/1348/490 1298/1351/490 1296/1349/490
f 1301/1350/490 1300/9751/490 1298/1351/490
f 1305/1352/489 1304/1356/489 1302/1353/489
f 1307/1355/489 1306/1358/489 1304/1356/489
f 1309/1357/489 1308/1360/489 1306/1358/489
f 1311/1359/489 1310/9752/489 1308/1360/489
f 1315/1361/489 1314/1365/489 1312/1362/489
f 1317/1364/489 1316/1367/489 1314/1365/489
f 1319/1366/489 1318/1369/489 1316/1367/489
f 1321/1368/489 1320/9753/489 1318/1369/489
f 1325/1370/489 1324/1374/489 1322/1371/489
f 1327/1373/489 1326/1376/489 1324/1374/489
f 1329/1375/489 1328/1378/489 1326/1376/489
f 1331/1377/489 1330/9754/489 1328/1378/489
f 1335/1379/489 1334/1383/489 1332/1380/489
f 1337/1382/489 1336/1385/489 1334/1383/489
f 1339/1384/489 1338/1387/489 1336/1385/489
f 1341/1386/489 1340/9755/489 1338/1387/489
f 1345/1388/489 1344/1392/489 1342/1389/489
f 1347/1391/489 1346/1394/489 1344/1392/489
f 1349/1393/489 1348/1396/489 1346/1394/489
f 1351/1395/489 1350/9756/489 1348/1396/489
f 1355/1397/489 1354/1401/489 1352/1398/489
f 1357/1400/489 1356/1403/489 1354/1401/489
f 1359/1402/489 1358/1405/489 1356/1403/489
f 1361/1404/489 1360/9757/489 1358/1405/489
f 1365/1406/489 1364/1410/489 1362/1407/489
f 1367/1409/489 1366/1412/489 1364/1410/489
f 1369/1411/489 1368/1414/489 1366/1412/489
f 1371/1413/489 1370/9758/489 1368/1414/489
f 1375/1415/489 1374/1419/489 1372/1416/489
f 1377/1418/489 1376/1421/489 1374/1419/489
f 1379/1420/489 1378/1423/489 1376/1421/489
f 1381/1422/489 1380/9759/489 1378/1423/489
f 1385/1424/489 1384/1428/489 1382/1425/489
f 1387/1427/489 1386/1430/489 1384/1428/489
f 1389/1429/489 1388/1432/489 1386/1430/489
f 1391/1431/489 1390/9760/489 1388/1432/489
f 1395/1433/489 1394/1437/489 1392/1434/489
f 1397/1436/489 1396/1439/489 1394/1437/489
f 1399/1438/489 1398/1441/489 1396/1439/489
f 1401/1440/489 1400/9761/489 1398/1441/489
f 1405/1442/489 1404/1446/489 1402/1443/489
f 1407/1445/489 1406/1448/489 1404/1446/489
f 1409/1447/489 1408/1450/489 1406/1448/489
f 1411/1449/489 1410/9762/489 1408/1450/489
f 1415/1451/489 1414/1455/489 1412/1452/489
f 1417/1454/489 1416/1457/489 1414/1455/489
f 1419/1456/489 1418/1459/489 1416/1457/489
f 1421/1458/489 1420/9763/489 1418/1459/489
f 1425/1460/489 1424/1464/489 1422/1461/489
f 1427/1463/489 1426/1466/489 1424/1464/489
f 1429/1465/489 1428/1468/489 1426/1466/489
f 1431/1467/489 1430/9764/489 1428/1468/489
f 1435/1469/489 1434/1473/489 1432/1470/489
f 1437/1472/489 1436/1475/489 1434/1473/489
f 1439/1474/489 1438/1477/489 1436/1475/489
f 1441/1476/489 1440/9765/489 1438/1477/489
f 1445/1478/489 1444/1482/489 1442/1479/489
f 1447/1481/489 1446/1484/489 1444/1482/489
f 1449/1483/489 1448/1486/489 1446/1484/489
f 1451/1485/489 1450/9766/489 1448/1486/489
f 1455/1487/489 1454/1491/489 1452/1488/489
f 1457/1490/489 1456/1493/489 1454/1491/489
f 1459/1492/489 1458/1495/489 1456/1493/489
f 1461/1494/489 1460/9767/489 1458/1495/489
f 1465/1496/489 1464/1500/489 1462/1497/489
f 1467/1499/489 1466/1502/489 1464/1500/489
f 1469/1501/489 1468/1504/489 1466/1502/489
f 1471/1503/489 1470/9768/489 1468/1504/489
f 1475/1505/489 1474/1509/489 1472/1506/489
f 1477/1508/489 1476/1511/489 1474/1509/489
f 1479/1510/489 1478/1513/489 1476/1511/489
f 1481/1512/489 1480/9769/489 1478/1513/489
f 1485/1514/489 1484/1518/489 1482/1515/489
f 1487/1517/489 1486/1520/489 1484/1518/489
f 1489/1519/489 1488/1522/489 1486/1520/489
f 1491/1521/489 1490/9770/489 1488/1522/489
f 1495/1523/489 1494/1527/489 1492/1524/489
f 1497/1526/489 1496/1529/489 1494/1527/489
f 1499/1528/489 1498/1531/489 1496/1529/489
f 1501/1530/489 1500/9771/489 1498/1531/489
f 1505/1532/489 1504/1536/489 1502/1533/489
f 1507/1535/489 1506/1538/489 1504/1536/489
f 1509/1537/489 1508/1540/489 1506/1538/489
f 1511/1539/489 1510/9772/489 1508/1540/489
f 1515/1541/489 1514/1545/489 1512/1542/489
f 1517/1544/489 1516/1547/489 1514/1545/489
f 1519/1546/489 1518/1549/489 1516/1547/489
f 1521/1548/489 1520/9773/489 1518/1549/489
f 1525/1550/489 1524/1554/489 1522/1551/489
f 1527/1553/489 1526/1556/489 1524/1554/489
f 1529/1555/489 1528/1558/489 1526/1556/489
f 1531/1557/489 1530/9774/489 1528/1558/489
f 1535/1559/489 1534/1563/489 1532/1560/489
f 1537/1562/489 1536/1565/489 1534/1563/489
f 1539/1564/489 1538/1567/489 1536/1565/489
f 1541/1566/489 1540/9775/489 1538/1567/489
f 1545/1568/489 1544/1572/489 1542/1569/489
f 1547/1571/489 1546/1574/489 1544/1572/489
f 1549/1573/489 1548/1576/489 1546/1574/489
f 1551/1575/489 1550/9776/489 1548/1576/489
f 1555/1577/489 1554/1581/489 1552/1578/489
f 1557/1580/489 1556/1583/489 1554/1581/489
f 1559/1582/489 1558/1585/489 1556/1583/489
f 1561/1584/489 1560/9777/489 1558/1585/489
f 1565/1586/489 1564/1590/489 1562/1587/489
f 1567/1589/489 1566/1592/489 1564/1590/489
f 1569/1591/489 1568/1594/489 1566/1592/489
f 1571/1593/489 1570/9778/489 1568/1594/489
f 1575/1595/489 1574/1599/489 1572/1596/489
f 1577/1598/489 1576/1601/489 1574/1599/489
f 1579/1600/489 1578/1603/489 1576/1601/489
f 1581/1602/489 1580/9779/489 1578/1603/489
f 1585/1604/489 1584/1608/489 1582/1605/489
f 1587/1607/489 1586/1610/489 1584/1608/489
f 1589/1609/489 1588/1612/489 1586/1610/489
f 1591/1611/489 1590/9780/489 1588/1612/489
f 1595/1613/490 1594/1617/490 1592/1614/490
f 1597/1616/490 1596/1619/490 1594/1617/490
f 1599/1618/490 1598/1621/490 1596/1619/490
f 1601/1620/490 1600/9781/490 1598/1621/490
f 1605/1622/489 1604/1626/489 1602/1623/489
f 1607/1625/489 1606/1628/489 1604/1626/489
f 1609/1627/489 1608/1630/489 1606/1628/489
f 1611/1629/489 1610/9782/489 1608/1630/489
f 1615/1631/489 1614/1635/489 1612/1632/489
f 1617/1634/489 1616/1637/489 1614/1635/489
f 1619/1636/489 1618/1639/489 1616/1637/489
f 1621/1638/489 1620/9783/489 1618/1639/489
f 1625/1640/489 1624/1644/489 1622/1641/489
f 1627/1643/489 1626/1646/489 1624/1644/489
f 1629/1645/489 1628/1648/489 1626/1646/489
f 1631/1647/489 1630/9784/489 1628/1648/489
f 1635/1649/489 1634/1653/489 1632/1650/489
f 1637/1652/489 1636/1655/489 1634/1653/489
f 1639/1654/489 1638/1657/489 1636/1655/489
f 1641/1656/489 1640/9785/489 1638/1657/489
f 1645/1658/489 1644/1662/489 1642/1659/489
f 1647/1661/489 1646/1664/489 1644/1662/489
f 1649/1663/489 1648/1666/489 1646/1664/489
f 1651/1665/489 1650/9786/489 1648/1666/489
f 1655/1667/489 1654/1671/489 1652/1668/489
f 1657/1670/489 1656/1673/489 1654/1671/489
f 1659/1672/489 1658/1675/489 1656/1673/489
f 1661/1674/489 1660/9787/489 1658/1675/489
f 1665/1676/489 1664/1680/489 1662/1677/489
f 1667/1679/489 1666/1682/489 1664/1680/489
f 1669/1681/489 1668/1684/489 1666/1682/489
f 1671/1683/489 1670/9788/489 1668/1684/489
f 1675/1685/489 1674/1689/489 1672/1686/489
f 1677/1688/489 1676/1691/489 1674/1689/489
f 1679/1690/489 1678/1693/489 1676/1691/489
f 1681/1692/489 1680/9789/489 1678/1693/489
f 1685/1694/489 1684/1698/489 1682/1695/489
f 1687/1697/489 1686/1700/489 1684/1698/489
f 1689/1699/489 1688/1702/489 1686/1700/489
f 1691/1701/489 1690/9790/489 1688/1702/489
f 1695/1703/489 1694/1707/489 1692/1704/489
f 1697/1706/489 1696/1709/489 1694/1707/489
f 1699/1708/489 1698/1711/489 1696/1709/489
f 1701/1710/489 1700/9791/489 1698/1711/489
f 1705/1712/489 1704/1716/489 1702/1713/489
f 1707/1715/489 1706/1718/489 1704/1716/489
f 1709/1717/489 1708/1720/489 1706/1718/489
f 1711/1719/489 1710/9792/489 1708/1720/489
f 1715/1721/489 1714/1725/489 1712/1722/489
f 1717/1724/489 1716/1727/489 1714/1725/489
f 1719/1726/489 1718/1729/489 1716/1727/489
f 1721/1728/489 1720/9793/489 1718/1729/489
f 1725/1730/489 1724/1734/489 1722/1731/489
f 1727/1733/489 1726/1736/489 1724/1734/489
f 1729/1735/489 1728/1738/489 1726/1736/489
f 1731/1737/489 1730/9794/489 1728/1738/489
f 1735/1739/489 1734/1743/489 1732/1740/489
f 1737/1742/489 1736/1745/489 1734/1743/489
f 1739/1744/489 1738/1747/489 1736/1745/489
f 1741/1746/489 1740/9795/489 1738/1747/489
f 1745/1748/489 1744/1752/489 1742/1749/489
f 1747/1751/489 1746/1754/489 1744/1752/489
f 1749/1753/489 1748/1756/489 1746/1754/489
f 1751/1755/489 1750/9796/489 1748/1756/489
f 1755/1757/489 1754/1761/489 1752/1758/489
f 1757/1760/489 1756/1763/489 1754/1761/489
f 1759/1762/489 1758/1765/489 1756/1763/489
f 1761/1764/489 1760/9797/489 1758/1765/489
f 1765/1766/489 1764/1770/489 1762/1767/489
f 1767/1769/489 1766/1772/489 1764/1770/489
f 1769/1771/489 1768/1774/489 1766/1772/489
f 1771/1773/489 1770/9798/489 1768/1774/489
f 1775/1775/489 1774/1779/489 1772/1776/489
f 1777/1778/489 1776/1781/489 1774/1779/489
f 1779/1780/489 1778/1783/489 1776/1781/489
f 1781/1782/489 1780/9799/489 1778/1783/489
f 1785/1784/489 1784/1788/489 1782/1785/489
f 1787/1787/489 1786/1790/489 1784/1788/489
f 1789/1789/489 1788/1792/489 1786/1790/489
f 1791/1791/489 1790/9800/489 1788/1792/489
f 1795/1793/489 1794/1797/489 1792/1794/489
f 1797/1796/489 1796/1799/489 1794/1797/489
f 1799/1798/489 1798/1801/489 1796/1799/489
f 1801/1800/489 1800/9801/489 1798/1801/489
f 1805/1802/489 1804/1806/489 1802/1803/489
f 1807/1805/489 1806/1808/489 1804/1806/489
f 1809/1807/489 1808/1810/489 1806/1808/489
f 1811/1809/489 1810/9802/489 1808/1810/489
f 1815/1811/489 1814/1815/489 1812/1812/489
f 1817/1814/489 1816/1817/489 1814/1815/489
f 1819/1816/489 1818/1819/489 1816/1817/489
f 1821/1818/489 1820/9803/489 1818/1819/489
f 1825/1820/489 1824/1824/489 1822/1821/489
f 1827/1823/489 1826/1826/489 1824/1824/489
f 1829/1825/489 1828/1828/489 1826/1826/489
f 1831/1827/489 1830/9804/489 1828/1828/489
f 1835/1829/489 1834/1833/489 1832/1830/489
f 1837/1832/489 1836/1835/489 1834/1833/489
f 1839/1834/489 1838/1837/489 1836/1835/489
f 1841/1836/489 1840/9805/489 1838/1837/489
f 1845/1838/489 1844/1842/489 1842/1839/489
f 1847/1841/489 1846/1844/489 1844/1842/489
f 1849/1843/489 1848/1846/489 1846/1844/489
f 1851/1845/489 1850/9806/489 1848/1846/489
f 1855/1847/489 1854/1851/489 1852/1848/489
f 1857/1850/489 1856/1853/489 1854/1851/489
f 1859/1852/489 1858/1855/489 1856/1853/489
f 1861/1854/489 1860/9807/489 1858/1855/489
f 1865/1856/489 1864/1860/489 1862/1857/489
f 1867/1859/489 1866/1862/489 1864/1860/489
f 1869/1861/489 1868/1864/489 1866/1862/489
f 1871/1863/489 1870/9808/489 1868/1864/489
f 1875/1865/489 1874/1869/489 1872/1866/489
f 1877/1868/489 1876/1871/489 1874/1869/489
f 1879/1870/489 1878/1873/489 1876/1871/489
f 1881/1872/489 1880/9809/489 1878/1873/489
f 1885/1874/489 1884/1878/489 1882/1875/489
f 1887/1877/489 1886/1880/489 1884/1878/489
f 1889/1879/489 1888/1882/489 1886/1880/489
f 1891/1881/489 1890/9810/489 1888/1882/489
f 1895/1883/489 1894/1887/489 1892/1884/489
f 1897/1886/489 1896/1889/489 1894/1887/489
f 1899/1888/489 1898/1891/489 1896/1889/489
f 1901/1890/489 1900/9811/489 1898/1891/489
f 1905/1892/489 1904/1896/489 1902/1893/489
f 1907/1895/489 1906/1898/489 1904/1896/489
f 1909/1897/489 1908/1900/489 1906/1898/489
f 1911/1899/489 1910/9812/489 1908/1900/489
f 1915/1901/489 1914/1905/489 1912/1902/489
f 1917/1904/489 1916/1907/489 1914/1905/489
f 1919/1906/489 1918/1909/489 1916/1907/489
f 1921/1908/489 1920/9813/489 1918/1909/489
f 1925/1910/489 1924/1914/489 1922/1911/489
f 1927/1913/489 1926/1916/489 1924/1914/489
f 1929/1915/489 1928/1918/489 1926/1916/489
f 1931/1917/489 1930/9814/489 1928/1918/489
f 1935/1919/489 1934/1923/489 1932/1920/489
f 1937/1922/489 1936/1925/489 1934/1923/489
f 1939/1924/489 1938/1927/489 1936/1925/489
f 1941/1926/489 1940/9815/489 1938/1927/489
f 1945/1928/489 1944/1932/489 1942/1929/489
f 1947/1931/489 1946/1934/489 1944/1932/489
f 1949/1933/489 1948/1936/489 1946/1934/489
f 1951/1935/489 1950/9816/489 1948/1936/489
f 1955/1937/489 1954/1941/489 1952/1938/489
f 1957/1940/489 1956/1943/489 1954/1941/489
f 1959/1942/489 1958/1945/489 1956/1943/489
f 1961/1944/489 1960/9817/489 1958/1945/489
f 1965/1946/489 1964/1950/489 1962/1947/489
f 1967/1949/489 1966/1952/489 1964/1950/489
f 1969/1951/489 1968/1954/489 1966/1952/489
f 1971/1953/489 1970/9818/489 1968/1954/489
f 1975/1955/489 1974/1959/489 1972/1956/489
f 1977/1958/489 1976/1961/489 1974/1959/489
f 1979/1960/489 1978/1963/489 1976/1961/489
f 1981/1962/489 1980/9819/489 1978/1963/489
f 1985/1964/489 1984/1968/489 1982/1965/489
f 1987/1967/489 1986/1970/489 1984/1968/489
f 1989/1969/489 1988/1972/489 1986/1970/489
f 1991/1971/489 1990/9820/489 1988/1972/489
f 1995/1973/489 1994/1977/489 1992/1974/489
f 1997/1976/489 1996/1979/489 1994/1977/489
f 1999/1978/489 1998/1981/489 1996/1979/489
f 2001/1980/489 2000/9821/489 1998/1981/489
f 2005/1982/489 2004/1986/489 2002/1983/489
f 2007/1985/489 2006/1988/489 2004/1986/489
f 2009/1987/489 2008/1990/489 2006/1988/489
f 2011/1989/489 2010/9822/489 2008/1990/489
f 2015/1991/489 2014/1995/489 2012/1992/489
f 2017/1994/489 2016/1997/489 2014/1995/489
f 2019/1996/489 2018/1999/489 2016/1997/489
f 2021/1998/489 2020/9823/489 2018/1999/489
f 2025/2000/489 2024/2004/489 2022/2001/489
f 2027/2003/489 2026/2006/489 2024/2004/489
f 2029/2005/489 2028/2008/489 2026/2006/489
f 2031/2007/489 2030/9824/489 2028/2008/489
f 2035/2009/489 2034/2013/489 2032/2010/489
f 2037/2012/489 2036/2015/489 2034/2013/489
f 2039/2014/489 2038/2017/489 2036/2015/489
f 2041/2016/489 2040/9825/489 2038/2017/489
f 2045/2018/489 2044/2022/489 2042/2019/489
f 2047/2021/489 2046/2024/489 2044/2022/489
f 2049/2023/489 2048/2026/489 2046/2024/489
f 2051/2025/489 2050/9826/489 2048/2026/489
f 2055/2027/489 2054/2031/489 2052/2028/489
f 2057/2030/489 2056/2033/489 2054/2031/489
f 2059/2032/489 2058/2035/489 2056/2033/489
f 2061/2034/489 2060/9827/489 2058/2035/489
f 2065/2036/489 2064/2040/489 2062/2037/489
f 2067/2039/489 2066/2042/489 2064/2040/489
f 2069/2041/489 2068/2044/489 2066/2042/489
f 2071/2043/489 2070/9828/489 2068/2044/489
f 2075/2045/489 2074/2049/489 2072/2046/489
f 2077/2048/489 2076/2051/489 2074/2049/489
f 2079/2050/489 2078/2053/489 2076/2051/489
f 2081/2052/489 2080/9829/489 2078/2053/489
f 2085/2054/489 2084/2058/489 2082/2055/489
f 2087/2057/489 2086/2060/489 2084/2058/489
f 2089/2059/489 2088/2062/489 2086/2060/489
f 2091/2061/489 2090/9830/489 2088/2062/489
f 2095/2063/489 2094/2067/489 2092/2064/489
f 2097/2066/489 2096/2069/489 2094/2067/489
f 2099/2068/489 2098/2071/489 2096/2069/489
f 2101/2070/489 2100/9831/489 2098/2071/489
f 2105/2072/489 2104/2076/489 2102/2073/489
f 2107/2075/489 2106/2078/489 2104/2076/489
f 2109/2077/489 2108/2080/489 2106/2078/489
f 2111/2079/489 2110/9832/489 2108/2080/489
f 2115/2081/489 2114/2085/489 2112/2082/489
f 2117/2084/489 2116/2087/489 2114/2085/489
f 2119/2086/489 2118/2089/489 2116/2087/489
f 2121/2088/489 2120/9833/489 2118/2089/489
f 2125/2090/489 2124/2094/489 2122/2091/489
f 2127/2093/489 2126/2096/489 2124/2094/489
f 2129/2095/489 2128/2098/489 2126/2096/489
f 2131/2097/489 2130/9834/489 2128/2098/489
f 2135/2099/489 2134/2103/489 2132/2100/489
f 2137/2102/489 2136/2105/489 2134/2103/489
f 2139/2104/489 2138/2107/489 2136/2105/489
f 2141/2106/489 2140/9835/489 2138/2107/489
f 2145/2108/489 2144/2112/489 2142/2109/489
f 2147/2111/489 2146/2114/489 2144/2112/489
f 2149/2113/489 2148/2116/489 2146/2114/489
f 2151/2115/489 2150/9836/489 2148/2116/489
f 2155/2117/489 2154/2121/489 2152/2118/489
f 2157/2120/489 2156/2123/489 2154/2121/489
f 2159/2122/489 2158/2125/489 2156/2123/489
f 2161/2124/489 2160/9837/489 2158/2125/489
f 2165/2126/489 2164/2130/489 2162/2127/489
f 2167/2129/489 2166/2132/489 2164/2130/489
f 2169/2131/489 2168/2134/489 2166/2132/489
f 2171/2133/489 2170/9838/489 2168/2134/489
f 2175/2135/489 2174/2139/489 2172/2136/489
f 2177/2138/489 2176/2141/489 2174/2139/489
f 2179/2140/489 2178/2143/489 2176/2141/489
f 2181/2142/489 2180/9839/489 2178/2143/489
f 2185/2144/489 2184/2148/489 2182/2145/489
f 2187/2147/489 2186/2150/489 2184/2148/489
f 2189/2149/489 2188/2152/489 2186/2150/489
f 2191/2151/489 2190/9840/489 2188/2152/489
f 2195/2153/489 2194/2157/489 2192/2154/489
f 2197/2156/489 2196/2159/489 2194/2157/489
f 2199/2158/489 2198/2161/489 2196/2159/489
f 2201/2160/489 2200/9841/489 2198/2161/489
f 2205/2162/489 2204/2166/489 2202/2163/489
f 2207/2165/489 2206/2168/489 2204/2166/489
f 2209/2167/489 2208/2170/489 2206/2168/489
f 2211/2169/489 2210/9842/489 2208/2170/489
f 2215/2171/489 2214/2175/489 2212/2172/489
f 2217/2174/489 2216/2177/489 2214/2175/489
f 2219/2176/489 2218/2179/489 2216/2177/489
f 2221/2178/489 2220/9843/489 2218/2179/489
f 2225/2180/489 2224/2184/489 2222/2181/489
f 2227/2183/489 2226/2186/489 2224/2184/489
f 2229/2185/489 2228/2188/489 2226/2186/489
f 2231/2187/489 2230/9844/489 2228/2188/489
f 2235/2189/489 2234/2193/489 2232/2190/489
f 2237/2192/489 2236/2195/489 2234/2193/489
f 2239/2194/489 2238/2197/489 2236/2195/489
f 2241/2196/489 2240/9845/489 2238/2197/489
f 2245/2198/489 2244/2202/489 2242/2199/489
f 2247/2201/489 2246/2204/489 2244/2202/489
f 2249/2203/489 2248/2206/489 2246/2204/489
f 2251/2205/489 2250/9846/489 2248/2206/489
f 2255/2207/489 2254/2211/489 2252/2208/489
f 2257/2210/489 2256/2213/489 2254/2211/489
f 2259/2212/489 2258/2215/489 2256/2213/489
f 2261/2214/489 2260/9847/489 2258/2215/489
f 2265/2216/489 2264/2220/489 2262/2217/489
f 2267/2219/489 2266/2222/489 2264/2220/489
f 2269/2221/489 2268/2224/489 2266/2222/489
f 2271/2223/489 2270/9848/489 2268/2224/489
f 2275/2225/489 2274/2229/489 2272/2226/489
f 2277/2228/489 2276/2231/489 2274/2229/489
f 2279/2230/489 2278/2233/489 2276/2231/489
f 2281/2232/489 2280/9849/489 2278/2233/489
f 2285/2234/489 2284/2238/489 2282/2235/489
f 2287/2237/489 2286/2240/489 2284/2238/489
f 2289/2239/489 2288/2242/489 2286/2240/489
f 2291/2241/489 2290/9850/489 2288/2242/489
f 2295/2243/489 2294/2247/489 2292/2244/489
f 2297/2246/489 2296/2249/489 2294/2247/489
f 2299/2248/489 2298/2251/489 2296/2249/489
f 2301/2250/489 2300/9851/489 2298/2251/489
f 2305/2252/489 2304/2256/489 2302/2253/489
f 2307/2255/489 2306/2258/489 2304/2256/489
f 2309/2257/489 2308/2260/489 2306/2258/489
f 2311/2259/489 2310/9852/489 2308/2260/489
f 2315/2261/489 2314/2265/489 2312/2262/489
f 2317/2264/489 2316/2267/489 2314/2265/489
f 2319/2266/489 2318/2269/489 2316/2267/489
f 2321/2268/489 2320/9853/489 2318/2269/489
f 2325/2270/489 2324/2274/489 2322/2271/489
f 2327/2273/489 2326/2276/489 2324/2274/489
f 2329/2275/489 2328/2278/489 2326/2276/489
f 2331/2277/489 2330/9854/489 2328/2278/489
f 2335/2279/489 2334/2283/489 2332/2280/489
f 2337/2282/489 2336/2285/489 2334/2283/489
f 2339/2284/489 2338/2287/489 2336/2285/489
f 2341/2286/489 2340/9855/489 2338/2287/489
f 2345/2288/489 2344/2292/489 2342/2289/489
f 2347/2291/489 2346/2294/489 2344/2292/489
f 2349/2293/489 2348/2296/489 2346/2294/489
f 2351/2295/489 2350/9856/489 2348/2296/489
f 2355/2297/489 2354/2301/489 2352/2298/489
f 2357/2300/489 2356/2303/489 2354/2301/489
f 2359/2302/489 2358/2305/489 2356/2303/489
f 2361/2304/489 2360/9857/489 2358/2305/489
f 2365/2306/489 2364/2310/489 2362/2307/489
f 2367/2309/489 2366/2312/489 2364/2310/489
f 2369/2311/489 2368/2314/489 2366/2312/489
f 2371/2313/489 2370/9858/489 2368/2314/489
f 2375/2315/489 2374/2319/489 2372/2316/489
f 2377/2318/489 2376/2321/489 2374/2319/489
f 2379/2320/489 2378/2323/489 2376/2321/489
f 2381/2322/489 2380/9859/489 2378/2323/489
f 2385/2324/489 2384/2328/489 2382/2325/489
f 2387/2327/489 2386/2330/489 2384/2328/489
f 2389/2329/489 2388/2332/489 2386/2330/489
f 2391/2331/489 2390/9860/489 2388/2332/489
f 2395/2333/489 2394/2337/489 2392/2334/489
f 2397/2336/489 2396/2339/489 2394/2337/489
f 2399/2338/489 2398/2341/489 2396/2339/489
f 2401/2340/489 2400/9861/489 2398/2341/489
f 2405/2342/489 2404/2346/489 2402/2343/489
f 2407/2345/489 2406/2348/489 2404/2346/489
f 2409/2347/489 2408/2350/489 2406/2348/489
f 2411/2349/489 2410/9862/489 2408/2350/489
f 2415/2351/489 2414/2355/489 2412/2352/489
f 2417/2354/489 2416/2357/489 2414/2355/489
f 2419/2356/489 2418/2359/489 2416/2357/489
f 2421/2358/489 2420/9863/489 2418/2359/489
f 2425/2360/489 2424/2364/489 2422/2361/489
f 2427/2363/489 2426/2366/489 2424/2364/489
f 2429/2365/489 2428/2368/489 2426/2366/489
f 2431/2367/489 2430/9864/489 2428/2368/489
f 2435/2369/489 2434/2373/489 2432/2370/489
f 2437/2372/489 2436/2375/489 2434/2373/489
f 2439/2374/489 2438/2377/489 2436/2375/489
f 2441/2376/489 2440/9865/489 2438/2377/489
f 2445/2378/489 2444/2382/489 2442/2379/489
f 2447/2381/489 2446/2384/489 2444/2382/489
f 2449/2383/489 2448/2386/489 2446/2384/489
f 2451/2385/489 2450/9866/489 2448/2386/489
f 2455/2387/489 2454/2391/489 2452/2388/489
f 2457/2390/489 2456/2393/489 2454/2391/489
f 2459/2392/489 2458/2395/489 2456/2393/489
f 2461/2394/489 2460/9867/489 2458/2395/489
f 2465/2396/489 2464/2400/489 2462/2397/489
f 2467/2399/489 2466/2402/489 2464/2400/489
f 2469/2401/489 2468/2404/489 2466/2402/489
f 2471/2403/489 2470/9868/489 2468/2404/489
f 2475/2405/489 2474/2409/489 2472/2406/489
f 2477/2408/489 2476/2411/489 2474/2409/489
f 2479/2410/489 2478/2413/489 2476/2411/489
f 2481/2412/489 2480/9869/489 2478/2413/489
f 2485/2414/489 2484/2418/489 2482/2415/489
f 2487/2417/489 2486/2420/489 2484/2418/489
f 2489/2419/489 2488/2422/489 2486/2420/489
f 2491/2421/489 2490/9870/489 2488/2422/489
f 2495/2423/489 2494/2427/489 2492/2424/489
f 2497/2426/489 2496/2429/489 2494/2427/489
f 2499/2428/489 2498/2431/489 2496/2429/489
f 2501/2430/489 2500/9871/489 2498/2431/489
f 2505/2432/489 2504/2436/489 2502/2433/489
f 2507/2435/489 2506/2438/489 2504/2436/489
f 2509/2437/489 2508/2440/489 2506/2438/489
f 2511/2439/489 2510/9872/489 2508/2440/489
f 2515/2441/489 2514/2445/489 2512/2442/489
f 2517/2444/489 2516/2447/489 2514/2445/489
f 2519/2446/489 2518/2449/489 2516/2447/489
f 2521/2448/489 2520/9873/489 2518/2449/489
f 2525/2450/489 2524/2454/489 2522/2451/489
f 2527/2453/489 2526/2456/489 2524/2454/489
f 2529/2455/489 2528/2458/489 2526/2456/489
f 2531/2457/489 2530/9874/489 2528/2458/489
f 2535/2459/489 2534/2463/489 2532/2460/489
f 2537/2462/489 2536/2465/489 2534/2463/489
f 2539/2464/489 2538/2467/489 2536/2465/489
f 2541/2466/489 2540/9875/489 2538/2467/489
f 2545/2468/489 2544/2472/489 2542/2469/489
f 2547/2471/489 2546/2474/489 2544/2472/489
f 2549/2473/489 2548/2476/489 2546/2474/489
f 2551/2475/489 2550/9876/489 2548/2476/489
f 2555/2477/489 2554/2481/489 2552/2478/489
f 2557/2480/489 2556/2483/489 2554/2481/489
f 2559/2482/489 2558/2485/489 2556/2483/489
f 2561/2484/489 2560/9877/489 2558/2485/489
f 2565/2486/489 2564/2490/489 2562/2487/489
f 2567/2489/489 2566/2492/489 2564/2490/489
f 2569/2491/489 2568/2494/489 2566/2492/489
f 2571/2493/489 2570/9878/489 2568/2494/489
f 2575/2495/489 2574/2499/489 2572/2496/489
f 2577/2498/489 2576/2501/489 2574/2499/489
f 2579/2500/489 2578/2503/489 2576/2501/489
f 2581/2502/489 2580/9879/489 2578/2503/489
f 2585/2504/489 2584/2508/489 2582/2505/489
f 2587/2507/489 2586/2510/489 2584/2508/489
f 2589/2509/489 2588/2512/489 2586/2510/489
f 2591/2511/489 2590/9880/489 2588/2512/489
f 2595/2513/489 2594/2517/489 2592/2514/489
f 2597/2516/489 2596/2519/489 2594/2517/489
f 2599/2518/489 2598/2521/489 2596/2519/489
f 2601/2520/489 2600/9881/489 2598/2521/489
f 2605/2522/489 2604/2526/489 2602/2523/489
f 2607/2525/489 2606/2528/489 2604/2526/489
f 2609/2527/489 2608/2530/489 2606/2528/489
f 2611/2529/489 2610/9882/489 2608/2530/489
f 2615/2531/489 2614/2535/489 2612/2532/489
f 2617/2534/489 2616/2537/489 2614/2535/489
f 2619/2536/489 2618/2539/489 2616/2537/489
f 2621/2538/489 2620/9883/489 2618/2539/489
f 2625/2540/489 2624/2544/489 2622/2541/489
f 2627/2543/489 2626/2546/489 2624/2544/489
f 2629/2545/489 2628/2548/489 2626/2546/489
f 2631/2547/489 2630/9884/489 2628/2548/489
f 2635/2549/489 2634/2553/489 2632/2550/489
f 2637/2552/489 2636/2555/489 2634/2553/489
f 2639/2554/489 2638/2557/489 2636/2555/489
f 2641/2556/489 2640/9885/489 2638/2557/489
f 2645/2558/489 2644/2562/489 2642/2559/489
f 2647/2561/489 2646/2564/489 2644/2562/489
f 2649/2563/489 2648/2566/489 2646/2564/489
f 2651/2565/489 2650/9886/489 2648/2566/489
f 2655/2567/489 2654/2571/489 2652/2568/489
f 2657/2570/489 2656/2573/489 2654/2571/489
f 2659/2572/489 2658/2575/489 2656/2573/489
f 2661/2574/489 2660/9887/489 2658/2575/489
f 2665/2576/489 2664/2580/489 2662/2577/489
f 2667/2579/489 2666/2582/489 2664/2580/489
f 2669/2581/489 2668/2584/489 2666/2582/489
f 2671/2583/489 2670/9888/489 2668/2584/489
f 2675/2585/489 2674/2589/489 2672/2586/489
f 2677/2588/489 2676/2591/489 2674/2589/489
f 2679/2590/489 2678/2593/489 2676/2591/489
f 2681/2592/489 2680/9889/489 2678/2593/489
f 2685/2594/489 2684/2598/489 2682/2595/489
f 2687/2597/489 2686/2600/489 2684/2598/489
f 2689/2599/489 2688/2602/489 2686/2600/489
f 2691/2601/489 2690/9890/489 2688/2602/489
f 2695/2603/489 2694/2607/489 2692/2604/489
f 2697/2606/489 2696/2609/489 2694/2607/489
f 2699/2608/489 2698/2611/489 2696/2609/489
f 2701/2610/489 2700/9891/489 2698/2611/489
f 2705/2612/489 2704/2616/489 2702/2613/489
f 2707/2615/489 2706/2618/489 2704/2616/489
f 2709/2617/489 2708/2620/489 2706/2618/489
f 2711/2619/489 2710/9892/489 2708/2620/489
f 2715/2621/489 2714/2625/489 2712/2622/489
f 2717/2624/489 2716/2627/489 2714/2625/489
f 2719/2626/489 2718/2629/489 2716/2627/489
f 2721/2628/489 2720/9893/489 2718/2629/489
f 2725/2630/489 2724/2634/489 2722/2631/489
f 2727/2633/489 2726/2636/489 2724/2634/489
f 2729/2635/489 2728/2638/489 2726/2636/489
f 2731/2637/489 2730/9894/489 2728/2638/489
f 2735/2639/489 2734/2643/489 2732/2640/489
f 2737/2642/489 2736/2645/489 2734/2643/489
f 2739/2644/489 2738/2647/489 2736/2645/489
f 2741/2646/489 2740/9895/489 2738/2647/489
f 2745/2648/489 2744/2652/489 2742/2649/489
f 2747/2651/489 2746/2654/489 2744/2652/489
f 2749/2653/489 2748/2656/489 2746/2654/489
f 2751/2655/489 2750/9896/489 2748/2656/489
f 2755/2657/489 2754/2661/489 2752/2658/489
f 2757/2660/489 2756/2663/489 2754/2661/489
f 2759/2662/489 2758/2665/489 2756/2663/489
f 2761/2664/489 2760/9897/489 2758/2665/489
f 2765/2666/489 2764/2670/489 2762/2667/489
f 2767/2669/489 2766/2672/489 2764/2670/489
f 2769/2671/489 2768/2674/489 2766/2672/489
f 2771/2673/489 2770/9898/489 2768/2674/489
f 2775/2675/489 2774/2679/489 2772/2676/489
f 2777/2678/489 2776/2681/489 2774/2679/489
f 2779/2680/489 2778/2683/489 2776/2681/489
f 2781/2682/489 2780/9899/489 2778/2683/489
f 2785/2684/489 2784/2688/489 2782/2685/489
f 2787/2687/489 2786/2690/489 2784/2688/489
f 2789/2689/489 2788/2692/489 2786/2690/489
f 2791/2691/489 2790/9900/489 2788/2692/489
f 2795/2693/489 2794/2697/489 2792/2694/489
f 2797/2696/489 2796/2699/489 2794/2697/489
f 2799/2698/489 2798/2701/489 2796/2699/489
f 2801/2700/489 2800/9901/489 2798/2701/489
f 2805/2702/489 2804/2706/489 2802/2703/489
f 2807/2705/489 2806/2708/489 2804/2706/489
f 2809/2707/489 2808/2710/489 2806/2708/489
f 2811/2709/489 2810/9902/489 2808/2710/489
f 2815/2711/489 2814/2715/489 2812/2712/489
f 2817/2714/489 2816/2717/489 2814/2715/489
f 2819/2716/489 2818/2719/489 2816/2717/489
f 2821/2718/489 2820/9903/489 2818/2719/489
f 2825/2720/489 2824/2724/489 2822/2721/489
f 2827/2723/489 2826/2726/489 2824/2724/489
f 2829/2725/489 2828/2728/489 2826/2726/489
f 2831/2727/489 2830/9904/489 2828/2728/489
f 2835/2729/490 2834/2733/490 2832/2730/490
f 2837/2732/490 2836/2735/490 2834/2733/490
f 2839/2734/490 2838/2737/490 2836/2735/490
f 2841/2736/490 2840/9905/490 2838/2737/490
f 2845/2738/490 2844/2742/490 2842/2739/490
f 2847/2741/490 2846/2744/490 2844/2742/490
f 2849/2743/490 2848/2746/490 2846/2744/490
f 2851/2745/490 2850/9906/490 2848/2746/490
f 2855/2747/490 2854/2751/490 2852/2748/490
f 2857/2750/490 2856/2753/490 2854/2751/490
f 2859/2752/490 2858/2755/490 2856/2753/490
f 2861/2754/490 2860/9907/490 2858/2755/490
f 2865/2756/489 2864/2760/489 2862/2757/489
f 2867/2759/489 2866/2762/489 2864/2760/489
f 2869/2761/489 2868/2764/489 2866/2762/489
f 2871/2763/489 2870/9908/489 2868/2764/489
f 2875/2765/490 2874/2769/490 2872/2766/490
f 2877/2768/490 2876/2771/490 2874/2769/490
f 2879/2770/490 2878/2773/490 2876/2771/490
f 2881/2772/490 2880/9909/490 2878/2773/490
f 2885/2774/489 2884/2778/489 2882/2775/489
f 2887/2777/489 2886/2780/489 2884/2778/489
f 2889/2779/489 2888/2782/489 2886/2780/489
f 2891/2781/489 2890/9910/489 2888/2782/489
f 2895/2783/489 2894/2787/489 2892/2784/489
f 2897/2786/489 2896/2789/489 2894/2787/489
f 2899/2788/489 2898/2791/489 2896/2789/489
f 2901/2790/489 2900/9911/489 2898/2791/489
f 2905/2792/489 2904/2796/489 2902/2793/489
f 2907/2795/489 2906/2798/489 2904/2796/489
f 2909/2797/489 2908/2800/489 2906/2798/489
f 2911/2799/489 2910/9912/489 2908/2800/489
f 2915/2801/489 2914/2805/489 2912/2802/489
f 2917/2804/489 2916/2807/489 2914/2805/489
f 2919/2806/489 2918/2809/489 2916/2807/489
f 2921/2808/489 2920/9913/489 2918/2809/489
f 2925/2810/489 2924/2814/489 2922/2811/489
f 2927/2813/489 2926/2816/489 2924/2814/489
f 2929/2815/489 2928/2818/489 2926/2816/489
f 2931/2817/489 2930/9914/489 2928/2818/489
f 2935/2819/489 2934/2823/489 2932/2820/489
f 2937/2822/489 2936/2825/489 2934/2823/489
f 2939/2824/489 2938/2827/489 2936/2825/489
f 2941/2826/489 2940/9915/489 2938/2827/489
f 2945/2828/489 2944/2832/489 2942/2829/489
f 2947/2831/489 2946/2834/489 2944/2832/489
f 2949/2833/489 2948/2836/489 2946/2834/489
f 2951/2835/489 2950/9916/489 2948/2836/489
f 2955/2837/489 2954/2841/489 2952/2838/489
f 2957/2840/489 2956/2843/489 2954/2841/489
f 2959/2842/489 2958/2845/489 2956/2843/489
f 2961/2844/489 2960/9917/489 2958/2845/489
f 2965/2846/489 2964/2850/489 2962/2847/489
f 2967/2849/489 2966/2852/489 2964/2850/489
f 2969/2851/489 2968/2854/489 2966/2852/489
f 2971/2853/489 2970/9918/489 2968/2854/489
f 2975/2855/489 2974/2859/489 2972/2856/489
f 2977/2858/489 2976/2861/489 2974/2859/489
f 2979/2860/489 2978/2863/489 2976/2861/489
f 2981/2862/489 2980/9919/489 2978/2863/489
f 2985/2864/490 2984/2868/490 2982/2865/490
f 2987/2867/490 2986/2870/490 2984/2868/490
f 2989/2869/490 2988/2872/490 2986/2870/490
f 2991/2871/490 2990/9920/490 2988/2872/490
f 2995/2873/489 2994/2877/489 2992/2874/489
f 2997/2876/489 2996/2879/489 2994/2877/489
f 2999/2878/489 2998/2881/489 2996/2879/489
f 3001/2880/489 3000/9921/489 2998/2881/489
f 3005/2882/489 3004/2886/489 3002/2883/489
f 3007/2885/489 3006/2888/489 3004/2886/489
f 3009/2887/489 3008/2890/489 3006/2888/489
f 3011/2889/489 3010/9922/489 3008/2890/489
f 3015/2891/490 3014/2895/490 3012/2892/490
f 3017/2894/490 3016/2897/490 3014/2895/490
f 3019/2896/490 3018/2899/490 3016/2897/490
f 3021/2898/490 3020/9923/490 3018/2899/490
f 3025/2900/490 3024/2904/490 3022/2901/490
f 3027/2903/490 3026/2906/490 3024/2904/490
f 3029/2905/490 3028/2908/490 3026/2906/490
f 3031/2907/490 3030/9924/490 3028/2908/490
f 3035/2909/490 3034/2913/490 3032/2910/490
f 3037/2912/490 3036/2915/490 3034/2913/490
f 3039/2914/490 3038/2917/490 3036/2915/490
f 3041/2916/490 3040/9925/490 3038/2917/490
f 3045/2918/490 3044/2922/490 3042/2919/490
f 3047/2921/490 3046/2924/490 3044/2922/490
f 3049/2923/490 3048/2926/490 3046/2924/490
f 3051/2925/490 3050/9926/490 3048/2926/490
f 3055/2927/490 3054/2931/490 3052/2928/490
f 3057/2930/490 3056/2933/490 3054/2931/490
f 3059/2932/490 3058/2935/490 3056/2933/490
f 3061/2934/490 3060/9927/490 3058/2935/490
f 3065/2936/490 3064/2940/490 3062/2937/490
f 3067/2939/490 3066/2942/490 3064/2940/490
f 3069/2941/490 3068/2944/490 3066/2942/490
f 3071/2943/490 3070/9928/490 3068/2944/490
f 3075/2945/490 3074/2949/490 3072/2946/490
f 3077/2948/490 3076/2951/490 3074/2949/490
f 3079/2950/490 3078/2953/490 3076/2951/490
f 3081/2952/490 3080/9929/490 3078/2953/490
f 3085/2954/490 3084/2958/490 3082/2955/490
f 3087/2957/490 3086/2960/490 3084/2958/490
f 3089/2959/490 3088/2962/490 3086/2960/490
f 3091/2961/490 3090/9930/490 3088/2962/490
f 3095/2963/489 3094/2967/489 3092/2964/489
f 3097/2966/489 3096/2969/489 3094/2967/489
f 3099/2968/489 3098/2971/489 3096/2969/489
f 3101/2970/489 3100/9931/489 3098/2971/489
f 3105/2972/490 3104/2976/490 3102/2973/490
f 3107/2975/490 3106/2978/490 3104/2976/490
f 3109/2977/490 3108/2980/490 3106/2978/490
f 3111/2979/490 3110/9932/490 3108/2980/490
f 3115/2981/489 3114/2985/489 3112/2982/489
f 3117/2984/489 3116/2987/489 3114/2985/489
f 3119/2986/489 3118/2989/489 3116/2987/489
f 3121/2988/489 3120/9933/489 3118/2989/489
f 3125/2990/490 3124/2994/490 3122/2991/490
f 3127/2993/490 3126/2996/490 3124/2994/490
f 3129/2995/490 3128/2998/490 3126/2996/490
f 3131/2997/490 3130/9934/490 3128/2998/490
f 3135/2999/490 3134/3003/490 3132/3000/490
f 3137/3002/490 3136/3005/490 3134/3003/490
f 3139/3004/490 3138/3007/490 3136/3005/490
f 3141/3006/490 3140/9935/490 3138/3007/490
f 3145/3008/490 3144/3012/490 3142/3009/490
f 3147/3011/490 3146/3014/490 3144/3012/490
f 3149/3013/490 3148/3016/490 3146/3014/490
f 3151/3015/490 3150/9936/490 3148/3016/490
f 3155/3017/489 3154/3021/489 3152/3018/489
f 3157/3020/489 3156/3023/489 3154/3021/489
f 3159/3022/489 3158/3025/489 3156/3023/489
f 3161/3024/489 3160/9937/489 3158/3025/489
f 3165/3026/489 3164/3030/489 3162/3027/489
f 3167/3029/489 3166/3032/489 3164/3030/489
f 3169/3031/489 3168/3034/489 3166/3032/489
f 3171/3033/489 3170/9938/489 3168/3034/489
f 3175/3035/489 3174/3039/489 3172/3036/489
f 3177/3038/489 3176/3041/489 3174/3039/489
f 3179/3040/489 3178/3043/489 3176/3041/489
f 3181/3042/489 3180/9939/489 3178/3043/489
f 3185/3044/489 3184/3048/489 3182/3045/489
f 3187/3047/489 3186/3050/489 3184/3048/489
f 3189/3049/489 3188/3052/489 3186/3050/489
f 3191/3051/489 3190/9940/489 3188/3052/489
f 3195/3053/490 3194/3057/490 3192/3054/490
f 3197/3056/490 3196/3059/490 3194/3057/490
f 3199/3058/490 3198/3061/490 3196/3059/490
f 3201/3060/490 3200/9941/490 3198/3061/490
f 3205/3062/490 3204/3066/490 3202/3063/490
f 3207/3065/490 3206/3068/490 3204/3066/490
f 3209/3067/490 3208/3070/490 3206/3068/490
f 3211/3069/490 3210/9942/490 3208/3070/490
f 3215/3071/490 3214/3075/490 3212/3072/490
f 3217/3074/490 3216/3077/490 3214/3075/490
f 3219/3076/490 3218/3079/490 3216/3077/490
f 3221/3078/490 3220/9943/490 3218/3079/490
f 3225/3080/490 3224/3084/490 3222/3081/490
f 3227/3083/490 3226/3086/490 3224/3084/490
f 3229/3085/490 3228/3088/490 3226/3086/490
f 3231/3087/490 3230/9944/490 3228/3088/490
f 3235/3089/489 3234/3093/489 3232/3090/489
f 3237/3092/489 3236/3095/489 3234/3093/489
f 3239/3094/489 3238/3097/489 3236/3095/489
f 3241/3096/489 3240/9945/489 3238/3097/489
f 3245/3098/490 3244/3102/490 3242/3099/490
f 3247/3101/490 3246/3104/490 3244/3102/490
f 3249/3103/490 3248/3106/490 3246/3104/490
f 3251/3105/490 3250/9946/490 3248/3106/490
f 3255/3107/490 3254/3111/490 3252/3108/490
f 3257/3110/490 3256/3113/490 3254/3111/490
f 3259/3112/490 3258/3115/490 3256/3113/490
f 3261/3114/490 3260/9947/490 3258/3115/490
f 3265/3116/490 3264/3120/490 3262/3117/490
f 3267/3119/490 3266/3122/490 3264/3120/490
f 3269/3121/490 3268/3124/490 3266/3122/490
f 3271/3123/490 3270/9948/490 3268/3124/490
f 3275/3125/489 3274/3129/489 3272/3126/489
f 3277/3128/489 3276/3131/489 3274/3129/489
f 3279/3130/489 3278/3133/489 3276/3131/489
f 3281/3132/489 3280/9949/489 3278/3133/489
f 3285/3134/489 3284/3138/489 3282/3135/489
f 3287/3137/489 3286/3140/489 3284/3138/489
f 3289/3139/489 3288/3142/489 3286/3140/489
f 3291/3141/489 3290/9950/489 3288/3142/489
f 3295/3143/490 3294/3147/490 3292/3144/490
f 3297/3146/490 3296/3149/490 3294/3147/490
f 3299/3148/490 3298/3151/490 3296/3149/490
f 3301/3150/490 3300/9951/490 3298/3151/490
f 3305/3152/490 3304/3156/490 3302/3153/490
f 3307/3155/490 3306/3158/490 3304/3156/490
f 3309/3157/490 3308/3160/490 3306/3158/490
f 3311/3159/490 3310/9952/490 3308/3160/490
f 3315/3161/490 3314/3165/490 3312/3162/490
f 3317/3164/490 3316/3167/490 3314/3165/490
f 3319/3166/490 3318/3169/490 3316/3167/490
f 3321/3168/490 3320/9953/490 3318/3169/490
f 3325/3170/490 3324/3174/490 3322/3171/490
f 3327/3173/490 3326/3176/490 3324/3174/490
f 3329/3175/490 3328/3178/490 3326/3176/490
f 3331/3177/490 3330/9954/490 3328/3178/490
f 3335/3179/490 3334/3183/490 3332/3180/490
f 3337/3182/490 3336/3185/490 3334/3183/490
f 3339/3184/490 3338/3187/490 3336/3185/490
f 3341/3186/490 3340/9955/490 3338/3187/490
f 3345/3188/490 3344/3192/490 3342/3189/490
f 3347/3191/490 3346/3194/490 3344/3192/490
f 3349/3193/490 3348/3196/490 3346/3194/490
f 3351/3195/490 3350/9956/490 3348/3196/490
f 3355/3197/490 3354/3201/490 3352/3198/490
f 3357/3200/490 3356/3203/490 3354/3201/490
f 3359/3202/490 3358/3205/490 3356/3203/490
f 3361/3204/490 3360/9957/490 3358/3205/490
f 3365/3206/489 3364/3210/489 3362/3207/489
f 3367/3209/489 3366/3212/489 3364/3210/489
f 3369/3211/489 3368/3214/489 3366/3212/489
f 3371/3213/489 3370/9958/489 3368/3214/489
f 3375/3215/490 3374/3219/490 3372/3216/490
f 3377/3218/490 3376/3221/490 3374/3219/490
f 3379/3220/490 3378/3223/490 3376/3221/490
f 3381/3222/490 3380/9959/490 3378/3223/490
f 3385/3224/489 3384/3228/489 3382/3225/489
f 3387/3227/489 3386/3230/489 3384/3228/489
f 3389/3229/489 3388/3232/489 3386/3230/489
f 3391/3231/489 3390/9960/489 3388/3232/489
f 3395/3233/490 3394/3237/490 3392/3234/490
f 3397/3236/490 3396/3239/490 3394/3237/490
f 3399/3238/490 3398/3241/490 3396/3239/490
f 3401/3240/490 3400/9961/490 3398/3241/490
f 3405/3242/489 3404/3246/489 3402/3243/489
f 3407/3245/489 3406/3248/489 3404/3246/489
f 3409/3247/489 3408/3250/489 3406/3248/489
f 3411/3249/489 3410/9962/489 3408/3250/489
f 3415/3251/490 3414/3255/490 3412/3252/490
f 3417/3254/490 3416/3257/490 3414/3255/490
f 3419/3256/490 3418/3259/490 3416/3257/490
f 3421/3258/490 3420/9963/490 3418/3259/490
f 3425/3260/490 3424/3264/490 3422/3261/490
f 3427/3263/490 3426/3266/490 3424/3264/490
f 3429/3265/490 3428/3268/490 3426/3266/490
f 3431/3267/490 3430/9964/490 3428/3268/490
f 3435/3269/490 3434/3273/490 3432/3270/490
f 3437/3272/490 3436/3275/490 3434/3273/490
f 3439/3274/490 3438/3277/490 3436/3275/490
f 3441/3276/490 3440/9965/490 3438/3277/490
f 3445/3278/490 3444/3282/490 3442/3279/490
f 3447/3281/490 3446/3284/490 3444/3282/490
f 3449/3283/490 3448/3286/490 3446/3284/490
f 3451/3285/490 3450/9966/490 3448/3286/490
f 3455/3287/490 3454/3291/490 3452/3288/490
f 3457/3290/490 3456/3293/490 3454/3291/490
f 3459/3292/490 3458/3295/490 3456/3293/490
f 3461/3294/490 3460/9967/490 3458/3295/490
f 3465/3296/490 3464/3300/490 3462/3297/490
f 3467/3299/490 3466/3302/490 3464/3300/490
f 3469/3301/490 3468/3304/490 3466/3302/490
f 3471/3303/490 3470/9968/490 3468/3304/490
f 3475/3305/490 3474/3309/490 3472/3306/490
f 3477/3308/490 3476/3311/490 3474/3309/490
f 3479/3310/490 3478/3313/490 3476/3311/490
f 3481/3312/490 3480/9969/490 3478/3313/490
f 3485/3314/490 3484/3318/490 3482/3315/490
f 3487/3317/490 3486/3320/490 3484/3318/490
f 3489/3319/490 3488/3322/490 3486/3320/490
f 3491/3321/490 3490/9970/490 3488/3322/490
f 3495/3323/490 3494/3327/490 3492/3324/490
f 3497/3326/490 3496/3329/490 3494/3327/490
f 3499/3328/490 3498/3331/490 3496/3329/490
f 3501/3330/490 3500/9971/490 3498/3331/490
f 3505/3332/490 3504/3336/490 3502/3333/490
f 3507/3335/490 3506/3338/490 3504/3336/490
f 3509/3337/490 3508/3340/490 3506/3338/490
f 3511/3339/490 3510/9972/490 3508/3340/490
f 3515/3341/490 3514/3345/490 3512/3342/490
f 3517/3344/490 3516/3347/490 3514/3345/490
f 3519/3346/490 3518/3349/490 3516/3347/490
f 3521/3348/490 3520/9973/490 3518/3349/490
f 3525/3350/490 3524/3354/490 3522/3351/490
f 3527/3353/490 3526/3356/490 3524/3354/490
f 3529/3355/490 3528/3358/490 3526/3356/490
f 3531/3357/490 3530/9974/490 3528/3358/490
f 3535/3359/490 3534/3363/490 3532/3360/490
f 3537/3362/490 3536/3365/490 3534/3363/490
f 3539/3364/490 3538/3367/490 3536/3365/490
f 3541/3366/490 3540/9975/490 3538/3367/490
f 3545/3368/489 3544/3372/489 3542/3369/489
f 3547/3371/489 3546/3374/489 3544/3372/489
f 3549/3373/489 3548/3376/489 3546/3374/489
f 3551/3375/489 3550/9976/489 3548/3376/489
f 3555/3377/490 3554/3381/490 3552/3378/490
f 3557/3380/490 3556/3383/490 3554/3381/490
f 3559/3382/490 3558/3385/490 3556/3383/490
f 3561/3384/490 3560/9977/490 3558/3385/490
f 3565/3386/490 3564/3390/490 3562/3387/490
f 3567/3389/490 3566/3392/490 3564/3390/490
f 3569/3391/490 3568/3394/490 3566/3392/490
f 3571/3393/490 3570/9978/490 3568/3394/490
f 3575/3395/490 3574/3399/490 3572/3396/490
f 3577/3398/490 3576/3401/490 3574/3399/490
f 3579/3400/490 3578/3403/490 3576/3401/490
f 3581/3402/490 3580/9979/490 3578/3403/490
f 3585/3404/489 3584/3408/489 3582/3405/489
f 3587/3407/489 3586/3410/489 3584/3408/489
f 3589/3409/489 3588/3412/489 3586/3410/489
f 3591/3411/489 3590/9980/489 3588/3412/489
f 3595/3413/490 3594/3417/490 3592/3414/490
f 3597/3416/490 3596/3419/490 3594/3417/490
f 3599/3418/490 3598/3421/490 3596/3419/490
f 3601/3420/490 3600/9981/490 3598/3421/490
f 3605/3422/490 3604/3426/490 3602/3423/490
f 3607/3425/490 3606/3428/490 3604/3426/490
f 3609/3427/490 3608/3430/490 3606/3428/490
f 3611/3429/490 3610/9982/490 3608/3430/490
f 3615/3431/490 3614/3435/490 3612/3432/490
f 3617/3434/490 3616/3437/490 3614/3435/490
f 3619/3436/490 3618/3439/490 3616/3437/490
f 3621/3438/490 3620/9983/490 3618/3439/490
f 3625/3440/490 3624/3444/490 3622/3441/490
f 3627/3443/490 3626/3446/490 3624/3444/490
f 3629/3445/490 3628/3448/490 3626/3446/490
f 3631/3447/490 3630/9984/490 3628/3448/490
f 3635/3449/490 3634/3453/490 3632/3450/490
f 3637/3452/490 3636/3455/490 3634/3453/490
f 3639/3454/490 3638/3457/490 3636/3455/490
f 3641/3456/490 3640/9985/490 3638/3457/490
f 3645/3458/489 3644/3462/489 3642/3459/489
f 3647/3461/489 3646/3464/489 3644/3462/489
f 3649/3463/489 3648/3466/489 3646/3464/489
f 3651/3465/489 3650/9986/489 3648/3466/489
f 3655/3467/490 3654/3471/490 3652/3468/490
f 3657/3470/490 3656/3473/490 3654/3471/490
f 3659/3472/490 3658/3475/490 3656/3473/490
f 3661/3474/490 3660/9987/490 3658/3475/490
f 3665/3476/489 3664/3480/489 3662/3477/489
f 3667/3479/489 3666/3482/489 3664/3480/489
f 3669/3481/489 3668/3484/489 3666/3482/489
f 3671/3483/489 3670/9988/489 3668/3484/489
f 3675/3485/490 3674/3489/490 3672/3486/490
f 3677/3488/490 3676/3491/490 3674/3489/490
f 3679/3490/490 3678/3493/490 3676/3491/490
f 3681/3492/490 3680/9989/490 3678/3493/490
f 3685/3494/490 3684/3498/490 3682/3495/490
f 3687/3497/490 3686/3500/490 3684/3498/490
f 3689/3499/490 3688/3502/490 3686/3500/490
f 3691/3501/490 3690/9990/490 3688/3502/490
f 3695/3503/490 3694/3507/490 3692/3504/490
f 3697/3506/490 3696/3509/490 3694/3507/490
f 3699/3508/490 3698/3511/490 3696/3509/490
f 3701/3510/490 3700/9991/490 3698/3511/490
f 3705/3512/489 3704/3516/489 3702/3513/489
f 3707/3515/489 3706/3518/489 3704/3516/489
f 3709/3517/489 3708/3520/489 3706/3518/489
f 3711/3519/489 3710/9992/489 3708/3520/489
f 3715/3521/489 3714/3525/489 3712/3522/489
f 3717/3524/489 3716/3527/489 3714/3525/489
f 3719/3526/489 3718/3529/489 3716/3527/489
f 3721/3528/489 3720/9993/489 3718/3529/489
f 3725/3530/490 3724/3534/490 3722/3531/490
f 3727/3533/490 3726/3536/490 3724/3534/490
f 3729/3535/490 3728/3538/490 3726/3536/490
f 3731/3537/490 3730/9994/490 3728/3538/490
f 3735/3539/489 3734/3543/489 3732/3540/489
f 3737/3542/489 3736/3545/489 3734/3543/489
f 3739/3544/489 3738/3547/489 3736/3545/489
f 3741/3546/489 3740/9995/489 3738/3547/489
f 3745/3548/489 3744/3552/489 3742/3549/489
f 3747/3551/489 3746/3554/489 3744/3552/489
f 3749/3553/489 3748/3556/489 3746/3554/489
f 3751/3555/489 3750/9996/489 3748/3556/489
f 3755/3557/489 3754/3561/489 3752/3558/489
f 3757/3560/489 3756/3563/489 3754/3561/489
f 3759/3562/489 3758/3565/489 3756/3563/489
f 3761/3564/489 3760/9997/489 3758/3565/489
f 3765/3566/489 3764/3570/489 3762/3567/489
f 3767/3569/489 3766/3572/489 3764/3570/489
f 3769/3571/489 3768/3574/489 3766/3572/489
f 3771/3573/489 3770/9998/489 3768/3574/489
f 3775/3575/489 3774/3579/489 3772/3576/489
f 3777/3578/489 3776/3581/489 3774/3579/489
f 3779/3580/489 3778/3583/489 3776/3581/489
f 3781/3582/489 3780/9999/489 3778/3583/489
f 3785/3584/489 3784/3588/489 3782/3585/489
f 3787/3587/489 3786/3590/489 3784/3588/489
f 3789/3589/489 3788/3592/489 3786/3590/489
f 3791/3591/489 3790/10000/489 3788/3592/489
f 3795/3593/489 3794/3597/489 3792/3594/489
f 3797/3596/489 3796/3599/489 3794/3597/489
f 3799/3598/489 3798/3601/489 3796/3599/489
f 3801/3600/489 3800/10001/489 3798/3601/489
f 3805/3602/489 3804/3606/489 3802/3603/489
f 3807/3605/489 3806/3608/489 3804/3606/489
f 3809/3607/489 3808/3610/489 3806/3608/489
f 3811/3609/489 3810/10002/489 3808/3610/489
f 3815/3611/489 3814/3615/489 3812/3612/489
f 3817/3614/489 3816/3617/489 3814/3615/489
f 3819/3616/489 3818/3619/489 3816/3617/489
f 3821/3618/489 3820/10003/489 3818/3619/489
f 3825/3620/489 3824/3624/489 3822/3621/489
f 3827/3623/489 3826/3626/489 3824/3624/489
f 3829/3625/489 3828/3628/489 3826/3626/489
f 3831/3627/489 3830/10004/489 3828/3628/489
f 3835/3629/489 3834/3633/489 3832/3630/489
f 3837/3632/489 3836/3635/489 3834/3633/489
f 3839/3634/489 3838/3637/489 3836/3635/489
f 3841/3636/489 3840/10005/489 3838/3637/489
f 3845/3638/489 3844/3642/489 3842/3639/489
f 3847/3641/489 3846/3644/489 3844/3642/489
f 3849/3643/489 3848/3646/489 3846/3644/489
f 3851/3645/489 3850/10006/489 3848/3646/489
f 3855/3647/489 3854/3651/489 3852/3648/489
f 3857/3650/489 3856/3653/489 3854/3651/489
f 3859/3652/489 3858/3655/489 3856/3653/489
f 3861/3654/489 3860/10007/489 3858/3655/489
f 3865/3656/489 3864/3660/489 3862/3657/489
f 3867/3659/489 3866/3662/489 3864/3660/489
f 3869/3661/489 3868/3664/489 3866/3662/489
f 3871/3663/489 3870/10008/489 3868/3664/489
f 3875/3665/489 3874/3669/489 3872/3666/489
f 3877/3668/489 3876/3671/489 3874/3669/489
f 3879/3670/489 3878/3673/489 3876/3671/489
f 3881/3672/489 3880/10009/489 3878/3673/489
f 3885/3674/489 3884/3678/489 3882/3675/489
f 3887/3677/489 3886/3680/489 3884/3678/489
f 3889/3679/489 3888/3682/489 3886/3680/489
f 3891/3681/489 3890/10010/489 3888/3682/489
f 3895/3683/489 3894/3687/489 3892/3684/489
f 3897/3686/489 3896/3689/489 3894/3687/489
f 3899/3688/489 3898/3691/489 3896/3689/489
f 3901/3690/489 3900/10011/489 3898/3691/489
f 3905/3692/489 3904/3696/489 3902/3693/489
f 3907/3695/489 3906/3698/489 3904/3696/489
f 3909/3697/489 3908/3700/489 3906/3698/489
f 3911/3699/489 3910/10012/489 3908/3700/489
f 3915/3701/489 3914/3705/489 3912/3702/489
f 3917/3704/489 3916/3707/489 3914/3705/489
f 3919/3706/489 3918/3709/489 3916/3707/489
f 3921/3708/489 3920/10013/489 3918/3709/489
f 3925/3710/489 3924/3714/489 3922/3711/489
f 3927/3713/489 3926/3716/489 3924/3714/489
f 3929/3715/489 3928/3718/489 3926/3716/489
f 3931/3717/489 3930/10014/489 3928/3718/489
f 3935/3719/489 3934/3723/489 3932/3720/489
f 3937/3722/489 3936/3725/489 3934/3723/489
f 3939/3724/489 3938/3727/489 3936/3725/489
f 3941/3726/489 3940/10015/489 3938/3727/489
f 3945/3728/489 3944/3732/489 3942/3729/489
f 3947/3731/489 3946/3734/489 3944/3732/489
f 3949/3733/489 3948/3736/489 3946/3734/489
f 3951/3735/489 3950/10016/489 3948/3736/489
f 3955/3737/489 3954/3741/489 3952/3738/489
f 3957/3740/489 3956/3743/489 3954/3741/489
f 3959/3742/489 3958/3745/489 3956/3743/489
f 3961/3744/489 3960/10017/489 3958/3745/489
f 3965/3746/489 3964/3750/489 3962/3747/489
f 3967/3749/489 3966/3752/489 3964/3750/489
f 3969/3751/489 3968/3754/489 3966/3752/489
f 3971/3753/489 3970/10018/489 3968/3754/489
f 3975/3755/490 3974/3759/490 3972/3756/490
f 3977/3758/490 3976/3761/490 3974/3759/490
f 3979/3760/490 3978/3763/490 3976/3761/490
f 3981/3762/490 3980/10019/490 3978/3763/490
f 3985/3764/489 3984/3768/489 3982/3765/489
f 3987/3767/489 3986/3770/489 3984/3768/489
f 3989/3769/489 3988/3772/489 3986/3770/489
f 3991/3771/489 3990/10020/489 3988/3772/489
f 3995/3773/489 3994/3777/489 3992/3774/489
f 3997/3776/489 3996/3779/489 3994/3777/489
f 3999/3778/489 3998/3781/489 3996/3779/489
f 4001/3780/489 4000/10021/489 3998/3781/489
f 4005/3782/489 4004/3786/489 4002/3783/489
f 4007/3785/489 4006/3788/489 4004/3786/489
f 4009/3787/489 4008/3790/489 4006/3788/489
f 4011/3789/489 4010/10022/489 4008/3790/489
f 4015/3791/489 4014/3795/489 4012/3792/489
f 4017/3794/489 4016/3797/489 4014/3795/489
f 4019/3796/489 4018/3799/489 4016/3797/489
f 4021/3798/489 4020/10023/489 4018/3799/489
f 4025/3800/489 4024/3804/489 4022/3801/489
f 4027/3803/489 4026/3806/489 4024/3804/489
f 4029/3805/489 4028/3808/489 4026/3806/489
f 4031/3807/489 4030/10024/489 4028/3808/489
f 4035/3809/489 4034/3813/489 4032/3810/489
f 4037/3812/489 4036/3815/489 4034/3813/489
f 4039/3814/489 4038/3817/489 4036/3815/489
f 4041/3816/489 4040/10025/489 4038/3817/489
f 4045/3818/489 4044/3822/489 4042/3819/489
f 4047/3821/489 4046/3824/489 4044/3822/489
f 4049/3823/489 4048/3826/489 4046/3824/489
f 4051/3825/489 4050/10026/489 4048/3826/489
f 4055/3827/489 4054/3831/489 4052/3828/489
f 4057/3830/489 4056/3833/489 4054/3831/489
f 4059/3832/489 4058/3835/489 4056/3833/489
f 4061/3834/489 4060/10027/489 4058/3835/489
f 4065/3836/489 4064/3840/489 4062/3837/489
f 4067/3839/489 4066/3842/489 4064/3840/489
f 4069/3841/489 4068/3844/489 4066/3842/489
f 4071/3843/489 4070/10028/489 4068/3844/489
f 4075/3845/489 4074/3849/489 4072/3846/489
f 4077/3848/489 4076/3851/489 4074/3849/489
f 4079/3850/489 4078/3853/489 4076/3851/489
f 4081/3852/489 4080/10029/489 4078/3853/489
f 4085/3854/489 4084/3858/489 4082/3855/489
f 4087/3857/489 4086/3860/489 4084/3858/489
f 4089/3859/489 4088/3862/489 4086/3860/489
f 4091/3861/489 4090/10030/489 4088/3862/489
f 4095/3863/489 4094/3867/489 4092/3864/489
f 4097/3866/489 4096/3869/489 4094/3867/489
f 4099/3868/489 4098/3871/489 4096/3869/489
f 4101/3870/489 4100/10031/489 4098/3871/489
f 4105/3872/489 4104/3876/489 4102/3873/489
f 4107/3875/489 4106/3878/489 4104/3876/489
f 4109/3877/489 4108/3880/489 4106/3878/489
f 4111/3879/489 4110/10032/489 4108/3880/489
f 4115/3881/489 4114/3885/489 4112/3882/489
f 4117/3884/489 4116/3887/489 4114/3885/489
f 4119/3886/489 4118/3889/489 4116/3887/489
f 4121/3888/489 4120/10033/489 4118/3889/489
f 4125/3890/489 4124/3894/489 4122/3891/489
f 4127/3893/489 4126/3896/489 4124/3894/489
f 4129/3895/489 4128/3898/489 4126/3896/489
f 4131/3897/489 4130/10034/489 4128/3898/489
f 4135/3899/489 4134/3903/489 4132/3900/489
f 4137/3902/489 4136/3905/489 4134/3903/489
f 4139/3904/489 4138/3907/489 4136/3905/489
f 4141/3906/489 4140/10035/489 4138/3907/489
f 4145/3908/489 4144/3912/489 4142/3909/489
f 4147/3911/489 4146/3914/489 4144/3912/489
f 4149/3913/489 4148/3916/489 4146/3914/489
f 4151/3915/489 4150/10036/489 4148/3916/489
f 4155/3917/489 4154/3921/489 4152/3918/489
f 4157/3920/489 4156/3923/489 4154/3921/489
f 4159/3922/489 4158/3925/489 4156/3923/489
f 4161/3924/489 4160/10037/489 4158/3925/489
f 4165/3926/489 4164/3930/489 4162/3927/489
f 4167/3929/489 4166/3932/489 4164/3930/489
f 4169/3931/489 4168/3934/489 4166/3932/489
f 4171/3933/489 4170/10038/489 4168/3934/489
f 4175/3935/489 4174/3939/489 4172/3936/489
f 4177/3938/489 4176/3941/489 4174/3939/489
f 4179/3940/489 4178/3943/489 4176/3941/489
f 4181/3942/489 4180/10039/489 4178/3943/489
f 4185/3944/489 4184/3948/489 4182/3945/489
f 4187/3947/489 4186/3950/489 4184/3948/489
f 4189/3949/489 4188/3952/489 4186/3950/489
f 4191/3951/489 4190/10040/489 4188/3952/489
f 4195/3953/489 4194/3957/489 4192/3954/489
f 4197/3956/489 4196/3959/489 4194/3957/489
f 4199/3958/489 4198/3961/489 4196/3959/489
f 4201/3960/489 4200/10041/489 4198/3961/489
f 4205/3962/489 4204/3966/489 4202/3963/489
f 4207/3965/489 4206/3968/489 4204/3966/489
f 4209/3967/489 4208/3970/489 4206/3968/489
f 4211/3969/489 4210/10042/489 4208/3970/489
f 4215/3971/489 4214/3975/489 4212/3972/489
f 4217/3974/489 4216/3977/489 4214/3975/489
f 4219/3976/489 4218/3979/489 4216/3977/489
f 4221/3978/489 4220/10043/489 4218/3979/489
f 4225/3980/489 4224/3984/489 4222/3981/489
f 4227/3983/489 4226/3986/489 4224/3984/489
f 4229/3985/489 4228/3988/489 4226/3986/489
f 4231/3987/489 4230/10044/489 4228/3988/489
f 4235/3989/489 4234/3993/489 4232/3990/489
f 4237/3992/489 4236/3995/489 4234/3993/489
f 4239/3994/489 4238/3997/489 4236/3995/489
f 4241/3996/489 4240/10045/489 4238/3997/489
f 4245/3998/489 4244/4002/489 4242/3999/489
f 4247/4001/489 4246/4004/489 4244/4002/489
f 4249/4003/489 4248/4006/489 4246/4004/489
f 4251/4005/489 4250/10046/489 4248/4006/489
f 4255/4007/489 4254/4011/489 4252/4008/489
f 4257/4010/489 4256/4013/489 4254/4011/489
f 4259/4012/489 4258/4015/489 4256/4013/489
f 4261/4014/489 4260/10047/489 4258/4015/489
f 4265/4016/489 4264/4020/489 4262/4017/489
f 4267/4019/489 4266/4022/489 4264/4020/489
f 4269/4021/489 4268/4024/489 4266/4022/489
f 4271/4023/489 4270/10048/489 4268/4024/489
f 4275/4025/490 4274/4029/490 4272/4026/490
f 4277/4028/490 4276/4031/490 4274/4029/490
f 4279/4030/490 4278/4033/490 4276/4031/490
f 4281/4032/490 4280/10049/490 4278/4033/490
f 4285/4034/489 4284/4038/489 4282/4035/489
f 4287/4037/489 4286/4040/489 4284/4038/489
f 4289/4039/489 4288/4042/489 4286/4040/489
f 4291/4041/489 4290/10050/489 4288/4042/489
f 4295/4043/489 4294/4047/489 4292/4044/489
f 4297/4046/489 4296/4049/489 4294/4047/489
f 4299/4048/489 4298/4051/489 4296/4049/489
f 4301/4050/489 4300/10051/489 4298/4051/489
f 4305/4052/489 4304/4056/489 4302/4053/489
f 4307/4055/489 4306/4058/489 4304/4056/489
f 4309/4057/489 4308/4060/489 4306/4058/489
f 4311/4059/489 4310/10052/489 4308/4060/489
f 4315/4061/489 4314/4065/489 4312/4062/489
f 4317/4064/489 4316/4067/489 4314/4065/489
f 4319/4066/489 4318/4069/489 4316/4067/489
f 4321/4068/489 4320/10053/489 4318/4069/489
f 4325/4070/489 4324/4074/489 4322/4071/489
f 4327/4073/489 4326/4076/489 4324/4074/489
f 4329/4075/489 4328/4078/489 4326/4076/489
f 4331/4077/489 4330/10054/489 4328/4078/489
f 4335/4079/489 4334/4083/489 4332/4080/489
f 4337/4082/489 4336/4085/489 4334/4083/489
f 4339/4084/489 4338/4087/489 4336/4085/489
f 4341/4086/489 4340/10055/489 4338/4087/489
f 4345/4088/489 4344/4092/489 4342/4089/489
f 4347/4091/489 4346/4094/489 4344/4092/489
f 4349/4093/489 4348/4096/489 4346/4094/489
f 4351/4095/489 4350/10056/489 4348/4096/489
f 4355/4097/489 4354/4101/489 4352/4098/489
f 4357/4100/489 4356/4103/489 4354/4101/489
f 4359/4102/489 4358/4105/489 4356/4103/489
f 4361/4104/489 4360/10057/489 4358/4105/489
f 4365/4106/489 4364/4110/489 4362/4107/489
f 4367/4109/489 4366/4112/489 4364/4110/489
f 4369/4111/489 4368/4114/489 4366/4112/489
f 4371/4113/489 4370/10058/489 4368/4114/489
f 4375/4115/489 4374/4119/489 4372/4116/489
f 4377/4118/489 4376/4121/489 4374/4119/489
f 4379/4120/489 4378/4123/489 4376/4121/489
f 4381/4122/489 4380/10059/489 4378/4123/489
f 4385/4124/489 4384/4128/489 4382/4125/489
f 4387/4127/489 4386/4130/489 4384/4128/489
f 4389/4129/489 4388/4132/489 4386/4130/489
f 4391/4131/489 4390/10060/489 4388/4132/489
f 4395/4133/489 4394/4137/489 4392/4134/489
f 4397/4136/489 4396/4139/489 4394/4137/489
f 4399/4138/489 4398/4141/489 4396/4139/489
f 4401/4140/489 4400/10061/489 4398/4141/489
f 4405/4142/489 4404/4146/489 4402/4143/489
f 4407/4145/489 4406/4148/489 4404/4146/489
f 4409/4147/489 4408/4150/489 4406/4148/489
f 4411/4149/489 4410/10062/489 4408/4150/489
f 4415/4151/489 4414/4155/489 4412/4152/489
f 4417/4154/489 4416/4157/489 4414/4155/489
f 4419/4156/489 4418/4159/489 4416/4157/489
f 4421/4158/489 4420/10063/489 4418/4159/489
f 4425/4160/489 4424/4164/489 4422/4161/489
f 4427/4163/489 4426/4166/489 4424/4164/489
f 4429/4165/489 4428/4168/489 4426/4166/489
f 4431/4167/489 4430/10064/489 4428/4168/489
f 4435/4169/489 4434/4173/489 4432/4170/489
f 4437/4172/489 4436/4175/489 4434/4173/489
f 4439/4174/489 4438/4177/489 4436/4175/489
f 4441/4176/489 4440/10065/489 4438/4177/489
f 4445/4178/489 4444/4182/489 4442/4179/489
f 4447/4181/489 4446/4184/489 4444/4182/489
f 4449/4183/489 4448/4186/489 4446/4184/489
f 4451/4185/489 4450/10066/489 4448/4186/489
f 4455/4187/489 4454/4191/489 4452/4188/489
f 4457/4190/489 4456/4193/489 4454/4191/489
f 4459/4192/489 4458/4195/489 4456/4193/489
f 4461/4194/489 4460/10067/489 4458/4195/489
f 4465/4196/489 4464/4200/489 4462/4197/489
f 4467/4199/489 4466/4202/489 4464/4200/489
f 4469/4201/489 4468/4204/489 4466/4202/489
f 4471/4203/489 4470/10068/489 4468/4204/489
f 4475/4205/489 4474/4209/489 4472/4206/489
f 4477/4208/489 4476/4211/489 4474/4209/489
f 4479/4210/489 4478/4213/489 4476/4211/489
f 4481/4212/489 4480/10069/489 4478/4213/489
f 4485/4214/489 4484/4218/489 4482/4215/489
f 4487/4217/489 4486/4220/489 4484/4218/489
f 4489/4219/489 4488/4222/489 4486/4220/489
f 4491/4221/489 4490/10070/489 4488/4222/489
f 4495/4223/489 4494/4227/489 4492/4224/489
f 4497/4226/489 4496/4229/489 4494/4227/489
f 4499/4228/489 4498/4231/489 4496/4229/489
f 4501/4230/489 4500/10071/489 4498/4231/489
f 4505/4232/489 4504/4236/489 4502/4233/489
f 4507/4235/489 4506/4238/489 4504/4236/489
f 4509/4237/489 4508/4240/489 4506/4238/489
f 4511/4239/489 4510/10072/489 4508/4240/489
f 4515/4241/489 4514/4245/489 4512/4242/489
f 4517/4244/489 4516/4247/489 4514/4245/489
f 4519/4246/489 4518/4249/489 4516/4247/489
f 4521/4248/489 4520/10073/489 4518/4249/489
f 4525/4250/489 4524/4254/489 4522/4251/489
f 4527/4253/489 4526/4256/489 4524/4254/489
f 4529/4255/489 4528/4258/489 4526/4256/489
f 4531/4257/489 4530/10074/489 4528/4258/489
f 4535/4259/489 4534/4263/489 4532/4260/489
f 4537/4262/489 4536/4265/489 4534/4263/489
f 4539/4264/489 4538/4267/489 4536/4265/489
f 4541/4266/489 4540/10075/489 4538/4267/489
f 4545/4268/489 4544/4272/489 4542/4269/489
f 4547/4271/489 4546/4274/489 4544/4272/489
f 4549/4273/489 4548/4276/489 4546/4274/489
f 4551/4275/489 4550/10076/489 4548/4276/489
f 4555/4277/489 4554/4281/489 4552/4278/489
f 4557/4280/489 4556/4283/489 4554/4281/489
f 4559/4282/489 4558/4285/489 4556/4283/489
f 4561/4284/489 4560/10077/489 4558/4285/489
f 4565/4286/489 4564/4290/489 4562/4287/489
f 4567/4289/489 4566/4292/489 4564/4290/489
f 4569/4291/489 4568/4294/489 4566/4292/489
f 4571/4293/489 4570/10078/489 4568/4294/489
f 4575/4295/489 4574/4299/489 4572/4296/489
f 4577/4298/489 4576/4301/489 4574/4299/489
f 4579/4300/489 4578/4303/489 4576/4301/489
f 4581/4302/489 4580/10079/489 4578/4303/489
f 4585/4304/489 4584/4308/489 4582/4305/489
f 4587/4307/489 4586/4310/489 4584/4308/489
f 4589/4309/489 4588/4312/489 4586/4310/489
f 4591/4311/489 4590/10080/489 4588/4312/489
f 4595/4313/489 4594/4317/489 4592/4314/489
f 4597/4316/489 4596/4319/489 4594/4317/489
f 4599/4318/489 4598/4321/489 4596/4319/489
f 4601/4320/489 4600/10081/489 4598/4321/489
f 4605/4322/489 4604/4326/489 4602/4323/489
f 4607/4325/489 4606/4328/489 4604/4326/489
f 4609/4327/489 4608/4330/489 4606/4328/489
f 4611/4329/489 4610/10082/489 4608/4330/489
f 4615/4331/489 4614/4335/489 4612/4332/489
f 4617/4334/489 4616/4337/489 4614/4335/489
f 4619/4336/489 4618/4339/489 4616/4337/489
f 4621/4338/489 4620/10083/489 4618/4339/489
f 4625/4340/489 4624/4344/489 4622/4341/489
f 4627/4343/489 4626/4346/489 4624/4344/489
f 4629/4345/489 4628/4348/489 4626/4346/489
f 4631/4347/489 4630/10084/489 4628/4348/489
f 4635/4349/489 4634/4353/489 4632/4350/489
f 4637/4352/489 4636/4355/489 4634/4353/489
f 4639/4354/489 4638/4357/489 4636/4355/489
f 4641/4356/489 4640/10085/489 4638/4357/489
f 4645/4358/489 4644/4362/489 4642/4359/489
f 4647/4361/489 4646/4364/489 4644/4362/489
f 4649/4363/489 4648/4366/489 4646/4364/489
f 4651/4365/489 4650/10086/489 4648/4366/489
f 4655/4367/489 4654/4371/489 4652/4368/489
f 4657/4370/489 4656/4373/489 4654/4371/489
f 4659/4372/489 4658/4375/489 4656/4373/489
f 4661/4374/489 4660/10087/489 4658/4375/489
f 4665/4376/489 4664/4380/489 4662/4377/489
f 4667/4379/489 4666/4382/489 4664/4380/489
f 4669/4381/489 4668/4384/489 4666/4382/489
f 4671/4383/489 4670/10088/489 4668/4384/489
f 4675/4385/489 4674/4389/489 4672/4386/489
f 4677/4388/489 4676/4391/489 4674/4389/489
f 4679/4390/489 4678/4393/489 4676/4391/489
f 4681/4392/489 4680/10089/489 4678/4393/489
f 4685/4394/489 4684/4398/489 4682/4395/489
f 4687/4397/489 4686/4400/489 4684/4398/489
f 4689/4399/489 4688/4402/489 4686/4400/489
f 4691/4401/489 4690/10090/489 4688/4402/489
f 4695/4403/489 4694/4407/489 4692/4404/489
f 4697/4406/489 4696/4409/489 4694/4407/489
f 4699/4408/489 4698/4411/489 4696/4409/489
f 4701/4410/489 4700/10091/489 4698/4411/489
f 4705/4412/489 4704/4416/489 4702/4413/489
f 4707/4415/489 4706/4418/489 4704/4416/489
f 4709/4417/489 4708/4420/489 4706/4418/489
f 4711/4419/489 4710/10092/489 4708/4420/489
f 4715/4421/489 4714/4425/489 4712/4422/489
f 4717/4424/489 4716/4427/489 4714/4425/489
f 4719/4426/489 4718/4429/489 4716/4427/489
f 4721/4428/489 4720/10093/489 4718/4429/489
f 4725/4430/489 4724/4434/489 4722/4431/489
f 4727/4433/489 4726/4436/489 4724/4434/489
f 4729/4435/489 4728/4438/489 4726/4436/489
f 4731/4437/489 4730/10094/489 4728/4438/489
f 4735/4439/489 4734/4443/489 4732/4440/489
f 4737/4442/489 4736/4445/489 4734/4443/489
f 4739/4444/489 4738/4447/489 4736/4445/489
f 4741/4446/489 4740/10095/489 4738/4447/489
f 4745/4448/489 4744/4452/489 4742/4449/489
f 4747/4451/489 4746/4454/489 4744/4452/489
f 4749/4453/489 4748/4456/489 4746/4454/489
f 4751/4455/489 4750/10096/489 4748/4456/489
f 4755/4457/489 4754/4461/489 4752/4458/489
f 4757/4460/489 4756/4463/489 4754/4461/489
f 4759/4462/489 4758/4465/489 4756/4463/489
f 4761/4464/489 4760/10097/489 4758/4465/489
f 4765/4466/489 4764/4470/489 4762/4467/489
f 4767/4469/489 4766/4472/489 4764/4470/489
f 4769/4471/489 4768/4474/489 4766/4472/489
f 4771/4473/489 4770/10098/489 4768/4474/489
f 4775/4475/489 4774/4479/489 4772/4476/489
f 4777/4478/489 4776/4481/489 4774/4479/489
f 4779/4480/489 4778/4483/489 4776/4481/489
f 4781/4482/489 4780/10099/489 4778/4483/489
f 4785/4484/489 4784/4488/489 4782/4485/489
f 4787/4487/489 4786/4490/489 4784/4488/489
f 4789/4489/489 4788/4492/489 4786/4490/489
f 4791/4491/489 4790/10100/489 4788/4492/489
f 4795/4493/489 4794/4497/489 4792/4494/489
f 4797/4496/489 4796/4499/489 4794/4497/489
f 4799/4498/489 4798/4501/489 4796/4499/489
f 4801/4500/489 4800/10101/489 4798/4501/489
f 4805/4502/489 4804/4506/489 4802/4503/489
f 4807/4505/489 4806/4508/489 4804/4506/489
f 4809/4507/489 4808/4510/489 4806/4508/489
f 4811/4509/489 4810/10102/489 4808/4510/489
f 4815/4511/489 4814/4515/489 4812/4512/489
f 4817/4514/489 4816/4517/489 4814/4515/489
f 4819/4516/489 4818/4519/489 4816/4517/489
f 4821/4518/489 4820/10103/489 4818/4519/489
f 4825/4520/489 4824/4524/489 4822/4521/489
f 4827/4523/489 4826/4526/489 4824/4524/489
f 4829/4525/489 4828/4528/489 4826/4526/489
f 4831/4527/489 4830/10104/489 4828/4528/489
f 4835/4529/489 4834/4533/489 4832/4530/489
f 4837/4532/489 4836/4535/489 4834/4533/489
f 4839/4534/489 4838/4537/489 4836/4535/489
f 4841/4536/489 4840/10105/489 4838/4537/489
f 4845/4538/489 4844/4542/489 4842/4539/489
f 4847/4541/489 4846/4544/489 4844/4542/489
f 4849/4543/489 4848/4546/489 4846/4544/489
f 4851/4545/489 4850/10106/489 4848/4546/489
f 4855/4547/489 4854/4551/489 4852/4548/489
f 4857/4550/489 4856/4553/489 4854/4551/489
f 4859/4552/489 4858/4555/489 4856/4553/489
f 4861/4554/489 4860/10107/489 4858/4555/489
f 4865/4556/489 4864/4560/489 4862/4557/489
f 4867/4559/489 4866/4562/489 4864/4560/489
f 4869/4561/489 4868/4564/489 4866/4562/489
f 4871/4563/489 4870/10108/489 4868/4564/489
f 4875/4565/489 4874/4569/489 4872/4566/489
f 4877/4568/489 4876/4571/489 4874/4569/489
f 4879/4570/489 4878/4573/489 4876/4571/489
f 4881/4572/489 4880/10109/489 4878/4573/489
f 4885/4574/489 4884/4578/489 4882/4575/489
f 4887/4577/489 4886/4580/489 4884/4578/489
f 4889/4579/489 4888/4582/489 4886/4580/489
f 4891/4581/489 4890/10110/489 4888/4582/489
f 4895/4583/489 4894/4587/489 4892/4584/489
f 4897/4586/489 4896/4589/489 4894/4587/489
f 4899/4588/489 4898/4591/489 4896/4589/489
f 4901/4590/489 4900/10111/489 4898/4591/489
f 4905/4592/489 4904/4596/489 4902/4593/489
f 4907/4595/489 4906/4598/489 4904/4596/489
f 4909/4597/489 4908/4600/489 4906/4598/489
f 4911/4599/489 4910/10112/489 4908/4600/489
f 4915/4601/489 4914/4605/489 4912/4602/489
f 4917/4604/489 4916/4607/489 4914/4605/489
f 4919/4606/489 4918/4609/489 4916/4607/489
f 4921/4608/489 4920/10113/489 4918/4609/489
f 4925/4610/489 4924/4614/489 4922/4611/489
f 4927/4613/489 4926/4616/489 4924/4614/489
f 4929/4615/489 4928/4618/489 4926/4616/489
f 4931/4617/489 4930/10114/489 4928/4618/489
f 4935/4619/489 4934/4623/489 4932/4620/489
f 4937/4622/489 4936/4625/489 4934/4623/489
f 4939/4624/489 4938/4627/489 4936/4625/489
f 4941/4626/489 4940/10115/489 4938/4627/489
f 4945/4628/489 4944/4632/489 4942/4629/489
f 4947/4631/489 4946/4634/489 4944/4632/489
f 4949/4633/489 4948/4636/489 4946/4634/489
f 4951/4635/489 4950/10116/489 4948/4636/489
f 4955/4637/489 4954/4641/489 4952/4638/489
f 4957/4640/489 4956/4643/489 4954/4641/489
f 4959/4642/489 4958/4645/489 4956/4643/489
f 4961/4644/489 4960/10117/489 4958/4645/489
f 4965/4646/490 4964/4650/490 4962/4647/490
f 4967/4649/490 4966/4652/490 4964/4650/490
f 4969/4651/490 4968/4654/490 4966/4652/490
f 4971/4653/490 4970/10118/490 4968/4654/490
f 4975/4655/489 4974/4659/489 4972/4656/489
f 4977/4658/489 4976/4661/489 4974/4659/489
f 4979/4660/489 4978/4663/489 4976/4661/489
f 4981/4662/489 4980/10119/489 4978/4663/489
f 4985/4664/489 4984/4668/489 4982/4665/489
f 4987/4667/489 4986/4670/489 4984/4668/489
f 4989/4669/489 4988/4672/489 4986/4670/489
f 4991/4671/489 4990/10120/489 4988/4672/489
f 4995/4673/489 4994/4677/489 4992/4674/489
f 4997/4676/489 4996/4679/489 4994/4677/489
f 4999/4678/489 4998/4681/489 4996/4679/489
f 5001/4680/489 5000/10121/489 4998/4681/489
f 5005/4682/489 5004/4686/489 5002/4683/489
f 5007/4685/489 5006/4688/489 5004/4686/489
f 5009/4687/489 5008/4690/489 5006/4688/489
f 5011/4689/489 5010/10122/489 5008/4690/489
f 5015/4691/489 5014/4695/489 5012/4692/489
f 5017/4694/489 5016/4697/489 5014/4695/489
f 5019/4696/489 5018/4699/489 5016/4697/489
f 5021/4698/489 5020/10123/489 5018/4699/489
f 5025/4700/489 5024/4704/489 5022/4701/489
f 5027/4703/489 5026/4706/489 5024/4704/489
f 5029/4705/489 5028/4708/489 5026/4706/489
f 5031/4707/489 5030/10124/489 5028/4708/489
f 5035/4709/489 5034/4713/489 5032/4710/489
f 5037/4712/489 5036/4715/489 5034/4713/489
f 5039/4714/489 5038/4717/489 5036/4715/489
f 5041/4716/489 5040/10125/489 5038/4717/489
f 5045/4718/489 5044/4722/489 5042/4719/489
f 5047/4721/489 5046/4724/489 5044/4722/489
f 5049/4723/489 5048/4726/489 5046/4724/489
f 5051/4725/489 5050/10126/489 5048/4726/489
f 5055/4727/489 5054/4731/489 5052/4728/489
f 5057/4730/489 5056/4733/489 5054/4731/489
f 5059/4732/489 5058/4735/489 5056/4733/489
f 5061/4734/489 5060/10127/489 5058/4735/489
f 5065/4736/489 5064/4740/489 5062/4737/489
f 5067/4739/489 5066/4742/489 5064/4740/489
f 5069/4741/489 5068/4744/489 5066/4742/489
f 5071/4743/489 5070/10128/489 5068/4744/489
f 5075/4745/489 5074/4749/489 5072/4746/489
f 5077/4748/489 5076/4751/489 5074/4749/489
f 5079/4750/489 5078/4753/489 5076/4751/489
f 5081/4752/489 5080/10129/489 5078/4753/489
f 5085/4754/489 5084/4758/489 5082/4755/489
f 5087/4757/489 5086/4760/489 5084/4758/489
f 5089/4759/489 5088/4762/489 5086/4760/489
f 5091/4761/489 5090/10130/489 5088/4762/489
f 5095/4763/489 5094/4767/489 5092/4764/489
f 5097/4766/489 5096/4769/489 5094/4767/489
f 5099/4768/489 5098/4771/489 5096/4769/489
f 5101/4770/489 5100/10131/489 5098/4771/489
f 5105/4772/489 5104/4776/489 5102/4773/489
f 5107/4775/489 5106/4778/489 5104/4776/489
f 5109/4777/489 5108/4780/489 5106/4778/489
f 5111/4779/489 5110/10132/489 5108/4780/489
f 5115/4781/489 5114/4785/489 5112/4782/489
f 5117/4784/489 5116/4787/489 5114/4785/489
f 5119/4786/489 5118/4789/489 5116/4787/489
f 5121/4788/489 5120/10133/489 5118/4789/489
f 5125/4790/489 5124/4794/489 5122/4791/489
f 5127/4793/489 5126/4796/489 5124/4794/489
f 5129/4795/489 5128/4798/489 5126/4796/489
f 5131/4797/489 5130/10134/489 5128/4798/489
f 5135/4799/489 5134/4803/489 5132/4800/489
f 5137/4802/489 5136/4805/489 5134/4803/489
f 5139/4804/489 5138/4807/489 5136/4805/489
f 5141/4806/489 5140/10135/489 5138/4807/489
f 5145/4808/489 5144/4812/489 5142/4809/489
f 5147/4811/489 5146/4814/489 5144/4812/489
f 5149/4813/489 5148/4816/489 5146/4814/489
f 5151/4815/489 5150/10136/489 5148/4816/489
f 5155/4817/489 5154/4821/489 5152/4818/489
f 5157/4820/489 5156/4823/489 5154/4821/489
f 5159/4822/489 5158/4825/489 5156/4823/489
f 5161/4824/489 5160/10137/489 5158/4825/489
f 5165/4826/489 5164/4830/489 5162/4827/489
f 5167/4829/489 5166/4832/489 5164/4830/489
f 5169/4831/489 5168/4834/489 5166/4832/489
f 5171/4833/489 5170/10138/489 5168/4834/489
f 5175/4835/489 5174/4839/489 5172/4836/489
f 5177/4838/489 5176/4841/489 5174/4839/489
f 5179/4840/489 5178/4843/489 5176/4841/489
f 5181/4842/489 5180/10139/489 5178/4843/489
f 5185/4844/489 5184/4848/489 5182/4845/489
f 5187/4847/489 5186/4850/489 5184/4848/489
f 5189/4849/489 5188/4852/489 5186/4850/489
f 5191/4851/489 5190/10140/489 5188/4852/489
f 5195/4853/489 5194/4857/489 5192/4854/489
f 5197/4856/489 5196/4859/489 5194/4857/489
f 5199/4858/489 5198/4861/489 5196/4859/489
f 5201/4860/489 5200/10141/489 5198/4861/489
f 5205/4862/489 5204/4866/489 5202/4863/489
f 5207/4865/489 5206/4868/489 5204/4866/489
f 5209/4867/489 5208/4870/489 5206/4868/489
f 5211/4869/489 5210/10142/489 5208/4870/489
f 5215/4871/490 5214/4875/490 5212/4872/490
f 5217/4874/490 5216/4877/490 5214/4875/490
f 5219/4876/490 5218/4879/490 5216/4877/490
f 5221/4878/490 5220/10143/490 5218/4879/490
f 5225/4880/489 5224/4884/489 5222/4881/489
f 5227/4883/489 5226/4886/489 5224/4884/489
f 5229/4885/489 5228/4888/489 5226/4886/489
f 5231/4887/489 5230/10144/489 5228/4888/489
f 5235/4889/489 5234/4893/489 5232/4890/489
f 5237/4892/489 5236/4895/489 5234/4893/489
f 5239/4894/489 5238/4897/489 5236/4895/489
f 5241/4896/489 5240/10145/489 5238/4897/489
f 5245/4898/489 5244/4902/489 5242/4899/489
f 5247/4901/489 5246/4904/489 5244/4902/489
f 5249/4903/489 5248/4906/489 5246/4904/489
f 5251/4905/489 5250/10146/489 5248/4906/489
f 5255/4907/489 5254/4911/489 5252/4908/489
f 5257/4910/489 5256/4913/489 5254/4911/489
f 5259/4912/489 5258/4915/489 5256/4913/489
f 5261/4914/489 5260/10147/489 5258/4915/489
f 5265/4916/489 5264/4920/489 5262/4917/489
f 5267/4919/489 5266/4922/489 5264/4920/489
f 5269/4921/489 5268/4924/489 5266/4922/489
f 5271/4923/489 5270/10148/489 5268/4924/489
f 5275/4925/489 5274/4929/489 5272/4926/489
f 5277/4928/489 5276/4931/489 5274/4929/489
f 5279/4930/489 5278/4933/489 5276/4931/489
f 5281/4932/489 5280/10149/489 5278/4933/489
f 5285/4934/489 5284/4938/489 5282/4935/489
f 5287/4937/489 5286/4940/489 5284/4938/489
f 5289/4939/489 5288/4942/489 5286/4940/489
f 5291/4941/489 5290/10150/489 5288/4942/489
f 5295/4943/490 5294/4947/490 5292/4944/490
f 5297/4946/490 5296/4949/490 5294/4947/490
f 5299/4948/490 5298/4951/490 5296/4949/490
f 5301/4950/490 5300/10151/490 5298/4951/490
f 5305/4952/490 5304/4956/490 5302/4953/490
f 5307/4955/490 5306/4958/490 5304/4956/490
f 5309/4957/490 5308/4960/490 5306/4958/490
f 5311/4959/490 5310/10152/490 5308/4960/490
f 5315/4961/490 5314/4965/490 5312/4962/490
f 5317/4964/490 5316/4967/490 5314/4965/490
f 5319/4966/490 5318/4969/490 5316/4967/490
f 5321/4968/490 5320/10153/490 5318/4969/490
f 5325/4970/489 5324/4974/489 5322/4971/489
f 5327/4973/489 5326/4976/489 5324/4974/489
f 5329/4975/489 5328/4978/489 5326/4976/489
f 5331/4977/489 5330/10154/489 5328/4978/489
f 5335/4979/490 5334/4983/490 5332/4980/490
f 5337/4982/490 5336/4985/490 5334/4983/490
f 5339/4984/490 5338/4987/490 5336/4985/490
f 5341/4986/490 5340/10155/490 5338/4987/490
f 5345/4988/490 5344/4992/490 5342/4989/490
f 5347/4991/490 5346/4994/490 5344/4992/490
f 5349/4993/490 5348/4996/490 5346/4994/490
f 5351/4995/490 5350/10156/490 5348/4996/490
f 5355/4997/489 5354/5001/489 5352/4998/489
f 5357/5000/489 5356/5003/489 5354/5001/489
f 5359/5002/489 5358/5005/489 5356/5003/489
f 5361/5004/489 5360/10157/489 5358/5005/489
f 5365/5006/490 5364/5010/490 5362/5007/490
f 5367/5009/490 5366/5012/490 5364/5010/490
f 5369/5011/490 5368/5014/490 5366/5012/490
f 5371/5013/490 5370/10158/490 5368/5014/490
f 5375/5015/490 5374/5019/490 5372/5016/490
f 5377/5018/490 5376/5021/490 5374/5019/490
f 5379/5020/490 5378/5023/490 5376/5021/490
f 5381/5022/490 5380/10159/490 5378/5023/490
f 5385/5024/490 5384/5028/490 5382/5025/490
f 5387/5027/490 5386/5030/490 5384/5028/490
f 5389/5029/490 5388/5032/490 5386/5030/490
f 5391/5031/490 5390/10160/490 5388/5032/490
f 5395/5033/490 5394/5037/490 5392/5034/490
f 5397/5036/490 5396/5039/490 5394/5037/490
f 5399/5038/490 5398/5041/490 5396/5039/490
f 5401/5040/490 5400/10161/490 5398/5041/490
f 5405/5042/490 5404/5046/490 5402/5043/490
f 5407/5045/490 5406/5048/490 5404/5046/490
f 5409/5047/490 5408/5050/490 5406/5048/490
f 5411/5049/490 5410/10162/490 5408/5050/490
f 5415/5051/490 5414/5055/490 5412/5052/490
f 5417/5054/490 5416/5057/490 5414/5055/490
f 5419/5056/490 5418/5059/490 5416/5057/490
f 5421/5058/490 5420/10163/490 5418/5059/490
f 5425/5060/490 5424/5064/490 5422/5061/490
f 5427/5063/490 5426/5066/490 5424/5064/490
f 5429/5065/490 5428/5068/490 5426/5066/490
f 5431/5067/490 5430/10164/490 5428/5068/490
f 5435/5069/490 5434/5073/490 5432/5070/490
f 5437/5072/490 5436/5075/490 5434/5073/490
f 5439/5074/490 5438/5077/490 5436/5075/490
f 5441/5076/490 5440/10165/490 5438/5077/490
f 5445/5078/490 5444/5082/490 5442/5079/490
f 5447/5081/490 5446/5084/490 5444/5082/490
f 5449/5083/490 5448/5086/490 5446/5084/490
f 5451/5085/490 5450/10166/490 5448/5086/490
f 5455/5087/490 5454/5091/490 5452/5088/490
f 5457/5090/490 5456/5093/490 5454/5091/490
f 5459/5092/490 5458/5095/490 5456/5093/490
f 5461/5094/490 5460/10167/490 5458/5095/490
f 5465/5096/490 5464/5100/490 5462/5097/490
f 5467/5099/490 5466/5102/490 5464/5100/490
f 5469/5101/490 5468/5104/490 5466/5102/490
f 5471/5103/490 5470/10168/490 5468/5104/490
f 5475/5105/490 5474/5109/490 5472/5106/490
f 5477/5108/490 5476/5111/490 5474/5109/490
f 5479/5110/490 5478/5113/490 5476/5111/490
f 5481/5112/490 5480/10169/490 5478/5113/490
f 5485/5114/490 5484/5118/490 5482/5115/490
f 5487/5117/490 5486/5120/490 5484/5118/490
f 5489/5119/490 5488/5122/490 5486/5120/490
f 5491/5121/490 5490/10170/490 5488/5122/490
f 5495/5123/490 5494/5127/490 5492/5124/490
f 5497/5126/490 5496/5129/490 5494/5127/490
f 5499/5128/490 5498/5131/490 5496/5129/490
f 5501/5130/490 5500/10171/490 5498/5131/490
f 5505/5132/490 5504/5136/490 5502/5133/490
f 5507/5135/490 5506/5138/490 5504/5136/490
f 5509/5137/490 5508/5140/490 5506/5138/490
f 5511/5139/490 5510/10172/490 5508/5140/490
f 5515/5141/490 5514/5145/490 5512/5142/490
f 5517/5144/490 5516/5147/490 5514/5145/490
f 5519/5146/490 5518/5149/490 5516/5147/490
f 5521/5148/490 5520/10173/490 5518/5149/490
f 5525/5150/490 5524/5154/490 5522/5151/490
f 5527/5153/490 5526/5156/490 5524/5154/490
f 5529/5155/490 5528/5158/490 5526/5156/490
f 5531/5157/490 5530/10174/490 5528/5158/490
f 5535/5159/490 5534/5163/490 5532/5160/490
f 5537/5162/490 5536/5165/490 5534/5163/490
f 5539/5164/490 5538/5167/490 5536/5165/490
f 5541/5166/490 5540/10175/490 5538/5167/490
f 5545/5168/490 5544/5172/490 5542/5169/490
f 5547/5171/490 5546/5174/490 5544/5172/490
f 5549/5173/490 5548/5176/490 5546/5174/490
f 5551/5175/490 5550/10176/490 5548/5176/490
f 5555/5177/490 5554/5181/490 5552/5178/490
f 5557/5180/490 5556/5183/490 5554/5181/490
f 5559/5182/490 5558/5185/490 5556/5183/490
f 5561/5184/490 5560/10177/490 5558/5185/490
f 5565/5186/490 5564/5190/490 5562/5187/490
f 5567/5189/490 5566/5192/490 5564/5190/490
f 5569/5191/490 5568/5194/490 5566/5192/490
f 5571/5193/490 5570/10178/490 5568/5194/490
f 5575/5195/490 5574/5199/490 5572/5196/490
f 5577/5198/490 5576/5201/490 5574/5199/490
f 5579/5200/490 5578/5203/490 5576/5201/490
f 5581/5202/490 5580/10179/490 5578/5203/490
f 5585/5204/490 5584/5208/490 5582/5205/490
f 5587/5207/490 5586/5210/490 5584/5208/490
f 5589/5209/490 5588/5212/490 5586/5210/490
f 5591/5211/490 5590/10180/490 5588/5212/490
f 5595/5213/490 5594/5217/490 5592/5214/490
f 5597/5216/490 5596/5219/490 5594/5217/490
f 5599/5218/490 5598/5221/490 5596/5219/490
f 5601/5220/490 5600/10181/490 5598/5221/490
f 5605/5222/490 5604/5226/490 5602/5223/490
f 5607/5225/490 5606/5228/490 5604/5226/490
f 5609/5227/490 5608/5230/490 5606/5228/490
f 5611/5229/490 5610/10182/490 5608/5230/490
f 5615/5231/490 5614/5235/490 5612/5232/490
f 5617/5234/490 5616/5237/490 5614/5235/490
f 5619/5236/490 5618/5239/490 5616/5237/490
f 5621/5238/490 5620/10183/490 5618/5239/490
f 5625/5240/490 5624/5244/490 5622/5241/490
f 5627/5243/490 5626/5246/490 5624/5244/490
f 5629/5245/490 5628/5248/490 5626/5246/490
f 5631/5247/490 5630/10184/490 5628/5248/490
f 5635/5249/490 5634/5253/490 5632/5250/490
f 5637/5252/490 5636/5255/490 5634/5253/490
f 5639/5254/490 5638/5257/490 5636/5255/490
f 5641/5256/490 5640/10185/490 5638/5257/490
f 5645/5258/490 5644/5262/490 5642/5259/490
f 5647/5261/490 5646/5264/490 5644/5262/490
f 5649/5263/490 5648/5266/490 5646/5264/490
f 5651/5265/490 5650/10186/490 5648/5266/490
f 5655/5267/490 5654/5271/490 5652/5268/490
f 5657/5270/490 5656/5273/490 5654/5271/490
f 5659/5272/490 5658/5275/490 5656/5273/490
f 5661/5274/490 5660/10187/490 5658/5275/490
f 5665/5276/490 5664/5280/490 5662/5277/490
f 5667/5279/490 5666/5282/490 5664/5280/490
f 5669/5281/490 5668/5284/490 5666/5282/490
f 5671/5283/490 5670/10188/490 5668/5284/490
f 5675/5285/490 5674/5289/490 5672/5286/490
f 5677/5288/490 5676/5291/490 5674/5289/490
f 5679/5290/490 5678/5293/490 5676/5291/490
f 5681/5292/490 5680/10189/490 5678/5293/490
f 5685/5294/490 5684/5298/490 5682/5295/490
f 5687/5297/490 5686/5300/490 5684/5298/490
f 5689/5299/490 5688/5302/490 5686/5300/490
f 5691/5301/490 5690/10190/490 5688/5302/490
f 5695/5303/490 5694/5307/490 5692/5304/490
f 5697/5306/490 5696/5309/490 5694/5307/490
f 5699/5308/490 5698/5311/490 5696/5309/490
f 5701/5310/490 5700/10191/490 5698/5311/490
f 5705/5312/490 5704/5316/490 5702/5313/490
f 5707/5315/490 5706/5318/490 5704/5316/490
f 5709/5317/490 5708/5320/490 5706/5318/490
f 5711/5319/490 5710/10192/490 5708/5320/490
f 5715/5321/490 5714/5325/490 5712/5322/490
f 5717/5324/490 5716/5327/490 5714/5325/490
f 5719/5326/490 5718/5329/490 5716/5327/490
f 5721/5328/490 5720/10193/490 5718/5329/490
f 5725/5330/490 5724/5334/490 5722/5331/490
f 5727/5333/490 5726/5336/490 5724/5334/490
f 5729/5335/490 5728/5338/490 5726/5336/490
f 5731/5337/490 5730/10194/490 5728/5338/490
f 5735/5339/490 5734/5343/490 5732/5340/490
f 5737/5342/490 5736/5345/490 5734/5343/490
f 5739/5344/490 5738/5347/490 5736/5345/490
f 5741/5346/490 5740/10195/490 5738/5347/490
f 5745/5348/490 5744/5352/490 5742/5349/490
f 5747/5351/490 5746/5354/490 5744/5352/490
f 5749/5353/490 5748/5356/490 5746/5354/490
f 5751/5355/490 5750/10196/490 5748/5356/490
f 5755/5357/490 5754/5361/490 5752/5358/490
f 5757/5360/490 5756/5363/490 5754/5361/490
f 5759/5362/490 5758/5365/490 5756/5363/490
f 5761/5364/490 5760/10197/490 5758/5365/490
f 5765/5366/490 5764/5370/490 5762/5367/490
f 5767/5369/490 5766/5372/490 5764/5370/490
f 5769/5371/490 5768/5374/490 5766/5372/490
f 5771/5373/490 5770/10198/490 5768/5374/490
f 5775/5375/490 5774/5379/490 5772/5376/490
f 5777/5378/490 5776/5381/490 5774/5379/490
f 5779/5380/490 5778/5383/490 5776/5381/490
f 5781/5382/490 5780/10199/490 5778/5383/490
f 5785/5384/490 5784/5388/490 5782/5385/490
f 5787/5387/490 5786/5390/490 5784/5388/490
f 5789/5389/490 5788/5392/490 5786/5390/490
f 5791/5391/490 5790/10200/490 5788/5392/490
f 5795/5393/490 5794/5397/490 5792/5394/490
f 5797/5396/490 5796/5399/490 5794/5397/490
f 5799/5398/490 5798/5401/490 5796/5399/490
f 5801/5400/490 5800/10201/490 5798/5401/490
f 5805/5402/490 5804/5406/490 5802/5403/490
f 5807/5405/490 5806/5408/490 5804/5406/490
f 5809/5407/490 5808/5410/490 5806/5408/490
f 5811/5409/490 5810/10202/490 5808/5410/490
f 5815/5411/490 5814/5415/490 5812/5412/490
f 5817/5414/490 5816/5417/490 5814/5415/490
f 5819/5416/490 5818/5419/490 5816/5417/490
f 5821/5418/490 5820/10203/490 5818/5419/490
f 5825/5420/490 5824/5424/490 5822/5421/490
f 5827/5423/490 5826/5426/490 5824/5424/490
f 5829/5425/490 5828/5428/490 5826/5426/490
f 5831/5427/490 5830/10204/490 5828/5428/490
f 5835/5429/490 5834/5433/490 5832/5430/490
f 5837/5432/490 5836/5435/490 5834/5433/490
f 5839/5434/490 5838/5437/490 5836/5435/490
f 5841/5436/490 5840/10205/490 5838/5437/490
f 5845/5438/490 5844/5442/490 5842/5439/490
f 5847/5441/490 5846/5444/490 5844/5442/490
f 5849/5443/490 5848/5446/490 5846/5444/490
f 5851/5445/490 5850/10206/490 5848/5446/490
f 5855/5447/490 5854/5451/490 5852/5448/490
f 5857/5450/490 5856/5453/490 5854/5451/490
f 5859/5452/490 5858/5455/490 5856/5453/490
f 5861/5454/490 5860/10207/490 5858/5455/490
f 5865/5456/490 5864/5460/490 5862/5457/490
f 5867/5459/490 5866/5462/490 5864/5460/490
f 5869/5461/490 5868/5464/490 5866/5462/490
f 5871/5463/490 5870/10208/490 5868/5464/490
f 5875/5465/490 5874/5469/490 5872/5466/490
f 5877/5468/490 5876/5471/490 5874/5469/490
f 5879/5470/490 5878/5473/490 5876/5471/490
f 5881/5472/490 5880/10209/490 5878/5473/490
f 5885/5474/490 5884/5478/490 5882/5475/490
f 5887/5477/490 5886/5480/490 5884/5478/490
f 5889/5479/490 5888/5482/490 5886/5480/490
f 5891/5481/490 5890/10210/490 5888/5482/490
f 5895/5483/490 5894/5487/490 5892/5484/490
f 5897/5486/490 5896/5489/490 5894/5487/490
f 5899/5488/490 5898/5491/490 5896/5489/490
f 5901/5490/490 5900/10211/490 5898/5491/490
f 5905/5492/490 5904/5496/490 5902/5493/490
f 5907/5495/490 5906/5498/490 5904/5496/490
f 5909/5497/490 5908/5500/490 5906/5498/490
f 5911/5499/490 5910/10212/490 5908/5500/490
f 5915/5501/490 5914/5505/490 5912/5502/490
f 5917/5504/490 5916/5507/490 5914/5505/490
f 5919/5506/490 5918/5509/490 5916/5507/490
f 5921/5508/490 5920/10213/490 5918/5509/490
f 5925/5510/490 5924/5514/490 5922/5511/490
f 5927/5513/490 5926/5516/490 5924/5514/490
f 5929/5515/490 5928/5518/490 5926/5516/490
f 5931/5517/490 5930/10214/490 5928/5518/490
f 5935/5519/490 5934/5523/490 5932/5520/490
f 5937/5522/490 5936/5525/490 5934/5523/490
f 5939/5524/490 5938/5527/490 5936/5525/490
f 5941/5526/490 5940/10215/490 5938/5527/490
f 5945/5528/490 5944/5532/490 5942/5529/490
f 5947/5531/490 5946/5534/490 5944/5532/490
f 5949/5533/490 5948/5536/490 5946/5534/490
f 5951/5535/490 5950/10216/490 5948/5536/490
f 5955/5537/490 5954/5541/490 5952/5538/490
f 5957/5540/490 5956/5543/490 5954/5541/490
f 5959/5542/490 5958/5545/490 5956/5543/490
f 5961/5544/490 5960/10217/490 5958/5545/490
f 5965/5546/490 5964/5550/490 5962/5547/490
f 5967/5549/490 5966/5552/490 5964/5550/490
f 5969/5551/490 5968/5554/490 5966/5552/490
f 5971/5553/490 5970/10218/490 5968/5554/490
f 5975/5555/490 5974/5559/490 5972/5556/490
f 5977/5558/490 5976/5561/490 5974/5559/490
f 5979/5560/490 5978/5563/490 5976/5561/490
f 5981/5562/490 5980/10219/490 5978/5563/490
f 5985/5564/490 5984/5568/490 5982/5565/490
f 5987/5567/490 5986/5570/490 5984/5568/490
f 5989/5569/490 5988/5572/490 5986/5570/490
f 5991/5571/490 5990/10220/490 5988/5572/490
f 5995/5573/490 5994/5577/490 5992/5574/490
f 5997/5576/490 5996/5579/490 5994/5577/490
f 5999/5578/490 5998/5581/490 5996/5579/490
f 6001/5580/490 6000/10221/490 5998/5581/490
f 6005/5582/490 6004/5586/490 6002/5583/490
f 6007/5585/490 6006/5588/490 6004/5586/490
f 6009/5587/490 6008/5590/490 6006/5588/490
f 6011/5589/490 6010/10222/490 6008/5590/490
f 6015/5591/490 6014/5595/490 6012/5592/490
f 6017/5594/490 6016/5597/490 6014/5595/490
f 6019/5596/490 6018/5599/490 6016/5597/490
f 6021/5598/490 6020/10223/490 6018/5599/490
f 6025/5600/490 6024/5604/490 6022/5601/490
f 6027/5603/490 6026/5606/490 6024/5604/490
f 6029/5605/490 6028/5608/490 6026/5606/490
f 6031/5607/490 6030/10224/490 6028/5608/490
f 6035/5609/490 6034/5613/490 6032/5610/490
f 6037/5612/490 6036/5615/490 6034/5613/490
f 6039/5614/490 6038/5617/490 6036/5615/490
f 6041/5616/490 6040/10225/490 6038/5617/490
f 6045/5618/490 6044/5622/490 6042/5619/490
f 6047/5621/490 6046/5624/490 6044/5622/490
f 6049/5623/490 6048/5626/490 6046/5624/490
f 6051/5625/490 6050/10226/490 6048/5626/490
f 6055/5627/490 6054/5631/490 6052/5628/490
f 6057/5630/490 6056/5633/490 6054/5631/490
f 6059/5632/490 6058/5635/490 6056/5633/490
f 6061/5634/490 6060/10227/490 6058/5635/490
f 6065/5636/490 6064/5640/490 6062/5637/490
f 6067/5639/490 6066/5642/490 6064/5640/490
f 6069/5641/490 6068/5644/490 6066/5642/490
f 6071/5643/490 6070/10228/490 6068/5644/490
f 6075/5645/490 6074/5649/490 6072/5646/490
f 6077/5648/490 6076/5651/490 6074/5649/490
f 6079/5650/490 6078/5653/490 6076/5651/490
f 6081/5652/490 6080/10229/490 6078/5653/490
f 6085/5654/490 6084/5658/490 6082/5655/490
f 6087/5657/490 6086/5660/490 6084/5658/490
f 6089/5659/490 6088/5662/490 6086/5660/490
f 6091/5661/490 6090/10230/490 6088/5662/490
f 6095/5663/490 6094/5667/490 6092/5664/490
f 6097/5666/490 6096/5669/490 6094/5667/490
f 6099/5668/490 6098/5671/490 6096/5669/490
f 6101/5670/490 6100/10231/490 6098/5671/490
f 6105/5672/490 6104/5676/490 6102/5673/490
f 6107/5675/490 6106/5678/490 6104/5676/490
f 6109/5677/490 6108/5680/490 6106/5678/490
f 6111/5679/490 6110/10232/490 6108/5680/490
f 6115/5681/490 6114/5685/490 6112/5682/490
f 6117/5684/490 6116/5687/490 6114/5685/490
f 6119/5686/490 6118/5689/490 6116/5687/490
f 6121/5688/490 6120/10233/490 6118/5689/490
f 6125/5690/490 6124/5694/490 6122/5691/490
f 6127/5693/490 6126/5696/490 6124/5694/490
f 6129/5695/490 6128/5698/490 6126/5696/490
f 6131/5697/490 6130/10234/490 6128/5698/490
f 6135/5699/490 6134/5703/490 6132/5700/490
f 6137/5702/490 6136/5705/490 6134/5703/490
f 6139/5704/490 6138/5707/490 6136/5705/490
f 6141/5706/490 6140/10235/490 6138/5707/490
f 6145/5708/490 6144/5712/490 6142/5709/490
f 6147/5711/490 6146/5714/490 6144/5712/490
f 6149/5713/490 6148/5716/490 6146/5714/490
f 6151/5715/490 6150/10236/490 6148/5716/490
f 6155/5717/490 6154/5721/490 6152/5718/490
f 6157/5720/490 6156/5723/490 6154/5721/490
f 6159/5722/490 6158/5725/490 6156/5723/490
f 6161/5724/490 6160/10237/490 6158/5725/490
f 6165/5726/490 6164/5730/490 6162/5727/490
f 6167/5729/490 6166/5732/490 6164/5730/490
f 6169/5731/490 6168/5734/490 6166/5732/490
f 6171/5733/490 6170/10238/490 6168/5734/490
f 6175/5735/490 6174/5739/490 6172/5736/490
f 6177/5738/490 6176/5741/490 6174/5739/490
f 6179/5740/490 6178/5743/490 6176/5741/490
f 6181/5742/490 6180/10239/490 6178/5743/490
f 6185/5744/490 6184/5748/490 6182/5745/490
f 6187/5747/490 6186/5750/490 6184/5748/490
f 6189/5749/490 6188/5752/490 6186/5750/490
f 6191/5751/490 6190/10240/490 6188/5752/490
f 6195/5753/490 6194/5757/490 6192/5754/490
f 6197/5756/490 6196/5759/490 6194/5757/490
f 6199/5758/490 6198/5761/490 6196/5759/490
f 6201/5760/490 6200/10241/490 6198/5761/490
f 6205/5762/490 6204/5766/490 6202/5763/490
f 6207/5765/490 6206/5768/490 6204/5766/490
f 6209/5767/490 6208/5770/490 6206/5768/490
f 6211/5769/490 6210/10242/490 6208/5770/490
f 6215/5771/490 6214/5775/490 6212/5772/490
f 6217/5774/490 6216/5777/490 6214/5775/490
f 6219/5776/490 6218/5779/490 6216/5777/490
f 6221/5778/490 6220/10243/490 6218/5779/490
f 6225/5780/490 6224/5784/490 6222/5781/490
f 6227/5783/490 6226/5786/490 6224/5784/490
f 6229/5785/490 6228/5788/490 6226/5786/490
f 6231/5787/490 6230/10244/490 6228/5788/490
f 6235/5789/490 6234/5793/490 6232/5790/490
f 6237/5792/490 6236/5795/490 6234/5793/490
f 6239/5794/490 6238/5797/490 6236/5795/490
f 6241/5796/490 6240/10245/490 6238/5797/490
f 6245/5798/490 6244/5802/490 6242/5799/490
f 6247/5801/490 6246/5804/490 6244/5802/490
f 6249/5803/490 6248/5806/490 6246/5804/490
f 6251/5805/490 6250/10246/490 6248/5806/490
f 6255/5807/490 6254/5811/490 6252/5808/490
f 6257/5810/490 6256/5813/490 6254/5811/490
f 6259/5812/490 6258/5815/490 6256/5813/490
f 6261/5814/490 6260/10247/490 6258/5815/490
f 6265/5816/490 6264/5820/490 6262/5817/490
f 6267/5819/490 6266/5822/490 6264/5820/490
f 6269/5821/490 6268/5824/490 6266/5822/490
f 6271/5823/490 6270/10248/490 6268/5824/490
f 6275/5825/490 6274/5829/490 6272/5826/490
f 6277/5828/490 6276/5831/490 6274/5829/490
f 6279/5830/490 6278/5833/490 6276/5831/490
f 6281/5832/490 6280/10249/490 6278/5833/490
f 6285/5834/490 6284/5838/490 6282/5835/490
f 6287/5837/490 6286/5840/490 6284/5838/490
f 6289/5839/490 6288/5842/490 6286/5840/490
f 6291/5841/490 6290/10250/490 6288/5842/490
f 6295/5843/490 6294/5847/490 6292/5844/490
f 6297/5846/490 6296/5849/490 6294/5847/490
f 6299/5848/490 6298/5851/490 6296/5849/490
f 6301/5850/490 6300/10251/490 6298/5851/490
f 6305/5852/490 6304/5856/490 6302/5853/490
f 6307/5855/490 6306/5858/490 6304/5856/490
f 6309/5857/490 6308/5860/490 6306/5858/490
f 6311/5859/490 6310/10252/490 6308/5860/490
f 6315/5861/490 6314/5865/490 6312/5862/490
f 6317/5864/490 6316/5867/490 6314/5865/490
f 6319/5866/490 6318/5869/490 6316/5867/490
f 6321/5868/490 6320/10253/490 6318/5869/490
f 6325/5870/490 6324/5874/490 6322/5871/490
f 6327/5873/490 6326/5876/490 6324/5874/490
f 6329/5875/490 6328/5878/490 6326/5876/490
f 6331/5877/490 6330/10254/490 6328/5878/490
f 6335/5879/490 6334/5883/490 6332/5880/490
f 6337/5882/490 6336/5885/490 6334/5883/490
f 6339/5884/490 6338/5887/490 6336/5885/490
f 6341/5886/490 6340/10255/490 6338/5887/490
f 6345/5888/490 6344/5892/490 6342/5889/490
f 6347/5891/490 6346/5894/490 6344/5892/490
f 6349/5893/490 6348/5896/490 6346/5894/490
f 6351/5895/490 6350/10256/490 6348/5896/490
f 6355/5897/490 6354/5901/490 6352/5898/490
f 6357/5900/490 6356/5903/490 6354/5901/490
f 6359/5902/490 6358/5905/490 6356/5903/490
f 6361/5904/490 6360/10257/490 6358/5905/490
f 6365/5906/490 6364/5910/490 6362/5907/490
f 6367/5909/490 6366/5912/490 6364/5910/490
f 6369/5911/490 6368/5914/490 6366/5912/490
f 6371/5913/490 6370/10258/490 6368/5914/490
f 6375/5915/490 6374/5919/490 6372/5916/490
f 6377/5918/490 6376/5921/490 6374/5919/490
f 6379/5920/490 6378/5923/490 6376/5921/490
f 6381/5922/490 6380/10259/490 6378/5923/490
f 6385/5924/490 6384/5928/490 6382/5925/490
f 6387/5927/490 6386/5930/490 6384/5928/490
f 6389/5929/490 6388/5932/490 6386/5930/490
f 6391/5931/490 6390/10260/490 6388/5932/490
f 6395/5933/490 6394/5937/490 6392/5934/490
f 6397/5936/490 6396/5939/490 6394/5937/490
f 6399/5938/490 6398/5941/490 6396/5939/490
f 6401/5940/490 6400/10261/490 6398/5941/490
f 6405/5942/490 6404/5946/490 6402/5943/490
f 6407/5945/490 6406/5948/490 6404/5946/490
f 6409/5947/490 6408/5950/490 6406/5948/490
f 6411/5949/490 6410/10262/490 6408/5950/490
f 6415/5951/490 6414/5955/490 6412/5952/490
f 6417/5954/490 6416/5957/490 6414/5955/490
f 6419/5956/490 6418/5959/490 6416/5957/490
f 6421/5958/490 6420/10263/490 6418/5959/490
f 6425/5960/490 6424/5964/490 6422/5961/490
f 6427/5963/490 6426/5966/490 6424/5964/490
f 6429/5965/490 6428/5968/490 6426/5966/490
f 6431/5967/490 6430/10264/490 6428/5968/490
f 6435/5969/490 6434/5973/490 6432/5970/490
f 6437/5972/490 6436/5975/490 6434/5973/490
f 6439/5974/490 6438/5977/490 6436/5975/490
f 6441/5976/490 6440/10265/490 6438/5977/490
f 6445/5978/490 6444/5982/490 6442/5979/490
f 6447/5981/490 6446/5984/490 6444/5982/490
f 6449/5983/490 6448/5986/490 6446/5984/490
f 6451/5985/490 6450/10266/490 6448/5986/490
f 6455/5987/490 6454/5991/490 6452/5988/490
f 6457/5990/490 6456/5993/490 6454/5991/490
f 6459/5992/490 6458/5995/490 6456/5993/490
f 6461/5994/490 6460/10267/490 6458/5995/490
f 6465/5996/490 6464/6000/490 6462/5997/490
f 6467/5999/490 6466/6002/490 6464/6000/490
f 6469/6001/490 6468/6004/490 6466/6002/490
f 6471/6003/490 6470/10268/490 6468/6004/490
f 6475/6005/490 6474/6009/490 6472/6006/490
f 6477/6008/490 6476/6011/490 6474/6009/490
f 6479/6010/490 6478/6013/490 6476/6011/490
f 6481/6012/490 6480/10269/490 6478/6013/490
f 6485/6014/490 6484/6018/490 6482/6015/490
f 6487/6017/490 6486/6020/490 6484/6018/490
f 6489/6019/490 6488/6022/490 6486/6020/490
f 6491/6021/490 6490/10270/490 6488/6022/490
f 6495/6023/490 6494/6027/490 6492/6024/490
f 6497/6026/490 6496/6029/490 6494/6027/490
f 6499/6028/490 6498/6031/490 6496/6029/490
f 6501/6030/490 6500/10271/490 6498/6031/490
f 6505/6032/490 6504/6036/490 6502/6033/490
f 6507/6035/490 6506/6038/490 6504/6036/490
f 6509/6037/490 6508/6040/490 6506/6038/490
f 6511/6039/490 6510/10272/490 6508/6040/490
f 6515/6041/490 6514/6045/490 6512/6042/490
f 6517/6044/490 6516/6047/490 6514/6045/490
f 6519/6046/490 6518/6049/490 6516/6047/490
f 6521/6048/490 6520/10273/490 6518/6049/490
f 6525/6050/490 6524/6054/490 6522/6051/490
f 6527/6053/490 6526/6056/490 6524/6054/490
f 6529/6055/490 6528/6058/490 6526/6056/490
f 6531/6057/490 6530/10274/490 6528/6058/490
f 6535/6059/490 6534/6063/490 6532/6060/490
f 6537/6062/490 6536/6065/490 6534/6063/490
f 6539/6064/490 6538/6067/490 6536/6065/490
f 6541/6066/490 6540/10275/490 6538/6067/490
f 6545/6068/490 6544/6072/490 6542/6069/490
f 6547/6071/490 6546/6074/490 6544/6072/490
f 6549/6073/490 6548/6076/490 6546/6074/490
f 6551/6075/490 6550/10276/490 6548/6076/490
f 6555/6077/490 6554/6081/490 6552/6078/490
f 6557/6080/490 6556/6083/490 6554/6081/490
f 6559/6082/490 6558/6085/490 6556/6083/490
f 6561/6084/490 6560/10277/490 6558/6085/490
f 6565/6086/490 6564/6090/490 6562/6087/490
f 6567/6089/490 6566/6092/490 6564/6090/490
f 6569/6091/490 6568/6094/490 6566/6092/490
f 6571/6093/490 6570/10278/490 6568/6094/490
f 6575/6095/490 6574/6099/490 6572/6096/490
f 6577/6098/490 6576/6101/490 6574/6099/490
f 6579/6100/490 6578/6103/490 6576/6101/490
f 6581/6102/490 6580/10279/490 6578/6103/490
f 6585/6104/490 6584/6108/490 6582/6105/490
f 6587/6107/490 6586/6110/490 6584/6108/490
f 6589/6109/490 6588/6112/490 6586/6110/490
f 6591/6111/490 6590/10280/490 6588/6112/490
f 6595/6113/490 6594/6117/490 6592/6114/490
f 6597/6116/490 6596/6119/490 6594/6117/490
f 6599/6118/490 6598/6121/490 6596/6119/490
f 6601/6120/490 6600/10281/490 6598/6121/490
f 6605/6122/490 6604/6126/490 6602/6123/490
f 6607/6125/490 6606/6128/490 6604/6126/490
f 6609/6127/490 6608/6130/490 6606/6128/490
f 6611/6129/490 6610/10282/490 6608/6130/490
f 6615/6131/490 6614/6135/490 6612/6132/490
f 6617/6134/490 6616/6137/490 6614/6135/490
f 6619/6136/490 6618/6139/490 6616/6137/490
f 6621/6138/490 6620/10283/490 6618/6139/490
f 6625/6140/490 6624/6144/490 6622/6141/490
f 6627/6143/490 6626/6146/490 6624/6144/490
f 6629/6145/490 6628/6148/490 6626/6146/490
f 6631/6147/490 6630/10284/490 6628/6148/490
f 6635/6149/490 6634/6153/490 6632/6150/490
f 6637/6152/490 6636/6155/490 6634/6153/490
f 6639/6154/490 6638/6157/490 6636/6155/490
f 6641/6156/490 6640/10285/490 6638/6157/490
f 6645/6158/490 6644/6162/490 6642/6159/490
f 6647/6161/490 6646/6164/490 6644/6162/490
f 6649/6163/490 6648/6166/490 6646/6164/490
f 6651/6165/490 6650/10286/490 6648/6166/490
f 6655/6167/490 6654/6171/490 6652/6168/490
f 6657/6170/490 6656/6173/490 6654/6171/490
f 6659/6172/490 6658/6175/490 6656/6173/490
f 6661/6174/490 6660/10287/490 6658/6175/490
f 6665/6176/490 6664/6180/490 6662/6177/490
f 6667/6179/490 6666/6182/490 6664/6180/490
f 6669/6181/490 6668/6184/490 6666/6182/490
f 6671/6183/490 6670/10288/490 6668/6184/490
f 6675/6185/490 6674/6189/490 6672/6186/490
f 6677/6188/490 6676/6191/490 6674/6189/490
f 6679/6190/490 6678/6193/490 6676/6191/490
f 6681/6192/490 6680/10289/490 6678/6193/490
f 6685/6194/490 6684/6198/490 6682/6195/490
f 6687/6197/490 6686/6200/490 6684/6198/490
f 6689/6199/490 6688/6202/490 6686/6200/490
f 6691/6201/490 6690/10290/490 6688/6202/490
f 6695/6203/490 6694/6207/490 6692/6204/490
f 6697/6206/490 6696/6209/490 6694/6207/490
f 6699/6208/490 6698/6211/490 6696/6209/490
f 6701/6210/490 6700/10291/490 6698/6211/490
f 6705/6212/490 6704/6216/490 6702/6213/490
f 6707/6215/490 6706/6218/490 6704/6216/490
f 6709/6217/490 6708/6220/490 6706/6218/490
f 6711/6219/490 6710/10292/490 6708/6220/490
f 6715/6221/490 6714/6225/490 6712/6222/490
f 6717/6224/490 6716/6227/490 6714/6225/490
f 6719/6226/490 6718/6229/490 6716/6227/490
f 6721/6228/490 6720/10293/490 6718/6229/490
f 6725/6230/490 6724/6234/490 6722/6231/490
f 6727/6233/490 6726/6236/490 6724/6234/490
f 6729/6235/490 6728/6238/490 6726/6236/490
f 6731/6237/490 6730/10294/490 6728/6238/490
f 6735/6239/490 6734/6243/490 6732/6240/490
f 6737/6242/490 6736/6245/490 6734/6243/490
f 6739/6244/490 6738/6247/490 6736/6245/490
f 6741/6246/490 6740/10295/490 6738/6247/490
f 6745/6248/490 6744/6252/490 6742/6249/490
f 6747/6251/490 6746/6254/490 6744/6252/490
f 6749/6253/490 6748/6256/490 6746/6254/490
f 6751/6255/490 6750/10296/490 6748/6256/490
f 6755/6257/490 6754/6261/490 6752/6258/490
f 6757/6260/490 6756/6263/490 6754/6261/490
f 6759/6262/490 6758/6265/490 6756/6263/490
f 6761/6264/490 6760/10297/490 6758/6265/490
f 6765/6266/490 6764/6270/490 6762/6267/490
f 6767/6269/490 6766/6272/490 6764/6270/490
f 6769/6271/490 6768/6274/490 6766/6272/490
f 6771/6273/490 6770/10298/490 6768/6274/490
f 6775/6275/490 6774/6279/490 6772/6276/490
f 6777/6278/490 6776/6281/490 6774/6279/490
f 6779/6280/490 6778/6283/490 6776/6281/490
f 6781/6282/490 6780/10299/490 6778/6283/490
f 6785/6284/490 6784/6288/490 6782/6285/490
f 6787/6287/490 6786/6290/490 6784/6288/490
f 6789/6289/490 6788/6292/490 6786/6290/490
f 6791/6291/490 6790/10300/490 6788/6292/490
f 6795/6293/490 6794/6297/490 6792/6294/490
f 6797/6296/490 6796/6299/490 6794/6297/490
f 6799/6298/490 6798/6301/490 6796/6299/490
f 6801/6300/490 6800/10301/490 6798/6301/490
f 6805/6302/490 6804/6306/490 6802/6303/490
f 6807/6305/490 6806/6308/490 6804/6306/490
f 6809/6307/490 6808/6310/490 6806/6308/490
f 6811/6309/490 6810/10302/490 6808/6310/490
f 6815/6311/490 6814/6315/490 6812/6312/490
f 6817/6314/490 6816/6317/490 6814/6315/490
f 6819/6316/490 6818/6319/490 6816/6317/490
f 6821/6318/490 6820/10303/490 6818/6319/490
f 6825/6320/490 6824/6324/490 6822/6321/490
f 6827/6323/490 6826/6326/490 6824/6324/490
f 6829/6325/490 6828/6328/490 6826/6326/490
f 6831/6327/490 6830/10304/490 6828/6328/490
f 6835/6329/490 6834/6333/490 6832/6330/490
f 6837/6332/490 6836/6335/490 6834/6333/490
f 6839/6334/490 6838/6337/490 6836/6335/490
f 6841/6336/490 6840/10305/490 6838/6337/490
f 6845/6338/490 6844/6342/490 6842/6339/490
f 6847/6341/490 6846/6344/490 6844/6342/490
f 6849/6343/490 6848/6346/490 6846/6344/490
f 6851/6345/490 6850/10306/490 6848/6346/490
f 6855/6347/490 6854/6351/490 6852/6348/490
f 6857/6350/490 6856/6353/490 6854/6351/490
f 6859/6352/490 6858/6355/490 6856/6353/490
f 6861/6354/490 6860/10307/490 6858/6355/490
f 6865/6356/490 6864/6360/490 6862/6357/490
f 6867/6359/490 6866/6362/490 6864/6360/490
f 6869/6361/490 6868/6364/490 6866/6362/490
f 6871/6363/490 6870/10308/490 6868/6364/490
f 6875/6365/490 6874/6369/490 6872/6366/490
f 6877/6368/490 6876/6371/490 6874/6369/490
f 6879/6370/490 6878/6373/490 6876/6371/490
f 6881/6372/490 6880/10309/490 6878/6373/490
f 6885/6374/490 6884/6378/490 6882/6375/490
f 6887/6377/490 6886/6380/490 6884/6378/490
f 6889/6379/490 6888/6382/490 6886/6380/490
f 6891/6381/490 6890/10310/490 6888/6382/490
f 6895/6383/490 6894/6387/490 6892/6384/490
f 6897/6386/490 6896/6389/490 6894/6387/490
f 6899/6388/490 6898/6391/490 6896/6389/490
f 6901/6390/490 6900/10311/490 6898/6391/490
f 6905/6392/490 6904/6396/490 6902/6393/490
f 6907/6395/490 6906/6398/490 6904/6396/490
f 6909/6397/490 6908/6400/490 6906/6398/490
f 6911/6399/490 6910/10312/490 6908/6400/490
f 6915/6401/490 6914/6405/490 6912/6402/490
f 6917/6404/490 6916/6407/490 6914/6405/490
f 6919/6406/490 6918/6409/490 6916/6407/490
f 6921/6408/490 6920/10313/490 6918/6409/490
f 6925/6410/490 6924/6414/490 6922/6411/490
f 6927/6413/490 6926/6416/490 6924/6414/490
f 6929/6415/490 6928/6418/490 6926/6416/490
f 6931/6417/490 6930/10314/490 6928/6418/490
f 6935/6419/490 6934/6423/490 6932/6420/490
f 6937/6422/490 6936/6425/490 6934/6423/490
f 6939/6424/490 6938/6427/490 6936/6425/490
f 6941/6426/490 6940/10315/490 6938/6427/490
f 6945/6428/490 6944/6432/490 6942/6429/490
f 6947/6431/490 6946/6434/490 6944/6432/490
f 6949/6433/490 6948/6436/490 6946/6434/490
f 6951/6435/490 6950/10316/490 6948/6436/490
f 6955/6437/490 6954/6441/490 6952/6438/490
f 6957/6440/490 6956/6443/490 6954/6441/490
f 6959/6442/490 6958/6445/490 6956/6443/490
f 6961/6444/490 6960/10317/490 6958/6445/490
f 6965/6446/490 6964/6450/490 6962/6447/490
f 6967/6449/490 6966/6452/490 6964/6450/490
f 6969/6451/490 6968/6454/490 6966/6452/490
f 6971/6453/490 6970/10318/490 6968/6454/490
f 6975/6455/490 6974/6459/490 6972/6456/490
f 6977/6458/490 6976/6461/490 6974/6459/490
f 6979/6460/490 6978/6463/490 6976/6461/490
f 6981/6462/490 6980/10319/490 6978/6463/490
f 6985/6464/490 6984/6468/490 6982/6465/490
f 6987/6467/490 6986/6470/490 6984/6468/490
f 6989/6469/490 6988/6472/490 6986/6470/490
f 6991/6471/490 6990/10320/490 6988/6472/490
f 6995/6473/490 6994/6477/490 6992/6474/490
f 6997/6476/490 6996/6479/490 6994/6477/490
f 6999/6478/490 6998/6481/490 6996/6479/490
f 7001/6480/490 7000/10321/490 6998/6481/490
f 7005/6482/490 7004/6486/490 7002/6483/490
f 7007/6485/490 7006/6488/490 7004/6486/490
f 7009/6487/490 7008/6490/490 7006/6488/490
f 7011/6489/490 7010/10322/490 7008/6490/490
f 7015/6491/490 7014/6495/490 7012/6492/490
f 7017/6494/490 7016/6497/490 7014/6495/490
f 7019/6496/490 7018/6499/490 7016/6497/490
f 7021/6498/490 7020/10323/490 7018/6499/490
f 7025/6500/490 7024/6504/490 7022/6501/490
f 7027/6503/490 7026/6506/490 7024/6504/490
f 7029/6505/490 7028/6508/490 7026/6506/490
f 7031/6507/490 7030/10324/490 7028/6508/490
f 7035/6509/490 7034/6513/490 7032/6510/490
f 7037/6512/490 7036/6515/490 7034/6513/490
f 7039/6514/490 7038/6517/490 7036/6515/490
f 7041/6516/490 7040/10325/490 7038/6517/490
f 7045/6518/490 7044/6522/490 7042/6519/490
f 7047/6521/490 7046/6524/490 7044/6522/490
f 7049/6523/490 7048/6526/490 7046/6524/490
f 7051/6525/490 7050/10326/490 7048/6526/490
f 7055/6527/490 7054/6531/490 7052/6528/490
f 7057/6530/490 7056/6533/490 7054/6531/490
f 7059/6532/490 7058/6535/490 7056/6533/490
f 7061/6534/490 7060/10327/490 7058/6535/490
f 7065/6536/490 7064/6540/490 7062/6537/490
f 7067/6539/490 7066/6542/490 7064/6540/490
f 7069/6541/490 7068/6544/490 7066/6542/490
f 7071/6543/490 7070/10328/490 7068/6544/490
f 7075/6545/490 7074/6549/490 7072/6546/490
f 7077/6548/490 7076/6551/490 7074/6549/490
f 7079/6550/490 7078/6553/490 7076/6551/490
f 7081/6552/490 7080/10329/490 7078/6553/490
f 7085/6554/490 7084/6558/490 7082/6555/490
f 7087/6557/490 7086/6560/490 7084/6558/490
f 7089/6559/490 7088/6562/490 7086/6560/490
f 7091/6561/490 7090/10330/490 7088/6562/490
f 7095/6563/490 7094/6567/490 7092/6564/490
f 7097/6566/490 7096/6569/490 7094/6567/490
f 7099/6568/490 7098/6571/490 7096/6569/490
f 7101/6570/490 7100/10331/490 7098/6571/490
f 7105/6572/490 7104/6576/490 7102/6573/490
f 7107/6575/490 7106/6578/490 7104/6576/490
f 7109/6577/490 7108/6580/490 7106/6578/490
f 7111/6579/490 7110/10332/490 7108/6580/490
f 7115/6581/490 7114/6585/490 7112/6582/490
f 7117/6584/490 7116/6587/490 7114/6585/490
f 7119/6586/490 7118/6589/490 7116/6587/490
f 7121/6588/490 7120/10333/490 7118/6589/490
f 7125/6590/490 7124/6594/490 7122/6591/490
f 7127/6593/490 7126/6596/490 7124/6594/490
f 7129/6595/490 7128/6598/490 7126/6596/490
f 7131/6597/490 7130/10334/490 7128/6598/490
f 7135/6599/490 7134/6603/490 7132/6600/490
f 7137/6602/490 7136/6605/490 7134/6603/490
f 7139/6604/490 7138/6607/490 7136/6605/490
f 7141/6606/490 7140/10335/490 7138/6607/490
f 7145/6608/490 7144/6612/490 7142/6609/490
f 7147/6611/490 7146/6614/490 7144/6612/490
f 7149/6613/490 7148/6616/490 7146/6614/490
f 7151/6615/490 7150/10336/490 7148/6616/490
f 7155/6617/490 7154/6621/490 7152/6618/490
f 7157/6620/490 7156/6623/490 7154/6621/490
f 7159/6622/490 7158/6625/490 7156/6623/490
f 7161/6624/490 7160/10337/490 7158/6625/490
f 7165/6626/490 7164/6630/490 7162/6627/490
f 7167/6629/490 7166/6632/490 7164/6630/490
f 7169/6631/490 7168/6634/490 7166/6632/490
f 7171/6633/490 7170/10338/490 7168/6634/490
f 7175/6635/490 7174/6639/490 7172/6636/490
f 7177/6638/490 7176/6641/490 7174/6639/490
f 7179/6640/490 7178/6643/490 7176/6641/490
f 7181/6642/490 7180/10339/490 7178/6643/490
f 7185/6644/490 7184/6648/490 7182/6645/490
f 7187/6647/490 7186/6650/490 7184/6648/490
f 7189/6649/490 7188/6652/490 7186/6650/490
f 7191/6651/490 7190/10340/490 7188/6652/490
f 7195/6653/490 7194/6657/490 7192/6654/490
f 7197/6656/490 7196/6659/490 7194/6657/490
f 7199/6658/490 7198/6661/490 7196/6659/490
f 7201/6660/490 7200/10341/490 7198/6661/490
f 7205/6662/490 7204/6666/490 7202/6663/490
f 7207/6665/490 7206/6668/490 7204/6666/490
f 7209/6667/490 7208/6670/490 7206/6668/490
f 7211/6669/490 7210/10342/490 7208/6670/490
f 7215/6671/490 7214/6675/490 7212/6672/490
f 7217/6674/490 7216/6677/490 7214/6675/490
f 7219/6676/490 7218/6679/490 7216/6677/490
f 7221/6678/490 7220/10343/490 7218/6679/490
f 7225/6680/490 7224/6684/490 7222/6681/490
f 7227/6683/490 7226/6686/490 7224/6684/490
f 7229/6685/490 7228/6688/490 7226/6686/490
f 7231/6687/490 7230/10344/490 7228/6688/490
f 7235/6689/490 7234/6693/490 7232/6690/490
f 7237/6692/490 7236/6695/490 7234/6693/490
f 7239/6694/490 7238/6697/490 7236/6695/490
f 7241/6696/490 7240/10345/490 7238/6697/490
f 7245/6698/490 7244/6702/490 7242/6699/490
f 7247/6701/490 7246/6704/490 7244/6702/490
f 7249/6703/490 7248/6706/490 7246/6704/490
f 7251/6705/490 7250/10346/490 7248/6706/490
f 7255/6707/490 7254/6711/490 7252/6708/490
f 7257/6710/490 7256/6713/490 7254/6711/490
f 7259/6712/490 7258/6715/490 7256/6713/490
f 7261/6714/490 7260/10347/490 7258/6715/490
f 7265/6716/490 7264/6720/490 7262/6717/490
f 7267/6719/490 7266/6722/490 7264/6720/490
f 7269/6721/490 7268/6724/490 7266/6722/490
f 7271/6723/490 7270/10348/490 7268/6724/490
f 7275/6725/490 7274/6729/490 7272/6726/490
f 7277/6728/490 7276/6731/490 7274/6729/490
f 7279/6730/490 7278/6733/490 7276/6731/490
f 7281/6732/490 7280/10349/490 7278/6733/490
f 7285/6734/490 7284/6738/490 7282/6735/490
f 7287/6737/490 7286/6740/490 7284/6738/490
f 7289/6739/490 7288/6742/490 7286/6740/490
f 7291/6741/490 7290/10350/490 7288/6742/490
f 7295/6743/490 7294/6747/490 7292/6744/490
f 7297/6746/490 7296/6749/490 7294/6747/490
f 7299/6748/490 7298/6751/490 7296/6749/490
f 7301/6750/490 7300/10351/490 7298/6751/490
f 7305/6752/490 7304/6756/490 7302/6753/490
f 7307/6755/490 7306/6758/490 7304/6756/490
f 7309/6757/490 7308/6760/490 7306/6758/490
f 7311/6759/490 7310/10352/490 7308/6760/490
f 7315/6761/490 7314/6765/490 7312/6762/490
f 7317/6764/490 7316/6767/490 7314/6765/490
f 7319/6766/490 7318/6769/490 7316/6767/490
f 7321/6768/490 7320/10353/490 7318/6769/490
f 7325/6770/490 7324/6774/490 7322/6771/490
f 7327/6773/490 7326/6776/490 7324/6774/490
f 7329/6775/490 7328/6778/490 7326/6776/490
f 7331/6777/490 7330/10354/490 7328/6778/490
f 7335/6779/490 7334/6783/490 7332/6780/490
f 7337/6782/490 7336/6785/490 7334/6783/490
f 7339/6784/490 7338/6787/490 7336/6785/490
f 7341/6786/490 7340/10355/490 7338/6787/490
f 7345/6788/490 7344/6792/490 7342/6789/490
f 7347/6791/490 7346/6794/490 7344/6792/490
f 7349/6793/490 7348/6796/490 7346/6794/490
f 7351/6795/490 7350/10356/490 7348/6796/490
f 7355/6797/490 7354/6801/490 7352/6798/490
f 7357/6800/490 7356/6803/490 7354/6801/490
f 7359/6802/490 7358/6805/490 7356/6803/490
f 7361/6804/490 7360/10357/490 7358/6805/490
f 7365/6806/490 7364/6810/490 7362/6807/490
f 7367/6809/490 7366/6812/490 7364/6810/490
f 7369/6811/490 7368/6814/490 7366/6812/490
f 7371/6813/490 7370/10358/490 7368/6814/490
f 7375/6815/490 7374/6819/490 7372/6816/490
f 7377/6818/490 7376/6821/490 7374/6819/490
f 7379/6820/490 7378/6823/490 7376/6821/490
f 7381/6822/490 7380/10359/490 7378/6823/490
f 7385/6824/490 7384/6828/490 7382/6825/490
f 7387/6827/490 7386/6830/490 7384/6828/490
f 7389/6829/490 7388/6832/490 7386/6830/490
f 7391/6831/490 7390/10360/490 7388/6832/490
f 7395/6833/490 7394/6837/490 7392/6834/490
f 7397/6836/490 7396/6839/490 7394/6837/490
f 7399/6838/490 7398/6841/490 7396/6839/490
f 7401/6840/490 7400/10361/490 7398/6841/490
f 7405/6842/490 7404/6846/490 7402/6843/490
f 7407/6845/490 7406/6848/490 7404/6846/490
f 7409/6847/490 7408/6850/490 7406/6848/490
f 7411/6849/490 7410/10362/490 7408/6850/490
f 7415/6851/490 7414/6855/490 7412/6852/490
f 7417/6854/490 7416/6857/490 7414/6855/490
f 7419/6856/490 7418/6859/490 7416/6857/490
f 7421/6858/490 7420/10363/490 7418/6859/490
f 7425/6860/490 7424/6864/490 7422/6861/490
f 7427/6863/490 7426/6866/490 7424/6864/490
f 7429/6865/490 7428/6868/490 7426/6866/490
f 7431/6867/490 7430/10364/490 7428/6868/490
f 7435/6869/490 7434/6873/490 7432/6870/490
f 7437/6872/490 7436/6875/490 7434/6873/490
f 7439/6874/490 7438/6877/490 7436/6875/490
f 7441/6876/490 7440/10365/490 7438/6877/490
f 7445/6878/490 7444/6882/490 7442/6879/490
f 7447/6881/490 7446/6884/490 7444/6882/490
f 7449/6883/490 7448/6886/490 7446/6884/490
f 7451/6885/490 7450/10366/490 7448/6886/490
f 7455/6887/490 7454/6891/490 7452/6888/490
f 7457/6890/490 7456/6893/490 7454/6891/490
f 7459/6892/490 7458/6895/490 7456/6893/490
f 7461/6894/490 7460/10367/490 7458/6895/490
f 7465/6896/490 7464/6900/490 7462/6897/490
f 7467/6899/490 7466/6902/490 7464/6900/490
f 7469/6901/490 7468/6904/490 7466/6902/490
f 7471/6903/490 7470/10368/490 7468/6904/490
f 7475/6905/490 7474/6909/490 7472/6906/490
f 7477/6908/490 7476/6911/490 7474/6909/490
f 7479/6910/490 7478/6913/490 7476/6911/490
f 7481/6912/490 7480/10369/490 7478/6913/490
f 7485/6914/490 7484/6918/490 7482/6915/490
f 7487/6917/490 7486/6920/490 7484/6918/490
f 7489/6919/490 7488/6922/490 7486/6920/490
f 7491/6921/490 7490/10370/490 7488/6922/490
f 7495/6923/490 7494/6927/490 7492/6924/490
f 7497/6926/490 7496/6929/490 7494/6927/490
f 7499/6928/490 7498/6931/490 7496/6929/490
f 7501/6930/490 7500/10371/490 7498/6931/490
f 7505/6932/490 7504/6936/490 7502/6933/490
f 7507/6935/490 7506/6938/490 7504/6936/490
f 7509/6937/490 7508/6940/490 7506/6938/490
f 7511/6939/490 7510/10372/490 7508/6940/490
f 7515/6941/490 7514/6945/490 7512/6942/490
f 7517/6944/490 7516/6947/490 7514/6945/490
f 7519/6946/490 7518/6949/490 7516/6947/490
f 7521/6948/490 7520/10373/490 7518/6949/490
f 7525/6950/490 7524/6954/490 7522/6951/490
f 7527/6953/490 7526/6956/490 7524/6954/490
f 7529/6955/490 7528/6958/490 7526/6956/490
f 7531/6957/490 7530/10374/490 7528/6958/490
f 7535/6959/490 7534/6963/490 7532/6960/490
f 7537/6962/490 7536/6965/490 7534/6963/490
f 7539/6964/490 7538/6967/490 7536/6965/490
f 7541/6966/490 7540/10375/490 7538/6967/490
f 7545/6968/490 7544/6972/490 7542/6969/490
f 7547/6971/490 7546/6974/490 7544/6972/490
f 7549/6973/490 7548/6976/490 7546/6974/490
f 7551/6975/490 7550/10376/490 7548/6976/490
f 7555/6977/490 7554/6981/490 7552/6978/490
f 7557/6980/490 7556/6983/490 7554/6981/490
f 7559/6982/490 7558/6985/490 7556/6983/490
f 7561/6984/490 7560/10377/490 7558/6985/490
f 7565/6986/490 7564/6990/490 7562/6987/490
f 7567/6989/490 7566/6992/490 7564/6990/490
f 7569/6991/490 7568/6994/490 7566/6992/490
f 7571/6993/490 7570/10378/490 7568/6994/490
f 7575/6995/490 7574/6999/490 7572/6996/490
f 7577/6998/490 7576/7001/490 7574/6999/490
f 7579/7000/490 7578/7003/490 7576/7001/490
f 7581/7002/490 7580/10379/490 7578/7003/490
f 7585/7004/490 7584/7008/490 7582/7005/490
f 7587/7007/490 7586/7010/490 7584/7008/490
f 7589/7009/490 7588/7012/490 7586/7010/490
f 7591/7011/490 7590/10380/490 7588/7012/490
f 7595/7013/490 7594/7017/490 7592/7014/490
f 7597/7016/490 7596/7019/490 7594/7017/490
f 7599/7018/490 7598/7021/490 7596/7019/490
f 7601/7020/490 7600/10381/490 7598/7021/490
f 7605/7022/490 7604/7026/490 7602/7023/490
f 7607/7025/490 7606/7028/490 7604/7026/490
f 7609/7027/490 7608/7030/490 7606/7028/490
f 7611/7029/490 7610/10382/490 7608/7030/490
f 7615/7031/490 7614/7035/490 7612/7032/490
f 7617/7034/490 7616/7037/490 7614/7035/490
f 7619/7036/490 7618/7039/490 7616/7037/490
f 7621/7038/490 7620/10383/490 7618/7039/490
f 7625/7040/490 7624/7044/490 7622/7041/490
f 7627/7043/490 7626/7046/490 7624/7044/490
f 7629/7045/490 7628/7048/490 7626/7046/490
f 7631/7047/490 7630/10384/490 7628/7048/490
f 7635/7049/490 7634/7053/490 7632/7050/490
f 7637/7052/490 7636/7055/490 7634/7053/490
f 7639/7054/490 7638/7057/490 7636/7055/490
f 7641/7056/490 7640/10385/490 7638/7057/490
f 7645/7058/490 7644/7062/490 7642/7059/490
f 7647/7061/490 7646/7064/490 7644/7062/490
f 7649/7063/490 7648/7066/490 7646/7064/490
f 7651/7065/490 7650/10386/490 7648/7066/490
f 7655/7067/490 7654/7071/490 7652/7068/490
f 7657/7070/490 7656/7073/490 7654/7071/490
f 7659/7072/490 7658/7075/490 7656/7073/490
f 7661/7074/490 7660/10387/490 7658/7075/490
f 7665/7076/490 7664/7080/490 7662/7077/490
f 7667/7079/490 7666/7082/490 7664/7080/490
f 7669/7081/490 7668/7084/490 7666/7082/490
f 7671/7083/490 7670/10388/490 7668/7084/490
f 7675/7085/490 7674/7089/490 7672/7086/490
f 7677/7088/490 7676/7091/490 7674/7089/490
f 7679/7090/490 7678/7093/490 7676/7091/490
f 7681/7092/490 7680/10389/490 7678/7093/490
f 7685/7094/490 7684/7098/490 7682/7095/490
f 7687/7097/490 7686/7100/490 7684/7098/490
f 7689/7099/490 7688/7102/490 7686/7100/490
f 7691/7101/490 7690/10390/490 7688/7102/490
f 7695/7103/490 7694/7107/490 7692/7104/490
f 7697/7106/490 7696/7109/490 7694/7107/490
f 7699/7108/490 7698/7111/490 7696/7109/490
f 7701/7110/490 7700/10391/490 7698/7111/490
f 7705/7112/490 7704/7116/490 7702/7113/490
f 7707/7115/490 7706/7118/490 7704/7116/490
f 7709/7117/490 7708/7120/490 7706/7118/490
f 7711/7119/490 7710/10392/490 7708/7120/490
f 7715/7121/490 7714/7125/490 7712/7122/490
f 7717/7124/490 7716/7127/490 7714/7125/490
f 7719/7126/490 7718/7129/490 7716/7127/490
f 7721/7128/490 7720/10393/490 7718/7129/490
f 7725/7130/489 7724/7134/489 7722/7131/489
f 7727/7133/489 7726/7136/489 7724/7134/489
f 7729/7135/489 7728/7138/489 7726/7136/489
f 7731/7137/489 7730/10394/489 7728/7138/489
f 7735/7139/489 7734/7143/489 7732/7140/489
f 7737/7142/489 7736/7145/489 7734/7143/489
f 7739/7144/489 7738/7147/489 7736/7145/489
f 7741/7146/489 7740/10395/489 7738/7147/489
f 7745/7148/490 7744/7152/490 7742/7149/490
f 7747/7151/490 7746/7154/490 7744/7152/490
f 7749/7153/490 7748/7156/490 7746/7154/490
f 7751/7155/490 7750/10396/490 7748/7156/490
f 7755/7157/489 7754/7161/489 7752/7158/489
f 7757/7160/489 7756/7163/489 7754/7161/489
f 7759/7162/489 7758/7165/489 7756/7163/489
f 7761/7164/489 7760/10397/489 7758/7165/489
f 7765/7166/490 7764/7170/490 7762/7167/490
f 7767/7169/490 7766/7172/490 7764/7170/490
f 7769/7171/490 7768/7174/490 7766/7172/490
f 7771/7173/490 7770/10398/490 7768/7174/490
f 7775/7175/490 7774/7179/490 7772/7176/490
f 7777/7178/490 7776/7181/490 7774/7179/490
f 7779/7180/490 7778/7183/490 7776/7181/490
f 7781/7182/490 7780/10399/490 7778/7183/490
f 7785/7184/490 7784/7188/490 7782/7185/490
f 7787/7187/490 7786/7190/490 7784/7188/490
f 7789/7189/490 7788/7192/490 7786/7190/490
f 7791/7191/490 7790/10400/490 7788/7192/490
f 7795/7193/490 7794/7197/490 7792/7194/490
f 7797/7196/490 7796/7199/490 7794/7197/490
f 7799/7198/490 7798/7201/490 7796/7199/490
f 7801/7200/490 7800/10401/490 7798/7201/490
f 7805/7202/490 7804/7206/490 7802/7203/490
f 7807/7205/490 7806/7208/490 7804/7206/490
f 7809/7207/490 7808/7210/490 7806/7208/490
f 7811/7209/490 7810/10402/490 7808/7210/490
f 7815/7211/490 7814/7215/490 7812/7212/490
f 7817/7214/490 7816/7217/490 7814/7215/490
f 7819/7216/490 7818/7219/490 7816/7217/490
f 7821/7218/490 7820/10403/490 7818/7219/490
f 7825/7220/490 7824/7224/490 7822/7221/490
f 7827/7223/490 7826/7226/490 7824/7224/490
f 7829/7225/490 7828/7228/490 7826/7226/490
f 7831/7227/490 7830/10404/490 7828/7228/490
f 7835/7229/490 7834/7233/490 7832/7230/490
f 7837/7232/490 7836/7235/490 7834/7233/490
f 7839/7234/490 7838/7237/490 7836/7235/490
f 7841/7236/490 7840/10405/490 7838/7237/490
f 7845/7238/490 7844/7242/490 7842/7239/490
f 7847/7241/490 7846/7244/490 7844/7242/490
f 7849/7243/490 7848/7246/490 7846/7244/490
f 7851/7245/490 7850/10406/490 7848/7246/490
f 7855/7247/490 7854/7251/490 7852/7248/490
f 7857/7250/490 7856/7253/490 7854/7251/490
f 7859/7252/490 7858/7255/490 7856/7253/490
f 7861/7254/490 7860/10407/490 7858/7255/490
f 7865/7256/490 7864/7260/490 7862/7257/490
f 7867/7259/490 7866/7262/490 7864/7260/490
f 7869/7261/490 7868/7264/490 7866/7262/490
f 7871/7263/490 7870/10408/490 7868/7264/490
f 7875/7265/490 7874/7269/490 7872/7266/490
f 7877/7268/490 7876/7271/490 7874/7269/490
f 7879/7270/490 7878/7273/490 7876/7271/490
f 7881/7272/490 7880/10409/490 7878/7273/490
f 7885/7274/490 7884/7278/490 7882/7275/490
f 7887/7277/490 7886/7280/490 7884/7278/490
f 7889/7279/490 7888/7282/490 7886/7280/490
f 7891/7281/490 7890/10410/490 7888/7282/490
f 7895/7283/490 7894/7287/490 7892/7284/490
f 7897/7286/490 7896/7289/490 7894/7287/490
f 7899/7288/490 7898/7291/490 7896/7289/490
f 7901/7290/490 7900/10411/490 7898/7291/490
f 7905/7292/490 7904/7296/490 7902/7293/490
f 7907/7295/490 7906/7298/490 7904/7296/490
f 7909/7297/490 7908/7300/490 7906/7298/490
f 7911/7299/490 7910/10412/490 7908/7300/490
f 7915/7301/490 7914/7305/490 7912/7302/490
f 7917/7304/490 7916/7307/490 7914/7305/490
f 7919/7306/490 7918/7309/490 7916/7307/490
f 7921/7308/490 7920/10413/490 7918/7309/490
f 7925/7310/490 7924/7314/490 7922/7311/490
f 7927/7313/490 7926/7316/490 7924/7314/490
f 7929/7315/490 7928/7318/490 7926/7316/490
f 7931/7317/490 7930/10414/490 7928/7318/490
f 7935/7319/490 7934/7323/490 7932/7320/490
f 7937/7322/490 7936/7325/490 7934/7323/490
f 7939/7324/490 7938/7327/490 7936/7325/490
f 7941/7326/490 7940/10415/490 7938/7327/490
f 7945/7328/490 7944/7332/490 7942/7329/490
f 7947/7331/490 7946/7334/490 7944/7332/490
f 7949/7333/490 7948/7336/490 7946/7334/490
f 7951/7335/490 7950/10416/490 7948/7336/490
f 7955/7337/490 7954/7341/490 7952/7338/490
f 7957/7340/490 7956/7343/490 7954/7341/490
f 7959/7342/490 7958/7345/490 7956/7343/490
f 7961/7344/490 7960/10417/490 7958/7345/490
f 7965/7346/490 7964/7350/490 7962/7347/490
f 7967/7349/490 7966/7352/490 7964/7350/490
f 7969/7351/490 7968/7354/490 7966/7352/490
f 7971/7353/490 7970/10418/490 7968/7354/490
f 7975/7355/490 7974/7359/490 7972/7356/490
f 7977/7358/490 7976/7361/490 7974/7359/490
f 7979/7360/490 7978/7363/490 7976/7361/490
f 7981/7362/490 7980/10419/490 7978/7363/490
f 7985/7364/490 7984/7368/490 7982/7365/490
f 7987/7367/490 7986/7370/490 7984/7368/490
f 7989/7369/490 7988/7372/490 7986/7370/490
f 7991/7371/490 7990/10420/490 7988/7372/490
f 7995/7373/490 7994/7377/490 7992/7374/490
f 7997/7376/490 7996/7379/490 7994/7377/490
f 7999/7378/490 7998/7381/490 7996/7379/490
f 8001/7380/490 8000/10421/490 7998/7381/490
f 8005/7382/490 8004/7386/490 8002/7383/490
f 8007/7385/490 8006/7388/490 8004/7386/490
f 8009/7387/490 8008/7390/490 8006/7388/490
f 8011/7389/490 8010/10422/490 8008/7390/490
f 8015/7391/490 8014/7395/490 8012/7392/490
f 8017/7394/490 8016/7397/490 8014/7395/490
f 8019/7396/490 8018/7399/490 8016/7397/490
f 8021/7398/490 8020/10423/490 8018/7399/490
f 8025/7400/490 8024/7404/490 8022/7401/490
f 8027/7403/490 8026/7406/490 8024/7404/490
f 8029/7405/490 8028/7408/490 8026/7406/490
f 8031/7407/490 8030/10424/490 8028/7408/490
f 8035/7409/490 8034/7413/490 8032/7410/490
f 8037/7412/490 8036/7415/490 8034/7413/490
f 8039/7414/490 8038/7417/490 8036/7415/490
f 8041/7416/490 8040/10425/490 8038/7417/490
f 8045/7418/490 8044/7422/490 8042/7419/490
f 8047/7421/490 8046/7424/490 8044/7422/490
f 8049/7423/490 8048/7426/490 8046/7424/490
f 8051/7425/490 8050/10426/490 8048/7426/490
f 8055/7427/490 8054/7431/490 8052/7428/490
f 8057/7430/490 8056/7433/490 8054/7431/490
f 8059/7432/490 8058/7435/490 8056/7433/490
f 8061/7434/490 8060/10427/490 8058/7435/490
f 8065/7436/490 8064/7440/490 8062/7437/490
f 8067/7439/490 8066/7442/490 8064/7440/490
f 8069/7441/490 8068/7444/490 8066/7442/490
f 8071/7443/490 8070/10428/490 8068/7444/490
f 8075/7445/490 8074/7449/490 8072/7446/490
f 8077/7448/490 8076/7451/490 8074/7449/490
f 8079/7450/490 8078/7453/490 8076/7451/490
f 8081/7452/490 8080/10429/490 8078/7453/490
f 8085/7454/490 8084/7458/490 8082/7455/490
f 8087/7457/490 8086/7460/490 8084/7458/490
f 8089/7459/490 8088/7462/490 8086/7460/490
f 8091/7461/490 8090/10430/490 8088/7462/490
f 8095/7463/490 8094/7467/490 8092/7464/490
f 8097/7466/490 8096/7469/490 8094/7467/490
f 8099/7468/490 8098/7471/490 8096/7469/490
f 8101/7470/490 8100/10431/490 8098/7471/490
f 8105/7472/490 8104/7476/490 8102/7473/490
f 8107/7475/490 8106/7478/490 8104/7476/490
f 8109/7477/490 8108/7480/490 8106/7478/490
f 8111/7479/490 8110/10432/490 8108/7480/490
f 8115/7481/490 8114/7485/490 8112/7482/490
f 8117/7484/490 8116/7487/490 8114/7485/490
f 8119/7486/490 8118/7489/490 8116/7487/490
f 8121/7488/490 8120/10433/490 8118/7489/490
f 8125/7490/490 8124/7494/490 8122/7491/490
f 8127/7493/490 8126/7496/490 8124/7494/490
f 8129/7495/490 8128/7498/490 8126/7496/490
f 8131/7497/490 8130/10434/490 8128/7498/490
f 8135/7499/490 8134/7503/490 8132/7500/490
f 8137/7502/490 8136/7505/490 8134/7503/490
f 8139/7504/490 8138/7507/490 8136/7505/490
f 8141/7506/490 8140/10435/490 8138/7507/490
f 8145/7508/490 8144/7512/490 8142/7509/490
f 8147/7511/490 8146/7514/490 8144/7512/490
f 8149/7513/490 8148/7516/490 8146/7514/490
f 8151/7515/490 8150/10436/490 8148/7516/490
f 8155/7517/490 8154/7521/490 8152/7518/490
f 8157/7520/490 8156/7523/490 8154/7521/490
f 8159/7522/490 8158/7525/490 8156/7523/490
f 8161/7524/490 8160/10437/490 8158/7525/490
f 8165/7526/490 8164/7530/490 8162/7527/490
f 8167/7529/490 8166/7532/490 8164/7530/490
f 8169/7531/490 8168/7534/490 8166/7532/490
f 8171/7533/490 8170/10438/490 8168/7534/490
f 8175/7535/490 8174/7539/490 8172/7536/490
f 8177/7538/490 8176/7541/490 8174/7539/490
f 8179/7540/490 8178/7543/490 8176/7541/490
f 8181/7542/490 8180/10439/490 8178/7543/490
f 8185/7544/490 8184/7548/490 8182/7545/490
f 8187/7547/490 8186/7550/490 8184/7548/490
f 8189/7549/490 8188/7552/490 8186/7550/490
f 8191/7551/490 8190/10440/490 8188/7552/490
f 8195/7553/490 8194/7557/490 8192/7554/490
f 8197/7556/490 8196/7559/490 8194/7557/490
f 8199/7558/490 8198/7561/490 8196/7559/490
f 8201/7560/490 8200/10441/490 8198/7561/490
f 8205/7562/490 8204/7566/490 8202/7563/490
f 8207/7565/490 8206/7568/490 8204/7566/490
f 8209/7567/490 8208/7570/490 8206/7568/490
f 8211/7569/490 8210/10442/490 8208/7570/490
f 8215/7571/490 8214/7575/490 8212/7572/490
f 8217/7574/490 8216/7577/490 8214/7575/490
f 8219/7576/490 8218/7579/490 8216/7577/490
f 8221/7578/490 8220/10443/490 8218/7579/490
f 8225/7580/490 8224/7584/490 8222/7581/490
f 8227/7583/490 8226/7586/490 8224/7584/490
f 8229/7585/490 8228/7588/490 8226/7586/490
f 8231/7587/490 8230/10444/490 8228/7588/490
f 8235/7589/490 8234/7593/490 8232/7590/490
f 8237/7592/490 8236/7595/490 8234/7593/490
f 8239/7594/490 8238/7597/490 8236/7595/490
f 8241/7596/490 8240/10445/490 8238/7597/490
f 8245/7598/490 8244/7602/490 8242/7599/490
f 8247/7601/490 8246/7604/490 8244/7602/490
f 8249/7603/490 8248/7606/490 8246/7604/490
f 8251/7605/490 8250/10446/490 8248/7606/490
f 8255/7607/490 8254/7611/490 8252/7608/490
f 8257/7610/490 8256/7613/490 8254/7611/490
f 8259/7612/490 8258/7615/490 8256/7613/490
f 8261/7614/490 8260/10447/490 8258/7615/490
f 8265/7616/490 8264/7620/490 8262/7617/490
f 8267/7619/490 8266/7622/490 8264/7620/490
f 8269/7621/490 8268/7624/490 8266/7622/490
f 8271/7623/490 8270/10448/490 8268/7624/490
f 8275/7625/490 8274/7629/490 8272/7626/490
f 8277/7628/490 8276/7631/490 8274/7629/490
f 8279/7630/490 8278/7633/490 8276/7631/490
f 8281/7632/490 8280/10449/490 8278/7633/490
f 8285/7634/490 8284/7638/490 8282/7635/490
f 8287/7637/490 8286/7640/490 8284/7638/490
f 8289/7639/490 8288/7642/490 8286/7640/490
f 8291/7641/490 8290/10450/490 8288/7642/490
f 8295/7643/490 8294/7647/490 8292/7644/490
f 8297/7646/490 8296/7649/490 8294/7647/490
f 8299/7648/490 8298/7651/490 8296/7649/490
f 8301/7650/490 8300/10451/490 8298/7651/490
f 8305/7652/490 8304/7656/490 8302/7653/490
f 8307/7655/490 8306/7658/490 8304/7656/490
f 8309/7657/490 8308/7660/490 8306/7658/490
f 8311/7659/490 8310/10452/490 8308/7660/490
f 8315/7661/490 8314/7665/490 8312/7662/490
f 8317/7664/490 8316/7667/490 8314/7665/490
f 8319/7666/490 8318/7669/490 8316/7667/490
f 8321/7668/490 8320/10453/490 8318/7669/490
f 8325/7670/490 8324/7674/490 8322/7671/490
f 8327/7673/490 8326/7676/490 8324/7674/490
f 8329/7675/490 8328/7678/490 8326/7676/490
f 8331/7677/490 8330/10454/490 8328/7678/490
f 8335/7679/490 8334/7683/490 8332/7680/490
f 8337/7682/490 8336/7685/490 8334/7683/490
f 8339/7684/490 8338/7687/490 8336/7685/490
f 8341/7686/490 8340/10455/490 8338/7687/490
f 8345/7688/490 8344/7692/490 8342/7689/490
f 8347/7691/490 8346/7694/490 8344/7692/490
f 8349/7693/490 8348/7696/490 8346/7694/490
f 8351/7695/490 8350/10456/490 8348/7696/490
f 8355/7697/490 8354/7701/490 8352/7698/490
f 8357/7700/490 8356/7703/490 8354/7701/490
f 8359/7702/490 8358/7705/490 8356/7703/490
f 8361/7704/490 8360/10457/490 8358/7705/490
f 8365/7706/490 8364/7710/490 8362/7707/490
f 8367/7709/490 8366/7712/490 8364/7710/490
f 8369/7711/490 8368/7714/490 8366/7712/490
f 8371/7713/490 8370/10458/490 8368/7714/490
f 8375/7715/490 8374/7719/490 8372/7716/490
f 8377/7718/490 8376/7721/490 8374/7719/490
f 8379/7720/490 8378/7723/490 8376/7721/490
f 8381/7722/490 8380/10459/490 8378/7723/490
f 8385/7724/490 8384/7728/490 8382/7725/490
f 8387/7727/490 8386/7730/490 8384/7728/490
f 8389/7729/490 8388/7732/490 8386/7730/490
f 8391/7731/490 8390/10460/490 8388/7732/490
f 8395/7733/490 8394/7737/490 8392/7734/490
f 8397/7736/490 8396/7739/490 8394/7737/490
f 8399/7738/490 8398/7741/490 8396/7739/490
f 8401/7740/490 8400/10461/490 8398/7741/490
f 8405/7742/490 8404/7746/490 8402/7743/490
f 8407/7745/490 8406/7748/490 8404/7746/490
f 8409/7747/490 8408/7750/490 8406/7748/490
f 8411/7749/490 8410/10462/490 8408/7750/490
f 8415/7751/490 8414/7755/490 8412/7752/490
f 8417/7754/490 8416/7757/490 8414/7755/490
f 8419/7756/490 8418/7759/490 8416/7757/490
f 8421/7758/490 8420/10463/490 8418/7759/490
f 8425/7760/490 8424/7764/490 8422/7761/490
f 8427/7763/490 8426/7766/490 8424/7764/490
f 8429/7765/490 8428/7768/490 8426/7766/490
f 8431/7767/490 8430/10464/490 8428/7768/490
f 8435/7769/490 8434/7773/490 8432/7770/490
f 8437/7772/490 8436/7775/490 8434/7773/490
f 8439/7774/490 8438/7777/490 8436/7775/490
f 8441/7776/490 8440/10465/490 8438/7777/490
f 8445/7778/490 8444/7782/490 8442/7779/490
f 8447/7781/490 8446/7784/490 8444/7782/490
f 8449/7783/490 8448/7786/490 8446/7784/490
f 8451/7785/490 8450/10466/490 8448/7786/490
f 8455/7787/490 8454/7791/490 8452/7788/490
f 8457/7790/490 8456/7793/490 8454/7791/490
f 8459/7792/490 8458/7795/490 8456/7793/490
f 8461/7794/490 8460/10467/490 8458/7795/490
f 8465/7796/490 8464/7800/490 8462/7797/490
f 8467/7799/490 8466/7802/490 8464/7800/490
f 8469/7801/490 8468/7804/490 8466/7802/490
f 8471/7803/490 8470/10468/490 8468/7804/490
f 8475/7805/490 8474/7809/490 8472/7806/490
f 8477/7808/490 8476/7811/490 8474/7809/490
f 8479/7810/490 8478/7813/490 8476/7811/490
f 8481/7812/490 8480/10469/490 8478/7813/490
f 8485/7814/490 8484/7818/490 8482/7815/490
f 8487/7817/490 8486/7820/490 8484/7818/490
f 8489/7819/490 8488/7822/490 8486/7820/490
f 8491/7821/490 8490/10470/490 8488/7822/490
f 8495/7823/490 8494/7827/490 8492/7824/490
f 8497/7826/490 8496/7829/490 8494/7827/490
f 8499/7828/490 8498/7831/490 8496/7829/490
f 8501/7830/490 8500/10471/490 8498/7831/490
f 8505/7832/490 8504/7836/490 8502/7833/490
f 8507/7835/490 8506/7838/490 8504/7836/490
f 8509/7837/490 8508/7840/490 8506/7838/490
f 8511/7839/490 8510/10472/490 8508/7840/490
f 8515/7841/490 8514/7845/490 8512/7842/490
f 8517/7844/490 8516/7847/490 8514/7845/490
f 8519/7846/490 8518/7849/490 8516/7847/490
f 8521/7848/490 8520/10473/490 8518/7849/490
f 8525/7850/490 8524/7854/490 8522/7851/490
f 8527/7853/490 8526/7856/490 8524/7854/490
f 8529/7855/490 8528/7858/490 8526/7856/490
f 8531/7857/490 8530/10474/490 8528/7858/490
f 8535/7859/490 8534/7863/490 8532/7860/490
f 8537/7862/490 8536/7865/490 8534/7863/490
f 8539/7864/490 8538/7867/490 8536/7865/490
f 8541/7866/490 8540/10475/490 8538/7867/490
f 8545/7868/490 8544/7872/490 8542/7869/490
f 8547/7871/490 8546/7874/490 8544/7872/490
f 8549/7873/490 8548/7876/490 8546/7874/490
f 8551/7875/490 8550/10476/490 8548/7876/490
f 8555/7877/490 8554/7881/490 8552/7878/490
f 8557/7880/490 8556/7883/490 8554/7881/490
f 8559/7882/490 8558/7885/490 8556/7883/490
f 8561/7884/490 8560/10477/490 8558/7885/490
f 8565/7886/490 8564/7890/490 8562/7887/490
f 8567/7889/490 8566/7892/490 8564/7890/490
f 8569/7891/490 8568/7894/490 8566/7892/490
f 8571/7893/490 8570/10478/490 8568/7894/490
f 8575/7895/490 8574/7899/490 8572/7896/490
f 8577/7898/490 8576/7901/490 8574/7899/490
f 8579/7900/490 8578/7903/490 8576/7901/490
f 8581/7902/490 8580/10479/490 8578/7903/490
f 8585/7904/490 8584/7908/490 8582/7905/490
f 8587/7907/490 8586/7910/490 8584/7908/490
f 8589/7909/490 8588/7912/490 8586/7910/490
f 8591/7911/490 8590/10480/490 8588/7912/490
f 8595/7913/490 8594/7917/490 8592/7914/490
f 8597/7916/490 8596/7919/490 8594/7917/490
f 8599/7918/490 8598/7921/490 8596/7919/490
f 8601/7920/490 8600/10481/490 8598/7921/490
f 8605/7922/490 8604/7926/490 8602/7923/490
f 8607/7925/490 8606/7928/490 8604/7926/490
f 8609/7927/490 8608/7930/490 8606/7928/490
f 8611/7929/490 8610/10482/490 8608/7930/490
f 8615/7931/490 8614/7935/490 8612/7932/490
f 8617/7934/490 8616/7937/490 8614/7935/490
f 8619/7936/490 8618/7939/490 8616/7937/490
f 8621/7938/490 8620/10483/490 8618/7939/490
f 8625/7940/490 8624/7944/490 8622/7941/490
f 8627/7943/490 8626/7946/490 8624/7944/490
f 8629/7945/490 8628/7948/490 8626/7946/490
f 8631/7947/490 8630/10484/490 8628/7948/490
f 8635/7949/490 8634/7953/490 8632/7950/490
f 8637/7952/490 8636/7955/490 8634/7953/490
f 8639/7954/490 8638/7957/490 8636/7955/490
f 8641/7956/490 8640/10485/490 8638/7957/490
f 8645/7958/490 8644/7962/490 8642/7959/490
f 8647/7961/490 8646/7964/490 8644/7962/490
f 8649/7963/490 8648/7966/490 8646/7964/490
f 8651/7965/490 8650/10486/490 8648/7966/490
f 8655/7967/490 8654/7971/490 8652/7968/490
f 8657/7970/490 8656/7973/490 8654/7971/490
f 8659/7972/490 8658/7975/490 8656/7973/490
f 8661/7974/490 8660/10487/490 8658/7975/490
f 8665/7976/490 8664/7980/490 8662/7977/490
f 8667/7979/490 8666/7982/490 8664/7980/490
f 8669/7981/490 8668/7984/490 8666/7982/490
f 8671/7983/490 8670/10488/490 8668/7984/490
f 8675/7985/490 8674/7989/490 8672/7986/490
f 8677/7988/490 8676/7991/490 8674/7989/490
f 8679/7990/490 8678/7993/490 8676/7991/490
f 8681/7992/490 8680/10489/490 8678/7993/490
f 8685/7994/490 8684/7998/490 8682/7995/490
f 8687/7997/490 8686/8000/490 8684/7998/490
f 8689/7999/490 8688/8002/490 8686/8000/490
f 8691/8001/490 8690/10490/490 8688/8002/490
f 8695/8003/490 8694/8007/490 8692/8004/490
f 8697/8006/490 8696/8009/490 8694/8007/490
f 8699/8008/490 8698/8011/490 8696/8009/490
f 8701/8010/490 8700/10491/490 8698/8011/490
f 8705/8012/490 8704/8016/490 8702/8013/490
f 8707/8015/490 8706/8018/490 8704/8016/490
f 8709/8017/490 8708/8020/490 8706/8018/490
f 8711/8019/490 8710/10492/490 8708/8020/490
f 8715/8021/490 8714/8025/490 8712/8022/490
f 8717/8024/490 8716/8027/490 8714/8025/490
f 8719/8026/490 8718/8029/490 8716/8027/490
f 8721/8028/490 8720/10493/490 8718/8029/490
f 8725/8030/490 8724/8034/490 8722/8031/490
f 8727/8033/490 8726/8036/490 8724/8034/490
f 8729/8035/490 8728/8038/490 8726/8036/490
f 8731/8037/490 8730/10494/490 8728/8038/490
f 8735/8039/490 8734/8043/490 8732/8040/490
f 8737/8042/490 8736/8045/490 8734/8043/490
f 8739/8044/490 8738/8047/490 8736/8045/490
f 8741/8046/490 8740/10495/490 8738/8047/490
f 8745/8048/490 8744/8052/490 8742/8049/490
f 8747/8051/490 8746/8054/490 8744/8052/490
f 8749/8053/490 8748/8056/490 8746/8054/490
f 8751/8055/490 8750/10496/490 8748/8056/490
f 8755/8057/490 8754/8061/490 8752/8058/490
f 8757/8060/490 8756/8063/490 8754/8061/490
f 8759/8062/490 8758/8065/490 8756/8063/490
f 8761/8064/490 8760/10497/490 8758/8065/490
f 8765/8066/490 8764/8070/490 8762/8067/490
f 8767/8069/490 8766/8072/490 8764/8070/490
f 8769/8071/490 8768/8074/490 8766/8072/490
f 8771/8073/490 8770/10498/490 8768/8074/490
f 8775/8075/490 8774/8079/490 8772/8076/490
f 8777/8078/490 8776/8081/490 8774/8079/490
f 8779/8080/490 8778/8083/490 8776/8081/490
f 8781/8082/490 8780/10499/490 8778/8083/490
f 8785/8084/490 8784/8088/490 8782/8085/490
f 8787/8087/490 8786/8090/490 8784/8088/490
f 8789/8089/490 8788/8092/490 8786/8090/490
f 8791/8091/490 8790/10500/490 8788/8092/490
f 8795/8093/490 8794/8097/490 8792/8094/490
f 8797/8096/490 8796/8099/490 8794/8097/490
f 8799/8098/490 8798/8101/490 8796/8099/490
f 8801/8100/490 8800/10501/490 8798/8101/490
f 8805/8102/490 8804/8106/490 8802/8103/490
f 8807/8105/490 8806/8108/490 8804/8106/490
f 8809/8107/490 8808/8110/490 8806/8108/490
f 8811/8109/490 8810/10502/490 8808/8110/490
f 8815/8111/490 8814/8115/490 8812/8112/490
f 8817/8114/490 8816/8117/490 8814/8115/490
f 8819/8116/490 8818/8119/490 8816/8117/490
f 8821/8118/490 8820/10503/490 8818/8119/490
f 8825/8120/490 8824/8124/490 8822/8121/490
f 8827/8123/490 8826/8126/490 8824/8124/490
f 8829/8125/490 8828/8128/490 8826/8126/490
f 8831/8127/490 8830/10504/490 8828/8128/490
f 8835/8129/490 8834/8133/490 8832/8130/490
f 8837/8132/490 8836/8135/490 8834/8133/490
f 8839/8134/490 8838/8137/490 8836/8135/490
f 8841/8136/490 8840/10505/490 8838/8137/490
f 8845/8138/490 8844/8142/490 8842/8139/490
f 8847/8141/490 8846/8144/490 8844/8142/490
f 8849/8143/490 8848/8146/490 8846/8144/490
f 8851/8145/490 8850/10506/490 8848/8146/490
f 8855/8147/490 8854/8151/490 8852/8148/490
f 8857/8150/490 8856/8153/490 8854/8151/490
f 8859/8152/490 8858/8155/490 8856/8153/490
f 8861/8154/490 8860/10507/490 8858/8155/490
f 8865/8156/490 8864/8160/490 8862/8157/490
f 8867/8159/490 8866/8162/490 8864/8160/490
f 8869/8161/490 8868/8164/490 8866/8162/490
f 8871/8163/490 8870/10508/490 8868/8164/490
f 8875/8165/490 8874/8169/490 8872/8166/490
f 8877/8168/490 8876/8171/490 8874/8169/490
f 8879/8170/490 8878/8173/490 8876/8171/490
f 8881/8172/490 8880/10509/490 8878/8173/490
f 8885/8174/490 8884/8178/490 8882/8175/490
f 8887/8177/490 8886/8180/490 8884/8178/490
f 8889/8179/490 8888/8182/490 8886/8180/490
f 8891/8181/490 8890/10510/490 8888/8182/490
f 8895/8183/490 8894/8187/490 8892/8184/490
f 8897/8186/490 8896/8189/490 8894/8187/490
f 8899/8188/490 8898/8191/490 8896/8189/490
f 8901/8190/490 8900/10511/490 8898/8191/490
f 8905/8192/490 8904/8196/490 8902/8193/490
f 8907/8195/490 8906/8198/490 8904/8196/490
f 8909/8197/490 8908/8200/490 8906/8198/490
f 8911/8199/490 8910/10512/490 8908/8200/490
f 8915/8201/490 8914/8205/490 8912/8202/490
f 8917/8204/490 8916/8207/490 8914/8205/490
f 8919/8206/490 8918/8209/490 8916/8207/490
f 8921/8208/490 8920/10513/490 8918/8209/490
f 8925/8210/490 8924/8214/490 8922/8211/490
f 8927/8213/490 8926/8216/490 8924/8214/490
f 8929/8215/490 8928/8218/490 8926/8216/490
f 8931/8217/490 8930/10514/490 8928/8218/490
f 8935/8219/490 8934/8223/490 8932/8220/490
f 8937/8222/490 8936/8225/490 8934/8223/490
f 8939/8224/490 8938/8227/490 8936/8225/490
f 8941/8226/490 8940/10515/490 8938/8227/490
f 8945/8228/490 8944/8232/490 8942/8229/490
f 8947/8231/490 8946/8234/490 8944/8232/490
f 8949/8233/490 8948/8236/490 8946/8234/490
f 8951/8235/490 8950/10516/490 8948/8236/490
f 8955/8237/490 8954/8241/490 8952/8238/490
f 8957/8240/490 8956/8243/490 8954/8241/490
f 8959/8242/490 8958/8245/490 8956/8243/490
f 8961/8244/490 8960/10517/490 8958/8245/490
f 8965/8246/490 8964/8250/490 8962/8247/490
f 8967/8249/490 8966/8252/490 8964/8250/490
f 8969/8251/490 8968/8254/490 8966/8252/490
f 8971/8253/490 8970/10518/490 8968/8254/490
f 8975/8255/490 8974/8259/490 8972/8256/490
f 8977/8258/490 8976/8261/490 8974/8259/490
f 8979/8260/490 8978/8263/490 8976/8261/490
f 8981/8262/490 8980/10519/490 8978/8263/490
f 8985/8264/490 8984/8268/490 8982/8265/490
f 8987/8267/490 8986/8270/490 8984/8268/490
f 8989/8269/490 8988/8272/490 8986/8270/490
f 8991/8271/490 8990/10520/490 8988/8272/490
f 8995/8273/490 8994/8277/490 8992/8274/490
f 8997/8276/490 8996/8279/490 8994/8277/490
f 8999/8278/490 8998/8281/490 8996/8279/490
f 9001/8280/490 9000/10521/490 8998/8281/490
f 9005/8282/490 9004/8286/490 9002/8283/490
f 9007/8285/490 9006/8288/490 9004/8286/490
f 9009/8287/490 9008/8290/490 9006/8288/490
f 9011/8289/490 9010/10522/490 9008/8290/490
f 9015/8291/490 9014/8295/490 9012/8292/490
f 9017/8294/490 9016/8297/490 9014/8295/490
f 9019/8296/490 9018/8299/490 9016/8297/490
f 9021/8298/490 9020/10523/490 9018/8299/490
f 9025/8300/490 9024/8304/490 9022/8301/490
f 9027/8303/490 9026/8306/490 9024/8304/490
f 9029/8305/490 9028/8308/490 9026/8306/490
f 9031/8307/490 9030/10524/490 9028/8308/490
f 9035/8309/490 9034/8313/490 9032/8310/490
f 9037/8312/490 9036/8315/490 9034/8313/490
f 9039/8314/490 9038/8317/490 9036/8315/490
f 9041/8316/490 9040/10525/490 9038/8317/490
f 9045/8318/490 9044/8322/490 9042/8319/490
f 9047/8321/490 9046/8324/490 9044/8322/490
f 9049/8323/490 9048/8326/490 9046/8324/490
f 9051/8325/490 9050/10526/490 9048/8326/490
f 9055/8327/490 9054/8331/490 9052/8328/490
f 9057/8330/490 9056/8333/490 9054/8331/490
f 9059/8332/490 9058/8335/490 9056/8333/490
f 9061/8334/490 9060/10527/490 9058/8335/490
f 9065/8336/490 9064/8340/490 9062/8337/490
f 9067/8339/490 9066/8342/490 9064/8340/490
f 9069/8341/490 9068/8344/490 9066/8342/490
f 9071/8343/490 9070/10528/490 9068/8344/490
f 9075/8345/490 9074/8349/490 9072/8346/490
f 9077/8348/490 9076/8351/490 9074/8349/490
f 9079/8350/490 9078/8353/490 9076/8351/490
f 9081/8352/490 9080/10529/490 9078/8353/490
f 9085/8354/490 9084/8358/490 9082/8355/490
f 9087/8357/490 9086/8360/490 9084/8358/490
f 9089/8359/490 9088/8362/490 9086/8360/490
f 9091/8361/490 9090/10530/490 9088/8362/490
f 9095/8363/490 9094/8367/490 9092/8364/490
f 9097/8366/490 9096/8369/490 9094/8367/490
f 9099/8368/490 9098/8371/490 9096/8369/490
f 9101/8370/490 9100/10531/490 9098/8371/490
f 9105/8372/490 9104/8376/490 9102/8373/490
f 9107/8375/490 9106/8378/490 9104/8376/490
f 9109/8377/490 9108/8380/490 9106/8378/490
f 9111/8379/490 9110/10532/490 9108/8380/490
f 9115/8381/490 9114/8385/490 9112/8382/490
f 9117/8384/490 9116/8387/490 9114/8385/490
f 9119/8386/490 9118/8389/490 9116/8387/490
f 9121/8388/490 9120/10533/490 9118/8389/490
f 9125/8390/490 9124/8394/490 9122/8391/490
f 9127/8393/490 9126/8396/490 9124/8394/490
f 9129/8395/490 9128/8398/490 9126/8396/490
f 9131/8397/490 9130/10534/490 9128/8398/490
f 9135/8399/490 9134/8403/490 9132/8400/490
f 9137/8402/490 9136/8405/490 9134/8403/490
f 9139/8404/490 9138/8407/490 9136/8405/490
f 9141/8406/490 9140/10535/490 9138/8407/490
f 9145/8408/490 9144/8412/490 9142/8409/490
f 9147/8411/490 9146/8414/490 9144/8412/490
f 9149/8413/490 9148/8416/490 9146/8414/490
f 9151/8415/490 9150/10536/490 9148/8416/490
f 9155/8417/490 9154/8421/490 9152/8418/490
f 9157/8420/490 9156/8423/490 9154/8421/490
f 9159/8422/490 9158/8425/490 9156/8423/490
f 9161/8424/490 9160/10537/490 9158/8425/490
f 9165/8426/490 9164/8430/490 9162/8427/490
f 9167/8429/490 9166/8432/490 9164/8430/490
f 9169/8431/490 9168/8434/490 9166/8432/490
f 9171/8433/490 9170/10538/490 9168/8434/490
f 9175/8435/490 9174/8439/490 9172/8436/490
f 9177/8438/490 9176/8441/490 9174/8439/490
f 9179/8440/490 9178/8443/490 9176/8441/490
f 9181/8442/490 9180/10539/490 9178/8443/490
f 9185/8444/490 9184/8448/490 9182/8445/490
f 9187/8447/490 9186/8450/490 9184/8448/490
f 9189/8449/490 9188/8452/490 9186/8450/490
f 9191/8451/490 9190/10540/490 9188/8452/490
f 9195/8453/490 9194/8457/490 9192/8454/490
f 9197/8456/490 9196/8459/490 9194/8457/490
f 9199/8458/490 9198/8461/490 9196/8459/490
f 9201/8460/490 9200/10541/490 9198/8461/490
f 9205/8462/490 9204/8466/490 9202/8463/490
f 9207/8465/490 9206/8468/490 9204/8466/490
f 9209/8467/490 9208/8470/490 9206/8468/490
f 9211/8469/490 9210/10542/490 9208/8470/490
f 9215/8471/490 9214/8475/490 9212/8472/490
f 9217/8474/490 9216/8477/490 9214/8475/490
f 9219/8476/490 9218/8479/490 9216/8477/490
f 9221/8478/490 9220/10543/490 9218/8479/490
f 9225/8480/490 9224/8484/490 9222/8481/490
f 9227/8483/490 9226/8486/490 9224/8484/490
f 9229/8485/490 9228/8488/490 9226/8486/490
f 9231/8487/490 9230/10544/490 9228/8488/490
f 9235/8489/490 9234/8493/490 9232/8490/490
f 9237/8492/490 9236/8495/490 9234/8493/490
f 9239/8494/490 9238/8497/490 9236/8495/490
f 9241/8496/490 9240/10545/490 9238/8497/490
f 9245/8498/490 9244/8502/490 9242/8499/490
f 9247/8501/490 9246/8504/490 9244/8502/490
f 9249/8503/490 9248/8506/490 9246/8504/490
f 9251/8505/490 9250/10546/490 9248/8506/490
f 9255/8507/490 9254/8511/490 9252/8508/490
f 9257/8510/490 9256/8513/490 9254/8511/490
f 9259/8512/490 9258/8515/490 9256/8513/490
f 9261/8514/490 9260/10547/490 9258/8515/490
f 9265/8516/490 9264/8520/490 9262/8517/490
f 9267/8519/490 9266/8522/490 9264/8520/490
f 9269/8521/490 9268/8524/490 9266/8522/490
f 9271/8523/490 9270/10548/490 9268/8524/490
f 9275/8525/490 9274/8529/490 9272/8526/490
f 9277/8528/490 9276/8531/490 9274/8529/490
f 9279/8530/490 9278/8533/490 9276/8531/490
f 9281/8532/490 9280/10549/490 9278/8533/490
f 9285/8534/490 9284/8538/490 9282/8535/490
f 9287/8537/490 9286/8540/490 9284/8538/490
f 9289/8539/490 9288/8542/490 9286/8540/490
f 9291/8541/490 9290/10550/490 9288/8542/490
f 9295/8543/490 9294/8547/490 9292/8544/490
f 9297/8546/490 9296/8549/490 9294/8547/490
f 9299/8548/490 9298/8551/490 9296/8549/490
f 9301/8550/490 9300/10551/490 9298/8551/490
f 9305/8552/490 9304/8556/490 9302/8553/490
f 9307/8555/490 9306/8558/490 9304/8556/490
f 9309/8557/490 9308/8560/490 9306/8558/490
f 9311/8559/490 9310/10552/490 9308/8560/490
f 9315/8561/490 9314/8565/490 9312/8562/490
f 9317/8564/490 9316/8567/490 9314/8565/490
f 9319/8566/490 9318/8569/490 9316/8567/490
f 9321/8568/490 9320/10553/490 9318/8569/490
f 9325/8570/490 9324/8574/490 9322/8571/490
f 9327/8573/490 9326/8576/490 9324/8574/490
f 9329/8575/490 9328/8578/490 9326/8576/490
f 9331/8577/490 9330/10554/490 9328/8578/490
f 9335/8579/490 9334/8583/490 9332/8580/490
f 9337/8582/490 9336/8585/490 9334/8583/490
f 9339/8584/490 9338/8587/490 9336/8585/490
f 9341/8586/490 9340/10555/490 9338/8587/490
f 9345/8588/490 9344/8592/490 9342/8589/490
f 9347/8591/490 9346/8594/490 9344/8592/490
f 9349/8593/490 9348/8596/490 9346/8594/490
f 9351/8595/490 9350/10556/490 9348/8596/490
f 9355/8597/490 9354/8601/490 9352/8598/490
f 9357/8600/490 9356/8603/490 9354/8601/490
f 9359/8602/490 9358/8605/490 9356/8603/490
f 9361/8604/490 9360/10557/490 9358/8605/490
f 9365/8606/490 9364/8610/490 9362/8607/490
f 9367/8609/490 9366/8612/490 9364/8610/490
f 9369/8611/490 9368/8614/490 9366/8612/490
f 9371/8613/490 9370/10558/490 9368/8614/490
f 9375/8615/490 9374/8619/490 9372/8616/490
f 9377/8618/490 9376/8621/490 9374/8619/490
f 9379/8620/490 9378/8623/490 9376/8621/490
f 9381/8622/490 9380/10559/490 9378/8623/490
f 9385/8624/490 9384/8628/490 9382/8625/490
f 9387/8627/490 9386/8630/490 9384/8628/490
f 9389/8629/490 9388/8632/490 9386/8630/490
f 9391/8631/490 9390/10560/490 9388/8632/490
f 9395/8633/490 9394/8637/490 9392/8634/490
f 9397/8636/490 9396/8639/490 9394/8637/490
f 9399/8638/490 9398/8641/490 9396/8639/490
f 9401/8640/490 9400/10561/490 9398/8641/490
f 9405/8642/490 9404/8646/490 9402/8643/490
f 9407/8645/490 9406/8648/490 9404/8646/490
f 9409/8647/490 9408/8650/490 9406/8648/490
f 9411/8649/490 9410/10562/490 9408/8650/490
f 9415/8651/490 9414/8655/490 9412/8652/490
f 9417/8654/490 9416/8657/490 9414/8655/490
f 9419/8656/490 9418/8659/490 9416/8657/490
f 9421/8658/490 9420/10563/490 9418/8659/490
f 9425/8660/490 9424/8664/490 9422/8661/490
f 9427/8663/490 9426/8666/490 9424/8664/490
f 9429/8665/490 9428/8668/490 9426/8666/490
f 9431/8667/490 9430/10564/490 9428/8668/490
f 9435/8669/490 9434/8673/490 9432/8670/490
f 9437/8672/490 9436/8675/490 9434/8673/490
f 9439/8674/490 9438/8677/490 9436/8675/490
f 9441/8676/490 9440/10565/490 9438/8677/490
f 9445/8678/490 9444/8682/490 9442/8679/490
f 9447/8681/490 9446/8684/490 9444/8682/490
f 9449/8683/490 9448/8686/490 9446/8684/490
f 9451/8685/490 9450/10566/490 9448/8686/490
f 9455/8687/490 9454/8691/490 9452/8688/490
f 9457/8690/490 9456/8693/490 9454/8691/490
f 9459/8692/490 9458/8695/490 9456/8693/490
f 9461/8694/490 9460/10567/490 9458/8695/490
f 9465/8696/490 9464/8700/490 9462/8697/490
f 9467/8699/490 9466/8702/490 9464/8700/490
f 9469/8701/490 9468/8704/490 9466/8702/490
f 9471/8703/490 9470/10568/490 9468/8704/490
f 9475/8705/490 9474/8709/490 9472/8706/490
f 9477/8708/490 9476/8711/490 9474/8709/490
f 9479/8710/490 9478/8713/490 9476/8711/490
f 9481/8712/490 9480/10569/490 9478/8713/490
f 9485/8714/490 9484/8718/490 9482/8715/490
f 9487/8717/490 9486/8720/490 9484/8718/490
f 9489/8719/490 9488/8722/490 9486/8720/490
f 9491/8721/490 9490/10570/490 9488/8722/490
f 9495/8723/490 9494/8727/490 9492/8724/490
f 9497/8726/490 9496/8729/490 9494/8727/490
f 9499/8728/490 9498/8731/490 9496/8729/490
f 9501/8730/490 9500/10571/490 9498/8731/490
f 9505/8732/490 9504/8736/490 9502/8733/490
f 9507/8735/490 9506/8738/490 9504/8736/490
f 9509/8737/490 9508/8740/490 9506/8738/490
f 9511/8739/490 9510/10572/490 9508/8740/490
f 9515/8741/490 9514/8745/490 9512/8742/490
f 9517/8744/490 9516/8747/490 9514/8745/490
f 9519/8746/490 9518/8749/490 9516/8747/490
f 9521/8748/490 9520/10573/490 9518/8749/490
f 9525/8750/490 9524/8754/490 9522/8751/490
f 9527/8753/490 9526/8756/490 9524/8754/490
f 9529/8755/490 9528/8758/490 9526/8756/490
f 9531/8757/490 9530/10574/490 9528/8758/490
f 9535/8759/490 9534/8763/490 9532/8760/490
f 9537/8762/490 9536/8765/490 9534/8763/490
f 9539/8764/490 9538/8767/490 9536/8765/490
f 9541/8766/490 9540/10575/490 9538/8767/490
f 9545/8768/490 9544/8772/490 9542/8769/490
f 9547/8771/490 9546/8774/490 9544/8772/490
f 9549/8773/490 9548/8776/490 9546/8774/490
f 9551/8775/490 9550/10576/490 9548/8776/490
f 9555/8777/490 9554/8781/490 9552/8778/490
f 9557/8780/490 9556/8783/490 9554/8781/490
f 9559/8782/490 9558/8785/490 9556/8783/490
f 9561/8784/490 9560/10577/490 9558/8785/490
f 9565/8786/490 9564/8790/490 9562/8787/490
f 9567/8789/490 9566/8792/490 9564/8790/490
f 9569/8791/490 9568/8794/490 9566/8792/490
f 9571/8793/490 9570/10578/490 9568/8794/490
f 9575/8795/490 9574/8799/490 9572/8796/490
f 9577/8798/490 9576/8801/490 9574/8799/490
f 9579/8800/490 9578/8803/490 9576/8801/490
f 9581/8802/490 9580/10579/490 9578/8803/490
f 9585/8804/490 9584/8808/490 9582/8805/490
f 9587/8807/490 9586/8810/490 9584/8808/490
f 9589/8809/490 9588/8812/490 9586/8810/490
f 9591/8811/490 9590/10580/490 9588/8812/490
f 9595/8813/490 9594/8817/490 9592/8814/490
f 9597/8816/490 9596/8819/490 9594/8817/490
f 9599/8818/490 9598/8821/490 9596/8819/490
f 9601/8820/490 9600/10581/490 9598/8821/490
f 9605/8822/490 9604/8826/490 9602/8823/490
f 9607/8825/490 9606/8828/490 9604/8826/490
f 9609/8827/490 9608/8830/490 9606/8828/490
f 9611/8829/490 9610/10582/490 9608/8830/490
f 9615/8831/490 9614/8835/490 9612/8832/490
f 9617/8834/490 9616/8837/490 9614/8835/490
f 9619/8836/490 9618/8839/490 9616/8837/490
f 9621/8838/490 9620/10583/490 9618/8839/490
f 9625/8840/490 9624/8844/490 9622/8841/490
f 9627/8843/490 9626/8846/490 9624/8844/490
f 9629/8845/490 9628/8848/490 9626/8846/490
f 9631/8847/490 9630/10584/490 9628/8848/490
f 9635/8849/490 9634/8853/490 9632/8850/490
f 9637/8852/490 9636/8855/490 9634/8853/490
f 9639/8854/490 9638/8857/490 9636/8855/490
f 9641/8856/490 9640/10585/490 9638/8857/490
f 9645/8858/490 9644/8862/490 9642/8859/490
f 9647/8861/490 9646/8864/490 9644/8862/490
f 9649/8863/490 9648/8866/490 9646/8864/490
f 9651/8865/490 9650/10586/490 9648/8866/490
f 9655/8867/490 9654/8871/490 9652/8868/490
f 9657/8870/490 9656/8873/490 9654/8871/490
f 9659/8872/490 9658/8875/490 9656/8873/490
f 9661/8874/490 9660/10587/490 9658/8875/490
f 9665/8876/490 9664/8880/490 9662/8877/490
f 9667/8879/490 9666/8882/490 9664/8880/490
f 9669/8881/490 9668/8884/490 9666/8882/490
f 9671/8883/490 9670/10588/490 9668/8884/490
f 9675/8885/490 9674/8889/490 9672/8886/490
f 9677/8888/490 9676/8891/490 9674/8889/490
f 9679/8890/490 9678/8893/490 9676/8891/490
f 9681/8892/490 9680/10589/490 9678/8893/490
f 9685/8894/490 9684/8898/490 9682/8895/490
f 9687/8897/490 9686/8900/490 9684/8898/490
f 9689/8899/490 9688/8902/490 9686/8900/490
f 9691/8901/490 9690/10590/490 9688/8902/490
f 9695/8903/490 9694/8907/490 9692/8904/490
f 9697/8906/490 9696/8909/490 9694/8907/490
f 9699/8908/490 9698/8911/490 9696/8909/490
f 9701/8910/490 9700/10591/490 9698/8911/490
f 9705/8912/490 9704/8916/490 9702/8913/490
f 9707/8915/490 9706/8918/490 9704/8916/490
f 9709/8917/490 9708/8920/490 9706/8918/490
f 9711/8919/490 9710/10592/490 9708/8920/490
f 9715/8921/490 9714/8925/490 9712/8922/490
f 9717/8924/490 9716/8927/490 9714/8925/490
f 9719/8926/490 9718/8929/490 9716/8927/490
f 9721/8928/490 9720/10593/490 9718/8929/490
f 9725/8930/490 9724/8934/490 9722/8931/490
f 9727/8933/490 9726/8936/490 9724/8934/490
f 9729/8935/490 9728/8938/490 9726/8936/490
f 9731/8937/490 9730/10594/490 9728/8938/490
f 9735/8939/490 9734/8943/490 9732/8940/490
f 9737/8942/490 9736/8945/490 9734/8943/490
f 9739/8944/490 9738/8947/490 9736/8945/490
f 9741/8946/490 9740/10595/490 9738/8947/490
f 9745/8948/490 9744/8952/490 9742/8949/490
f 9747/8951/490 9746/8954/490 9744/8952/490
f 9749/8953/490 9748/8956/490 9746/8954/490
f 9751/8955/490 9750/10596/490 9748/8956/490
f 9755/8957/490 9754/8961/490 9752/8958/490
f 9757/8960/490 9756/8963/490 9754/8961/490
f 9759/8962/490 9758/8965/490 9756/8963/490
f 9761/8964/490 9760/10597/490 9758/8965/490
f 9765/8966/490 9764/8970/490 9762/8967/490
f 9767/8969/490 9766/8972/490 9764/8970/490
f 9769/8971/490 9768/8974/490 9766/8972/490
f 9771/8973/490 9770/10598/490 9768/8974/490
f 9775/8975/490 9774/8979/490 9772/8976/490
f 9777/8978/490 9776/8981/490 9774/8979/490
f 9779/8980/490 9778/8983/490 9776/8981/490
f 9781/8982/490 9780/10599/490 9778/8983/490
f 9785/8984/490 9784/8988/490 9782/8985/490
f 9787/8987/490 9786/8990/490 9784/8988/490
f 9789/8989/490 9788/8992/490 9786/8990/490
f 9791/8991/490 9790/10600/490 9788/8992/490
f 9795/8993/490 9794/8997/490 9792/8994/490
f 9797/8996/490 9796/8999/490 9794/8997/490
f 9799/8998/490 9798/9001/490 9796/8999/490
f 9801/9000/490 9800/10601/490 9798/9001/490
f 9805/9002/490 9804/9006/490 9802/9003/490
f 9807/9005/490 9806/9008/490 9804/9006/490
f 9809/9007/490 9808/9010/490 9806/9008/490
f 9811/9009/490 9810/10602/490 9808/9010/490
f 9815/9011/490 9814/9015/490 9812/9012/490
f 9817/9014/490 9816/9017/490 9814/9015/490
f 9819/9016/490 9818/9019/490 9816/9017/490
f 9821/9018/490 9820/10603/490 9818/9019/490
f 9825/9020/490 9824/9024/490 9822/9021/490
f 9827/9023/490 9826/9026/490 9824/9024/490
f 9829/9025/490 9828/9028/490 9826/9026/490
f 9831/9027/490 9830/10604/490 9828/9028/490
f 9835/9029/490 9834/9033/490 9832/9030/490
f 9837/9032/490 9836/9035/490 9834/9033/490
f 9839/9034/490 9838/9037/490 9836/9035/490
f 9841/9036/490 9840/10605/490 9838/9037/490
f 9845/9038/490 9844/9042/490 9842/9039/490
f 9847/9041/490 9846/9044/490 9844/9042/490
f 9849/9043/490 9848/9046/490 9846/9044/490
f 9851/9045/490 9850/10606/490 9848/9046/490
f 9855/9047/490 9854/9051/490 9852/9048/490
f 9857/9050/490 9856/9053/490 9854/9051/490
f 9859/9052/490 9858/9055/490 9856/9053/490
f 9861/9054/490 9860/10607/490 9858/9055/490
f 9865/9056/490 9864/9060/490 9862/9057/490
f 9867/9059/490 9866/9062/490 9864/9060/490
f 9869/9061/490 9868/9064/490 9866/9062/490
f 9871/9063/490 9870/10608/490 9868/9064/490
f 9875/9065/490 9874/9069/490 9872/9066/490
f 9877/9068/490 9876/9071/490 9874/9069/490
f 9879/9070/490 9878/9073/490 9876/9071/490
f 9881/9072/490 9880/10609/490 9878/9073/490
f 9885/9074/490 9884/9078/490 9882/9075/490
f 9887/9077/490 9886/9080/490 9884/9078/490
f 9889/9079/490 9888/9082/490 9886/9080/490
f 9891/9081/490 9890/10610/490 9888/9082/490
f 9895/9083/490 9894/9087/490 9892/9084/490
f 9897/9086/490 9896/9089/490 9894/9087/490
f 9899/9088/490 9898/9091/490 9896/9089/490
f 9901/9090/490 9900/10611/490 9898/9091/490
f 9905/9092/490 9904/9096/490 9902/9093/490
f 9907/9095/490 9906/9098/490 9904/9096/490
f 9909/9097/490 9908/9100/490 9906/9098/490
f 9911/9099/490 9910/10612/490 9908/9100/490
f 9915/9101/490 9914/9105/490 9912/9102/490
f 9917/9104/490 9916/9107/490 9914/9105/490
f 9919/9106/490 9918/9109/490 9916/9107/490
f 9921/9108/490 9920/10613/490 9918/9109/490
f 9925/9110/490 9924/9114/490 9922/9111/490
f 9927/9113/490 9926/9116/490 9924/9114/490
f 9929/9115/490 9928/9118/490 9926/9116/490
f 9931/9117/490 9930/10614/490 9928/9118/490
f 9935/9119/490 9934/9123/490 9932/9120/490
f 9937/9122/490 9936/9125/490 9934/9123/490
f 9939/9124/490 9938/9127/490 9936/9125/490
f 9941/9126/490 9940/10615/490 9938/9127/490
f 9945/9128/490 9944/9132/490 9942/9129/490
f 9947/9131/490 9946/9134/490 9944/9132/490
f 9949/9133/490 9948/9136/490 9946/9134/490
f 9951/9135/490 9950/10616/490 9948/9136/490
f 9955/9137/490 9954/9141/490 9952/9138/490
f 9957/9140/490 9956/9143/490 9954/9141/490
f 9959/9142/490 9958/9145/490 9956/9143/490
f 9961/9144/490 9960/10617/490 9958/9145/490
f 9965/9146/490 9964/9150/490 9962/9147/490
f 9967/9149/490 9966/9152/490 9964/9150/490
f 9969/9151/490 9968/9154/490 9966/9152/490
f 9971/9153/490 9970/10618/490 9968/9154/490
f 9975/9155/490 9974/9159/490 9972/9156/490
f 9977/9158/490 9976/9161/490 9974/9159/490
f 9979/9160/490 9978/9163/490 9976/9161/490
f 9981/9162/490 9980/10619/490 9978/9163/490
f 9985/9164/490 9984/9168/490 9982/9165/490
f 9987/9167/490 9986/9170/490 9984/9168/490
f 9989/9169/490 9988/9172/490 9986/9170/490
f 9991/9171/490 9990/10620/490 9988/9172/490
f 9995/9173/490 9994/9177/490 9992/9174/490
f 9997/9176/490 9996/9179/490 9994/9177/490
f 9999/9178/490 9998/9181/490 9996/9179/490
f 10001/9180/490 10000/10621/490 9998/9181/490
f 10005/9182/490 10004/9186/490 10002/9183/490
f 10007/9185/490 10006/9188/490 10004/9186/490
f 10009/9187/490 10008/9190/490 10006/9188/490
f 10011/9189/490 10010/10622/490 10008/9190/490
f 10015/9191/490 10014/9195/490 10012/9192/490
f 10017/9194/490 10016/9197/490 10014/9195/490
f 10019/9196/490 10018/9199/490 10016/9197/490
f 10021/9198/490 10020/10623/490 10018/9199/490
f 10025/9200/490 10024/9204/490 10022/9201/490
f 10027/9203/490 10026/9206/490 10024/9204/490
f 10029/9205/490 10028/9208/490 10026/9206/490
f 10031/9207/490 10030/10624/490 10028/9208/490
f 10035/9209/490 10034/9213/490 10032/9210/490
f 10037/9212/490 10036/9215/490 10034/9213/490
f 10039/9214/490 10038/9217/490 10036/9215/490
f 10041/9216/490 10040/10625/490 10038/9217/490
f 10045/9218/490 10044/9222/490 10042/9219/490
f 10047/9221/490 10046/9224/490 10044/9222/490
f 10049/9223/490 10048/9226/490 10046/9224/490
f 10051/9225/490 10050/10626/490 10048/9226/490
f 10055/9227/490 10054/9231/490 10052/9228/490
f 10057/9230/490 10056/9233/490 10054/9231/490
f 10059/9232/490 10058/9235/490 10056/9233/490
f 10061/9234/490 10060/10627/490 10058/9235/490
f 10065/9236/490 10064/9240/490 10062/9237/490
f 10067/9239/490 10066/9242/490 10064/9240/490
f 10069/9241/490 10068/9244/490 10066/9242/490
f 10071/9243/490 10070/10628/490 10068/9244/490
f 10075/9245/490 10074/9249/490 10072/9246/490
f 10077/9248/490 10076/9251/490 10074/9249/490
f 10079/9250/490 10078/9253/490 10076/9251/490
f 10081/9252/490 10080/10629/490 10078/9253/490
f 10085/9254/490 10084/9258/490 10082/9255/490
f 10087/9257/490 10086/9260/490 10084/9258/490
f 10089/9259/490 10088/9262/490 10086/9260/490
f 10091/9261/490 10090/10630/490 10088/9262/490
f 10095/9263/490 10094/9267/490 10092/9264/490
f 10097/9266/490 10096/9269/490 10094/9267/490
f 10099/9268/490 10098/9271/490 10096/9269/490
f 10101/9270/490 10100/10631/490 10098/9271/490
f 10105/9272/490 10104/9276/490 10102/9273/490
f 10107/9275/490 10106/9278/490 10104/9276/490
f 10109/9277/490 10108/9280/490 10106/9278/490
f 10111/9279/490 10110/10632/490 10108/9280/490
f 10115/9281/490 10114/9285/490 10112/9282/490
f 10117/9284/490 10116/9287/490 10114/9285/490
f 10119/9286/490 10118/9289/490 10116/9287/490
f 10121/9288/490 10120/10633/490 10118/9289/490
f 10125/9290/490 10124/9294/490 10122/9291/490
f 10127/9293/490 10126/9296/490 10124/9294/490
f 10129/9295/490 10128/9298/490 10126/9296/490
f 10131/9297/490 10130/10634/490 10128/9298/490
f 10135/9299/490 10134/9303/490 10132/9300/490
f 10137/9302/490 10136/9305/490 10134/9303/490
f 10139/9304/490 10138/9307/490 10136/9305/490
f 10141/9306/490 10140/10635/490 10138/9307/490
f 10145/9308/490 10144/9312/490 10142/9309/490
f 10147/9311/490 10146/9314/490 10144/9312/490
f 10149/9313/490 10148/9316/490 10146/9314/490
f 10151/9315/490 10150/10636/490 10148/9316/490
f 10155/9317/490 10154/9321/490 10152/9318/490
f 10157/9320/490 10156/9323/490 10154/9321/490
f 10159/9322/490 10158/9325/490 10156/9323/490
f 10161/9324/490 10160/10637/490 10158/9325/490
f 10165/9326/490 10164/9330/490 10162/9327/490
f 10167/9329/490 10166/9332/490 10164/9330/490
f 10169/9331/490 10168/9334/490 10166/9332/490
f 10171/9333/490 10170/10638/490 10168/9334/490
f 10175/9335/490 10174/9339/490 10172/9336/490
f 10177/9338/490 10176/9341/490 10174/9339/490
f 10179/9340/490 10178/9343/490 10176/9341/490
f 10181/9342/490 10180/10639/490 10178/9343/490
f 10185/9344/490 10184/9348/490 10182/9345/490
f 10187/9347/490 10186/9350/490 10184/9348/490
f 10189/9349/490 10188/9352/490 10186/9350/490
f 10191/9351/490 10190/10640/490 10188/9352/490
f 10195/9353/490 10194/9357/490 10192/9354/490
f 10197/9356/490 10196/9359/490 10194/9357/490
f 10199/9358/490 10198/9361/490 10196/9359/490
f 10201/9360/490 10200/10641/490 10198/9361/490
f 10205/9362/490 10204/9366/490 10202/9363/490
f 10207/9365/490 10206/9368/490 10204/9366/490
f 10209/9367/490 10208/9370/490 10206/9368/490
f 10211/9369/490 10210/10642/490 10208/9370/490
f 10215/9371/490 10214/9375/490 10212/9372/490
f 10217/9374/490 10216/9377/490 10214/9375/490
f 10219/9376/490 10218/9379/490 10216/9377/490
f 10221/9378/490 10220/10643/490 10218/9379/490
f 10225/9380/490 10224/9384/490 10222/9381/490
f 10227/9383/490 10226/9386/490 10224/9384/490
f 10229/9385/490 10228/9388/490 10226/9386/490
f 10231/9387/490 10230/10644/490 10228/9388/490
f 10235/9389/490 10234/9393/490 10232/9390/490
f 10237/9392/490 10236/9395/490 10234/9393/490
f 10239/9394/490 10238/9397/490 10236/9395/490
f 10241/9396/490 10240/10645/490 10238/9397/490
f 10245/9398/490 10244/9402/490 10242/9399/490
f 10247/9401/490 10246/9404/490 10244/9402/490
f 10249/9403/490 10248/9406/490 10246/9404/490
f 10251/9405/490 10250/10646/490 10248/9406/490
f 10255/9407/490 10254/9411/490 10252/9408/490
f 10257/9410/490 10256/9413/490 10254/9411/490
f 10259/9412/490 10258/9415/490 10256/9413/490
f 10261/9414/490 10260/10647/490 10258/9415/490
f 10265/9416/490 10264/9420/490 10262/9417/490
f 10267/9419/490 10266/9422/490 10264/9420/490
f 10269/9421/490 10268/9424/490 10266/9422/490
f 10271/9423/490 10270/10648/490 10268/9424/490
f 10275/9425/490 10274/9429/490 10272/9426/490
f 10277/9428/490 10276/9431/490 10274/9429/490
f 10279/9430/490 10278/9433/490 10276/9431/490
f 10281/9432/490 10280/10649/490 10278/9433/490
f 10285/9434/490 10284/9438/490 10282/9435/490
f 10287/9437/490 10286/9440/490 10284/9438/490
f 10289/9439/490 10288/9442/490 10286/9440/490
f 10291/9441/490 10290/10650/490 10288/9442/490
f 10295/9443/490 10294/9447/490 10292/9444/490
f 10297/9446/490 10296/9449/490 10294/9447/490
f 10299/9448/490 10298/9451/490 10296/9449/490
f 10301/9450/490 10300/10651/490 10298/9451/490
f 10305/9452/490 10304/9456/490 10302/9453/490
f 10307/9455/490 10306/9458/490 10304/9456/490
f 10309/9457/490 10308/9460/490 10306/9458/490
f 10311/9459/490 10310/10652/490 10308/9460/490
f 10315/9461/490 10314/9465/490 10312/9462/490
f 10317/9464/490 10316/9467/490 10314/9465/490
f 10319/9466/490 10318/9469/490 10316/9467/490
f 10321/9468/490 10320/10653/490 10318/9469/490
f 10325/9470/490 10324/9474/490 10322/9471/490
f 10327/9473/490 10326/9476/490 10324/9474/490
f 10329/9475/490 10328/9478/490 10326/9476/490
f 10331/9477/490 10330/10654/490 10328/9478/490
f 10335/9479/490 10334/9483/490 10332/9480/490
f 10337/9482/490 10336/9485/490 10334/9483/490
f 10339/9484/490 10338/9487/490 10336/9485/490
f 10341/9486/490 10340/10655/490 10338/9487/490
f 10345/9488/490 10344/9492/490 10342/9489/490
f 10347/9491/490 10346/9494/490 10344/9492/490
f 10349/9493/490 10348/9496/490 10346/9494/490
f 10351/9495/490 10350/10656/490 10348/9496/490
f 10355/9497/490 10354/9501/490 10352/9498/490
f 10357/9500/490 10356/9503/490 10354/9501/490
f 10359/9502/490 10358/9505/490 10356/9503/490
f 10361/9504/490 10360/10657/490 10358/9505/490
f 10365/9506/490 10364/9510/490 10362/9507/490
f 10367/9509/490 10366/9512/490 10364/9510/490
f 10369/9511/490 10368/9514/490 10366/9512/490
f 10371/9513/490 10370/10658/490 10368/9514/490
f 10375/9515/490 10374/9519/490 10372/9516/490
f 10377/9518/490 10376/9521/490 10374/9519/490
f 10379/9520/490 10378/9523/490 10376/9521/490
f 10381/9522/490 10380/10659/490 10378/9523/490
f 10385/9524/490 10384/9528/490 10382/9525/490
f 10387/9527/490 10386/9530/490 10384/9528/490
f 10389/9529/490 10388/9532/490 10386/9530/490
f 10391/9531/490 10390/10660/490 10388/9532/490
f 10395/9533/490 10394/9537/490 10392/9534/490
f 10397/9536/490 10396/9539/490 10394/9537/490
f 10399/9538/490 10398/9541/490 10396/9539/490
f 10401/9540/490 10400/10661/490 10398/9541/490
f 10405/9542/490 10404/9546/490 10402/9543/490
f 10407/9545/490 10406/9548/490 10404/9546/490
f 10409/9547/490 10408/9550/490 10406/9548/490
f 10411/9549/490 10410/10662/490 10408/9550/490
f 10415/9551/490 10414/9555/490 10412/9552/490
f 10417/9554/490 10416/9557/490 10414/9555/490
f 10419/9556/490 10418/9559/490 10416/9557/490
f 10421/9558/490 10420/10663/490 10418/9559/490
f 10425/9560/490 10424/9564/490 10422/9561/490
f 10427/9563/490 10426/9566/490 10424/9564/490
f 10429/9565/490 10428/9568/490 10426/9566/490
f 10431/9567/490 10430/10664/490 10428/9568/490
f 10435/9569/490 10434/9573/490 10432/9570/490
f 10437/9572/490 10436/9575/490 10434/9573/490
f 10439/9574/490 10438/9577/490 10436/9575/490
f 10441/9576/490 10440/10665/490 10438/9577/490
f 10445/9578/490 10444/9582/490 10442/9579/490
f 10447/9581/490 10446/9584/490 10444/9582/490
f 10449/9583/490 10448/9586/490 10446/9584/490
f 10451/9585/490 10450/10666/490 10448/9586/490
f 10455/9587/490 10454/9591/490 10452/9588/490
f 10457/9590/490 10456/9593/490 10454/9591/490
f 10459/9592/490 10458/9595/490 10456/9593/490
f 10461/9594/490 10460/10667/490 10458/9595/490
f 10465/9596/490 10464/9600/490 10462/9597/490
f 10467/9599/490 10466/9602/490 10464/9600/490
f 10469/9601/490 10468/9604/490 10466/9602/490
f 10471/9603/490 10470/10668/490 10468/9604/490
f 10475/9605/490 10474/9609/490 10472/9606/490
f 10477/9608/490 10476/9611/490 10474/9609/490
f 10479/9610/490 10478/9613/490 10476/9611/490
f 10481/9612/490 10480/10669/490 10478/9613/490
f 10485/9614/490 10484/9618/490 10482/9615/490
f 10487/9617/490 10486/9620/490 10484/9618/490
f 10489/9619/490 10488/9622/490 10486/9620/490
f 10491/9621/490 10490/10670/490 10488/9622/490
f 10495/9623/490 10494/9627/490 10492/9624/490
f 10497/9626/490 10496/9629/490 10494/9627/490
f 10499/9628/490 10498/9631/490 10496/9629/490
f 10501/9630/490 10500/10671/490 10498/9631/490
f 10505/9632/490 10504/9636/490 10502/9633/490
f 10507/9635/490 10506/9638/490 10504/9636/490
f 10509/9637/490 10508/9640/490 10506/9638/490
f 10511/9639/490 10510/10672/490 10508/9640/490
f 10515/9641/490 10514/9645/490 10512/9642/490
f 10517/9644/490 10516/9647/490 10514/9645/490
f 10519/9646/490 10518/9649/490 10516/9647/490
f 10521/9648/490 10520/10673/490 10518/9649/490
f 10525/9650/490 10524/9654/490 10522/9651/490
f 10527/9653/490 10526/9656/490 10524/9654/490
f 10529/9655/490 10528/9658/490 10526/9656/490
f 10531/9657/490 10530/10674/490 10528/9658/490
f 10535/9659/490 10534/9663/490 10532/9660/490
f 10537/9662/490 10536/9665/490 10534/9663/490
f 10539/9664/490 10538/9667/490 10536/9665/490
f 10541/9666/490 10540/10675/490 10538/9667/490
f 10545/9668/490 10544/9672/490 10542/9669/490
f 10547/9671/490 10546/9674/490 10544/9672/490
f 10549/9673/490 10548/9676/490 10546/9674/490
f 10551/9675/490 10550/10676/490 10548/9676/490
o Collision
v -0.100000 -1.000000 0.040000
v -0.100000 1.000000 0.040000
v -0.100000 -1.000000 -0.040000
v -0.100000 1.000000 -0.040000
v 0.100000 -1.000000 0.040000
v 0.100000 1.000000 0.040000
v 0.100000 -1.000000 -0.040000
v 0.100000 1.000000 -0.040000
vn -1.0000 -0.0000 -0.0000
vn -0.0000 -0.0000 -1.0000
vn 1.0000 -0.0000 -0.0000
vn -0.0000 -0.0000 1.0000
vn -0.0000 -1.0000 -0.0000
vn -0.0000 1.0000 -0.0000
vt 0.375000 0.000000
vt 0.625000 0.000000
vt 0.625000 0.250000
vt 0.375000 0.250000
vt 0.625000 0.500000
vt 0.375000 0.500000
vt 0.625000 0.750000
vt 0.375000 0.750000
vt 0.625000 1.000000
vt 0.375000 1.000000
vt 0.125000 0.500000
vt 0.125000 0.750000
vt 0.875000 0.500000
vt 0.875000 0.750000
s 0
f 10552/10677/491 10553/10678/491 10555/10679/491 10554/10680/491
f 10554/10680/492 10555/10679/492 10559/10681/492 10558/10682/492
f 10558/10682/493 10559/10681/493 10557/10683/493 10556/10684/493
f 10556/10684/494 10557/10683/494 10553/10685/494 10552/10686/494
f 10554/10687/495 10558/10682/495 10556/10684/495 10552/10688/495
f 10559/10681/496 10555/10689/496 10553/10690/496 10557/10683/496
