# Blender 5.0.1
# www.blender.org
mtllib Chair.mtl
o Chair
v 0.190977 0.386761 0.162739
v 0.190977 -0.000044 0.161788
v 0.192563 0.386761 0.190750
v 0.192563 -0.000044 0.189950
v 0.160512 0.386761 0.162739
v 0.160512 -0.000044 0.161788
v 0.161900 0.386761 0.190750
v 0.161900 -0.000044 0.189950
v 0.190977 0.434031 0.161675
v 0.170612 0.376119 -0.133073
v 0.142683 0.376119 -0.133073
v 0.142683 0.423389 -0.136029
v 0.168714 0.376119 -0.164250
v 0.141021 0.376119 -0.164250
v 0.141021 0.423389 -0.167390
v 0.168413 -0.000044 -0.173152
v 0.140757 -0.000044 -0.173152
v 0.166712 -0.000044 -0.204538
v 0.139268 -0.000044 -0.204538
v 0.190977 0.156063 0.163339
v 0.192563 0.156063 0.191255
v 0.190977 0.122917 0.163045
v 0.192563 0.122917 0.191007
v 0.169240 0.145448 -0.154309
v 0.168714 0.423389 -0.167390
v 0.139768 0.112220 -0.189712
v 0.169047 0.112220 -0.158529
v 0.167283 0.112220 -0.189712
v 0.167457 0.145539 -0.185447
v 0.170613 0.899956 -0.206675
v 0.142684 0.899956 -0.206675
v 0.168715 0.899956 -0.242460
v 0.141022 0.899956 -0.242460
v 0.141021 0.544244 -0.181693
v 0.168714 0.544244 -0.181693
v 0.170613 0.544244 -0.149488
v 0.142683 0.544244 -0.149488
v 0.168715 0.879919 -0.239664
v 0.170613 0.879919 -0.204044
v 0.142684 0.879919 -0.204044
v 0.141022 0.879919 -0.239664
v 0.161900 0.122917 0.191007
v 0.161900 0.156063 0.191255
v 0.160511 0.156063 0.163339
v 0.160512 0.122917 0.163045
v 0.139920 0.145539 -0.185447
v 0.141312 0.112220 -0.158529
v 0.141482 0.145448 -0.154309
v 0.161900 0.434031 0.189855
v 0.160512 0.434031 0.161675
v 0.142676 0.443191 -0.137790
v 0.141014 0.443191 -0.169254
v 0.170613 0.423389 -0.136029
v 0.168706 0.443191 -0.169254
v 0.192563 0.434031 0.189855
v 0.170604 0.443191 -0.137790
v 0.210000 0.434031 0.161675
v 0.188278 0.423389 -0.136029
v 0.162704 0.434157 0.207540
v 0.188269 0.443191 -0.137790
v 0.001870 0.836699 -0.197793
v 0.001846 0.836699 -0.233022
v 0.005587 0.835518 -0.197613
v 0.005515 0.835518 -0.232830
v 0.061971 0.836699 -0.197793
v 0.061187 0.836699 -0.233022
v 0.058240 0.835518 -0.197613
v 0.057501 0.835518 -0.232830
v 0.069461 0.835518 -0.197613
v 0.068586 0.835518 -0.232830
v 0.065727 0.836699 -0.197793
v 0.064897 0.836699 -0.233022
v 0.125306 0.836699 -0.197793
v 0.123811 0.836699 -0.233022
v 0.121507 0.836699 -0.197793
v 0.120050 0.836699 -0.233022
v 0.129085 0.835518 -0.197613
v 0.127552 0.835518 -0.232830
v 0.117735 0.835518 -0.197613
v 0.116317 0.835518 -0.232830
v 0.132610 0.832057 -0.197081
v 0.131043 0.832057 -0.232265
v 0.054765 0.832057 -0.197081
v 0.054069 0.832057 -0.232265
v 0.114223 0.832057 -0.197081
v 0.112842 0.832057 -0.232265
v 0.072943 0.832057 -0.197081
v 0.072026 0.832057 -0.232265
v 0.009050 0.832057 -0.197081
v 0.008933 0.832057 -0.232265
v 0.051782 0.826550 -0.196228
v 0.051123 0.826550 -0.231359
v 0.012024 0.826550 -0.196228
v 0.011869 0.826550 -0.231359
v 0.075934 0.826550 -0.196228
v 0.074982 0.826550 -0.231359
v 0.111209 0.826550 -0.196228
v 0.109860 0.826550 -0.231359
v 0.137966 0.819374 -0.195102
v 0.136348 0.819374 -0.230162
v 0.135639 0.826550 -0.196228
v 0.134043 0.826550 -0.231358
v 0.108899 0.819374 -0.195102
v 0.107574 0.819374 -0.230162
v 0.078230 0.819374 -0.195102
v 0.077251 0.819374 -0.230162
v 0.014307 0.819374 -0.195102
v 0.014123 0.819374 -0.230162
v 0.049494 0.819374 -0.195102
v 0.048864 0.819374 -0.230162
v 0.139429 0.811016 -0.193772
v 0.137797 0.811016 -0.228749
v 0.079674 0.811016 -0.193772
v 0.078678 0.811016 -0.228749
v 0.048056 0.811016 -0.193772
v 0.047443 0.811016 -0.228749
v 0.015742 0.811016 -0.193772
v 0.015539 0.811016 -0.228749
v 0.107447 0.811016 -0.193772
v 0.106138 0.811016 -0.228749
v 0.106951 0.802048 -0.192324
v 0.105648 0.802048 -0.227211
v 0.080167 0.802048 -0.192324
v 0.079165 0.802048 -0.227211
v 0.016231 0.802048 -0.192324
v 0.016022 0.802048 -0.227211
v 0.047566 0.802048 -0.192324
v 0.046959 0.802048 -0.227211
v 0.139928 0.802048 -0.192324
v 0.138292 0.802048 -0.227211
v 0.016231 0.608818 -0.159380
v 0.016022 0.608818 -0.192204
v 0.057501 0.835518 -0.232830
v 0.106951 0.608818 -0.159380
v 0.105648 0.608818 -0.192204
v 0.106951 0.796622 -0.191439
v 0.061187 0.836699 -0.233022
v 0.047566 0.608818 -0.159380
v 0.046959 0.608818 -0.192204
v 0.139928 0.608818 -0.159380
v 0.138292 0.608818 -0.192204
v 0.080167 0.608818 -0.159380
v 0.079165 0.608818 -0.192204
v 0.107447 0.599850 -0.157930
v 0.106138 0.599850 -0.190663
v 0.079674 0.599850 -0.157930
v 0.078678 0.599850 -0.190663
v 0.139429 0.599850 -0.157930
v 0.137797 0.599850 -0.190663
v 0.048056 0.599850 -0.157930
v 0.047443 0.599850 -0.190663
v 0.015742 0.599850 -0.157930
v 0.015539 0.599850 -0.190663
v 0.014307 0.591492 -0.156599
v 0.014123 0.591492 -0.189248
v 0.108899 0.591492 -0.156599
v 0.107574 0.591492 -0.189248
v 0.078230 0.591492 -0.156599
v 0.077251 0.591492 -0.189248
v 0.049494 0.591492 -0.156599
v 0.048864 0.591492 -0.189248
v 0.137966 0.591492 -0.156599
v 0.136348 0.591492 -0.189248
v 0.075934 0.584316 -0.155471
v 0.074982 0.584316 -0.188050
v 0.051782 0.584316 -0.155471
v 0.051123 0.584316 -0.188050
v 0.012024 0.584316 -0.155471
v 0.011869 0.584316 -0.188050
v 0.111209 0.584316 -0.155471
v 0.109860 0.584316 -0.188050
v 0.135639 0.584316 -0.155471
v 0.134043 0.584316 -0.188050
v 0.129085 0.575348 -0.154084
v 0.127552 0.575348 -0.186576
v 0.132610 0.578809 -0.154616
v 0.131043 0.578809 -0.187142
v 0.125306 0.574167 -0.153903
v 0.123811 0.574167 -0.186384
v 0.114223 0.578809 -0.154616
v 0.112842 0.578809 -0.187142
v 0.117735 0.575348 -0.154084
v 0.116317 0.575348 -0.186576
v 0.121507 0.574167 -0.153903
v 0.120050 0.574167 -0.186384
v 0.072943 0.578809 -0.154616
v 0.072026 0.578809 -0.187142
v 0.069461 0.575348 -0.154084
v 0.068586 0.575348 -0.186576
v 0.065727 0.574167 -0.153903
v 0.064897 0.574167 -0.186384
v 0.058240 0.575348 -0.154084
v 0.057501 0.575348 -0.186576
v 0.054765 0.578809 -0.154616
v 0.054069 0.578809 -0.187142
v 0.061971 0.574167 -0.153903
v 0.061187 0.574167 -0.186384
v 0.009050 0.578809 -0.154616
v 0.008933 0.578809 -0.187142
v 0.001870 0.574167 -0.153903
v 0.001846 0.574167 -0.186384
v 0.005587 0.575348 -0.154084
v 0.005515 0.575348 -0.186576
v -0.190977 0.386761 0.162739
v -0.190977 -0.000044 0.161788
v -0.192563 0.386761 0.190750
v -0.192563 -0.000044 0.189950
v -0.160512 0.386761 0.162739
v -0.160512 -0.000044 0.161788
v -0.161900 0.386761 0.190750
v -0.161900 -0.000044 0.189950
v -0.190977 0.434031 0.161675
v -0.170613 0.376119 -0.133073
v -0.142683 0.376119 -0.133073
v -0.142683 0.423389 -0.136029
v -0.168714 0.376119 -0.164250
v -0.141021 0.376119 -0.164250
v -0.141021 0.423389 -0.167390
v -0.168413 -0.000044 -0.173152
v -0.140757 -0.000044 -0.173152
v -0.166712 -0.000044 -0.204538
v -0.139268 -0.000044 -0.204538
v -0.190977 0.156063 0.163339
v -0.192563 0.156063 0.191255
v -0.190977 0.122917 0.163045
v -0.192563 0.122917 0.191007
v -0.169240 0.145448 -0.154309
v -0.168714 0.423389 -0.167390
v -0.139768 0.112220 -0.189712
v -0.169047 0.112220 -0.158529
v -0.167283 0.112220 -0.189712
v -0.167457 0.145539 -0.185447
v -0.170613 0.899956 -0.206675
v -0.142684 0.899956 -0.206675
v -0.168715 0.899956 -0.242460
v -0.141022 0.899956 -0.242460
v -0.141021 0.544244 -0.181693
v -0.168714 0.544244 -0.181693
v -0.170613 0.544244 -0.149488
v -0.142683 0.544244 -0.149488
v -0.168715 0.879919 -0.239664
v -0.170613 0.879919 -0.204044
v -0.142684 0.879919 -0.204044
v -0.141022 0.879919 -0.239664
v -0.161900 0.122917 0.191007
v -0.161900 0.156063 0.191255
v -0.160512 0.156063 0.163339
v -0.160512 0.122917 0.163045
v -0.139920 0.145539 -0.185447
v -0.141312 0.112220 -0.158529
v -0.141482 0.145448 -0.154309
v -0.161900 0.434031 0.189855
v -0.160512 0.434031 0.161675
v -0.142676 0.443191 -0.137790
v -0.141014 0.443191 -0.169254
v -0.170613 0.423389 -0.136029
v -0.168706 0.443191 -0.169254
v -0.192563 0.434031 0.189855
v -0.170604 0.443191 -0.137790
v -0.210000 0.434031 0.161675
v -0.188278 0.423389 -0.136029
v -0.162704 0.434157 0.207540
v -0.188269 0.443191 -0.137790
v -0.001870 0.836699 -0.197793
v -0.001846 0.836699 -0.233022
v -0.005587 0.835518 -0.197613
v -0.005515 0.835518 -0.232830
v -0.061971 0.836699 -0.197793
v -0.061187 0.836699 -0.233022
v -0.058240 0.835518 -0.197613
v -0.057501 0.835518 -0.232830
v -0.069461 0.835518 -0.197612
v -0.068586 0.835518 -0.232830
v -0.065727 0.836699 -0.197793
v -0.064897 0.836699 -0.233022
v -0.125306 0.836699 -0.197793
v -0.123811 0.836699 -0.233022
v -0.121507 0.836699 -0.197793
v -0.120050 0.836699 -0.233022
v -0.129085 0.835518 -0.197613
v -0.127553 0.835518 -0.232830
v -0.117735 0.835518 -0.197613
v -0.116317 0.835518 -0.232830
v -0.132610 0.832057 -0.197081
v -0.131043 0.832057 -0.232265
v -0.054765 0.832057 -0.197081
v -0.054069 0.832057 -0.232265
v -0.114223 0.832057 -0.197081
v -0.112842 0.832057 -0.232265
v -0.072943 0.832057 -0.197081
v -0.072026 0.832057 -0.232265
v -0.009050 0.832057 -0.197081
v -0.008933 0.832057 -0.232265
v -0.051782 0.826550 -0.196228
v -0.051123 0.826550 -0.231359
v -0.012024 0.826550 -0.196228
v -0.011869 0.826550 -0.231359
v -0.075934 0.826550 -0.196228
v -0.074982 0.826550 -0.231359
v -0.111209 0.826550 -0.196228
v -0.109860 0.826550 -0.231359
v -0.137966 0.819374 -0.195102
v -0.136348 0.819374 -0.230162
v -0.135639 0.826550 -0.196228
v -0.134043 0.826550 -0.231359
v -0.108899 0.819374 -0.195102
v -0.107574 0.819374 -0.230162
v -0.078230 0.819374 -0.195102
v -0.077251 0.819374 -0.230162
v -0.014307 0.819374 -0.195102
v -0.014123 0.819374 -0.230162
v -0.049494 0.819374 -0.195102
v -0.048864 0.819374 -0.230162
v -0.139429 0.811016 -0.193772
v -0.137797 0.811016 -0.228749
v -0.079674 0.811016 -0.193772
v -0.078678 0.811016 -0.228749
v -0.048056 0.811016 -0.193772
v -0.047443 0.811016 -0.228749
v -0.015742 0.811016 -0.193772
v -0.015539 0.811016 -0.228749
v -0.107447 0.811016 -0.193772
v -0.106138 0.811016 -0.228749
v -0.106951 0.802048 -0.192324
v -0.105648 0.802048 -0.227211
v -0.080167 0.802048 -0.192324
v -0.079165 0.802048 -0.227211
v -0.016231 0.802048 -0.192324
v -0.016022 0.802048 -0.227211
v -0.047566 0.802048 -0.192324
v -0.046959 0.802048 -0.227211
v -0.139928 0.802048 -0.192324
v -0.138292 0.802048 -0.227211
v -0.016231 0.608818 -0.159380
v -0.016022 0.608818 -0.192204
v 0.064897 0.836699 -0.233022
v -0.106951 0.608818 -0.159380
v -0.105648 0.608818 -0.192204
v 0.068586 0.835518 -0.232830
v -0.047566 0.608818 -0.159380
v -0.046959 0.608818 -0.192204
v -0.139928 0.608818 -0.159380
v -0.138292 0.608818 -0.192204
v -0.080167 0.608818 -0.159380
v -0.079165 0.608818 -0.192204
v -0.107447 0.599850 -0.157930
v -0.106138 0.599850 -0.190663
v -0.079674 0.599850 -0.157930
v -0.078678 0.599850 -0.190663
v -0.139429 0.599850 -0.157930
v -0.137797 0.599850 -0.190663
v -0.048056 0.599850 -0.157930
v -0.047443 0.599850 -0.190663
v -0.015742 0.599850 -0.157930
v -0.015539 0.599850 -0.190663
v -0.014307 0.591492 -0.156599
v -0.014123 0.591492 -0.189248
v -0.108899 0.591492 -0.156599
v -0.107574 0.591492 -0.189248
v -0.078230 0.591492 -0.156599
v -0.077251 0.591492 -0.189248
v -0.049494 0.591492 -0.156599
v -0.048864 0.591492 -0.189248
v -0.137966 0.591492 -0.156599
v -0.136348 0.591492 -0.189248
v -0.075934 0.584316 -0.155471
v -0.074982 0.584316 -0.188050
v -0.051782 0.584316 -0.155471
v -0.051123 0.584316 -0.188050
v -0.012024 0.584316 -0.155471
v -0.011869 0.584316 -0.188050
v -0.111210 0.584316 -0.155471
v -0.109860 0.584316 -0.188050
v -0.135639 0.584316 -0.155471
v -0.134043 0.584316 -0.188050
v -0.129085 0.575348 -0.154084
v -0.127552 0.575348 -0.186576
v -0.132610 0.578809 -0.154616
v -0.131043 0.578809 -0.187142
v -0.125306 0.574167 -0.153903
v -0.123811 0.574167 -0.186384
v -0.114223 0.578809 -0.154616
v -0.112842 0.578809 -0.187142
v -0.117735 0.575348 -0.154084
v -0.116317 0.575348 -0.186576
v -0.121507 0.574167 -0.153903
v -0.120050 0.574167 -0.186384
v -0.072943 0.578809 -0.154616
v -0.072026 0.578809 -0.187142
v -0.069461 0.575348 -0.154084
v -0.068586 0.575348 -0.186576
v -0.065727 0.574167 -0.153903
v -0.064897 0.574167 -0.186384
v -0.058240 0.575348 -0.154084
v -0.057501 0.575348 -0.186576
v -0.054765 0.578809 -0.154616
v -0.054069 0.578809 -0.187142
v -0.061971 0.574167 -0.153903
v -0.061187 0.574167 -0.186384
v -0.009050 0.578809 -0.154616
v -0.008933 0.578809 -0.187142
v -0.001870 0.574167 -0.153903
v -0.001846 0.574167 -0.186384
v -0.005587 0.575348 -0.154084
v -0.005515 0.575348 -0.186576
v 0.001870 0.836699 -0.197793
v 0.005587 0.835518 -0.197613
v 0.009050 0.832057 -0.197081
v 0.012024 0.826550 -0.196228
v 0.014307 0.819374 -0.195102
v 0.015742 0.811016 -0.193772
v 0.016231 0.802048 -0.192324
v 0.016231 0.608818 -0.159380
v 0.015742 0.599850 -0.157930
v 0.014307 0.591492 -0.156599
v 0.012024 0.584316 -0.155471
v 0.009050 0.578809 -0.154616
v 0.001870 0.574167 -0.153903
v 0.005587 0.575348 -0.154084
v -0.001870 0.836699 -0.197793
v -0.005587 0.835518 -0.197613
v -0.009050 0.832057 -0.197081
v -0.012024 0.826550 -0.196228
v -0.014307 0.819374 -0.195102
v -0.015742 0.811016 -0.193772
v -0.016231 0.802048 -0.192324
v -0.016231 0.608818 -0.159380
v -0.015742 0.599850 -0.157930
v -0.014307 0.591492 -0.156599
v -0.012024 0.584316 -0.155471
v -0.009050 0.578809 -0.154616
v -0.001870 0.574167 -0.153903
v -0.005587 0.575348 -0.154084
v 0.001870 0.836699 -0.197793
v 0.005587 0.835518 -0.197613
v 0.009050 0.832057 -0.197081
v 0.012024 0.826550 -0.196228
v 0.014307 0.819374 -0.195102
v 0.015742 0.811016 -0.193772
v 0.016231 0.802048 -0.192324
v 0.016231 0.608818 -0.159380
v 0.015742 0.599850 -0.157930
v 0.014307 0.591492 -0.156599
v 0.012024 0.584316 -0.155471
v 0.009050 0.578809 -0.154616
v 0.001870 0.574167 -0.153903
v 0.005587 0.575348 -0.154084
v -0.001870 0.836699 -0.197793
v -0.005587 0.835518 -0.197613
v -0.009050 0.832057 -0.197081
v -0.012024 0.826550 -0.196228
v -0.014307 0.819374 -0.195102
v -0.015742 0.811016 -0.193772
v -0.016231 0.802048 -0.192324
v -0.016231 0.608818 -0.159380
v -0.015742 0.599850 -0.157930
v -0.014307 0.591492 -0.156599
v -0.012024 0.584316 -0.155471
v -0.009050 0.578809 -0.154616
v -0.001870 0.574167 -0.153903
v -0.005587 0.575348 -0.154084
v 0.001870 0.836699 -0.197793
v 0.005587 0.835518 -0.197613
v 0.009050 0.832057 -0.197081
v 0.012024 0.826550 -0.196228
v 0.014307 0.819374 -0.195102
v 0.015742 0.811016 -0.193772
v 0.016231 0.802048 -0.192324
v 0.016231 0.608818 -0.159380
v 0.015742 0.599850 -0.157930
v 0.014307 0.591492 -0.156599
v 0.012024 0.584316 -0.155471
v 0.009050 0.578809 -0.154616
v 0.001870 0.574167 -0.153903
v 0.005587 0.575348 -0.154084
v -0.001870 0.836699 -0.197793
v -0.005587 0.835518 -0.197613
v -0.009050 0.832057 -0.197081
v -0.012024 0.826550 -0.196228
v -0.014307 0.819374 -0.195102
v -0.015742 0.811016 -0.193772
v -0.016231 0.802048 -0.192324
v -0.016231 0.608818 -0.159380
v -0.015742 0.599850 -0.157930
v -0.014307 0.591492 -0.156599
v -0.012024 0.584316 -0.155471
v -0.009050 0.578809 -0.154616
v -0.001870 0.574167 -0.153903
v -0.005587 0.575348 -0.154084
v -0.170613 0.608818 -0.159983
v 0.168714 0.608818 -0.192845
v -0.142683 0.608818 -0.159983
v -0.141021 0.608818 -0.192845
v 0.170613 0.608818 -0.159983
v -0.168714 0.608818 -0.192845
v 0.142683 0.608818 -0.159983
v 0.141021 0.608818 -0.192845
v -0.139928 0.796622 -0.191399
v 0.080167 0.796622 -0.191399
v -0.138292 0.796622 -0.226228
v 0.016231 0.796623 -0.191399
v 0.079165 0.796622 -0.226228
v -0.170613 0.796622 -0.190506
v 0.139928 0.796622 -0.191399
v -0.142684 0.796623 -0.190506
v 0.170613 0.796622 -0.190506
v -0.047566 0.796622 -0.191399
v 0.142683 0.796622 -0.190506
v 0.016231 0.796623 -0.191399
v 0.138292 0.796622 -0.226228
v -0.080167 0.796622 -0.191399
v 0.016231 0.796623 -0.191399
v -0.079165 0.796622 -0.226228
v -0.106951 0.796622 -0.191399
v 0.047566 0.796622 -0.191399
v 0.016022 0.796623 -0.226222
v -0.016231 0.796622 -0.191399
v 0.016231 0.796623 -0.191399
v -0.016022 0.796623 -0.226222
v 0.046959 0.796623 -0.226222
v -0.141022 0.796623 -0.225279
v -0.105648 0.796622 -0.226228
v -0.046959 0.796623 -0.226222
v -0.168715 0.796622 -0.225279
v -0.016231 0.796622 -0.191399
v 0.105648 0.796622 -0.226228
v 0.168715 0.796622 -0.225279
v 0.141022 0.796622 -0.225279
v -0.016231 0.796622 -0.191399
v -0.016231 0.796622 -0.191399
v 0.054069 0.832057 -0.232265
v 0.072026 0.832057 -0.232265
v 0.051123 0.826550 -0.231359
v 0.074982 0.826550 -0.231359
v 0.077251 0.819374 -0.230162
v 0.048864 0.819374 -0.230162
v 0.078678 0.811016 -0.228749
v 0.047443 0.811016 -0.228749
v 0.079165 0.802048 -0.227211
v 0.046959 0.802048 -0.227211
v 0.046959 0.608818 -0.192204
v 0.079165 0.608818 -0.192204
v 0.078678 0.599850 -0.190663
v 0.047443 0.599850 -0.190663
v 0.077251 0.591492 -0.189248
v 0.048864 0.591492 -0.189248
v 0.074982 0.584316 -0.188050
v 0.051123 0.584316 -0.188050
v 0.072026 0.578809 -0.187142
v 0.068586 0.575348 -0.186576
v 0.064897 0.574167 -0.186384
v 0.057501 0.575348 -0.186576
v 0.054069 0.578809 -0.187142
v 0.061187 0.574167 -0.186384
v 0.079165 0.796622 -0.226228
v 0.046959 0.796623 -0.226222
v 0.208958 0.434060 0.174760
v 0.178095 0.434144 0.205740
v 0.204018 0.434093 0.189023
v 0.192721 0.434124 0.200363
v 0.186405 0.453884 0.181377
v -0.178095 0.434144 0.205740
v -0.208958 0.434060 0.174760
v -0.192721 0.434124 0.200363
v -0.204018 0.434093 0.189023
v -0.186405 0.453884 0.181377
v 0.177755 0.423389 -0.163188
v 0.184916 0.423389 -0.151709
v 0.184907 0.443191 -0.153522
v 0.177747 0.443191 -0.165038
v -0.184916 0.423389 -0.151709
v -0.177755 0.423389 -0.163188
v -0.177747 0.443191 -0.165038
v -0.184907 0.443191 -0.153522
v 0.160504 0.453833 0.160961
v 0.190969 0.453833 0.160961
v 0.209991 0.453833 0.160961
v -0.160505 0.453833 0.160961
v -0.190969 0.453833 0.160961
v -0.209991 0.453833 0.160961
v 0.178150 0.453946 0.205142
v 0.192768 0.453926 0.199743
v 0.204047 0.453895 0.188388
v 0.208965 0.453862 0.174117
v -0.208965 0.453862 0.174117
v -0.204047 0.453895 0.188388
v -0.192768 0.453926 0.199743
v -0.178150 0.453946 0.205142
v 0.162698 0.453959 0.206971
v -0.162698 0.453959 0.206971
v 0.162206 0.453931 0.196651
v -0.162206 0.453931 0.196651
vn -0.0000 1.0000 -0.0000
vn -0.0000 0.0022 1.0000
vn -0.9988 0.0001 0.0496
vn -0.0000 -1.0000 -0.0000
vn 0.9984 -0.0001 -0.0566
vn -0.0000 -0.0026 -1.0000
vn 0.9984 -0.0012 -0.0564
vn -0.0000 0.0189 0.9998
vn 0.9977 -0.0029 -0.0684
vn -0.0000 -0.9994 0.0360
vn -0.9982 0.0025 0.0599
vn -0.0000 -0.0663 -0.9978
vn -0.9988 -0.0017 0.0484
vn 0.9982 -0.0039 -0.0606
vn -0.0000 -0.1292 0.9916
vn 0.9985 0.0019 -0.0553
vn -0.0000 0.1309 -0.9914
vn -0.0000 0.9994 -0.0334
vn 0.9984 0.0005 -0.0567
vn -0.0000 -0.0075 1.0000
vn -0.0000 -0.0086 1.0000
vn -0.9988 -0.0005 0.0494
vn 0.9984 0.0005 -0.0564
vn -0.0000 0.0102 -0.9999
vn -0.0000 -0.9994 0.0332
vn -0.9982 -0.0015 0.0597
vn 0.9977 0.0017 -0.0682
vn -0.0000 0.0915 -0.9958
vn 0.9983 -0.0003 -0.0590
vn -0.0000 -0.0917 0.9958
vn -0.9987 0.0002 0.0517
vn -0.0000 0.1270 -0.9919
vn 0.9984 0.0017 -0.0568
vn -0.0000 0.1302 0.9915
vn 0.9986 -0.0072 -0.0531
vn -0.9989 0.0063 0.0465
vn -0.0000 -0.1382 -0.9904
vn 0.9983 -0.0098 -0.0583
vn -0.0000 0.1604 0.9870
vn -0.0000 0.1107 0.9939
vn 0.9982 -0.0068 -0.0596
vn -0.9986 0.0060 0.0522
vn -0.0000 -0.1175 -0.9931
vn -0.0000 -0.1588 -0.9873
vn -0.0000 -0.1702 -0.9854
vn -0.0000 0.0089 -1.0000
vn -0.0000 1.0000 0.0029
vn -0.0000 -0.1260 0.9920
vn -0.0000 0.0624 0.9981
vn -0.0000 -0.0225 -0.9997
vn -0.0000 0.9994 -0.0356
vn -0.0000 -0.9994 0.0357
vn -0.0000 -0.0937 -0.9956
vn -0.0000 -1.0000 0.0071
vn -0.0000 0.0287 0.9996
vn 0.9974 -0.0041 -0.0725
vn -0.0000 1.0000 -0.0027
vn -0.0000 0.1498 0.9887
vn 0.9534 0.2990 -0.0391
vn -0.9986 -0.0532 0.0059
vn 0.9837 -0.1761 -0.0370
vn 0.2996 -0.9540 -0.0122
vn -0.7090 0.7052 0.0021
vn -0.0000 -0.1568 -0.9876
vn -0.9967 0.0635 0.0497
vn -0.3034 -0.9528 0.0073
vn -0.2989 0.9542 0.0139
vn -0.9537 -0.3006 0.0046
vn 0.7067 -0.7074 -0.0144
vn 0.7014 -0.7123 -0.0279
vn -0.9533 0.3020 0.0050
vn 0.9998 -0.0031 -0.0174
vn -0.3046 -0.9525 0.0004
vn -0.9996 0.0051 0.0287
vn -0.7045 -0.7090 0.0310
vn -0.3001 -0.9538 0.0129
vn 0.3007 0.9536 -0.0133
vn -0.8812 -0.4721 0.0234
vn -0.3028 0.9530 0.0079
vn 0.9993 -0.0064 -0.0374
vn -0.9854 -0.1642 0.0457
vn -0.9978 0.0595 0.0304
vn 0.9982 -0.0572 -0.0174
vn -0.9989 0.0082 0.0469
vn -0.9538 -0.2992 0.0262
vn -0.9528 -0.3004 0.0436
vn -0.9512 0.3071 0.0282
vn 0.9540 0.2992 -0.0189
vn 0.7091 0.7049 -0.0156
vn -1.0000 0.0011 0.0060
vn -0.8779 0.4781 0.0252
vn 0.8802 0.4732 -0.0369
vn -0.9484 0.3136 0.0467
vn -0.7093 -0.7049 0.0019
vn 0.9860 0.1655 -0.0188
vn 0.3031 -0.9529 -0.0066
vn -0.3045 0.9525 0.0005
vn -0.9978 -0.0475 0.0467
vn -0.9859 -0.1673 0.0054
vn -0.9856 0.1691 0.0058
vn -0.9985 0.0552 0.0063
vn 0.8793 -0.4760 -0.0169
vn -0.7055 0.7084 0.0194
vn 0.7059 0.7076 -0.0304
vn -0.8735 0.4850 0.0424
vn -0.8809 0.4733 0.0037
vn 0.9523 -0.3046 -0.0175
vn -0.9826 0.1793 0.0488
vn 0.8816 0.4716 -0.0184
vn -0.9859 -0.1648 0.0278
vn 0.9500 -0.3101 -0.0362
vn 0.9974 -0.0610 -0.0373
vn -0.8814 -0.4724 0.0034
vn 0.9857 0.1638 -0.0397
vn -0.8791 -0.4750 0.0395
vn 0.9851 -0.1713 -0.0175
vn 0.9980 0.0482 -0.0398
vn 0.3037 0.9527 -0.0071
vn -0.6994 0.7140 0.0333
vn 0.9985 0.0512 -0.0186
vn 0.8755 -0.4820 -0.0340
vn -0.7085 -0.7055 0.0180
vn -0.9984 -0.0498 0.0286
vn -0.9843 0.1739 0.0297
vn 0.9988 0.0001 0.0496
vn -0.9984 -0.0001 -0.0566
vn -0.9984 -0.0012 -0.0564
vn -0.9977 -0.0029 -0.0684
vn 0.9982 0.0025 0.0599
vn 0.9988 -0.0017 0.0484
vn -0.9982 -0.0039 -0.0606
vn -0.9985 0.0019 -0.0553
vn -0.9984 0.0005 -0.0567
vn 0.9988 -0.0005 0.0494
vn -0.9984 0.0005 -0.0564
vn 0.9982 -0.0015 0.0597
vn -0.9977 0.0017 -0.0682
vn -0.9983 -0.0003 -0.0590
vn 0.9987 0.0002 0.0517
vn -0.9984 0.0017 -0.0568
vn -0.9986 -0.0072 -0.0531
vn 0.9989 0.0063 0.0465
vn -0.9983 -0.0098 -0.0583
vn -0.9982 -0.0068 -0.0596
vn 0.9986 0.0060 0.0522
vn -0.9974 -0.0041 -0.0725
vn -0.9534 0.2990 -0.0391
vn 0.9986 -0.0532 0.0059
vn -0.9837 -0.1761 -0.0370
vn -0.2996 -0.9540 -0.0122
vn 0.7090 0.7052 0.0021
vn 0.9967 0.0635 0.0497
vn 0.3035 -0.9528 0.0073
vn 0.2989 0.9542 0.0139
vn 0.9537 -0.3006 0.0046
vn -0.7067 -0.7074 -0.0144
vn -0.7014 -0.7123 -0.0279
vn 0.9533 0.3020 0.0050
vn -0.9998 -0.0031 -0.0174
vn 0.3046 -0.9525 0.0004
vn 0.9996 0.0051 0.0287
vn 0.7045 -0.7090 0.0310
vn 0.3001 -0.9538 0.0129
vn -0.3007 0.9536 -0.0133
vn 0.8812 -0.4721 0.0234
vn 0.3028 0.9530 0.0079
vn -0.9993 -0.0066 -0.0374
vn 0.9854 -0.1642 0.0457
vn 0.9978 0.0595 0.0304
vn -0.9982 -0.0572 -0.0174
vn 0.9989 0.0082 0.0469
vn 0.9538 -0.2992 0.0262
vn 0.9528 -0.3004 0.0436
vn 0.9512 0.3071 0.0282
vn -0.9540 0.2992 -0.0189
vn -0.7091 0.7049 -0.0156
vn 1.0000 0.0011 0.0060
vn 0.8779 0.4781 0.0252
vn -0.8802 0.4732 -0.0369
vn 0.9484 0.3136 0.0467
vn 0.7093 -0.7049 0.0019
vn -0.9860 0.1655 -0.0188
vn -0.3031 -0.9529 -0.0066
vn 0.3045 0.9525 0.0005
vn 0.9978 -0.0475 0.0467
vn 0.9859 -0.1673 0.0054
vn 0.9856 0.1691 0.0058
vn 0.9985 0.0552 0.0063
vn -0.8793 -0.4760 -0.0169
vn 0.7055 0.7084 0.0194
vn -0.7059 0.7076 -0.0304
vn 0.8735 0.4850 0.0424
vn 0.8809 0.4733 0.0037
vn -0.9523 -0.3046 -0.0175
vn 0.9826 0.1793 0.0488
vn -0.8816 0.4717 -0.0184
vn 0.9859 -0.1648 0.0278
vn -0.9500 -0.3101 -0.0362
vn -0.9974 -0.0610 -0.0373
vn 0.8814 -0.4724 0.0034
vn -0.9857 0.1638 -0.0397
vn 0.8791 -0.4750 0.0395
vn -0.9851 -0.1713 -0.0175
vn -0.9980 0.0482 -0.0398
vn -0.3037 0.9527 -0.0071
vn 0.6994 0.7140 0.0333
vn -0.9985 0.0512 -0.0186
vn -0.8755 -0.4820 -0.0340
vn 0.7085 -0.7055 0.0180
vn 0.9984 -0.0498 0.0286
vn 0.9843 0.1739 0.0297
vn -1.0000 -0.0000 -0.0000
vn 0.9928 -0.0000 0.1201
vn -0.0000 0.1681 0.9858
vn 0.0007 0.1682 0.9858
vn -0.0000 -0.1782 -0.9840
vn 0.2254 -0.1658 -0.9600
vn -0.2254 -0.1658 -0.9600
vn 0.9984 -0.0094 -0.0560
vn -0.9984 -0.0094 -0.0560
vn 0.0518 0.1640 0.9851
vn -0.0518 0.1640 0.9851
vn -1.0000 0.0011 0.0062
vn -0.9995 0.0052 0.0296
vn -0.0000 0.1477 0.9890
vn -0.9988 0.0085 0.0483
vn 1.0000 0.0011 0.0062
vn 0.9995 0.0052 0.0296
vn 0.9988 0.0085 0.0483
vn -0.9985 -0.0090 -0.0539
vn -0.0555 -0.1740 -0.9832
vn -0.0000 -0.1783 -0.9840
vn 0.0555 -0.1740 -0.9832
vn -0.9992 -0.0068 -0.0385
vn -0.9998 -0.0032 -0.0179
vn 0.9985 -0.0090 -0.0539
vn 0.9992 -0.0068 -0.0385
vn 0.9998 -0.0032 -0.0179
vn 0.0057 -1.0000 0.0043
vn 0.0061 -0.9999 0.0088
vn 0.0019 -1.0000 0.0088
vn -0.0019 -1.0000 0.0088
vn -0.0061 -0.9999 0.0088
vn -0.0057 -1.0000 0.0043
vn 0.9451 0.0097 0.3265
vn 0.7088 0.0210 0.7050
vn 0.3457 0.0280 0.9379
vn -0.3457 0.0280 0.9379
vn -0.7088 0.0210 0.7050
vn -0.9451 0.0097 0.3265
vn 0.9969 0.0027 0.0786
vn 0.1168 0.0291 0.9927
vn 0.0011 -1.0000 0.0007
vn -0.1168 0.0291 0.9927
vn -0.0011 -1.0000 0.0007
vn -0.9969 0.0027 0.0786
vn 0.9777 -0.0184 -0.2093
vn 0.8478 -0.0485 -0.5280
vn 0.4205 -0.0845 -0.9033
vn -0.4205 -0.0845 -0.9033
vn -0.8478 -0.0485 -0.5280
vn -0.9777 -0.0184 -0.2093
vn -0.0000 1.0000 -0.0025
vn 0.0005 1.0000 -0.0024
vn 0.0003 1.0000 -0.0024
vn 0.0003 1.0000 -0.0022
vn -0.0003 1.0000 -0.0022
vn -0.0003 1.0000 -0.0024
vn -0.0005 1.0000 -0.0024
vn 0.0006 1.0000 -0.0024
vn -0.0006 1.0000 -0.0024
vn -0.0002 1.0000 -0.0027
vn 0.0002 1.0000 -0.0028
vn 0.0002 1.0000 -0.0027
vn -0.0002 1.0000 -0.0028
vt 0.400136 0.445067
vt 0.536017 0.445067
vt 0.535226 0.460687
vt 0.400927 0.460687
vt 0.559773 0.227620
vt 0.559773 0.340000
vt 0.545171 0.340000
vt 0.545171 0.227620
vt 0.316271 0.227620
vt 0.316522 0.340000
vt 0.330428 0.340000
vt 0.330130 0.227620
vt 0.544510 0.296336
vt 0.559018 0.296336
vt 0.559773 0.282354
vt 0.545171 0.282354
vt 0.330130 0.227620
vt 0.330428 0.340000
vt 0.316522 0.340000
vt 0.316271 0.227620
vt 0.544510 0.227620
vt 0.544510 0.340000
vt 0.559018 0.340000
vt 0.559018 0.227620
vt 0.330956 0.363026
vt 0.316966 0.363026
vt 0.559773 0.363026
vt 0.545171 0.363026
vt 0.477289 0.334816
vt 0.478756 0.357842
vt 0.559018 0.295864
vt 0.544510 0.295864
vt 0.536021 0.442725
vt 0.549320 0.442725
vt 0.330956 0.363026
vt 0.478756 0.357842
vt 0.548416 0.334816
vt 0.535229 0.334816
vt 0.535229 0.357842
vt 0.548416 0.357842
vt 0.489927 0.206263
vt 0.505409 0.206263
vt 0.512769 0.151576
vt 0.497187 0.151576
vt 0.492767 0.334816
vt 0.494326 0.357842
vt 0.548273 0.462623
vt 0.535103 0.462623
vt 0.534395 0.478205
vt 0.547463 0.478205
vt 0.548575 0.206263
vt 0.535368 0.206263
vt 0.535103 0.151576
vt 0.548273 0.151576
vt 0.489927 0.206263
vt 0.534632 0.206263
vt 0.547735 0.206263
vt 0.547463 0.151576
vt 0.534395 0.151576
vt 0.544510 0.295566
vt 0.559018 0.295566
vt 0.548667 0.453268
vt 0.535448 0.453268
vt 0.330276 0.211474
vt 0.316394 0.211474
vt 0.559773 0.211474
vt 0.545171 0.211474
vt 0.559773 0.151576
vt 0.545171 0.151576
vt 0.316919 0.151576
vt 0.330900 0.151576
vt 0.544510 0.151576
vt 0.544510 0.211474
vt 0.559018 0.211474
vt 0.559018 0.151576
vt 0.559018 0.295712
vt 0.544510 0.295712
vt 0.535368 0.455362
vt 0.548575 0.455363
vt 0.487832 0.222449
vt 0.487832 0.222449
vt 0.547818 0.222494
vt 0.534705 0.222494
vt 0.503291 0.222494
vt 0.549320 0.334816
vt 0.536021 0.334816
vt 0.535448 0.222449
vt 0.548667 0.222449
vt 0.536021 0.580231
vt 0.549321 0.580231
vt 0.549321 0.589991
vt 0.536021 0.589991
vt 0.512524 0.580231
vt 0.530208 0.580231
vt 0.531596 0.589991
vt 0.513830 0.589991
vt 0.548417 0.497032
vt 0.535230 0.497032
vt 0.536021 0.479266
vt 0.549321 0.479266
vt 0.512524 0.580231
vt 0.513830 0.589991
vt 0.531596 0.589991
vt 0.548417 0.580231
vt 0.535229 0.580231
vt 0.535230 0.589991
vt 0.548417 0.589991
vt 0.501427 0.416714
vt 0.506964 0.448170
vt 0.490649 0.448170
vt 0.485439 0.416714
vt 0.549320 0.416714
vt 0.549320 0.448170
vt 0.536021 0.448170
vt 0.536021 0.416714
vt 0.536021 0.357842
vt 0.549320 0.357842
vt 0.494326 0.357842
vt 0.535229 0.416714
vt 0.548416 0.416714
vt 0.467186 0.474856
vt 0.467197 0.492346
vt 0.468955 0.492346
vt 0.468967 0.474856
vt 0.400923 0.416714
vt 0.402223 0.448170
vt 0.402459 0.443801
vt 0.403149 0.439730
vt 0.404246 0.436234
vt 0.405675 0.433552
vt 0.407337 0.431866
vt 0.409119 0.431290
vt 0.410909 0.431290
vt 0.412687 0.431866
vt 0.414342 0.433552
vt 0.415762 0.436234
vt 0.416851 0.439730
vt 0.417535 0.443801
vt 0.417768 0.448170
vt 0.430379 0.448170
vt 0.430610 0.443801
vt 0.431290 0.439730
vt 0.432371 0.436234
vt 0.433778 0.433552
vt 0.435416 0.431866
vt 0.437173 0.431290
vt 0.438940 0.431290
vt 0.440695 0.431866
vt 0.442329 0.433552
vt 0.443732 0.436234
vt 0.444808 0.439730
vt 0.445484 0.443801
vt 0.445715 0.448170
vt 0.460447 0.448170
vt 0.460677 0.443801
vt 0.461351 0.439730
vt 0.462424 0.436234
vt 0.463822 0.433552
vt 0.465450 0.431866
vt 0.467197 0.431290
vt 0.468955 0.431290
vt 0.470702 0.431866
vt 0.472330 0.433552
vt 0.473728 0.436234
vt 0.474801 0.439730
vt 0.475476 0.443801
vt 0.475706 0.448170
vt 0.490438 0.448170
vt 0.490668 0.443801
vt 0.491345 0.439730
vt 0.492421 0.436234
vt 0.493824 0.433552
vt 0.495458 0.431866
vt 0.497213 0.431290
vt 0.498980 0.431290
vt 0.500736 0.431866
vt 0.502374 0.433552
vt 0.503782 0.436234
vt 0.504863 0.439730
vt 0.505542 0.443801
vt 0.505774 0.448170
vt 0.518385 0.448170
vt 0.518618 0.443801
vt 0.519302 0.439730
vt 0.520391 0.436234
vt 0.521810 0.433552
vt 0.523465 0.431866
vt 0.525243 0.431290
vt 0.527034 0.431290
vt 0.528816 0.431866
vt 0.530478 0.433552
vt 0.531906 0.436234
vt 0.533004 0.439730
vt 0.533694 0.443801
vt 0.533929 0.448170
vt 0.535229 0.448170
vt 0.548416 0.448170
vt 0.391642 0.227620
vt 0.391642 0.211474
vt 0.401448 0.222494
vt 0.401520 0.206263
vt 0.400704 0.453268
vt 0.534705 0.468727
vt 0.401448 0.468727
vt 0.401520 0.470844
vt 0.534632 0.470844
vt 0.400785 0.455362
vt 0.391642 0.295712
vt 0.545171 0.281829
vt 0.390981 0.281829
vt 0.390981 0.281707
vt 0.545171 0.281707
vt 0.391642 0.295566
vt 0.391642 0.295864
vt 0.545171 0.281957
vt 0.390981 0.281957
vt 0.400785 0.206263
vt 0.400704 0.222449
vt 0.400923 0.357842
vt 0.400923 0.334816
vt 0.400923 0.458203
vt 0.535229 0.458203
vt 0.400132 0.442725
vt 0.400132 0.334816
vt 0.400132 0.357842
vt 0.391642 0.363026
vt 0.544510 0.363026
vt 0.391642 0.340000
vt 0.544507 0.296746
vt 0.559014 0.296746
vt 0.549316 0.445067
vt 0.400132 0.444192
vt 0.536021 0.444192
vt 0.544510 0.296392
vt 0.391642 0.296392
vt 0.400927 0.367489
vt 0.535226 0.367489
vt 0.545554 0.273621
vt 0.390598 0.273621
vt 0.390981 0.282401
vt 0.545171 0.282401
vt 0.391646 0.296746
vt 0.380021 0.451977
vt 0.383431 0.457676
vt 0.386832 0.444192
vt 0.559018 0.296392
vt 0.549320 0.444192
vt 0.557733 0.444192
vt 0.568076 0.296392
vt 0.548413 0.367489
vt 0.545552 0.372734
vt 0.390601 0.372734
vt 0.390598 0.363088
vt 0.545554 0.363088
vt 0.390981 0.340000
vt 0.390981 0.363026
vt 0.330956 0.363026
vt 0.479631 0.367489
vt 0.331311 0.372672
vt 0.386836 0.445067
vt 0.380025 0.452877
vt 0.378424 0.445067
vt 0.390835 0.279028
vt 0.545317 0.279028
vt 0.568072 0.296746
vt 0.557728 0.445067
vt 0.400132 0.416714
vt 0.534709 0.448170
vt 0.534471 0.443801
vt 0.533774 0.439730
vt 0.532666 0.436234
vt 0.531224 0.433552
vt 0.529545 0.431866
vt 0.527746 0.431290
vt 0.525937 0.431290
vt 0.524140 0.431866
vt 0.522468 0.433552
vt 0.521033 0.436234
vt 0.519933 0.439730
vt 0.519241 0.443801
vt 0.519005 0.448170
vt 0.506251 0.448170
vt 0.506016 0.443801
vt 0.505329 0.439730
vt 0.504235 0.436234
vt 0.502811 0.433552
vt 0.501153 0.431866
vt 0.499375 0.431290
vt 0.497586 0.431290
vt 0.495810 0.431866
vt 0.494155 0.433552
vt 0.492735 0.436234
vt 0.491645 0.439730
vt 0.490960 0.443801
vt 0.490727 0.448170
vt 0.475805 0.448170
vt 0.475572 0.443801
vt 0.474889 0.439730
vt 0.473802 0.436234
vt 0.472386 0.433552
vt 0.470737 0.431866
vt 0.468967 0.431290
vt 0.467186 0.431290
vt 0.465416 0.431866
vt 0.463767 0.433552
vt 0.462350 0.436234
vt 0.461263 0.439730
vt 0.460580 0.443801
vt 0.460347 0.448170
vt 0.445426 0.448170
vt 0.445192 0.443801
vt 0.444508 0.439730
vt 0.443418 0.436234
vt 0.441998 0.433552
vt 0.440343 0.431866
vt 0.438566 0.431290
vt 0.436778 0.431290
vt 0.435000 0.431866
vt 0.433342 0.433552
vt 0.431917 0.436234
vt 0.430824 0.439730
vt 0.430136 0.443801
vt 0.429902 0.448170
vt 0.417147 0.448170
vt 0.416911 0.443801
vt 0.416220 0.439730
vt 0.415119 0.436234
vt 0.413684 0.433552
vt 0.412012 0.431866
vt 0.410216 0.431290
vt 0.408407 0.431290
vt 0.406607 0.431866
vt 0.404929 0.433552
vt 0.403486 0.436234
vt 0.402378 0.439730
vt 0.401682 0.443801
vt 0.401444 0.448170
vt 0.400132 0.448170
vt 0.383435 0.458594
vt 0.527746 0.474856
vt 0.525937 0.474856
vt 0.525243 0.492346
vt 0.527034 0.492346
vt 0.400923 0.466863
vt 0.535229 0.466863
vt 0.536021 0.450874
vt 0.400132 0.450874
vt 0.488969 0.439730
vt 0.488409 0.436234
vt 0.504583 0.436234
vt 0.505178 0.439730
vt 0.506705 0.542298
vt 0.507424 0.546666
vt 0.524789 0.546666
vt 0.524025 0.542298
vt 0.524789 0.546666
vt 0.525491 0.550737
vt 0.508084 0.550737
vt 0.523465 0.492251
vt 0.524140 0.474766
vt 0.504132 0.433552
vt 0.503851 0.431866
vt 0.487720 0.431866
vt 0.487985 0.433552
vt 0.400923 0.580231
vt 0.535229 0.539655
vt 0.533929 0.539655
vt 0.533929 0.542298
vt 0.533694 0.546666
vt 0.533004 0.550737
vt 0.531906 0.554233
vt 0.530478 0.556916
vt 0.528816 0.558602
vt 0.527034 0.559177
vt 0.525243 0.559177
vt 0.523465 0.558602
vt 0.521810 0.556916
vt 0.520391 0.554233
vt 0.519302 0.550737
vt 0.518618 0.546666
vt 0.518385 0.542298
vt 0.518385 0.539655
vt 0.505774 0.539655
vt 0.505774 0.542298
vt 0.505542 0.546666
vt 0.504863 0.550737
vt 0.503782 0.554233
vt 0.502374 0.556916
vt 0.500736 0.558602
vt 0.498980 0.559177
vt 0.497213 0.559177
vt 0.495458 0.558602
vt 0.493824 0.556916
vt 0.492421 0.554233
vt 0.491345 0.550737
vt 0.490668 0.546666
vt 0.490438 0.542298
vt 0.490438 0.539655
vt 0.475706 0.539655
vt 0.475706 0.542298
vt 0.475476 0.546666
vt 0.474801 0.550737
vt 0.473728 0.554233
vt 0.472330 0.556916
vt 0.470702 0.558602
vt 0.468955 0.559177
vt 0.467197 0.559177
vt 0.465450 0.558602
vt 0.463822 0.556916
vt 0.462424 0.554233
vt 0.461351 0.550737
vt 0.460677 0.546666
vt 0.460447 0.542298
vt 0.460447 0.539655
vt 0.445715 0.539655
vt 0.445715 0.542298
vt 0.445484 0.546666
vt 0.444808 0.550737
vt 0.443732 0.554233
vt 0.442329 0.556916
vt 0.440695 0.558602
vt 0.438940 0.559177
vt 0.437173 0.559177
vt 0.435416 0.558602
vt 0.433778 0.556916
vt 0.432371 0.554233
vt 0.431290 0.550737
vt 0.430610 0.546666
vt 0.430379 0.542298
vt 0.430379 0.539655
vt 0.417768 0.539655
vt 0.417768 0.542298
vt 0.417535 0.546666
vt 0.416851 0.550737
vt 0.415762 0.554233
vt 0.414342 0.556916
vt 0.412687 0.558602
vt 0.410909 0.559177
vt 0.409119 0.559177
vt 0.407337 0.558602
vt 0.405675 0.556916
vt 0.404246 0.554233
vt 0.403149 0.550737
vt 0.402459 0.546666
vt 0.402223 0.542298
vt 0.402223 0.539655
vt 0.400923 0.539655
vt 0.506645 0.448170
vt 0.505881 0.443801
vt 0.489630 0.443801
vt 0.490350 0.448170
vt 0.501153 0.474766
vt 0.499375 0.474856
vt 0.498980 0.492346
vt 0.500736 0.492251
vt 0.528816 0.469287
vt 0.527034 0.469192
vt 0.527746 0.453066
vt 0.529545 0.453156
vt 0.508643 0.554233
vt 0.526085 0.554233
vt 0.525491 0.550737
vt 0.526535 0.556916
vt 0.526815 0.558602
vt 0.509331 0.558602
vt 0.509067 0.556916
vt 0.488969 0.439730
vt 0.506246 0.539655
vt 0.523535 0.539655
vt 0.524025 0.542298
vt 0.470737 0.474766
vt 0.470702 0.492251
vt 0.523537 0.539655
vt 0.506705 0.542298
vt 0.526535 0.556916
vt 0.529545 0.474766
vt 0.528816 0.492251
vt 0.524140 0.453156
vt 0.525937 0.453066
vt 0.525243 0.469192
vt 0.523465 0.469287
vt 0.508643 0.554233
vt 0.500736 0.469287
vt 0.498980 0.469192
vt 0.499375 0.453066
vt 0.501153 0.453156
vt 0.506266 0.539655
vt 0.523537 0.539655
vt 0.505881 0.443801
vt 0.497586 0.474856
vt 0.497213 0.492346
vt 0.523537 0.539655
vt 0.506246 0.539655
vt 0.504583 0.436234
vt 0.503852 0.431866
vt 0.504132 0.433552
vt 0.523535 0.539655
vt 0.495458 0.492251
vt 0.495810 0.474766
vt 0.497586 0.453066
vt 0.497213 0.469192
vt 0.470702 0.469287
vt 0.468955 0.469192
vt 0.468967 0.453066
vt 0.470737 0.453156
vt 0.487720 0.431866
vt 0.508084 0.550737
vt 0.467197 0.469192
vt 0.467186 0.453066
vt 0.495810 0.453156
vt 0.495458 0.469287
vt 0.390981 0.211474
vt 0.390981 0.227620
vt 0.376380 0.227620
vt 0.376380 0.340000
vt 0.391642 0.296336
vt 0.390981 0.282354
vt 0.376380 0.282354
vt 0.377135 0.296336
vt 0.377135 0.227620
vt 0.377135 0.340000
vt 0.376380 0.363026
vt 0.377135 0.295864
vt 0.386832 0.442725
vt 0.387736 0.334816
vt 0.387736 0.357842
vt 0.387880 0.462623
vt 0.388690 0.478205
vt 0.401758 0.478205
vt 0.401049 0.462623
vt 0.387578 0.206263
vt 0.387880 0.151576
vt 0.401049 0.151576
vt 0.497187 0.151576
vt 0.401758 0.151576
vt 0.388690 0.151576
vt 0.388418 0.206263
vt 0.387486 0.453268
vt 0.377135 0.295566
vt 0.376380 0.211474
vt 0.376380 0.151576
vt 0.390981 0.151576
vt 0.391642 0.151576
vt 0.377135 0.151576
vt 0.377135 0.211474
vt 0.377135 0.295712
vt 0.387578 0.455363
vt 0.388335 0.222494
vt 0.386832 0.334816
vt 0.387486 0.222449
vt 0.400132 0.580231
vt 0.400132 0.589991
vt 0.386832 0.589991
vt 0.386832 0.580231
vt 0.387736 0.497032
vt 0.386832 0.479266
vt 0.400132 0.479266
vt 0.400923 0.497032
vt 0.387736 0.580231
vt 0.387736 0.589991
vt 0.400923 0.589991
vt 0.386832 0.416714
vt 0.386832 0.448170
vt 0.386832 0.357842
vt 0.387736 0.416714
vt 0.387736 0.448170
vt 0.400923 0.448170
vt 0.377139 0.296746
vt 0.387736 0.459762
vt 0.377135 0.296392
vt 0.368076 0.296392
vt 0.378420 0.444192
vt 0.387740 0.367489
vt 0.552718 0.458594
vt 0.556127 0.452877
vt 0.368080 0.296746
vt 0.408407 0.474856
vt 0.409119 0.492346
vt 0.410909 0.492346
vt 0.410216 0.474856
vt 0.412687 0.492251
vt 0.412012 0.474766
vt 0.435000 0.474766
vt 0.435416 0.492251
vt 0.437173 0.492346
vt 0.436778 0.474856
vt 0.407337 0.469287
vt 0.406607 0.453156
vt 0.408407 0.453066
vt 0.409119 0.469192
vt 0.526815 0.558602
vt 0.465416 0.474766
vt 0.465450 0.492251
vt 0.406607 0.474766
vt 0.407337 0.492251
vt 0.412012 0.453156
vt 0.412687 0.469287
vt 0.410909 0.469192
vt 0.410216 0.453066
vt 0.509067 0.556916
vt 0.435416 0.469287
vt 0.435000 0.453156
vt 0.436778 0.453066
vt 0.437173 0.469192
vt 0.506246 0.539655
vt 0.438940 0.492346
vt 0.438566 0.474856
vt 0.507424 0.546666
vt 0.440695 0.492251
vt 0.440343 0.474766
vt 0.438566 0.453066
vt 0.438940 0.469192
vt 0.465450 0.469287
vt 0.465416 0.453156
vt 0.440343 0.453156
vt 0.440695 0.469287
vt 0.400132 0.477959
vt 0.536021 0.477959
vt 0.535229 0.495643
vt 0.400923 0.495643
vt 0.472386 0.474503
vt 0.474889 0.454404
vt 0.475572 0.455065
vt 0.460580 0.472860
vt 0.460347 0.472141
vt 0.474889 0.473520
vt 0.473802 0.474079
vt 0.472386 0.453420
vt 0.473802 0.453844
vt 0.461263 0.454404
vt 0.462350 0.453844
vt 0.475805 0.455785
vt 0.475805 0.471682
vt 0.475805 0.472141
vt 0.463767 0.453420
vt 0.461263 0.473520
vt 0.475572 0.472860
vt 0.463767 0.474503
vt 0.460580 0.455065
vt 0.462350 0.474079
vt 0.460347 0.455785
vt 0.460347 0.539655
vt 0.445426 0.539655
vt 0.519006 0.539655
vt 0.506251 0.539655
vt 0.387736 0.539655
vt 0.548417 0.539655
vt 0.523066 0.539655
vt 0.505803 0.539655
vt 0.549321 0.539655
vt 0.536021 0.539655
vt 0.505803 0.539655
vt 0.400132 0.539655
vt 0.386832 0.539655
vt 0.401444 0.539655
vt 0.534709 0.539655
vt 0.519005 0.542298
vt 0.519241 0.546666
vt 0.519933 0.550737
vt 0.521033 0.554233
vt 0.522468 0.556916
vt 0.524140 0.558602
vt 0.525937 0.559177
vt 0.527746 0.559177
vt 0.529545 0.558602
vt 0.531224 0.556916
vt 0.532666 0.554233
vt 0.533774 0.550737
vt 0.534471 0.546666
vt 0.534709 0.542298
vt 0.401444 0.542298
vt 0.401682 0.546666
vt 0.402378 0.550737
vt 0.403486 0.554233
vt 0.404929 0.556916
vt 0.406607 0.558602
vt 0.408407 0.559177
vt 0.410216 0.559177
vt 0.412012 0.558602
vt 0.413684 0.556916
vt 0.415119 0.554233
vt 0.416220 0.550737
vt 0.416911 0.546666
vt 0.417147 0.542298
vt 0.417147 0.539655
vt 0.429902 0.539655
vt 0.429902 0.542298
vt 0.430136 0.546666
vt 0.430824 0.550737
vt 0.431917 0.554233
vt 0.433342 0.556916
vt 0.435000 0.558602
vt 0.436778 0.559177
vt 0.438566 0.559177
vt 0.440343 0.558602
vt 0.441998 0.556916
vt 0.443418 0.554233
vt 0.444508 0.550737
vt 0.445192 0.546666
vt 0.445426 0.542298
vt 0.460347 0.542298
vt 0.460580 0.546666
vt 0.461263 0.550737
vt 0.462350 0.554233
vt 0.463767 0.556916
vt 0.465416 0.558602
vt 0.467186 0.559177
vt 0.468967 0.559177
vt 0.470737 0.558602
vt 0.472386 0.556916
vt 0.473802 0.554233
vt 0.474889 0.550737
vt 0.475572 0.546666
vt 0.475805 0.542298
vt 0.475805 0.539655
vt 0.490727 0.539655
vt 0.490727 0.542298
vt 0.490960 0.546666
vt 0.491645 0.550737
vt 0.492735 0.554233
vt 0.494155 0.556916
vt 0.495810 0.558602
vt 0.497586 0.559177
vt 0.499375 0.559177
vt 0.501153 0.558602
vt 0.502811 0.556916
vt 0.504235 0.554233
vt 0.505329 0.550737
vt 0.506016 0.546666
vt 0.506251 0.542298
vt 0.504863 0.490926
vt 0.505542 0.490225
vt 0.490438 0.472081
vt 0.490438 0.488970
vt 0.502374 0.469568
vt 0.502374 0.491970
vt 0.503782 0.491520
vt 0.490438 0.489461
vt 0.490668 0.490225
vt 0.491345 0.490926
vt 0.504863 0.470614
vt 0.503782 0.470019
vt 0.491345 0.470614
vt 0.490668 0.471316
vt 0.505774 0.472081
vt 0.505542 0.471316
vt 0.493824 0.469568
vt 0.492421 0.491520
vt 0.493824 0.491970
vt 0.492421 0.470019
vt 0.505774 0.488973
vt 0.505774 0.489461
vt 0.567580 0.289896
vt 0.565228 0.282814
vt 0.559773 0.282401
vt 0.559848 0.277185
vt 0.552883 0.274515
vt 0.383269 0.274515
vt 0.376304 0.277185
vt 0.376380 0.282401
vt 0.370925 0.282814
vt 0.368572 0.289896
vt 0.324460 0.363040
vt 0.324779 0.372686
vt 0.317694 0.372703
vt 0.317379 0.363057
vt 0.312057 0.372718
vt 0.311749 0.363072
vt 0.559848 0.363072
vt 0.559871 0.372718
vt 0.552910 0.372728
vt 0.552883 0.363081
vt 0.383269 0.363081
vt 0.383243 0.372728
vt 0.376282 0.372718
vt 0.376304 0.363072
vt 0.486541 0.357842
vt 0.487441 0.367489
vt 0.492240 0.357842
vt 0.493159 0.367489
vt 0.552718 0.367489
vt 0.552722 0.357842
vt 0.383431 0.357842
vt 0.383435 0.367489
vt 0.552722 0.457676
vt 0.548416 0.459762
vt 0.556131 0.451977
vt 0.548413 0.460687
vt 0.387740 0.460687
vt 0.556841 0.286611
vt 0.379312 0.286611
vt 0.552910 0.274812
vt 0.559871 0.277492
vt 0.565242 0.283130
vt 0.567583 0.290215
vt 0.368569 0.290215
vt 0.370911 0.283130
vt 0.376282 0.277492
vt 0.383243 0.274812
vt 0.545552 0.273904
vt 0.390601 0.273904
s 0
usemtl White_Matte
f 254/1/1 51/2/1 52/3/1 255/4/1
f 21/5/2 3/6/2 7/7/2 43/8/2
f 43/9/3 7/10/3 5/11/3 44/12/3
f 6/13/4 2/14/4 4/15/4 8/16/4
f 20/17/5 1/18/5 3/19/5 21/20/5
f 44/21/6 5/22/6 1/23/6 20/24/6
f 3/19/7 1/18/7 9/25/7 55/26/7
f 7/7/8 3/6/8 55/27/8 49/28/8
f 9/25/9 1/18/9 10/29/9 53/30/9
f 1/31/10 5/32/10 11/33/10 10/34/10
f 5/11/11 50/35/11 12/36/11 11/29/11
f 13/37/12 14/38/12 15/39/12 25/40/12
f 47/41/13 26/42/13 19/43/13 17/44/13
f 53/30/14 10/29/14 13/45/14 25/46/14
f 16/47/4 17/48/4 19/49/4 18/50/4
f 27/51/15 47/52/15 17/53/15 16/54/15
f 28/42/16 27/55/16 16/44/16 18/43/16
f 26/56/17 28/57/17 18/58/17 19/59/17
f 44/60/18 20/61/18 24/62/18 48/63/18
f 22/64/19 20/17/19 21/20/19 23/65/19
f 23/66/20 21/5/20 43/8/20 42/67/20
f 4/68/21 23/66/21 42/67/21 8/69/21
f 8/70/22 42/65/22 45/64/22 6/71/22
f 2/71/23 22/64/23 23/65/23 4/70/23
f 6/72/24 45/73/24 22/74/24 2/75/24
f 22/76/25 45/77/25 47/78/25 27/79/25
f 45/64/26 44/12/26 48/80/26 47/41/26
f 20/17/27 22/64/27 27/55/27 24/81/27
f 14/38/28 13/37/28 29/82/28 46/83/28
f 13/45/29 10/29/29 24/81/29 29/84/29
f 10/85/30 11/86/30 48/87/30 24/88/30
f 11/29/31 14/45/31 46/84/31 48/80/31
f 46/83/32 29/82/32 28/57/32 26/56/32
f 29/84/33 24/81/33 27/55/33 28/42/33
f 40/89/34 39/90/34 30/91/34 31/92/34
f 39/93/35 38/94/35 32/95/35 30/96/35
f 32/97/1 33/98/1 31/99/1 30/100/1
f 41/94/36 40/101/36 31/102/36 33/103/36
f 38/104/37 41/105/37 33/106/37 32/107/37
f 35/108/38 491/109/38 494/110/38 36/111/38
f 36/112/39 494/113/39 496/114/39 37/115/39
f 12/116/40 53/117/40 36/112/40 37/115/40
f 53/30/41 25/46/41 35/108/41 36/111/41
f 15/118/42 12/36/42 37/111/42 34/108/42
f 25/40/43 15/39/43 34/119/43 35/120/43
f 264/121/4 265/122/4 62/123/4 61/124/4
f 34/119/44 237/125/44 343/126/44 351/127/44 365/128/44 375/129/44 379/130/44 377/131/44 381/132/44 387/133/44 385/134/44 383/135/44 373/136/44 359/137/44 347/138/44 338/139/44 345/140/44 349/141/44 361/142/44 367/143/44 389/144/44 391/145/44 393/146/44 399/147/44 395/148/44 397/149/44 369/150/44 363/151/44 353/152/44 341/153/44 335/154/44 355/155/44 357/156/44 371/157/44 401/158/44 405/159/44 403/160/44 201/161/44 203/162/44 199/163/44 169/164/44 155/165/44 153/166/44 132/167/44 139/168/44 151/169/44 161/170/44 167/171/44 195/172/44 193/173/44 197/174/44 191/175/44 189/176/44 187/177/44 165/178/44 159/179/44 147/180/44 143/181/44 135/182/44 145/183/44 157/184/44 171/185/44 181/186/44 183/187/44 185/188/44 179/189/44 175/190/44 177/191/44 173/192/44 163/193/44 149/194/44 141/195/44
f 34/119/45 497/196/45 491/197/45 35/120/45
f 247/198/46 44/21/46 45/73/46 248/199/46
f 249/200/32 46/83/32 26/56/32 229/201/32
f 251/202/47 48/63/47 46/203/47 249/204/47
f 229/205/4 26/206/4 47/78/4 250/207/4
f 248/208/4 45/77/4 42/209/4 245/210/4
f 246/211/1 43/212/1 44/60/1 247/213/1
f 208/214/4 5/32/4 7/215/4 210/216/4
f 250/217/48 47/52/48 48/87/48 251/218/48
f 218/219/12 15/39/12 14/38/12 217/220/12
f 217/221/4 14/222/4 11/33/4 214/223/4
f 214/224/49 11/86/49 12/116/49 215/225/49
f 253/226/50 50/227/50 5/22/50 208/228/50
f 575/229/51 576/230/51 56/231/51 51/2/51
f 215/232/52 12/233/52 50/234/52 253/235/52
f 218/219/53 255/236/53 52/237/53 15/39/53
f 59/238/54 262/239/54 252/240/54 49/241/54
f 578/242/51 575/229/51 51/2/51 254/1/51
f 571/243/4 572/244/4 256/245/4
f 9/246/52 53/247/52 58/248/52 57/249/52
f 25/40/53 15/39/53 52/237/53 54/250/53
f 589/251/55 590/252/55 262/253/55 59/254/55
f 210/255/8 7/7/8 49/28/8 252/256/8
f 57/257/56 58/30/56 60/258/56 577/259/56
f 259/260/1 574/261/1 263/262/1
f 578/242/57 592/263/57 591/264/57 575/229/57
f 56/231/51 576/230/51 577/265/51 60/266/51
f 240/267/58 37/115/58 496/114/58 140/268/58 148/269/58 162/270/58 172/271/58 176/272/58 174/273/58 178/274/58 184/275/58 182/276/58 180/277/58 170/278/58 156/279/58 144/280/58 134/281/58 142/282/58 146/283/58 158/284/58 164/285/58 186/286/58 188/287/58 190/288/58 196/289/58 192/290/58 194/291/58 166/292/58 160/293/58 150/294/58 138/295/58 131/296/58 152/297/58 154/298/58 168/299/58 198/300/58 202/301/58 200/302/58 402/303/58 404/304/58 400/305/58 370/306/58 356/307/58 354/308/58 334/309/58 340/310/58 352/311/58 362/312/58 368/313/58 396/314/58 394/315/58 398/316/58 392/317/58 390/318/58 388/319/58 366/320/58 360/321/58 348/322/58 344/323/58 337/324/58 346/325/58 358/326/58 372/327/58 382/328/58 384/329/58 386/330/58 380/331/58 376/332/58 378/333/58 374/334/58 364/335/58 350/336/58 342/337/58 492/338/58
f 259/260/1 573/339/1 574/261/1
f 73/340/4 75/341/4 76/342/4 74/343/4
f 237/344/4 34/345/4 37/346/4 240/347/4
f 156/348/59 170/349/59 171/350/59 157/351/59
f 125/352/60 117/353/60 118/354/60 126/355/60
f 120/356/61 104/357/61 103/358/61 119/353/61
f 80/359/62 76/342/62 75/341/62 79/360/62
f 199/361/63 203/362/63 202/363/63 198/364/63
f 244/365/64 41/105/64 528/366/64 510/367/64 130/368/64 112/369/64 100/370/64 102/371/64 82/372/64 78/373/64 74/374/64 76/375/64 80/376/64 86/377/64 98/378/64 104/379/64 120/380/64 122/381/64 526/382/64 502/383/64 124/384/64 114/385/64 106/386/64 96/387/64 88/388/64 70/389/64 72/390/64 66/391/64 68/392/64 84/393/64 92/394/64 110/395/64 116/396/64 128/397/64 520/398/64 516/399/64 126/400/64 118/401/64 108/402/64 94/403/64 90/404/64 64/405/64 62/406/64 265/407/64 267/408/64 293/409/64 297/410/64 311/411/64 321/412/64 329/413/64 519/414/64 523/415/64 331/416/64 319/417/64 313/418/64 295/419/64 287/420/64 271/421/64 269/422/64 275/423/64 273/424/64 291/425/64 299/426/64 309/427/64 317/428/64 327/429/64 513/430/64 522/431/64 325/432/64 323/433/64 307/434/64 301/435/64 289/436/64 283/437/64 279/438/64 277/439/64 281/440/64 285/441/64 305/442/64 303/443/64 315/444/64 333/445/64 500/446/64 521/447/64
f 141/448/65 149/449/65 148/450/65 140/451/65
f 69/452/66 71/453/66 72/454/66 70/455/66
f 175/456/67 179/457/67 178/458/67 174/459/67
f 107/358/68 93/460/68 94/461/68 108/462/68
f 84/463/69 68/464/69 67/465/69 83/466/69
f 86/463/70 80/464/70 79/465/70 85/466/70
f 155/351/71 169/350/71 168/349/71 154/467/71
f 127/352/72 515/468/72 520/469/72 128/470/72
f 63/471/73 61/124/73 62/123/73 64/472/73
f 124/470/74 502/473/74 499/468/74 123/474/74
f 81/466/75 77/465/75 78/464/75 82/475/75
f 77/476/76 73/340/76 74/343/76 78/477/76
f 182/478/77 184/479/77 185/480/77 183/481/77
f 95/482/78 87/466/78 88/475/78 96/461/78
f 189/483/79 191/484/79 190/485/79 188/486/79
f 121/474/80 136/487/80 526/488/80 122/470/80
f 111/353/81 99/358/81 100/357/81 112/354/81
f 143/448/82 147/489/82 146/450/82 142/451/82
f 71/453/4 65/490/4 66/491/4 72/454/4
f 128/470/83 116/356/83 115/353/83 127/352/83
f 130/470/84 510/492/84 504/493/84 129/474/84
f 105/358/85 95/482/85 96/461/85 106/357/85
f 99/358/86 101/460/86 102/461/86 100/357/86
f 159/351/87 165/494/87 164/349/87 158/467/87
f 184/479/1 178/458/1 179/457/1 185/480/1
f 160/467/88 166/349/88 167/350/88 161/351/88
f 194/364/89 192/363/89 193/495/89 195/496/89
f 126/355/90 516/497/90 501/468/90 125/352/90
f 165/494/91 187/496/91 186/364/91 164/349/91
f 170/349/92 180/364/92 181/361/92 171/350/92
f 163/351/93 173/350/93 172/349/93 162/467/93
f 89/466/94 63/465/94 64/464/94 90/463/94
f 150/450/95 160/467/95 161/351/95 151/449/95
f 68/498/96 66/491/96 65/490/96 67/499/96
f 196/500/1 190/485/1 191/484/1 197/501/1
f 203/502/97 201/503/97 200/504/97 202/505/97
f 129/474/98 111/353/98 112/354/98 130/470/98
f 117/353/99 107/358/99 108/462/99 118/354/99
f 153/449/100 155/351/100 154/467/100 152/450/100
f 132/448/101 153/449/101 152/450/101 131/451/101
f 92/461/102 84/463/102 83/466/102 91/460/102
f 187/496/103 189/362/103 188/506/103 186/364/103
f 180/364/104 182/506/104 183/362/104 181/361/104
f 173/350/105 177/361/105 176/364/105 172/349/105
f 169/350/106 199/361/106 198/364/106 168/349/106
f 110/462/107 92/461/107 91/460/107 109/507/107
f 149/449/108 163/351/108 162/467/108 148/450/108
f 166/349/109 194/364/109 195/496/109 167/350/109
f 113/353/110 105/358/110 106/357/110 114/354/110
f 104/357/111 98/461/111 97/482/111 103/358/111
f 122/470/112 120/356/112 119/353/112 121/474/112
f 200/504/1 201/503/1 403/508/1 402/509/1
f 93/460/113 89/466/113 90/463/113 94/461/113
f 144/450/114 156/348/114 157/351/114 145/489/114
f 101/460/115 81/466/115 82/475/115 102/461/115
f 116/356/116 110/462/116 109/507/116 115/353/116
f 134/451/117 144/450/117 145/489/117 135/448/117
f 192/510/118 196/500/118 197/501/118 193/511/118
f 177/361/119 175/362/119 174/363/119 176/364/119
f 138/451/120 150/450/120 151/449/120 139/448/120
f 245/512/20 42/67/20 43/8/20 246/513/20
f 98/461/121 86/463/121 85/466/121 97/482/121
f 87/466/122 69/465/122 70/464/122 88/475/122
f 123/474/123 113/353/123 114/354/123 124/470/123
f 147/489/124 159/351/124 158/467/124 146/450/124
f 224/514/2 246/513/2 210/255/2 206/515/2
f 246/9/125 247/12/125 208/11/125 210/10/125
f 209/516/4 211/517/4 207/518/4 205/519/4
f 223/17/126 224/20/126 206/19/126 204/18/126
f 247/198/6 223/520/6 204/521/6 208/228/6
f 206/19/127 258/26/127 212/25/127 204/18/127
f 210/255/8 252/256/8 258/522/8 206/515/8
f 212/25/128 256/30/128 213/29/128 204/18/128
f 204/523/10 213/524/10 214/223/10 208/214/10
f 208/11/129 214/29/129 215/36/129 253/35/129
f 216/525/12 228/526/12 218/219/12 217/220/12
f 250/41/130 220/44/130 222/43/130 229/42/130
f 256/30/131 228/46/131 216/45/131 213/29/131
f 219/527/4 221/528/4 222/529/4 220/530/4
f 230/531/15 219/532/15 220/533/15 250/217/15
f 231/42/132 221/43/132 219/534/132 230/55/132
f 229/201/17 222/535/17 221/536/17 231/537/17
f 247/213/18 251/202/18 227/538/18 223/539/18
f 225/64/133 226/65/133 224/20/133 223/17/133
f 226/540/20 245/512/20 246/513/20 224/514/20
f 207/541/21 211/542/21 245/512/21 226/540/21
f 211/70/134 209/71/134 248/64/134 245/65/134
f 205/71/135 207/70/135 226/65/135 225/64/135
f 209/543/24 205/544/24 225/545/24 248/199/24
f 225/546/25 230/547/25 250/207/25 248/208/25
f 248/64/136 250/41/136 251/80/136 247/12/136
f 223/17/137 227/81/137 230/55/137 225/64/137
f 217/220/28 249/200/28 232/548/28 216/525/28
f 216/45/138 232/84/138 227/81/138 213/29/138
f 213/549/30 227/550/30 251/218/30 214/224/30
f 214/29/139 251/80/139 249/84/139 217/45/139
f 249/200/32 229/201/32 231/537/32 232/548/32
f 232/84/140 231/42/140 230/55/140 227/81/140
f 243/551/34 234/552/34 233/553/34 242/554/34
f 242/101/141 233/96/141 235/95/141 241/94/141
f 235/555/1 233/556/1 234/557/1 236/558/1
f 244/94/142 236/103/142 234/102/142 243/93/142
f 241/559/37 235/560/37 236/561/37 244/365/37
f 238/108/143 239/111/143 490/110/143 495/109/143
f 239/562/39 240/267/39 492/338/39 490/563/39
f 215/225/40 240/267/40 239/562/40 256/564/40
f 256/30/144 239/111/144 238/108/144 228/46/144
f 218/118/145 237/108/145 240/111/145 215/36/145
f 228/526/43 238/565/43 237/125/43 218/219/43
f 237/125/45 238/565/45 495/566/45 493/567/45
f 578/242/51 254/1/51 259/260/51 579/568/51
f 256/245/4 572/244/4 228/569/4
f 212/570/52 260/571/52 261/572/52 256/245/52
f 228/526/53 257/573/53 255/236/53 218/219/53
f 260/257/146 580/259/146 263/258/146 261/30/146
f 570/574/1 56/231/1 569/575/1
f 259/260/51 263/262/51 580/576/51 579/568/51
f 276/577/4 277/578/4 279/579/4 278/580/4
f 358/467/147 359/351/147 373/350/147 372/349/147
f 328/474/148 329/470/148 321/354/148 320/353/148
f 323/356/149 322/353/149 306/358/149 307/357/149
f 283/581/150 282/582/150 278/580/150 279/579/150
f 401/496/151 400/364/151 404/363/151 405/362/151
f 343/448/152 342/451/152 350/450/152 351/449/152
f 272/583/153 273/584/153 275/585/153 274/586/153
f 377/587/154 376/588/154 380/589/154 381/590/154
f 310/358/155 311/462/155 297/461/155 296/482/155
f 287/463/156 286/466/156 270/465/156 271/464/156
f 289/463/157 288/466/157 282/465/157 283/591/157
f 357/351/158 356/467/158 370/349/158 371/350/158
f 330/352/159 331/470/159 523/469/159 507/468/159
f 266/592/160 267/593/160 265/122/160 264/121/160
f 327/470/161 326/474/161 511/468/161 513/473/161
f 284/466/162 285/463/162 281/464/162 280/465/162
f 280/594/163 281/595/163 277/578/163 276/577/163
f 384/596/164 385/597/164 387/598/164 386/599/164
f 298/482/165 299/461/165 291/463/165 290/600/165
f 391/601/166 390/602/166 392/603/166 393/604/166
f 324/474/167 325/470/167 522/492/167 514/605/167
f 314/353/168 315/354/168 303/357/168 302/358/168
f 345/448/169 344/451/169 348/450/169 349/489/169
f 274/586/4 275/585/4 269/606/4 268/607/4
f 331/470/170 330/352/170 318/608/170 319/356/170
f 333/470/171 332/474/171 498/605/171 500/473/171
f 308/358/172 309/357/172 299/461/172 298/482/172
f 302/358/173 303/357/173 305/461/173 304/460/173
f 361/351/174 360/467/174 366/349/174 367/350/174
f 386/599/1 387/598/1 381/590/1 380/589/1
f 362/467/175 363/351/175 369/350/175 368/349/175
f 396/364/176 397/496/176 395/495/176 394/363/176
f 329/470/177 328/474/177 517/468/177 519/497/177
f 367/350/178 366/349/178 388/364/178 389/496/178
f 372/349/179 373/350/179 383/361/179 382/364/179
f 365/351/180 364/467/180 374/349/180 375/350/180
f 292/466/181 293/463/181 267/464/181 266/465/181
f 352/450/182 353/449/182 363/351/182 362/467/182
f 271/609/183 270/610/183 268/607/183 269/606/183
f 398/611/1 399/612/1 393/604/1 392/603/1
f 405/613/184 404/614/184 402/509/184 403/508/184
f 332/474/185 333/470/185 315/354/185 314/353/185
f 320/353/186 321/354/186 311/462/186 310/358/186
f 355/449/187 354/450/187 356/467/187 357/351/187
f 335/448/188 334/451/188 354/450/188 355/449/188
f 295/461/189 294/482/189 286/466/189 287/463/189
f 389/496/190 388/364/190 390/506/190 391/495/190
f 382/364/191 383/361/191 385/362/191 384/506/191
f 375/350/192 374/349/192 378/364/192 379/361/192
f 371/350/193 370/349/193 400/364/193 401/496/193
f 313/462/194 312/507/194 294/482/194 295/461/194
f 351/449/195 350/450/195 364/467/195 365/351/195
f 368/349/196 369/350/196 397/496/196 396/364/196
f 316/353/197 317/354/197 309/357/197 308/358/197
f 307/357/198 306/358/198 300/482/198 301/461/198
f 325/470/199 324/474/199 322/353/199 323/356/199
f 296/482/200 297/461/200 293/463/200 292/466/200
f 346/450/201 347/489/201 359/351/201 358/467/201
f 304/460/202 305/461/202 285/463/202 284/466/202
f 319/356/203 318/608/203 312/507/203 313/462/203
f 337/451/204 338/448/204 347/489/204 346/450/204
f 394/615/205 395/616/205 399/612/205 398/611/205
f 379/361/206 378/364/206 376/363/206 377/362/206
f 340/451/207 341/448/207 353/449/207 352/450/207
f 301/461/208 300/482/208 288/466/208 289/463/208
f 290/600/209 291/463/209 273/464/209 272/465/209
f 326/474/210 327/470/210 317/354/210 316/353/210
f 349/489/211 348/450/211 360/467/211 361/351/211
f 243/617/1 40/618/1 41/619/1 244/620/1
f 89/621/1 63/471/1 407/471/1 408/621/1
f 328/474/212 517/468/212 529/605/212 426/474/212
f 154/622/1 152/623/1 414/623/1 415/622/1
f 402/509/1 200/504/1 418/504/1 432/509/1
f 320/624/1 328/625/1 426/625/1 425/624/1
f 107/626/1 93/627/1 409/627/1 410/626/1
f 198/628/1 168/629/1 416/629/1 417/628/1
f 356/630/1 370/631/1 430/631/1 429/630/1
f 63/471/1 61/124/1 406/124/1 407/471/1
f 93/627/1 89/621/1 408/621/1 409/627/1
f 404/614/1 402/509/1 432/509/1 433/614/1
f 152/623/1 131/632/1 413/632/1 414/623/1
f 131/632/1 501/633/1 125/634/1 412/634/1 518/633/1 413/632/1
f 400/635/1 404/614/1 433/614/1 431/635/1
f 310/636/1 320/624/1 425/624/1 424/636/1
f 125/634/1 117/637/1 411/637/1 412/634/1
f 266/592/1 292/638/1 422/638/1 421/592/1
f 200/504/1 202/505/1 419/505/1 418/504/1
f 354/639/1 356/630/1 429/630/1 428/639/1
f 168/629/1 154/622/1 415/622/1 416/629/1
f 296/640/1 310/636/1 424/636/1 423/640/1
f 61/124/1 264/121/1 420/121/1 406/124/1
f 370/631/1 400/635/1 431/635/1 430/631/1
f 202/505/1 198/628/1 417/628/1 419/505/1
f 264/121/1 266/592/1 421/592/1 420/121/1
f 292/638/1 296/640/1 423/640/1 422/638/1
f 334/641/1 354/639/1 428/639/1 427/641/1
f 117/637/1 107/626/1 410/626/1 411/637/1
f 430/631/1 431/635/1 459/635/1 458/631/1
f 418/504/1 419/505/1 447/505/1 446/504/1
f 432/509/1 418/504/1 446/504/1 460/509/1
f 419/505/1 417/628/1 445/628/1 447/505/1
f 433/614/1 432/509/1 460/509/1 461/614/1
f 406/124/1 420/121/1 448/121/1 434/124/1
f 407/471/1 406/124/1 434/124/1 435/471/1
f 431/635/1 433/614/1 461/614/1 459/635/1
f 420/121/1 421/592/1 449/592/1 448/121/1
f 408/621/1 407/471/1 435/471/1 436/621/1
f 421/592/1 422/638/1 450/638/1 449/592/1
f 409/627/1 408/621/1 436/621/1 437/627/1
f 422/638/1 423/640/1 451/640/1 450/638/1
f 410/626/1 409/627/1 437/627/1 438/626/1
f 423/640/1 424/636/1 452/636/1 451/640/1
f 411/637/1 410/626/1 438/626/1 439/637/1
f 424/636/1 425/624/1 453/624/1 452/636/1
f 412/634/1 411/637/1 439/637/1 440/634/1
f 425/624/1 426/625/1 454/625/1 453/624/1
f 413/632/1 518/633/1 412/634/1 440/634/1 509/633/1 441/632/1
f 426/474/213 529/605/213 427/451/213 455/451/213 530/605/213 454/474/213
f 414/623/1 413/632/1 441/632/1 442/623/1
f 427/641/1 428/639/1 456/639/1 455/641/1
f 415/622/1 414/623/1 442/623/1 443/622/1
f 428/639/1 429/630/1 457/630/1 456/639/1
f 416/629/1 415/622/1 443/622/1 444/629/1
f 429/630/1 430/631/1 458/631/1 457/630/1
f 417/628/1 416/629/1 444/629/1 445/628/1
f 443/622/1 442/623/1 470/623/1 471/622/1
f 456/639/1 457/630/1 485/630/1 484/639/1
f 444/629/1 443/622/1 471/622/1 472/629/1
f 457/630/1 458/631/1 486/631/1 485/630/1
f 445/628/1 444/629/1 472/629/1 473/628/1
f 458/631/1 459/635/1 487/635/1 486/631/1
f 446/504/1 447/505/1 475/505/1 474/504/1
f 460/509/1 446/504/1 474/504/1 488/509/1
f 447/505/1 445/628/1 473/628/1 475/505/1
f 461/614/1 460/509/1 488/509/1 489/614/1
f 434/124/1 448/121/1 476/121/1 462/124/1
f 435/471/1 434/124/1 462/124/1 463/471/1
f 459/635/1 461/614/1 489/614/1 487/635/1
f 448/121/1 449/592/1 477/592/1 476/121/1
f 436/621/1 435/471/1 463/471/1 464/621/1
f 449/592/1 450/638/1 478/638/1 477/592/1
f 437/627/1 436/621/1 464/621/1 465/627/1
f 450/638/1 451/640/1 479/640/1 478/638/1
f 438/626/1 437/627/1 465/627/1 466/626/1
f 451/640/1 452/636/1 480/636/1 479/640/1
f 439/637/1 438/626/1 466/626/1 467/637/1
f 452/636/1 453/624/1 481/624/1 480/636/1
f 440/634/1 439/637/1 467/637/1 468/634/1
f 453/624/1 454/625/1 482/625/1 481/624/1
f 441/632/1 509/633/1 440/634/1 468/634/1 512/633/1 469/632/1
f 454/474/213 530/605/213 455/451/213 483/451/213 525/605/213 482/474/213
f 442/623/1 441/632/1 469/632/1 470/623/1
f 455/641/1 456/639/1 484/639/1 483/641/1
f 340/310/214 334/309/214 517/642/214 507/643/214
f 142/282/215 134/281/215 136/644/215 499/645/215
f 72/454/1 70/455/1 339/455/1 336/454/1
f 66/491/1 72/454/1 336/454/1 137/491/1
f 516/399/216 520/398/216 139/168/216 132/167/216
f 493/567/217 343/126/217 237/125/217
f 141/195/218 497/196/218 34/119/218
f 493/567/45 495/566/45 524/646/45 521/447/45
f 491/197/45 497/196/45 528/366/45 527/647/45
f 494/110/219 491/109/219 527/648/219 506/649/219
f 496/114/39 494/113/39 506/650/39 508/651/39
f 495/109/220 490/110/220 503/652/220 524/648/220
f 490/563/39 492/338/39 505/653/39 503/654/39
f 492/338/221 342/337/221 498/655/221 505/653/221
f 140/268/222 496/114/222 508/651/222 504/656/222
f 523/415/216 519/414/216 335/154/216 341/153/216
f 503/654/39 505/653/39 243/551/39 242/554/39
f 516/497/223 132/448/223 131/451/223 501/468/223
f 502/473/224 143/448/224 142/451/224 499/468/224
f 499/645/225 136/644/225 121/657/225 119/658/225 103/659/225 97/660/225 85/661/225 79/662/225 75/663/225 73/664/225 77/665/225 81/666/225 101/667/225 99/668/225 111/669/225 129/670/225 504/656/225 508/651/225 40/89/225 243/551/225 505/653/225 498/655/225 332/671/225 314/672/225 302/673/225 304/674/225 284/675/225 280/676/225 276/677/225 278/678/225 282/679/225 288/680/225 300/681/225 306/682/225 322/683/225 324/684/225 514/685/225 511/686/225 326/687/225 316/688/225 308/689/225 298/690/225 290/691/225 272/692/225 274/693/225 268/694/225 270/695/225 286/696/225 294/697/225 312/698/225 318/699/225 330/700/225 507/643/225 517/642/225 328/701/225 320/702/225 310/703/225 296/704/225 292/705/225 266/706/225 264/707/225 61/708/225 63/709/225 89/710/225 93/711/225 107/712/225 117/713/225 125/714/225 501/715/225 515/716/225 127/717/225 115/718/225 109/719/225 91/720/225 83/721/225 67/722/225 65/723/225 71/724/225 69/725/225 87/726/225 95/727/225 105/728/225 113/729/225 123/730/225
f 510/492/226 141/448/226 140/451/226 504/493/226
f 106/731/1 114/732/1 537/732/1 535/731/1
f 511/686/214 514/685/214 337/324/214 344/323/214
f 515/716/214 501/715/214 131/296/214 138/295/214
f 517/468/227 334/451/227 335/448/227 519/497/227
f 511/468/228 344/451/228 345/448/228 513/473/228
f 498/605/229 342/451/229 343/448/229 500/473/229
f 508/651/39 506/650/39 39/90/39 40/89/39
f 139/733/1 520/734/1 556/734/1 541/733/1
f 524/648/230 503/652/230 242/101/230 241/94/230
f 521/447/231 500/446/231 343/126/231 493/567/231
f 522/431/232 513/430/232 345/140/232 338/139/232
f 187/735/1 189/483/1 550/483/1 549/735/1
f 88/736/1 96/737/1 534/737/1 532/736/1
f 502/383/232 526/382/232 135/182/232 143/181/232
f 510/367/233 528/366/233 497/196/233 141/195/233
f 522/492/234 338/448/234 337/451/234 514/605/234
f 523/469/235 341/448/235 340/451/235 507/468/235
f 521/447/45 524/646/45 241/559/45 244/365/45
f 527/647/45 528/366/45 41/105/45 38/104/45
f 529/605/212 517/468/212 334/451/212 427/451/212
f 506/649/236 527/648/236 38/94/236 39/93/236
f 136/487/237 134/451/237 135/448/237 526/488/237
f 515/468/238 138/451/238 139/448/238 520/469/238
f 520/734/1 128/738/1 540/738/1 556/734/1
f 197/501/1 193/511/1 552/511/1 554/501/1
f 128/738/1 116/739/1 538/739/1 540/738/1
f 70/455/1 88/736/1 532/736/1 339/455/1
f 116/739/1 110/740/1 536/740/1 538/739/1
f 159/741/1 165/742/1 547/742/1 545/741/1
f 161/743/1 151/744/1 544/744/1 546/743/1
f 191/484/1 197/501/1 554/501/1 551/484/1
f 143/745/1 147/746/1 543/746/1 542/745/1
f 96/737/1 106/731/1 535/731/1 534/737/1
f 193/511/1 195/747/1 553/747/1 552/511/1
f 92/748/1 84/749/1 531/749/1 533/748/1
f 165/742/1 187/735/1 549/735/1 547/742/1
f 195/747/1 167/750/1 548/750/1 553/747/1
f 502/751/1 143/745/1 542/745/1 555/751/1
f 147/746/1 159/741/1 545/741/1 543/746/1
f 167/750/1 161/743/1 546/743/1 548/750/1
f 124/752/1 502/751/1 555/751/1 539/752/1
f 84/749/1 68/498/1 133/498/1 531/749/1
f 110/740/1 92/748/1 533/748/1 536/740/1
f 68/498/1 66/491/1 137/491/1 133/498/1
f 189/483/1 191/484/1 551/484/1 550/483/1
f 114/732/1 124/752/1 539/752/1 537/732/1
f 151/744/1 139/733/1 541/733/1 544/744/1
f 557/753/239 559/754/239 55/755/239
f 559/754/240 560/756/240 55/755/240
f 560/756/241 558/757/241 55/755/241
f 562/758/242 564/759/242 258/760/242
f 564/759/243 565/761/243 258/760/243
f 565/761/244 563/762/244 258/760/244
f 557/763/245 584/764/245 583/765/245 559/766/245
f 559/766/246 583/765/246 582/767/246 560/768/246
f 560/769/247 582/770/247 581/771/247 558/772/247
f 562/773/248 588/774/248 587/775/248 564/776/248
f 564/768/249 587/767/249 586/765/249 565/766/249
f 565/766/250 586/765/250 585/764/250 563/763/250
f 49/241/54 55/755/54 558/757/54 59/238/54
f 557/763/251 57/257/251 577/259/251 584/764/251
f 59/254/252 558/772/252 581/771/252 589/251/252
f 55/755/253 9/246/253 57/249/253 557/753/253
f 252/240/54 262/239/54 562/758/54 258/760/54
f 262/253/254 590/252/254 588/774/254 562/773/254
f 258/760/255 563/762/255 260/571/255 212/570/255
f 563/763/256 585/764/256 580/259/256 260/257/256
f 60/258/257 58/30/257 568/777/257 569/778/257
f 569/778/258 568/777/258 567/779/258 570/780/258
f 570/781/259 567/782/259 25/40/259 54/250/259
f 257/573/260 228/526/260 572/783/260 573/784/260
f 573/780/261 572/779/261 571/777/261 574/778/261
f 574/778/262 571/777/262 261/30/262 263/258/262
f 569/575/1 56/231/1 60/266/1
f 567/785/4 53/247/4 25/786/4
f 53/247/4 568/787/4 58/248/4
f 54/788/1 56/231/1 570/574/1
f 568/787/4 53/247/4 567/785/4
f 256/245/4 261/572/4 571/243/4
f 257/789/1 573/339/1 259/260/1
f 561/790/263 576/230/263 575/229/263
f 561/790/263 577/265/263 576/230/263
f 566/791/263 578/242/263 579/568/263
f 566/791/263 579/568/263 580/576/263
f 561/790/264 581/792/264 582/793/264
f 561/790/265 582/793/265 583/794/265
f 561/790/266 583/794/266 584/795/266
f 566/791/267 585/796/267 586/797/267
f 566/791/268 586/797/268 587/798/268
f 566/791/269 587/798/269 588/799/269
f 561/790/266 584/795/266 577/265/266
f 561/790/270 589/800/270 581/792/270
f 566/791/271 588/799/271 590/801/271
f 566/791/267 580/576/267 585/796/267
f 566/791/272 592/263/272 578/242/272
f 561/790/273 591/264/273 589/800/273
f 591/264/274 561/790/274 575/229/274
f 592/263/275 566/791/275 590/801/275
f 591/264/57 592/263/57 590/801/57 589/800/57
o Pillow
v -0.205795 0.479913 0.213204
v -0.204989 0.488778 0.211832
v -0.208200 0.466015 -0.135545
v -0.207494 0.475235 -0.136050
v 0.197115 0.479263 0.216449
v 0.195815 0.488231 0.215569
v 0.209619 0.465254 -0.134629
v 0.208794 0.474201 -0.134306
v 0.192656 0.464414 -0.134188
v 0.175707 0.463459 -0.133579
v 0.158887 0.463433 -0.131465
v 0.141995 0.463272 -0.129829
v 0.125086 0.463059 -0.128358
v 0.108160 0.462812 -0.127053
v 0.091189 0.462493 -0.126203
v 0.076148 0.461926 -0.119502
v 0.059298 0.462143 -0.121558
v 0.042401 0.462159 -0.119773
v 0.026431 0.462678 -0.124700
v 0.009412 0.462809 -0.124886
v -0.007601 0.462930 -0.125291
v -0.024614 0.463056 -0.125718
v -0.041628 0.463183 -0.126145
v -0.058639 0.463304 -0.126533
v -0.075648 0.463423 -0.126959
v -0.092652 0.463517 -0.127468
v -0.109660 0.463643 -0.127916
v -0.126679 0.463885 -0.128104
v -0.142498 0.463902 -0.122753
v -0.157747 0.464272 -0.129172
v -0.174427 0.464688 -0.132064
v -0.191205 0.465090 -0.134477
v -0.190595 0.475415 -0.134330
v -0.173837 0.475152 -0.131713
v -0.159650 0.474105 -0.123883
v -0.142679 0.474230 -0.124880
v -0.125736 0.474447 -0.126105
v -0.109232 0.473396 -0.122974
v -0.092435 0.474096 -0.125052
v -0.075412 0.473988 -0.125099
v -0.058433 0.473825 -0.124235
v -0.041432 0.473706 -0.123645
v -0.024422 0.473602 -0.123146
v -0.007408 0.473490 -0.122656
v 0.009601 0.473302 -0.122031
v 0.026612 0.473106 -0.121309
v 0.043516 0.472715 -0.119595
v 0.059012 0.471512 -0.113892
v 0.074561 0.472377 -0.119637
v 0.090886 0.473027 -0.123651
v 0.107817 0.473305 -0.125259
v 0.124772 0.473541 -0.126703
v 0.141753 0.473717 -0.127950
v 0.158746 0.473831 -0.129000
v 0.175776 0.473680 -0.128870
v 0.191774 0.474680 -0.133629
v -0.189016 0.478691 0.211493
v -0.172328 0.477730 0.208936
v -0.158143 0.477329 0.200944
v -0.141163 0.476889 0.201761
v -0.124151 0.476572 0.201901
v -0.107222 0.476083 0.200583
v -0.091753 0.475477 0.194589
v -0.075262 0.475674 0.198194
v -0.058267 0.475525 0.198956
v -0.042426 0.474301 0.193954
v -0.026278 0.475073 0.198432
v -0.009283 0.475390 0.199248
v 0.007734 0.475626 0.199732
v 0.024746 0.475839 0.200201
v 0.041759 0.476044 0.200626
v 0.058769 0.476245 0.201036
v 0.075782 0.476461 0.201503
v 0.092804 0.476568 0.201576
v 0.109829 0.476685 0.201706
v 0.126866 0.476807 0.201685
v 0.142350 0.476494 0.195666
v 0.158305 0.477543 0.200477
v 0.175058 0.478946 0.201916
v 0.192059 0.478891 0.202621
v 0.185869 0.486360 0.204123
v 0.170956 0.485168 0.197346
v 0.158082 0.483570 0.188151
v 0.143063 0.485856 0.194106
v 0.126654 0.486979 0.197684
v 0.109612 0.486987 0.197947
v 0.092573 0.486870 0.197784
v 0.075543 0.486711 0.197494
v 0.058512 0.486549 0.197234
v 0.041486 0.486350 0.196896
v 0.024481 0.486116 0.196181
v 0.007475 0.485830 0.195400
v -0.009485 0.485371 0.194133
v -0.024550 0.483152 0.188219
v -0.040889 0.484651 0.191654
v -0.057736 0.485445 0.193464
v -0.074093 0.484361 0.189750
v -0.089871 0.485680 0.194854
v -0.106436 0.486541 0.197992
v -0.122799 0.485429 0.194314
v -0.138965 0.486388 0.198619
v -0.155102 0.487409 0.202975
v -0.171538 0.488120 0.206600
v -0.188157 0.488636 0.209640
v -0.204158 0.465425 -0.121906
v -0.196865 0.465306 -0.108832
v -0.189681 0.465193 -0.095715
v -0.195692 0.465253 -0.082172
v -0.193523 0.465424 -0.067809
v -0.189851 0.465599 -0.053672
v -0.181732 0.466163 -0.040955
v -0.187684 0.466957 -0.027429
v -0.189458 0.467391 -0.013035
v -0.190119 0.467802 0.001436
v -0.190630 0.468208 0.015912
v -0.190865 0.468617 0.030391
v -0.190956 0.469015 0.044867
v -0.191090 0.469378 0.059337
v -0.185081 0.469484 0.072882
v -0.190800 0.470533 0.086445
v -0.191251 0.471466 0.100854
v -0.190255 0.472413 0.115241
v -0.191728 0.473071 0.129627
v -0.187853 0.473546 0.143711
v -0.195891 0.474320 0.156442
v -0.199448 0.475577 0.170507
v -0.202150 0.476862 0.184703
v -0.203989 0.478307 0.198973
v -0.202842 0.488050 0.197492
v -0.200118 0.487129 0.183244
v -0.197086 0.486019 0.169065
v -0.193835 0.484846 0.154934
v -0.188918 0.483553 0.141163
v -0.182531 0.481996 0.127905
v -0.187685 0.482582 0.114147
v -0.187301 0.481768 0.099699
v -0.185978 0.480689 0.085317
v -0.183520 0.479252 0.071106
v -0.178539 0.476981 0.057641
v -0.184768 0.478854 0.044507
v -0.185806 0.478774 0.030049
v -0.186430 0.478527 0.015581
v -0.186132 0.478151 0.001097
v -0.185521 0.477686 -0.013377
v -0.178477 0.475758 -0.026283
v -0.181808 0.475488 -0.040490
v -0.188213 0.476115 -0.053857
v -0.191333 0.475999 -0.068094
v -0.189625 0.474605 -0.082372
v -0.193906 0.474978 -0.096358
v -0.195169 0.474469 -0.110775
v -0.196484 0.474012 -0.125196
v 0.198345 0.477881 0.202126
v 0.197775 0.477003 0.187697
v 0.197129 0.476189 0.173265
v 0.196296 0.475421 0.158839
v 0.195531 0.474661 0.144416
v 0.194786 0.473898 0.129994
v 0.194079 0.473135 0.115573
v 0.193425 0.472365 0.101151
v 0.192768 0.471590 0.086730
v 0.192098 0.470796 0.072309
v 0.191556 0.469990 0.057886
v 0.191146 0.469177 0.043461
v 0.190878 0.468387 0.029030
v 0.184021 0.466554 0.016038
v 0.189324 0.467016 0.002306
v 0.190874 0.466931 -0.012127
v 0.191459 0.466774 -0.026614
v 0.191773 0.466605 -0.041104
v 0.191856 0.466444 -0.055595
v 0.186034 0.466684 -0.069193
v 0.192846 0.465169 -0.082299
v 0.193203 0.464671 -0.096757
v 0.192961 0.464316 -0.111223
v 0.205845 0.464191 -0.120693
v 0.204246 0.474495 -0.120339
v 0.196850 0.474170 -0.107308
v 0.184065 0.473413 -0.097826
v 0.186342 0.474567 -0.083562
v 0.191045 0.476921 -0.070064
v 0.189826 0.477011 -0.055624
v 0.188758 0.477121 -0.041178
v 0.187705 0.477218 -0.026729
v 0.186210 0.477214 -0.012304
v 0.178637 0.475019 0.000183
v 0.181899 0.476776 0.014171
v 0.185422 0.478579 0.028099
v 0.186442 0.479471 0.042499
v 0.187456 0.480353 0.056904
v 0.188360 0.481186 0.071322
v 0.189210 0.481995 0.085745
v 0.190087 0.482802 0.100168
v 0.190939 0.483595 0.114594
v 0.191791 0.484368 0.129021
v 0.192614 0.485134 0.143453
v 0.193314 0.485861 0.157894
v 0.193271 0.486349 0.172359
v 0.195637 0.487557 0.186606
v 0.195894 0.487956 0.201084
v 0.192923 0.481383 -0.123154
v 0.191001 0.483086 -0.108956
v 0.184314 0.482898 -0.095646
v 0.175356 0.481883 -0.083454
v 0.181159 0.484708 -0.070462
v 0.181826 0.485475 -0.056003
v 0.180759 0.485584 -0.041539
v 0.179358 0.485578 -0.027097
v 0.177288 0.485373 -0.012719
v 0.169521 0.483090 -0.000353
v 0.173482 0.485081 0.013454
v 0.176119 0.486600 0.027614
v 0.177524 0.487634 0.041989
v 0.178589 0.488534 0.056400
v 0.179561 0.489390 0.070821
v 0.180436 0.490206 0.085252
v 0.181218 0.490983 0.099689
v 0.181920 0.491723 0.114131
v 0.182548 0.492416 0.128573
v 0.183433 0.493204 0.142995
v 0.184271 0.493980 0.157423
v 0.185126 0.494753 0.171855
v 0.185596 0.495286 0.186323
v 0.185747 0.495643 0.200803
v 0.176028 0.482640 -0.123578
v 0.176804 0.488084 -0.111553
v 0.176773 0.491337 -0.097861
v 0.172750 0.491336 -0.083800
v 0.168206 0.490925 -0.069878
v 0.172667 0.493560 -0.056429
v 0.171300 0.493556 -0.042002
v 0.169978 0.493577 -0.027569
v 0.168234 0.493482 -0.013170
v 0.160301 0.491122 -0.000924
v 0.163641 0.492894 0.013057
v 0.166328 0.494443 0.027196
v 0.167505 0.495393 0.041592
v 0.168481 0.496256 0.056015
v 0.169229 0.497015 0.070461
v 0.169838 0.497718 0.084913
v 0.170426 0.498407 0.099360
v 0.171059 0.499116 0.113804
v 0.171749 0.499840 0.128243
v 0.172434 0.500526 0.142684
v 0.173116 0.501228 0.157128
v 0.173663 0.501841 0.171586
v 0.173695 0.502131 0.186071
v 0.175236 0.493012 0.190067
v 0.159132 0.482227 -0.121834
v 0.159880 0.489280 -0.111875
v 0.160539 0.494106 -0.099247
v 0.160999 0.498092 -0.085992
v 0.160416 0.499342 -0.071626
v 0.159124 0.499360 -0.057197
v 0.157788 0.499392 -0.042773
v 0.156123 0.499135 -0.028379
v 0.156090 0.500182 -0.013968
v 0.154179 0.500026 0.000408
v 0.149394 0.498127 0.013958
v 0.154404 0.501303 0.027007
v 0.155328 0.502113 0.041430
v 0.155810 0.502686 0.055882
v 0.156096 0.503137 0.070344
v 0.156457 0.503679 0.084800
v 0.156913 0.504272 0.099256
v 0.157440 0.504899 0.113711
v 0.157906 0.505449 0.128174
v 0.157866 0.505511 0.142654
v 0.159297 0.506833 0.156975
v 0.160526 0.507937 0.171339
v 0.159239 0.499970 0.179098
v 0.158249 0.493133 0.189041
v 0.142191 0.482011 -0.120499
v 0.142865 0.489385 -0.111079
v 0.143589 0.495119 -0.099358
v 0.144114 0.499360 -0.086268
v 0.144432 0.502601 -0.072550
v 0.143990 0.503735 -0.058148
v 0.143525 0.504626 -0.043723
v 0.142855 0.505122 -0.029271
v 0.141711 0.505313 -0.014831
v 0.141776 0.506566 -0.000447
v 0.137774 0.505119 0.013415
v 0.141845 0.507795 0.026934
v 0.142083 0.508164 0.041402
v 0.141727 0.508103 0.055873
v 0.141356 0.507973 0.070339
v 0.142194 0.508957 0.084738
v 0.142499 0.509415 0.099209
v 0.142766 0.509796 0.113680
v 0.143102 0.510216 0.128145
v 0.143655 0.510814 0.142597
v 0.144036 0.511096 0.157075
v 0.143557 0.508694 0.171026
v 0.143282 0.502664 0.182142
v 0.141762 0.493419 0.185461
v 0.125241 0.481822 -0.119213
v 0.125848 0.489540 -0.110434
v 0.126566 0.495541 -0.098997
v 0.127179 0.500482 -0.086460
v 0.127545 0.503906 -0.072832
v 0.127689 0.506492 -0.058812
v 0.127424 0.507773 -0.044421
v 0.127059 0.508726 -0.029987
v 0.126759 0.509901 -0.015588
v 0.125554 0.509478 -0.001173
v 0.127032 0.512528 0.012550
v 0.126622 0.512131 0.026993
v 0.126424 0.511998 0.041462
v 0.125791 0.511536 0.055898
v 0.126427 0.512599 0.070302
v 0.126502 0.512742 0.084777
v 0.126619 0.512943 0.099254
v 0.126922 0.513366 0.113723
v 0.127244 0.513733 0.128204
v 0.127374 0.513660 0.142692
v 0.127081 0.512143 0.156974
v 0.126594 0.508246 0.170128
v 0.126253 0.502767 0.181894
v 0.126469 0.495445 0.191083
v 0.108267 0.481723 -0.118129
v 0.108828 0.489634 -0.109744
v 0.109553 0.495916 -0.098652
v 0.110163 0.501023 -0.086280
v 0.110601 0.504993 -0.072999
v 0.110813 0.507865 -0.059099
v 0.110898 0.510149 -0.044965
v 0.110715 0.511420 -0.030574
v 0.110826 0.513290 -0.016327
v 0.110656 0.514106 -0.001893
v 0.110777 0.515420 0.012465
v 0.110584 0.515438 0.026938
v 0.110166 0.514941 0.041381
v 0.110352 0.515639 0.055829
v 0.110397 0.515886 0.070310
v 0.110381 0.515901 0.084791
v 0.110452 0.516014 0.099277
v 0.110630 0.516220 0.113764
v 0.110626 0.515881 0.128247
v 0.110444 0.514837 0.142640
v 0.110039 0.512099 0.156467
v 0.109604 0.508126 0.169559
v 0.109519 0.501551 0.179941
v 0.109458 0.495154 0.190571
v 0.091283 0.481659 -0.117147
v 0.091820 0.489590 -0.108823
v 0.092543 0.496353 -0.098409
v 0.093144 0.501270 -0.085870
v 0.093623 0.505798 -0.073012
v 0.093853 0.508890 -0.059229
v 0.093935 0.511205 -0.045111
v 0.093949 0.513148 -0.030873
v 0.093913 0.514556 -0.016499
v 0.093916 0.515927 -0.002127
v 0.093903 0.516850 0.012319
v 0.093829 0.517301 0.026800
v 0.093726 0.517520 0.041290
v 0.093716 0.517792 0.055782
v 0.093677 0.517822 0.070272
v 0.093708 0.517940 0.084764
v 0.093767 0.517991 0.099260
v 0.093771 0.517701 0.113744
v 0.093692 0.517047 0.128200
v 0.093396 0.515032 0.142336
v 0.092999 0.512152 0.156107
v 0.092624 0.507726 0.168869
v 0.092516 0.501981 0.180357
v 0.092472 0.494799 0.189815
v 0.074266 0.481770 -0.116621
v 0.074979 0.488965 -0.106924
v 0.075636 0.495952 -0.096892
v 0.076310 0.502631 -0.086382
v 0.076659 0.506662 -0.073143
v 0.076836 0.509571 -0.059260
v 0.076961 0.512202 -0.045255
v 0.076951 0.513966 -0.030958
v 0.076989 0.515769 -0.016664
v 0.076985 0.517117 -0.002269
v 0.076975 0.518077 0.012193
v 0.076953 0.518746 0.026685
v 0.076926 0.519197 0.041191
v 0.076901 0.519433 0.055704
v 0.076883 0.519537 0.070214
v 0.076881 0.519523 0.084718
v 0.076845 0.519196 0.099208
v 0.076825 0.518826 0.113691
v 0.076652 0.517423 0.128002
v 0.076369 0.515258 0.142070
v 0.076032 0.511567 0.155359
v 0.075640 0.507379 0.168308
v 0.075491 0.501767 0.179933
v 0.075466 0.494550 0.189324
v 0.059336 0.480745 -0.109853
v 0.058173 0.490245 -0.108092
v 0.058837 0.497270 -0.098088
v 0.059295 0.502745 -0.086061
v 0.059681 0.507374 -0.073237
v 0.059833 0.510214 -0.059316
v 0.059934 0.512799 -0.045295
v 0.059952 0.514787 -0.031069
v 0.059945 0.516296 -0.016706
v 0.059946 0.517654 -0.002313
v 0.059940 0.518673 0.012139
v 0.059927 0.519426 0.026622
v 0.059910 0.519942 0.041126
v 0.059896 0.520258 0.055639
v 0.059886 0.520409 0.070151
v 0.059874 0.520333 0.084655
v 0.059865 0.520158 0.099158
v 0.059775 0.519229 0.113573
v 0.059627 0.517951 0.127922
v 0.059342 0.515444 0.141869
v 0.059013 0.511900 0.155256
v 0.058761 0.506448 0.167054
v 0.058490 0.501414 0.179283
v 0.058456 0.494258 0.188781
v 0.043480 0.481809 -0.114858
v 0.042592 0.487879 -0.103539
v 0.042777 0.495347 -0.094296
v 0.042305 0.503373 -0.086211
v 0.042654 0.507697 -0.073171
v 0.042849 0.511057 -0.059506
v 0.042889 0.513233 -0.045326
v 0.042921 0.515392 -0.031141
v 0.042911 0.516867 -0.016769
v 0.042917 0.518320 -0.002388
v 0.042910 0.519306 0.012073
v 0.042902 0.520125 0.026556
v 0.042895 0.520702 0.041062
v 0.042885 0.521025 0.055579
v 0.042881 0.521251 0.070095
v 0.042855 0.521027 0.084599
v 0.042839 0.520796 0.099097
v 0.042748 0.519726 0.113491
v 0.042601 0.518192 0.127778
v 0.042324 0.515523 0.141660
v 0.041996 0.512105 0.155133
v 0.041805 0.507226 0.167498
v 0.041733 0.500293 0.177339
v 0.041605 0.493344 0.187153
v 0.026452 0.481784 -0.114952
v 0.026365 0.489800 -0.106817
v 0.026131 0.496675 -0.096563
v 0.025705 0.501767 -0.084172
v 0.025655 0.508170 -0.073245
v 0.025818 0.511447 -0.059552
v 0.025848 0.513658 -0.045390
v 0.025861 0.515726 -0.031177
v 0.025852 0.517187 -0.016802
v 0.025853 0.518567 -0.002410
v 0.025847 0.519578 0.012046
v 0.025840 0.520405 0.026526
v 0.025834 0.521003 0.041027
v 0.025825 0.521367 0.055539
v 0.025819 0.521592 0.070054
v 0.025801 0.521439 0.084558
v 0.025786 0.521229 0.099060
v 0.025712 0.520129 0.113449
v 0.025599 0.518685 0.127768
v 0.025307 0.515729 0.141508
v 0.024980 0.511717 0.154592
v 0.024792 0.507030 0.167138
v 0.024783 0.501009 0.178304
v 0.024616 0.493873 0.187838
v 0.009444 0.481526 -0.114400
v 0.009347 0.489974 -0.107342
v 0.009131 0.496957 -0.097249
v 0.008949 0.503008 -0.085866
v 0.008859 0.506728 -0.072404
v 0.008792 0.511168 -0.059436
v 0.008788 0.513688 -0.045374
v 0.008788 0.515886 -0.031198
v 0.008784 0.517348 -0.016823
v 0.008783 0.518774 -0.002439
v 0.008781 0.519779 0.012019
v 0.008775 0.520636 0.026496
v 0.008769 0.521252 0.040997
v 0.008760 0.521607 0.055511
v 0.008752 0.521865 0.070027
v 0.008736 0.521685 0.084533
v 0.008721 0.521529 0.099038
v 0.008679 0.520510 0.113444
v 0.008604 0.519218 0.127786
v 0.008479 0.514520 0.140313
v 0.008369 0.509914 0.152911
v 0.008172 0.505280 0.165478
v 0.007762 0.501171 0.178470
v 0.007587 0.493854 0.187651
v -0.007501 0.481973 -0.115694
v -0.007673 0.490132 -0.107858
v -0.007895 0.496808 -0.097274
v -0.008070 0.502854 -0.085860
v -0.008146 0.507190 -0.072805
v -0.008236 0.511001 -0.059392
v -0.008268 0.513574 -0.045351
v -0.008287 0.515845 -0.031199
v -0.008288 0.517329 -0.016827
v -0.008291 0.518773 -0.002447
v -0.008291 0.519790 0.012010
v -0.008296 0.520649 0.026486
v -0.008303 0.521265 0.040987
v -0.008311 0.521613 0.055501
v -0.008324 0.521884 0.070015
v -0.008335 0.521723 0.084522
v -0.008353 0.521614 0.099028
v -0.008363 0.520632 0.113441
v -0.008411 0.518925 0.127692
v -0.008323 0.515907 0.141399
v -0.008105 0.512075 0.154608
v -0.008500 0.507022 0.166818
v -0.009257 0.501127 0.178110
v -0.009428 0.493649 0.187011
v -0.024521 0.482133 -0.116330
v -0.024702 0.490092 -0.108060
v -0.024866 0.496131 -0.096657
v -0.025077 0.502474 -0.085637
v -0.025162 0.507048 -0.072789
v -0.025269 0.510861 -0.059386
v -0.025324 0.513415 -0.045344
v -0.025358 0.515649 -0.031182
v -0.025357 0.517145 -0.016816
v -0.025360 0.518559 -0.002432
v -0.025358 0.519595 0.012021
v -0.025362 0.520442 0.026497
v -0.025370 0.521054 0.040995
v -0.025378 0.521405 0.055507
v -0.025394 0.521650 0.070019
v -0.025402 0.521516 0.084522
v -0.025429 0.521452 0.099026
v -0.025415 0.520654 0.113456
v -0.025384 0.518168 0.127398
v -0.025303 0.515226 0.141116
v -0.025037 0.512968 0.155142
v -0.025503 0.507515 0.166929
v -0.026092 0.500312 0.176308
v -0.024316 0.491326 0.180872
v -0.041551 0.482202 -0.116734
v -0.041735 0.490061 -0.108247
v -0.041823 0.496682 -0.097614
v -0.041982 0.501484 -0.084962
v -0.042187 0.506792 -0.072776
v -0.042311 0.510469 -0.059293
v -0.042387 0.513216 -0.045346
v -0.042421 0.515306 -0.031150
v -0.042419 0.516807 -0.016789
v -0.042427 0.518309 -0.002423
v -0.042420 0.519348 0.012030
v -0.042425 0.520199 0.026510
v -0.042433 0.520777 0.041014
v -0.042435 0.521049 0.055531
v -0.042455 0.521276 0.070045
v -0.042450 0.521031 0.084546
v -0.042469 0.520872 0.099048
v -0.042437 0.520144 0.113497
v -0.042325 0.519087 0.127886
v -0.041999 0.517013 0.141993
v -0.041957 0.513904 0.155636
v -0.041895 0.506014 0.163681
v -0.042187 0.498476 0.172439
v -0.040905 0.492531 0.183607
v -0.058586 0.482200 -0.116995
v -0.058766 0.489741 -0.107870
v -0.058845 0.496765 -0.097845
v -0.058925 0.502248 -0.085814
v -0.059197 0.506955 -0.073060
v -0.059350 0.510250 -0.059369
v -0.059445 0.512895 -0.045370
v -0.059453 0.514657 -0.031074
v -0.059462 0.516268 -0.016744
v -0.059454 0.517616 -0.002353
v -0.059446 0.518713 0.012086
v -0.059452 0.519549 0.026559
v -0.059457 0.520082 0.041060
v -0.059457 0.520361 0.055570
v -0.059460 0.520423 0.070080
v -0.059456 0.520245 0.084578
v -0.059473 0.520063 0.099080
v -0.059432 0.519378 0.113528
v -0.059344 0.518572 0.127960
v -0.058994 0.516504 0.142060
v -0.058528 0.511836 0.154600
v -0.057702 0.508228 0.167922
v -0.057039 0.501442 0.177979
v -0.057414 0.493817 0.186588
v -0.075474 0.481367 -0.115704
v -0.075541 0.488611 -0.106079
v -0.075697 0.495827 -0.096399
v -0.075874 0.502973 -0.086588
v -0.076220 0.507000 -0.073343
v -0.076370 0.509760 -0.059393
v -0.076459 0.512186 -0.045312
v -0.076454 0.513843 -0.030988
v -0.076493 0.515604 -0.016686
v -0.076469 0.516896 -0.002284
v -0.076486 0.518226 0.012114
v -0.076488 0.519005 0.026599
v -0.076483 0.519417 0.041107
v -0.076465 0.519570 0.055618
v -0.076464 0.519618 0.070127
v -0.076457 0.519381 0.084619
v -0.076406 0.518860 0.099090
v -0.076407 0.518426 0.113565
v -0.076273 0.517423 0.127955
v -0.075942 0.515625 0.142150
v -0.075364 0.512904 0.156001
v -0.074711 0.508054 0.168390
v -0.073890 0.502215 0.179724
v -0.074199 0.493181 0.184326
v -0.092243 0.482409 -0.117654
v -0.091956 0.490201 -0.109040
v -0.092274 0.497181 -0.098945
v -0.092838 0.502233 -0.086510
v -0.093212 0.506260 -0.073276
v -0.093392 0.509140 -0.059395
v -0.093413 0.511085 -0.045153
v -0.093412 0.512788 -0.030851
v -0.093368 0.514173 -0.016480
v -0.093357 0.515526 -0.002109
v -0.093375 0.516924 0.012245
v -0.093407 0.517788 0.026686
v -0.093380 0.518067 0.041169
v -0.093345 0.518158 0.055660
v -0.093318 0.518115 0.070154
v -0.093321 0.517924 0.084636
v -0.093330 0.517642 0.099123
v -0.093281 0.517013 0.113575
v -0.093226 0.516388 0.128034
v -0.092915 0.514808 0.142295
v -0.092374 0.512533 0.156319
v -0.091501 0.506566 0.167506
v -0.090623 0.500578 0.178666
v -0.089738 0.494618 0.189854
v -0.109184 0.481974 -0.116337
v -0.108895 0.490723 -0.110258
v -0.109279 0.497325 -0.099610
v -0.109850 0.501961 -0.086817
v -0.110230 0.505673 -0.073363
v -0.110296 0.507852 -0.059189
v -0.110313 0.509765 -0.044936
v -0.110214 0.511147 -0.030564
v -0.110182 0.512522 -0.016191
v -0.110128 0.513738 -0.001794
v -0.109123 0.513277 0.012623
v -0.109927 0.515412 0.026759
v -0.110129 0.516202 0.041198
v -0.110095 0.516301 0.055665
v -0.110110 0.516383 0.070143
v -0.110110 0.516215 0.084624
v -0.110053 0.515774 0.099090
v -0.110131 0.515490 0.113570
v -0.109953 0.514484 0.127970
v -0.109844 0.513670 0.142399
v -0.109236 0.511203 0.156336
v -0.108268 0.507514 0.169605
v -0.107202 0.501970 0.181277
v -0.106744 0.494704 0.190586
v -0.125472 0.483223 -0.120096
v -0.125897 0.490253 -0.110093
v -0.126287 0.497357 -0.100217
v -0.126881 0.501509 -0.087074
v -0.127045 0.504063 -0.073042
v -0.127124 0.506295 -0.058883
v -0.126857 0.507460 -0.044462
v -0.126666 0.508617 -0.030052
v -0.126413 0.509568 -0.015622
v -0.126071 0.510343 -0.001180
v -0.125543 0.510769 0.013280
v -0.123147 0.509383 0.027428
v -0.125661 0.512218 0.041157
v -0.126224 0.513175 0.055571
v -0.126069 0.512981 0.070032
v -0.126314 0.513202 0.084500
v -0.126481 0.513204 0.098971
v -0.126519 0.512820 0.113431
v -0.126702 0.512660 0.127923
v -0.126459 0.511499 0.142292
v -0.126199 0.510288 0.156650
v -0.125265 0.507101 0.170234
v -0.124115 0.502467 0.182780
v -0.123760 0.494719 0.191116
v -0.142225 0.482594 -0.117658
v -0.142365 0.491707 -0.113008
v -0.143272 0.496619 -0.100471
v -0.143663 0.499825 -0.086738
v -0.143680 0.501976 -0.072562
v -0.143115 0.503015 -0.058151
v -0.142950 0.504323 -0.043793
v -0.142814 0.505547 -0.029417
v -0.142266 0.506048 -0.014959
v -0.141560 0.506346 -0.000493
v -0.140464 0.506165 0.013950
v -0.137493 0.504221 0.027856
v -0.140459 0.507441 0.041329
v -0.141667 0.509117 0.055575
v -0.140676 0.508027 0.069903
v -0.141805 0.509169 0.084265
v -0.142284 0.509602 0.098726
v -0.142769 0.509883 0.113200
v -0.142861 0.509600 0.127683
v -0.143057 0.509289 0.142164
v -0.142778 0.508039 0.156514
v -0.142223 0.506158 0.170683
v -0.141067 0.502647 0.184055
v -0.140716 0.494051 0.190242
v -0.157970 0.483621 -0.122919
v -0.159316 0.490822 -0.113273
v -0.160077 0.494984 -0.100144
v -0.159819 0.496831 -0.085892
v -0.158508 0.497297 -0.071467
v -0.156967 0.497495 -0.057051
v -0.157898 0.499754 -0.042964
v -0.157927 0.501157 -0.028623
v -0.156330 0.500637 -0.014252
v -0.154497 0.500114 0.000101
v -0.154974 0.501147 0.014504
v -0.151833 0.499060 0.028328
v -0.154021 0.501651 0.042198
v -0.150498 0.500944 0.056306
v -0.155393 0.503190 0.069793
v -0.155614 0.503540 0.084257
v -0.155348 0.503436 0.098721
v -0.157592 0.505112 0.112884
v -0.158492 0.505764 0.127323
v -0.158823 0.505655 0.141785
v -0.159005 0.505093 0.156219
v -0.158854 0.504028 0.170595
v -0.157931 0.501373 0.184441
v -0.156177 0.495654 0.195849
v -0.174862 0.483600 -0.124755
v -0.176178 0.489459 -0.113218
v -0.175282 0.490733 -0.098848
v -0.173881 0.491518 -0.084451
v -0.170718 0.490665 -0.070312
v -0.171510 0.492546 -0.056095
v -0.170390 0.493299 -0.041684
v -0.165742 0.492673 -0.027809
v -0.169348 0.494437 -0.013873
v -0.168013 0.494292 0.000560
v -0.165657 0.493689 0.014854
v -0.166972 0.494704 0.029220
v -0.165718 0.494746 0.043650
v -0.159725 0.492911 0.056869
v -0.165647 0.495538 0.069905
v -0.167947 0.496919 0.084126
v -0.169402 0.497997 0.098471
v -0.170993 0.499165 0.112794
v -0.172472 0.500280 0.127136
v -0.170910 0.498910 0.141360
v -0.173517 0.500072 0.155580
v -0.174480 0.500186 0.170049
v -0.174621 0.499429 0.184481
v -0.173099 0.495440 0.197507
v -0.191828 0.483201 -0.125889
v -0.189222 0.483415 -0.111582
v -0.186399 0.483545 -0.097305
v -0.181698 0.483043 -0.083419
v -0.183723 0.484527 -0.069189
v -0.181803 0.484960 -0.054809
v -0.174117 0.483956 -0.042004
v -0.176363 0.485190 -0.027754
v -0.179028 0.486549 -0.013577
v -0.178365 0.486681 0.000886
v -0.176421 0.486272 0.015246
v -0.177004 0.486972 0.029691
v -0.175387 0.486855 0.044106
v -0.169212 0.484975 0.057257
v -0.174794 0.487464 0.070469
v -0.177463 0.488974 0.084631
v -0.179354 0.490223 0.098930
v -0.180809 0.491326 0.113288
v -0.177289 0.491096 0.127448
v -0.183837 0.492683 0.140631
v -0.185304 0.493152 0.155049
v -0.187295 0.493865 0.169396
v -0.189183 0.494472 0.183771
v -0.190001 0.494332 0.198231
v -0.193301 0.458271 -0.124798
v -0.193044 0.456047 -0.110763
v -0.191211 0.455663 -0.096384
v -0.185457 0.457611 -0.083036
v -0.187842 0.456400 -0.068847
v -0.181724 0.457243 -0.055381
v -0.186444 0.456967 -0.041489
v -0.187149 0.457400 -0.027031
v -0.187514 0.457881 -0.012571
v -0.187941 0.458303 0.001889
v -0.188220 0.458723 0.016351
v -0.188467 0.459133 0.030812
v -0.188738 0.459518 0.045272
v -0.189036 0.459881 0.059736
v -0.189284 0.460258 0.074203
v -0.188472 0.461174 0.088616
v -0.183287 0.463057 0.102146
v -0.187381 0.463002 0.116189
v -0.189169 0.463634 0.130542
v -0.190990 0.464180 0.144891
v -0.192035 0.465201 0.159245
v -0.192064 0.467192 0.173412
v -0.192036 0.469405 0.187513
v -0.191892 0.471806 0.201573
v -0.176553 0.456507 -0.124937
v -0.177919 0.451773 -0.112511
v -0.178344 0.449515 -0.098504
v -0.178226 0.448958 -0.084090
v -0.178211 0.448507 -0.069675
v -0.178456 0.447848 -0.055283
v -0.178246 0.448595 -0.040871
v -0.178049 0.449320 -0.026461
v -0.177981 0.449948 -0.012037
v -0.177958 0.450543 0.002396
v -0.178010 0.451053 0.016838
v -0.178061 0.451548 0.031285
v -0.178073 0.452048 0.045734
v -0.178098 0.452542 0.060184
v -0.178244 0.452973 0.074638
v -0.178238 0.453529 0.089087
v -0.178396 0.453949 0.103537
v -0.178328 0.454994 0.117924
v -0.177983 0.456521 0.132229
v -0.178200 0.457961 0.146573
v -0.177954 0.459910 0.160796
v -0.177603 0.462229 0.174907
v -0.177148 0.464861 0.188895
v -0.175318 0.469617 0.201485
v -0.159661 0.455324 -0.124470
v -0.161214 0.449924 -0.112707
v -0.161620 0.447679 -0.098677
v -0.161811 0.446380 -0.084346
v -0.161892 0.445744 -0.069889
v -0.161858 0.445934 -0.055404
v -0.161855 0.446147 -0.040912
v -0.161831 0.446685 -0.026439
v -0.161805 0.447368 -0.011971
v -0.161787 0.448008 0.002503
v -0.161781 0.448637 0.016982
v -0.161785 0.449155 0.031466
v -0.161792 0.449662 0.045951
v -0.161802 0.450223 0.060434
v -0.161816 0.450829 0.074907
v -0.161795 0.451568 0.089381
v -0.161796 0.452258 0.103843
v -0.161785 0.453032 0.118299
v -0.161765 0.453851 0.132747
v -0.161693 0.455538 0.147040
v -0.161566 0.457281 0.161344
v -0.161285 0.459482 0.175502
v -0.160855 0.462117 0.189478
v -0.158616 0.467765 0.201151
v -0.142744 0.454342 -0.123793
v -0.144472 0.448187 -0.112934
v -0.144761 0.446250 -0.098788
v -0.144874 0.445206 -0.084390
v -0.144849 0.445382 -0.069902
v -0.144852 0.445327 -0.055400
v -0.144828 0.445687 -0.040906
v -0.144802 0.446330 -0.026422
v -0.144792 0.446918 -0.011939
v -0.144787 0.447474 0.002548
v -0.144787 0.448083 0.017028
v -0.144785 0.448665 0.031504
v -0.144785 0.449228 0.045985
v -0.144785 0.449853 0.060467
v -0.144787 0.450464 0.074943
v -0.144783 0.451108 0.089419
v -0.144784 0.451748 0.103894
v -0.144953 0.452520 0.118184
v -0.144642 0.453698 0.132771
v -0.144774 0.454407 0.147237
v -0.144802 0.455474 0.161668
v -0.144643 0.457387 0.175915
v -0.144216 0.460150 0.189844
v -0.141755 0.467456 0.199141
v -0.126789 0.456223 -0.119585
v -0.127468 0.447855 -0.112756
v -0.127779 0.445322 -0.098835
v -0.127821 0.444915 -0.084394
v -0.127817 0.444962 -0.069896
v -0.127799 0.445272 -0.055397
v -0.127778 0.445740 -0.040908
v -0.127764 0.446307 -0.026425
v -0.127764 0.446884 -0.011946
v -0.127753 0.447462 0.002535
v -0.127746 0.448124 0.017012
v -0.127745 0.448669 0.031493
v -0.127741 0.449278 0.045976
v -0.127742 0.449791 0.060461
v -0.127743 0.450423 0.074947
v -0.127741 0.451040 0.089424
v -0.127969 0.451724 0.103667
v -0.127611 0.452490 0.118444
v -0.127741 0.453166 0.132803
v -0.127748 0.454153 0.147269
v -0.127752 0.455013 0.161666
v -0.127733 0.456104 0.176088
v -0.127287 0.459267 0.189831
v -0.125737 0.468346 0.194433
v -0.110130 0.454969 -0.121957
v -0.110455 0.447761 -0.112562
v -0.110743 0.444804 -0.098840
v -0.110762 0.444712 -0.084372
v -0.110759 0.444897 -0.069880
v -0.110749 0.445253 -0.055390
v -0.110731 0.445766 -0.040911
v -0.110717 0.446323 -0.026427
v -0.110723 0.446772 -0.011943
v -0.110715 0.447505 0.002527
v -0.110709 0.447982 0.017012
v -0.110703 0.448720 0.031485
v -0.110700 0.449167 0.045975
v -0.110698 0.449848 0.060450
v -0.110697 0.450407 0.074940
v -0.110925 0.451029 0.089196
v -0.110554 0.451778 0.103985
v -0.110696 0.452287 0.118351
v -0.110704 0.452927 0.132849
v -0.110711 0.453662 0.147307
v -0.110719 0.454777 0.161720
v -0.110704 0.455588 0.176149
v -0.110307 0.458839 0.189779
v -0.109569 0.466705 0.198196
v -0.093101 0.454700 -0.121998
v -0.093444 0.447586 -0.112432
v -0.093702 0.444503 -0.098811
v -0.093710 0.444361 -0.084359
v -0.093709 0.444705 -0.069866
v -0.093699 0.445216 -0.055384
v -0.093685 0.445755 -0.040906
v -0.093688 0.446299 -0.026426
v -0.093679 0.446912 -0.011951
v -0.093672 0.447485 0.002526
v -0.093667 0.447968 0.017011
v -0.093661 0.448688 0.031483
v -0.093656 0.449269 0.045964
v -0.093651 0.449851 0.060452
v -0.093875 0.450397 0.074726
v -0.093500 0.451117 0.089522
v -0.093646 0.451589 0.103879
v -0.093643 0.452187 0.118384
v -0.093655 0.452794 0.132858
v -0.093661 0.453460 0.147321
v -0.093673 0.454436 0.161488
v -0.093665 0.455340 0.176159
v -0.093335 0.458331 0.189802
v -0.092557 0.466239 0.198117
v -0.076072 0.454486 -0.121920
v -0.076436 0.447237 -0.112581
v -0.076656 0.444446 -0.098786
v -0.076659 0.444230 -0.084338
v -0.076659 0.444599 -0.069852
v -0.076650 0.445155 -0.055380
v -0.076648 0.445721 -0.040903
v -0.076643 0.446215 -0.026424
v -0.076634 0.446931 -0.011951
v -0.076629 0.447384 0.002534
v -0.076623 0.448115 0.017003
v -0.076615 0.448665 0.031483
v -0.076609 0.449201 0.045969
v -0.076828 0.449838 0.060253
v -0.076446 0.450503 0.075057
v -0.076597 0.450980 0.089402
v -0.076589 0.451545 0.103899
v -0.076595 0.452121 0.118376
v -0.076604 0.452732 0.132855
v -0.076610 0.453369 0.147324
v -0.076634 0.454119 0.161490
v -0.076623 0.455021 0.176472
v -0.076361 0.457818 0.189902
v -0.075555 0.466111 0.197304
v -0.059046 0.454286 -0.121841
v -0.059431 0.446972 -0.112628
v -0.059613 0.444354 -0.098779
v -0.059606 0.444172 -0.084329
v -0.059606 0.444563 -0.069847
v -0.059604 0.445130 -0.055378
v -0.059605 0.445769 -0.040904
v -0.059599 0.446297 -0.026424
v -0.059595 0.446746 -0.011949
v -0.059582 0.447495 0.002526
v -0.059578 0.447966 0.017008
v -0.059565 0.448629 0.031489
v -0.059777 0.449251 0.045785
v -0.059399 0.450020 0.060579
v -0.059554 0.450374 0.074922
v -0.059540 0.450958 0.089414
v -0.059542 0.451562 0.103889
v -0.059543 0.452098 0.118363
v -0.059551 0.452721 0.132847
v -0.059556 0.453308 0.147323
v -0.059577 0.454098 0.161486
v -0.059574 0.454738 0.176501
v -0.059389 0.457222 0.190109
v -0.058955 0.466457 0.194131
v -0.042020 0.454102 -0.121715
v -0.042429 0.446680 -0.112702
v -0.042567 0.444296 -0.098785
v -0.042559 0.444136 -0.084322
v -0.042560 0.444590 -0.069845
v -0.042560 0.445197 -0.055379
v -0.042559 0.445658 -0.040899
v -0.042552 0.446333 -0.026427
v -0.042545 0.446886 -0.011946
v -0.042539 0.447422 0.002531
v -0.042524 0.448076 0.017014
v -0.042723 0.448645 0.031320
v -0.042342 0.449294 0.046124
v -0.042514 0.449800 0.060447
v -0.042495 0.450410 0.074931
v -0.042492 0.450972 0.089404
v -0.042491 0.451531 0.103884
v -0.042492 0.452167 0.118359
v -0.042497 0.452720 0.132836
v -0.042501 0.453308 0.147314
v -0.042524 0.454133 0.161486
v -0.042524 0.454797 0.176484
v -0.042385 0.457060 0.190209
v -0.042753 0.465171 0.198096
v -0.024990 0.453912 -0.121565
v -0.025433 0.446369 -0.112790
v -0.025519 0.444283 -0.098795
v -0.025512 0.444089 -0.084313
v -0.025513 0.444572 -0.069844
v -0.025518 0.445031 -0.055367
v -0.025512 0.445811 -0.040907
v -0.025507 0.446198 -0.026421
v -0.025499 0.446857 -0.011942
v -0.025484 0.447464 0.002535
v -0.025673 0.448104 0.016853
v -0.025287 0.448675 0.031659
v -0.025473 0.449249 0.045968
v -0.025452 0.449801 0.060452
v -0.025449 0.450402 0.074925
v -0.025446 0.450917 0.089407
v -0.025444 0.451632 0.103874
v -0.025446 0.452071 0.118363
v -0.025449 0.452754 0.132833
v -0.025449 0.453315 0.147316
v -0.025474 0.454137 0.161495
v -0.025471 0.454826 0.176490
v -0.025388 0.457361 0.190094
v -0.025746 0.465505 0.197906
v -0.007959 0.453756 -0.121297
v -0.008441 0.446036 -0.112885
v -0.008471 0.444170 -0.098794
v -0.008471 0.444069 -0.084311
v -0.008466 0.444582 -0.069841
v -0.008468 0.445136 -0.055373
v -0.008465 0.445615 -0.040891
v -0.008460 0.446336 -0.026427
v -0.008445 0.446904 -0.011944
v -0.008621 0.447534 0.002387
v -0.008242 0.448113 0.017188
v -0.008430 0.448685 0.031491
v -0.008413 0.449252 0.045972
v -0.008407 0.449731 0.060454
v -0.008404 0.450312 0.074932
v -0.008399 0.451040 0.089398
v -0.008397 0.451615 0.103874
v -0.008398 0.452177 0.118352
v -0.008402 0.452782 0.132830
v -0.008398 0.453326 0.147319
v -0.008421 0.454168 0.161486
v -0.008416 0.454833 0.176492
v -0.008387 0.457610 0.189987
v -0.008752 0.465857 0.197558
v 0.009071 0.453645 -0.120863
v 0.008549 0.445721 -0.112900
v 0.008566 0.443922 -0.098800
v 0.008575 0.444062 -0.084309
v 0.008579 0.444567 -0.069837
v 0.008583 0.445136 -0.055366
v 0.008583 0.445726 -0.040894
v 0.008595 0.446268 -0.026415
v 0.008431 0.447025 -0.012086
v 0.008816 0.447548 0.002723
v 0.008615 0.448085 0.017015
v 0.008627 0.448701 0.031493
v 0.008632 0.449193 0.045976
v 0.008638 0.449821 0.060447
v 0.008643 0.450326 0.074927
v 0.008647 0.450944 0.089400
v 0.008651 0.451481 0.103878
v 0.008652 0.452053 0.118356
v 0.008648 0.452755 0.132831
v 0.008654 0.453351 0.147313
v 0.008630 0.454200 0.161470
v 0.008628 0.454947 0.176304
v 0.008615 0.457850 0.189928
v 0.008247 0.466148 0.197378
v 0.025837 0.454121 -0.118415
v 0.025535 0.445303 -0.112981
v 0.025614 0.443837 -0.098800
v 0.025620 0.444044 -0.084310
v 0.025625 0.444578 -0.069833
v 0.025629 0.445148 -0.055363
v 0.025640 0.445719 -0.040892
v 0.025481 0.446543 -0.026562
v 0.025861 0.446941 -0.011749
v 0.025664 0.447512 0.002544
v 0.025667 0.447976 0.017024
v 0.025672 0.448607 0.031494
v 0.025677 0.449250 0.045969
v 0.025682 0.449657 0.060448
v 0.025689 0.450392 0.074920
v 0.025695 0.451035 0.089392
v 0.025699 0.451576 0.103871
v 0.025701 0.452191 0.118346
v 0.025699 0.452741 0.132828
v 0.025704 0.453357 0.147307
v 0.025687 0.454225 0.161469
v 0.025682 0.455160 0.176172
v 0.025612 0.458150 0.189851
v 0.025249 0.466409 0.197399
v 0.042223 0.452652 -0.121689
v 0.042534 0.445082 -0.112998
v 0.042655 0.443775 -0.098801
v 0.042665 0.444074 -0.084313
v 0.042669 0.444602 -0.069841
v 0.042679 0.445086 -0.055364
v 0.042533 0.446061 -0.041037
v 0.042921 0.446354 -0.026218
v 0.042701 0.446883 -0.011931
v 0.042707 0.447449 0.002543
v 0.042711 0.448136 0.017012
v 0.042717 0.448663 0.031487
v 0.042722 0.449147 0.045972
v 0.042728 0.449824 0.060441
v 0.042735 0.450333 0.074923
v 0.042741 0.450909 0.089398
v 0.042747 0.451499 0.103874
v 0.042750 0.452058 0.118353
v 0.042749 0.452746 0.132824
v 0.042754 0.453386 0.147301
v 0.042736 0.454666 0.161613
v 0.042737 0.455385 0.176095
v 0.042607 0.458448 0.189767
v 0.042259 0.466672 0.197401
v 0.059240 0.452573 -0.122149
v 0.059535 0.445238 -0.113014
v 0.059696 0.443742 -0.098822
v 0.059710 0.444144 -0.084325
v 0.059723 0.444649 -0.069845
v 0.059587 0.445432 -0.055500
v 0.059967 0.445758 -0.040698
v 0.059741 0.446302 -0.026412
v 0.059745 0.446846 -0.011935
v 0.059751 0.447444 0.002536
v 0.059756 0.447966 0.017017
v 0.059762 0.448572 0.031493
v 0.059768 0.449259 0.045960
v 0.059775 0.449624 0.060445
v 0.059780 0.450380 0.074916
v 0.059788 0.451008 0.089390
v 0.059796 0.451561 0.103865
v 0.059800 0.452195 0.118340
v 0.059803 0.452736 0.132819
v 0.059804 0.453377 0.147290
v 0.059784 0.454665 0.161418
v 0.059780 0.455449 0.176041
v 0.059604 0.458687 0.189708
v 0.059276 0.466963 0.197216
v 0.076258 0.452533 -0.122536
v 0.076540 0.445444 -0.112963
v 0.076739 0.443862 -0.098821
v 0.076765 0.444233 -0.084330
v 0.076643 0.444970 -0.069966
v 0.077031 0.445186 -0.055159
v 0.076783 0.445718 -0.040888
v 0.076786 0.446264 -0.026418
v 0.076790 0.446837 -0.011943
v 0.076796 0.447443 0.002531
v 0.076801 0.448139 0.016998
v 0.076806 0.448651 0.031479
v 0.076811 0.449188 0.045959
v 0.076817 0.449763 0.060440
v 0.076825 0.450403 0.074910
v 0.076834 0.450922 0.089393
v 0.076843 0.451485 0.103871
v 0.076850 0.452208 0.118342
v 0.076852 0.452715 0.132822
v 0.076853 0.453410 0.147288
v 0.076841 0.454625 0.161445
v 0.076828 0.455479 0.176082
v 0.076599 0.458892 0.189595
v 0.076132 0.467684 0.195522
v 0.092552 0.454225 -0.119174
v 0.093547 0.445647 -0.112990
v 0.093796 0.444209 -0.098846
v 0.093704 0.444493 -0.084433
v 0.094049 0.444812 -0.069689
v 0.093827 0.445201 -0.055374
v 0.093831 0.445729 -0.040899
v 0.093832 0.446232 -0.026426
v 0.093836 0.446811 -0.011948
v 0.093840 0.447373 0.002529
v 0.093845 0.448063 0.017000
v 0.093851 0.448567 0.031483
v 0.093856 0.449269 0.045952
v 0.093861 0.449879 0.060429
v 0.093869 0.450416 0.074908
v 0.093880 0.450919 0.089393
v 0.093890 0.451580 0.103866
v 0.093899 0.452044 0.118349
v 0.093902 0.452718 0.132827
v 0.093903 0.453448 0.147291
v 0.093897 0.454639 0.161639
v 0.093868 0.455734 0.176051
v 0.093598 0.459147 0.189602
v 0.093033 0.467389 0.197182
v 0.109132 0.453794 -0.122427
v 0.110426 0.446829 -0.112686
v 0.110805 0.444575 -0.098922
v 0.111027 0.444482 -0.084240
v 0.110873 0.444862 -0.069874
v 0.110875 0.445254 -0.055382
v 0.110877 0.445752 -0.040910
v 0.110875 0.446287 -0.026439
v 0.110880 0.446803 -0.011956
v 0.110885 0.447504 0.002515
v 0.110890 0.448062 0.016993
v 0.110895 0.448687 0.031470
v 0.110899 0.449162 0.045953
v 0.110905 0.449773 0.060432
v 0.110914 0.450317 0.074913
v 0.110925 0.450994 0.089388
v 0.110936 0.451556 0.103872
v 0.110946 0.452133 0.118350
v 0.110953 0.452725 0.132831
v 0.110954 0.453561 0.147282
v 0.110934 0.454905 0.161642
v 0.110905 0.455946 0.176048
v 0.110591 0.459514 0.189497
v 0.110029 0.467398 0.197913
v 0.126124 0.454151 -0.123275
v 0.127342 0.447828 -0.112563
v 0.127874 0.444810 -0.098886
v 0.127896 0.444867 -0.084408
v 0.127917 0.444937 -0.069904
v 0.127918 0.445328 -0.055406
v 0.127918 0.445803 -0.040920
v 0.127920 0.446329 -0.026445
v 0.127925 0.446838 -0.011962
v 0.127930 0.447431 0.002513
v 0.127935 0.447951 0.016997
v 0.127938 0.448595 0.031471
v 0.127943 0.449217 0.045948
v 0.127949 0.449805 0.060428
v 0.127959 0.450327 0.074909
v 0.127970 0.450979 0.089386
v 0.127980 0.451606 0.103868
v 0.127992 0.452150 0.118349
v 0.128005 0.452870 0.132824
v 0.127997 0.453912 0.147255
v 0.127994 0.455021 0.161637
v 0.127945 0.456381 0.176008
v 0.127597 0.459777 0.189631
v 0.127020 0.467426 0.198552
v 0.143121 0.454576 -0.123984
v 0.144268 0.448824 -0.112542
v 0.144866 0.445654 -0.098927
v 0.144914 0.445185 -0.084444
v 0.144943 0.445406 -0.069932
v 0.144960 0.445461 -0.055430
v 0.144959 0.445900 -0.040932
v 0.144960 0.446365 -0.026446
v 0.144967 0.446902 -0.011966
v 0.144973 0.447478 0.002512
v 0.144983 0.448069 0.016988
v 0.144986 0.448638 0.031469
v 0.144990 0.449227 0.045946
v 0.144992 0.449810 0.060423
v 0.144999 0.450386 0.074903
v 0.145012 0.450975 0.089378
v 0.145019 0.451690 0.103850
v 0.145022 0.452533 0.118314
v 0.145021 0.453520 0.132755
v 0.145033 0.454346 0.147194
v 0.145043 0.455503 0.161606
v 0.144969 0.456813 0.175983
v 0.144604 0.460175 0.189639
v 0.143997 0.467337 0.199422
v 0.160118 0.455083 -0.124603
v 0.161192 0.449871 -0.112578
v 0.161773 0.446901 -0.098869
v 0.161910 0.445995 -0.084444
v 0.161959 0.445672 -0.069957
v 0.161938 0.446145 -0.055467
v 0.161906 0.446636 -0.040991
v 0.161905 0.447163 -0.026511
v 0.161931 0.447652 -0.012021
v 0.161963 0.448104 0.002463
v 0.161996 0.448517 0.016953
v 0.162013 0.448970 0.031444
v 0.162005 0.449586 0.045909
v 0.161963 0.450529 0.060355
v 0.161922 0.451245 0.074807
v 0.161907 0.451916 0.089272
v 0.161905 0.452605 0.103735
v 0.161940 0.453278 0.118201
v 0.161990 0.454202 0.132644
v 0.161968 0.455291 0.147069
v 0.161989 0.456388 0.161494
v 0.161932 0.457785 0.175868
v 0.161613 0.460539 0.189807
v 0.160941 0.468138 0.198778
v 0.177091 0.455872 -0.124968
v 0.178120 0.450937 -0.112680
v 0.178601 0.448404 -0.098790
v 0.178409 0.448403 -0.084336
v 0.177984 0.448891 -0.069902
v 0.177874 0.449230 -0.055458
v 0.178151 0.449362 -0.041006
v 0.178322 0.449520 -0.026552
v 0.178473 0.449685 -0.012095
v 0.178594 0.449859 0.002363
v 0.178710 0.450032 0.016822
v 0.178678 0.450590 0.031273
v 0.178516 0.451683 0.045661
v 0.178453 0.452677 0.060064
v 0.178283 0.453696 0.074467
v 0.178128 0.454713 0.088875
v 0.178003 0.455712 0.103289
v 0.177804 0.456760 0.117700
v 0.177838 0.457729 0.132124
v 0.177881 0.458731 0.146545
v 0.177969 0.459723 0.160967
v 0.178163 0.460697 0.175385
v 0.178535 0.461586 0.189814
v 0.176841 0.470499 0.195085
v 0.193817 0.457779 -0.124225
v 0.193550 0.454767 -0.110550
v 0.190206 0.455259 -0.096360
v 0.182301 0.457721 -0.084037
v 0.186658 0.457129 -0.070081
v 0.187305 0.457210 -0.055614
v 0.187728 0.457295 -0.041147
v 0.188104 0.457375 -0.026684
v 0.188492 0.457442 -0.012224
v 0.189008 0.457444 0.002231
v 0.189408 0.457489 0.016694
v 0.184457 0.459563 0.030231
v 0.187164 0.459895 0.044521
v 0.187691 0.460688 0.058965
v 0.188026 0.461522 0.073405
v 0.188269 0.462382 0.087840
v 0.188516 0.463226 0.102270
v 0.188776 0.464067 0.116696
v 0.189087 0.464906 0.131123
v 0.189451 0.465748 0.145554
v 0.189782 0.466605 0.159987
v 0.190137 0.467487 0.174420
v 0.190435 0.468402 0.188855
v 0.190711 0.469368 0.203285
v -0.208936 0.484693 0.215688
v -0.212050 0.470691 -0.137691
v 0.213347 0.469879 -0.136932
v 0.199332 0.484064 0.219527
v 0.184899 0.481318 0.206480
v 0.175456 0.480861 0.194445
v 0.158730 0.479347 0.192938
v 0.143473 0.481458 0.198558
v 0.126707 0.482108 0.200870
v 0.109689 0.481957 0.200540
v 0.092664 0.481841 0.200408
v 0.075636 0.481717 0.200256
v 0.058612 0.481517 0.199848
v 0.041587 0.481321 0.199479
v 0.024583 0.481082 0.198773
v 0.007570 0.480862 0.198254
v -0.009444 0.480615 0.197693
v -0.025349 0.478998 0.193124
v -0.042275 0.479380 0.191640
v -0.057941 0.480677 0.196995
v -0.074032 0.479419 0.192641
v -0.090207 0.480540 0.196856
v -0.106770 0.481396 0.199996
v -0.123791 0.481720 0.199961
v -0.140475 0.481204 0.197165
v -0.155535 0.482120 0.203803
v -0.171394 0.483036 0.208913
v -0.187623 0.483869 0.213116
v -0.190378 0.470302 -0.135628
v -0.173668 0.469919 -0.133385
v -0.157926 0.469550 -0.127912
v -0.142274 0.469225 -0.122256
v -0.126465 0.469211 -0.127633
v -0.109449 0.468972 -0.127572
v -0.092517 0.468796 -0.126142
v -0.075511 0.468766 -0.126874
v -0.058496 0.468646 -0.126318
v -0.041487 0.468521 -0.125704
v -0.024484 0.468387 -0.125025
v -0.007478 0.468253 -0.124410
v 0.009543 0.468137 -0.124202
v 0.026563 0.467986 -0.123732
v 0.042518 0.467453 -0.118774
v 0.059311 0.466545 -0.116911
v 0.076207 0.467211 -0.118347
v 0.090931 0.467816 -0.125545
v 0.107822 0.468134 -0.127355
v 0.124761 0.468376 -0.128837
v 0.141706 0.468592 -0.130296
v 0.158670 0.468761 -0.131627
v 0.175693 0.468646 -0.131618
v 0.191807 0.469606 -0.135674
v 0.207089 0.469436 -0.119561
v 0.196573 0.468858 -0.108217
v 0.186238 0.468286 -0.096755
v 0.192287 0.470415 -0.083555
v 0.188062 0.471874 -0.069675
v 0.191869 0.471791 -0.055568
v 0.190999 0.471930 -0.041113
v 0.190247 0.472071 -0.026652
v 0.189544 0.472216 -0.012187
v 0.186188 0.472037 0.001989
v 0.180974 0.471590 0.015734
v 0.188314 0.473507 0.028516
v 0.189479 0.474419 0.042918
v 0.190329 0.475271 0.057338
v 0.191169 0.476094 0.071760
v 0.191950 0.476894 0.086185
v 0.192671 0.477673 0.100612
v 0.193408 0.478447 0.115036
v 0.194206 0.479213 0.129458
v 0.195017 0.479977 0.143879
v 0.195935 0.480738 0.158292
v 0.197196 0.481503 0.172686
v 0.196365 0.482257 0.187110
v 0.199857 0.483105 0.201230
v -0.207008 0.483257 0.197525
v -0.203235 0.482092 0.183507
v -0.199467 0.480863 0.169501
v -0.195534 0.479611 0.155522
v -0.191006 0.478365 0.141675
v -0.185443 0.476929 0.128137
v -0.191388 0.477687 0.114646
v -0.190482 0.476758 0.100242
v -0.189782 0.475818 0.085838
v -0.187785 0.474507 0.071580
v -0.183619 0.472495 0.057846
v -0.189737 0.474307 0.044664
v -0.189706 0.473913 0.030191
v -0.189702 0.473522 0.015719
v -0.189327 0.473122 0.001244
v -0.189001 0.472721 -0.013228
v -0.181131 0.470661 -0.025729
v -0.186150 0.470800 -0.039559
v -0.190386 0.470927 -0.053573
v -0.193096 0.470760 -0.067857
v -0.195841 0.470583 -0.082134
v -0.194723 0.469667 -0.096526
v -0.191595 0.469532 -0.110751
v -0.202548 0.470675 -0.121669
vn -0.4381 -0.7143 0.5458
vn -0.3552 0.8594 0.3677
vn -0.6135 -0.6138 -0.4969
vn -0.3270 0.8433 -0.4265
vn 0.2614 -0.8612 0.4360
vn 0.0017 0.8168 0.5769
vn 0.5236 -0.7070 -0.4753
vn 0.4451 0.7871 -0.4270
vn 0.0440 -0.5843 -0.8103
vn -0.0480 -0.3637 -0.9303
vn -0.0606 -0.3208 -0.9452
vn -0.0666 -0.3322 -0.9409
vn -0.0659 -0.3023 -0.9509
vn -0.0804 -0.2848 -0.9552
vn -0.1824 -0.1574 -0.9705
vn -0.1218 0.1718 -0.9776
vn 0.0021 0.3348 -0.9423
vn 0.0760 0.1508 -0.9856
vn 0.1117 -0.1052 -0.9882
vn 0.0346 -0.1596 -0.9866
vn 0.0223 -0.1344 -0.9907
vn 0.0237 -0.1512 -0.9882
vn 0.0217 -0.1840 -0.9827
vn 0.0199 -0.2168 -0.9760
vn 0.0108 -0.2155 -0.9765
vn 0.0173 -0.2045 -0.9787
vn -0.0024 -0.2629 -0.9648
vn -0.1118 -0.2284 -0.9671
vn 0.0648 -0.0928 -0.9936
vn 0.2283 -0.1691 -0.9588
vn 0.1128 -0.4174 -0.9017
vn -0.0216 -0.6057 -0.7954
vn -0.0190 0.6094 -0.7927
vn 0.2231 0.4814 -0.8477
vn 0.2418 0.3815 -0.8922
vn -0.0054 0.2861 -0.9582
vn 0.0059 0.4369 -0.8995
vn 0.0467 0.5672 -0.8222
vn -0.0203 0.5443 -0.8386
vn 0.0161 0.5310 -0.8472
vn 0.0193 0.5320 -0.8465
vn 0.0293 0.5047 -0.8628
vn 0.0310 0.4909 -0.8707
vn 0.0367 0.4992 -0.8657
vn 0.0304 0.5201 -0.8536
vn 0.0754 0.4342 -0.8977
vn 0.2039 0.3219 -0.9245
vn -0.0048 0.2847 -0.9586
vn -0.2650 0.2395 -0.9340
vn -0.1662 0.3701 -0.9140
vn -0.0794 0.5108 -0.8560
vn -0.0728 0.5329 -0.8430
vn -0.0672 0.5470 -0.8344
vn -0.0405 0.5402 -0.8405
vn -0.0958 0.5562 -0.8255
vn -0.0404 0.6712 -0.7402
vn 0.0026 -0.6063 0.7953
vn 0.1910 -0.4360 0.8794
vn 0.2043 -0.2255 0.9526
vn 0.0770 0.0063 0.9970
vn -0.0052 -0.0405 0.9992
vn 0.1070 -0.0892 0.9903
vn 0.1034 0.0619 0.9927
vn -0.0293 0.2135 0.9765
vn 0.0724 0.1950 0.9781
vn 0.0231 0.3133 0.9494
vn -0.1184 0.3438 0.9315
vn -0.0561 0.1457 0.9877
vn -0.0208 0.0188 0.9996
vn -0.0220 -0.0171 0.9996
vn -0.0180 -0.0536 0.9984
vn -0.0026 -0.1017 0.9948
vn -0.0098 -0.1395 0.9902
vn -0.0228 -0.1241 0.9920
vn -0.0148 -0.0923 0.9956
vn 0.0933 -0.0892 0.9916
vn 0.0904 0.0951 0.9914
vn -0.0369 0.3795 0.9245
vn -0.2259 0.1036 0.9686
vn -0.3159 -0.5817 0.7495
vn -0.5150 0.4359 0.7381
vn -0.4557 0.1922 0.8691
vn -0.0353 0.4415 0.8966
vn 0.2269 0.6222 0.7493
vn 0.1048 0.6201 0.7775
vn -0.0137 0.5776 0.8162
vn -0.0202 0.5904 0.8069
vn -0.0223 0.6047 0.7961
vn -0.0339 0.6195 0.7843
vn -0.0316 0.6288 0.7769
vn -0.0265 0.6154 0.7878
vn -0.0448 0.6077 0.7929
vn -0.1995 0.6370 0.7446
vn -0.1129 0.6322 0.7665
vn 0.1574 0.5343 0.8305
vn -0.0105 0.5307 0.8475
vn 0.0506 0.5208 0.8522
vn 0.2267 0.4608 0.8581
vn 0.0317 0.5307 0.8470
vn -0.0205 0.5498 0.8350
vn 0.1880 0.4273 0.8843
vn 0.2632 0.4213 0.8679
vn 0.1654 0.6100 0.7750
vn 0.0479 0.7776 0.6269
vn -0.8697 -0.4168 0.2643
vn -0.9431 -0.0509 0.3286
vn -0.9551 -0.2883 0.0678
vn -0.9099 -0.4146 -0.0141
vn -0.9211 -0.3488 0.1727
vn -0.9009 -0.3426 0.2664
vn -0.9956 -0.0675 0.0653
vn -0.9547 0.2432 -0.1716
vn -0.9871 0.1040 -0.1216
vn -0.9985 -0.0445 -0.0310
vn -0.9992 -0.0334 -0.0197
vn -0.9998 -0.0182 -0.0099
vn -0.9894 0.1379 0.0444
vn -0.9508 0.2920 0.1035
vn -0.9925 0.1084 -0.0558
vn -0.9920 -0.0995 -0.0775
vn -0.9738 -0.2260 0.0231
vn -0.9959 -0.0898 -0.0067
vn -0.9910 0.1340 0.0014
vn -0.9813 -0.0519 -0.1852
vn -0.9334 -0.2514 -0.2561
vn -0.9147 -0.3835 -0.1277
vn -0.8217 -0.5662 -0.0641
vn -0.6855 -0.7255 0.0615
vn -0.5879 0.8062 -0.0672
vn -0.6993 0.6919 -0.1795
vn -0.7728 0.5982 -0.2119
vn -0.8267 0.5034 -0.2513
vn -0.8310 0.4324 -0.3499
vn -0.8567 0.5112 -0.0693
vn -0.8020 0.5865 0.1135
vn -0.7804 0.6174 -0.0989
vn -0.7470 0.6470 -0.1530
vn -0.6920 0.6694 -0.2702
vn -0.6730 0.7395 0.0155
vn -0.6589 0.7210 0.2144
vn -0.7146 0.6994 0.0139
vn -0.7495 0.6620 -0.0038
vn -0.7841 0.6205 -0.0124
vn -0.8245 0.5121 -0.2408
vn -0.8578 0.4883 -0.1607
vn -0.7855 0.5679 0.2460
vn -0.7970 0.5460 0.2582
vn -0.8119 0.5826 0.0377
vn -0.7558 0.6537 0.0379
vn -0.8866 0.4515 0.1001
vn -0.9241 0.3507 0.1518
vn -0.6669 0.7217 0.1853
vn 0.8042 -0.5673 0.1770
vn 0.9448 -0.3263 -0.0301
vn 0.9549 -0.2965 -0.0151
vn 0.9557 -0.2923 -0.0350
vn 0.9663 -0.2553 -0.0320
vn 0.9728 -0.2294 -0.0314
vn 0.9785 -0.2043 -0.0300
vn 0.9835 -0.1787 -0.0294
vn 0.9878 -0.1523 -0.0314
vn 0.9920 -0.1222 -0.0330
vn 0.9956 -0.0879 -0.0338
vn 0.9957 -0.0740 -0.0554
vn 0.9809 0.0583 -0.1856
vn 0.9476 0.3183 -0.0258
vn 0.9481 0.2652 0.1756
vn 0.9966 0.0525 0.0629
vn 0.9978 -0.0626 0.0221
vn 0.9902 -0.1388 0.0156
vn 0.9731 -0.1893 -0.1316
vn 0.9683 -0.2478 -0.0314
vn 0.9683 -0.1736 0.1796
vn 0.9865 0.0333 0.1601
vn 0.8641 -0.3204 0.3881
vn 0.6723 -0.6927 0.2610
vn 0.6956 0.6807 0.2299
vn 0.7490 0.3534 0.5604
vn 0.8332 0.3947 0.3873
vn 0.7961 0.5863 -0.1501
vn 0.8689 0.4743 -0.1418
vn 0.8863 0.4632 0.0027
vn 0.8296 0.5555 0.0555
vn 0.8027 0.5927 0.0670
vn 0.6818 0.6949 0.2284
vn 0.6630 0.7345 0.1446
vn 0.7899 0.5739 -0.2160
vn 0.8193 0.5308 -0.2170
vn 0.7755 0.6239 -0.0966
vn 0.7823 0.6167 -0.0878
vn 0.7883 0.6098 -0.0823
vn 0.7928 0.6043 -0.0788
vn 0.7973 0.5988 -0.0766
vn 0.7992 0.5964 -0.0750
vn 0.7991 0.5963 -0.0764
vn 0.7978 0.5981 -0.0764
vn 0.7842 0.6171 -0.0650
vn 0.7832 0.6172 -0.0758
vn 0.7912 0.6050 -0.0893
vn 0.6358 0.7677 0.0800
vn 0.2835 0.9188 -0.2746
vn 0.6083 0.7714 0.1867
vn 0.7599 0.5644 0.3224
vn 0.7557 0.6534 0.0444
vn 0.6171 0.7661 -0.1797
vn 0.6515 0.7582 -0.0262
vn 0.6845 0.7270 0.0549
vn 0.6748 0.7341 0.0759
vn 0.6324 0.7173 0.2926
vn 0.6542 0.7472 0.1172
vn 0.6449 0.7257 -0.2397
vn 0.6431 0.7485 -0.1618
vn 0.6422 0.7600 -0.1000
vn 0.6423 0.7614 -0.0882
vn 0.6383 0.7656 -0.0805
vn 0.6319 0.7713 -0.0757
vn 0.6246 0.7776 -0.0728
vn 0.6181 0.7829 -0.0703
vn 0.6127 0.7869 -0.0726
vn 0.6094 0.7893 -0.0746
vn 0.6126 0.7876 -0.0661
vn 0.6043 0.7941 -0.0650
vn 0.4637 0.8831 0.0714
vn 0.0079 0.8977 0.4406
vn 0.0203 0.8070 -0.5902
vn 0.2197 0.9393 -0.2636
vn 0.4804 0.8769 0.0156
vn 0.6291 0.7739 0.0731
vn 0.5996 0.7956 -0.0863
vn 0.5404 0.8390 -0.0633
vn 0.5230 0.8509 0.0494
vn 0.5323 0.8450 0.0507
vn 0.5779 0.7826 0.2313
vn 0.6236 0.7675 0.1485
vn 0.5584 0.8094 -0.1819
vn 0.5374 0.8269 -0.1655
vn 0.5480 0.8317 -0.0895
vn 0.5308 0.8443 -0.0734
vn 0.5120 0.8565 -0.0651
vn 0.4962 0.8659 -0.0626
vn 0.4856 0.8719 -0.0626
vn 0.4788 0.8757 -0.0622
vn 0.4669 0.8825 -0.0569
vn 0.4549 0.8879 -0.0676
vn 0.4603 0.8844 -0.0774
vn 0.3862 0.9215 0.0401
vn 0.0856 0.9039 0.4190
vn -0.2789 0.6741 0.6839
vn -0.0362 0.7398 -0.6718
vn 0.0270 0.8922 -0.4508
vn 0.1371 0.9511 -0.2769
vn 0.2911 0.9489 -0.1221
vn 0.3962 0.9164 -0.0580
vn 0.3792 0.9247 -0.0348
vn 0.3656 0.9305 0.0237
vn 0.3896 0.9209 0.0102
vn 0.4668 0.8817 0.0691
vn 0.5219 0.8424 0.1340
vn 0.4874 0.8692 -0.0828
vn 0.4486 0.8742 -0.1858
vn 0.4459 0.8933 -0.0572
vn 0.4074 0.9125 -0.0372
vn 0.3794 0.9241 -0.0449
vn 0.3720 0.9267 -0.0537
vn 0.3661 0.9292 -0.0496
vn 0.3539 0.9340 -0.0492
vn 0.3432 0.9385 -0.0390
vn 0.3331 0.9412 -0.0556
vn 0.3020 0.9520 -0.0497
vn 0.2004 0.9533 0.2258
vn 0.0105 0.7875 0.6162
vn -0.1048 0.5305 0.8412
vn -0.0498 0.7287 -0.6830
vn -0.0134 0.8515 -0.5242
vn 0.0331 0.9271 -0.3733
vn 0.0806 0.9626 -0.2588
vn 0.1449 0.9799 -0.1369
vn 0.2146 0.9749 -0.0583
vn 0.2704 0.9624 -0.0249
vn 0.3057 0.9519 -0.0190
vn 0.3166 0.9483 -0.0215
vn 0.3716 0.9266 0.0579
vn 0.4313 0.9002 -0.0606
vn 0.3987 0.9064 -0.1396
vn 0.3281 0.9445 -0.0140
vn 0.3001 0.9539 -0.0087
vn 0.2949 0.9548 -0.0382
vn 0.2906 0.9558 -0.0446
vn 0.2783 0.9598 -0.0355
vn 0.2687 0.9625 -0.0363
vn 0.2629 0.9643 -0.0305
vn 0.2375 0.9712 -0.0197
vn 0.1495 0.9870 0.0597
vn 0.0697 0.9382 0.3389
vn 0.0793 0.7414 0.6663
vn 0.1493 0.5894 0.7939
vn -0.0493 0.7117 -0.7008
vn -0.0184 0.8258 -0.5637
vn 0.0149 0.9111 -0.4119
vn 0.0448 0.9513 -0.3050
vn 0.0793 0.9753 -0.2064
vn 0.1235 0.9840 -0.1281
vn 0.1648 0.9833 -0.0767
vn 0.2027 0.9772 -0.0626
vn 0.2337 0.9715 -0.0389
vn 0.2692 0.9616 -0.0530
vn 0.3008 0.9509 -0.0727
vn 0.2625 0.9647 -0.0230
vn 0.2217 0.9751 0.0097
vn 0.2305 0.9729 -0.0159
vn 0.2357 0.9712 -0.0336
vn 0.2191 0.9754 -0.0223
vn 0.2031 0.9789 -0.0233
vn 0.1915 0.9812 -0.0224
vn 0.1655 0.9862 -0.0045
vn 0.1104 0.9925 0.0523
vn 0.0360 0.9834 0.1778
vn -0.0246 0.9320 0.3617
vn -0.0014 0.8116 0.5842
vn 0.0896 0.6950 0.7134
vn -0.0511 0.6893 -0.7227
vn -0.0218 0.8050 -0.5929
vn 0.0051 0.8993 -0.4373
vn 0.0256 0.9430 -0.3317
vn 0.0499 0.9682 -0.2451
vn 0.0757 0.9822 -0.1719
vn 0.1034 0.9877 -0.1169
vn 0.1287 0.9866 -0.1001
vn 0.1558 0.9850 -0.0737
vn 0.1695 0.9824 -0.0787
vn 0.1553 0.9861 -0.0597
vn 0.1523 0.9883 0.0097
vn 0.1701 0.9854 -0.0004
vn 0.1774 0.9838 -0.0244
vn 0.1664 0.9859 -0.0174
vn 0.1560 0.9877 -0.0071
vn 0.1478 0.9890 -0.0100
vn 0.1278 0.9918 0.0024
vn 0.0916 0.9948 0.0444
vn 0.0428 0.9913 0.1243
vn 0.0002 0.9716 0.2367
vn -0.0266 0.9193 0.3927
vn -0.0388 0.8511 0.5235
vn -0.0310 0.7508 0.6598
vn -0.0735 0.6534 -0.7535
vn -0.0469 0.7971 -0.6020
vn -0.0168 0.8792 -0.4762
vn 0.0298 0.9318 -0.3616
vn 0.0482 0.9639 -0.2619
vn 0.0525 0.9805 -0.1895
vn 0.0621 0.9877 -0.1434
vn 0.0717 0.9907 -0.1160
vn 0.0783 0.9921 -0.0984
vn 0.0829 0.9935 -0.0777
vn 0.0863 0.9951 -0.0490
vn 0.1004 0.9948 -0.0160
vn 0.1163 0.9931 -0.0155
vn 0.1153 0.9932 -0.0163
vn 0.1092 0.9940 -0.0055
vn 0.1044 0.9945 -0.0013
vn 0.0932 0.9956 0.0071
vn 0.0732 0.9968 0.0328
vn 0.0440 0.9950 0.0901
vn 0.0101 0.9850 0.1725
vn -0.0179 0.9639 0.2655
vn -0.0222 0.9204 0.3903
vn -0.0155 0.8500 0.5265
vn -0.0212 0.7600 0.6496
vn -0.1856 0.5380 -0.8223
vn -0.0421 0.7558 -0.6534
vn 0.0206 0.8575 -0.5141
vn 0.0375 0.9199 -0.3904
vn 0.0438 0.9642 -0.2614
vn 0.0428 0.9803 -0.1930
vn 0.0454 0.9870 -0.1539
vn 0.0489 0.9914 -0.1212
vn 0.0507 0.9934 -0.1033
vn 0.0519 0.9954 -0.0801
vn 0.0554 0.9969 -0.0551
vn 0.0627 0.9974 -0.0358
vn 0.0697 0.9973 -0.0230
vn 0.0734 0.9972 -0.0124
vn 0.0741 0.9972 -0.0034
vn 0.0704 0.9975 0.0066
vn 0.0607 0.9979 0.0237
vn 0.0447 0.9973 0.0582
vn 0.0263 0.9925 0.1192
vn 0.0075 0.9792 0.2025
vn -0.0184 0.9556 0.2941
vn -0.0387 0.9234 0.3819
vn -0.0373 0.8545 0.5181
vn -0.0285 0.7599 0.6495
vn -0.0585 0.5053 -0.8609
vn -0.0755 0.7128 -0.6973
vn -0.0510 0.8319 -0.5526
vn 0.0016 0.9069 -0.4214
vn 0.0306 0.9632 -0.2670
vn 0.0371 0.9805 -0.1930
vn 0.0367 0.9871 -0.1561
vn 0.0367 0.9917 -0.1232
vn 0.0356 0.9941 -0.1022
vn 0.0349 0.9960 -0.0820
vn 0.0371 0.9975 -0.0601
vn 0.0404 0.9982 -0.0435
vn 0.0440 0.9986 -0.0279
vn 0.0471 0.9988 -0.0157
vn 0.0479 0.9988 -0.0020
vn 0.0464 0.9989 0.0112
vn 0.0410 0.9985 0.0365
vn 0.0301 0.9966 0.0764
vn 0.0186 0.9907 0.1349
vn 0.0112 0.9764 0.2155
vn 0.0043 0.9481 0.3179
vn -0.0217 0.9120 0.4095
vn -0.0598 0.8511 0.5216
vn -0.0585 0.7774 0.6263
vn 0.1256 0.6053 -0.7860
vn -0.0001 0.7754 -0.6315
vn -0.0450 0.8209 -0.5693
vn -0.0304 0.8866 -0.4615
vn 0.0083 0.9544 -0.2985
vn 0.0305 0.9805 -0.1939
vn 0.0288 0.9878 -0.1528
vn 0.0268 0.9919 -0.1241
vn 0.0268 0.9946 -0.1000
vn 0.0267 0.9962 -0.0833
vn 0.0273 0.9977 -0.0622
vn 0.0289 0.9985 -0.0472
vn 0.0310 0.9990 -0.0309
vn 0.0328 0.9993 -0.0185
vn 0.0336 0.9994 -0.0013
vn 0.0327 0.9994 0.0132
vn 0.0303 0.9986 0.0435
vn 0.0260 0.9959 0.0866
vn 0.0184 0.9891 0.1462
vn 0.0054 0.9741 0.2259
vn -0.0001 0.9478 0.3189
vn -0.0008 0.8981 0.4398
vn -0.0147 0.8387 0.5444
vn -0.0273 0.7925 0.6093
vn 0.0394 0.6703 -0.7411
vn 0.0769 0.7816 -0.6190
vn 0.0709 0.8452 -0.5297
vn 0.0033 0.8994 -0.4370
vn -0.0203 0.9447 -0.3274
vn -0.0036 0.9781 -0.2083
vn 0.0111 0.9881 -0.1535
vn 0.0142 0.9921 -0.1247
vn 0.0141 0.9949 -0.0994
vn 0.0137 0.9964 -0.0834
vn 0.0141 0.9979 -0.0633
vn 0.0150 0.9987 -0.0493
vn 0.0161 0.9993 -0.0327
vn 0.0171 0.9997 -0.0202
vn 0.0181 0.9998 -0.0019
vn 0.0195 0.9997 0.0131
vn 0.0212 0.9988 0.0442
vn 0.0242 0.9959 0.0869
vn 0.0109 0.9854 0.1699
vn -0.0336 0.9633 0.2665
vn -0.0709 0.9441 0.3220
vn -0.0492 0.9131 0.4048
vn 0.0060 0.8475 0.5307
vn 0.0100 0.7731 0.6342
vn 0.0267 0.6606 -0.7502
vn 0.0225 0.7571 -0.6529
vn 0.0257 0.8640 -0.5028
vn 0.0204 0.9194 -0.3929
vn -0.0075 0.9499 -0.3124
vn -0.0154 0.9730 -0.2303
vn -0.0038 0.9868 -0.1620
vn 0.0022 0.9919 -0.1269
vn 0.0045 0.9950 -0.0999
vn 0.0057 0.9965 -0.0839
vn 0.0065 0.9979 -0.0641
vn 0.0071 0.9987 -0.0504
vn 0.0075 0.9994 -0.0333
vn 0.0077 0.9998 -0.0210
vn 0.0082 1.0000 -0.0029
vn 0.0091 0.9999 0.0113
vn 0.0114 0.9991 0.0411
vn 0.0119 0.9963 0.0855
vn 0.0080 0.9816 0.1910
vn 0.0061 0.9550 0.2967
vn 0.0053 0.9425 0.3342
vn 0.0012 0.9289 0.3702
vn -0.0057 0.8605 0.5094
vn -0.0257 0.7398 0.6723
vn 0.0393 0.6658 -0.7451
vn 0.0142 0.7751 -0.6317
vn -0.0155 0.8651 -0.5014
vn -0.0130 0.9190 -0.3941
vn -0.0004 0.9549 -0.2971
vn -0.0035 0.9725 -0.2328
vn -0.0080 0.9858 -0.1677
vn -0.0070 0.9915 -0.1296
vn -0.0063 0.9949 -0.1008
vn -0.0060 0.9964 -0.0847
vn -0.0057 0.9979 -0.0647
vn -0.0056 0.9987 -0.0507
vn -0.0058 0.9994 -0.0333
vn -0.0060 0.9998 -0.0211
vn -0.0059 1.0000 -0.0035
vn -0.0046 0.9999 0.0093
vn -0.0013 0.9993 0.0365
vn -0.0065 0.9954 0.0956
vn -0.0085 0.9823 0.1870
vn 0.0326 0.9662 0.2559
vn 0.0811 0.9424 0.3244
vn 0.0524 0.9053 0.4215
vn -0.0666 0.8014 0.5944
vn -0.1800 0.6763 0.7143
vn 0.0219 0.6739 -0.7385
vn 0.0096 0.7977 -0.6029
vn -0.0107 0.8787 -0.4772
vn -0.0263 0.9155 -0.4014
vn -0.0214 0.9508 -0.3090
vn -0.0134 0.9738 -0.2272
vn -0.0131 0.9856 -0.1684
vn -0.0143 0.9916 -0.1287
vn -0.0150 0.9947 -0.1017
vn -0.0139 0.9962 -0.0855
vn -0.0132 0.9978 -0.0650
vn -0.0134 0.9986 -0.0502
vn -0.0146 0.9994 -0.0322
vn -0.0163 0.9997 -0.0199
vn -0.0181 0.9998 -0.0027
vn -0.0200 0.9998 0.0092
vn -0.0195 0.9993 0.0320
vn -0.0112 0.9953 0.0964
vn 0.0080 0.9863 0.1648
vn 0.0340 0.9794 0.1989
vn 0.0208 0.9381 0.3457
vn -0.0680 0.8446 0.5311
vn -0.1281 0.7442 0.6556
vn -0.1255 0.6667 0.7347
vn 0.0122 0.6894 -0.7243
vn 0.0063 0.7988 -0.6016
vn 0.0125 0.8845 -0.4665
vn 0.0056 0.9219 -0.3873
vn -0.0054 0.9492 -0.3146
vn -0.0127 0.9747 -0.2232
vn -0.0192 0.9861 -0.1651
vn -0.0248 0.9920 -0.1241
vn -0.0272 0.9943 -0.1027
vn -0.0268 0.9959 -0.0862
vn -0.0265 0.9975 -0.0655
vn -0.0268 0.9984 -0.0490
vn -0.0285 0.9991 -0.0299
vn -0.0315 0.9994 -0.0167
vn -0.0350 0.9994 0.0004
vn -0.0378 0.9992 0.0117
vn -0.0390 0.9988 0.0302
vn -0.0254 0.9970 0.0726
vn 0.0083 0.9918 0.1279
vn 0.0159 0.9797 0.1997
vn -0.0008 0.9244 0.3813
vn 0.0180 0.8273 0.5615
vn 0.0842 0.7829 0.6165
vn 0.1411 0.7253 0.6738
vn -0.0278 0.7278 -0.6853
vn -0.0564 0.7951 -0.6039
vn -0.0244 0.8608 -0.5083
vn 0.0224 0.9187 -0.3943
vn 0.0149 0.9573 -0.2886
vn -0.0149 0.9781 -0.2076
vn -0.0308 0.9874 -0.1550
vn -0.0380 0.9921 -0.1193
vn -0.0389 0.9939 -0.1036
vn -0.0379 0.9955 -0.0868
vn -0.0357 0.9971 -0.0678
vn -0.0358 0.9983 -0.0462
vn -0.0396 0.9989 -0.0262
vn -0.0439 0.9990 -0.0119
vn -0.0473 0.9989 0.0038
vn -0.0511 0.9986 0.0162
vn -0.0542 0.9980 0.0309
vn -0.0521 0.9972 0.0538
vn -0.0469 0.9936 0.1026
vn -0.0379 0.9770 0.2097
vn 0.0059 0.9428 0.3332
vn 0.1195 0.8725 0.4738
vn 0.1549 0.7788 0.6079
vn 0.0521 0.6784 0.7328
vn 0.0233 0.7538 -0.6566
vn 0.0284 0.7957 -0.6051
vn 0.0240 0.8442 -0.5355
vn 0.0062 0.9165 -0.4000
vn -0.0156 0.9665 -0.2562
vn -0.0340 0.9820 -0.1859
vn -0.0486 0.9888 -0.1414
vn -0.0566 0.9917 -0.1151
vn -0.0604 0.9929 -0.1020
vn -0.0598 0.9941 -0.0901
vn -0.0549 0.9958 -0.0726
vn -0.0540 0.9976 -0.0421
vn -0.0589 0.9981 -0.0198
vn -0.0643 0.9979 -0.0067
vn -0.0673 0.9977 0.0063
vn -0.0690 0.9974 0.0203
vn -0.0701 0.9970 0.0319
vn -0.0686 0.9964 0.0488
vn -0.0615 0.9937 0.0938
vn -0.0320 0.9839 0.1756
vn -0.0075 0.9550 0.2964
vn -0.0197 0.9035 0.4282
vn 0.0052 0.7820 0.6233
vn 0.0559 0.6169 0.7850
vn 0.0281 0.7020 -0.7116
vn 0.0931 0.7726 -0.6281
vn 0.0697 0.8671 -0.4932
vn -0.0018 0.9357 -0.3529
vn -0.0396 0.9707 -0.2371
vn -0.0558 0.9846 -0.1658
vn -0.0703 0.9894 -0.1273
vn -0.0813 0.9910 -0.1066
vn -0.0897 0.9914 -0.0957
vn -0.1078 0.9913 -0.0752
vn -0.1259 0.9895 -0.0713
vn -0.1153 0.9917 -0.0565
vn -0.0986 0.9950 -0.0189
vn -0.0961 0.9954 -0.0040
vn -0.0955 0.9954 0.0064
vn -0.0936 0.9954 0.0199
vn -0.0908 0.9954 0.0302
vn -0.0879 0.9951 0.0454
vn -0.0792 0.9937 0.0792
vn -0.0617 0.9886 0.1377
vn -0.0367 0.9578 0.2852
vn -0.0070 0.9054 0.4246
vn 0.0473 0.8437 0.5347
vn 0.1614 0.6649 0.7293
vn 0.0494 0.6538 -0.7551
vn 0.0334 0.7656 -0.6425
vn 0.0117 0.8936 -0.4487
vn -0.0194 0.9551 -0.2958
vn -0.0579 0.9763 -0.2087
vn -0.0863 0.9860 -0.1426
vn -0.1076 0.9883 -0.1077
vn -0.1254 0.9879 -0.0912
vn -0.1412 0.9866 -0.0815
vn -0.1611 0.9860 -0.0422
vn -0.2006 0.9791 -0.0343
vn -0.2297 0.9703 -0.0760
vn -0.1970 0.9786 -0.0590
vn -0.1589 0.9872 -0.0106
vn -0.1510 0.9885 0.0031
vn -0.1432 0.9896 0.0121
vn -0.1333 0.9908 0.0232
vn -0.1237 0.9916 0.0376
vn -0.1111 0.9918 0.0626
vn -0.0925 0.9892 0.1136
vn -0.0454 0.9722 0.2296
vn 0.0339 0.9314 0.3625
vn 0.0734 0.8596 0.5057
vn 0.0386 0.6876 0.7250
vn 0.0583 0.6444 -0.7625
vn 0.0452 0.7845 -0.6184
vn -0.0033 0.9135 -0.4068
vn -0.0621 0.9677 -0.2442
vn -0.1089 0.9806 -0.1628
vn -0.1443 0.9831 -0.1124
vn -0.1636 0.9826 -0.0876
vn -0.1774 0.9816 -0.0714
vn -0.2002 0.9783 -0.0534
vn -0.2204 0.9752 -0.0187
vn -0.2599 0.9645 0.0471
vn -0.3109 0.9482 -0.0660
vn -0.2866 0.9473 -0.1433
vn -0.2471 0.9687 -0.0217
vn -0.2419 0.9703 -0.0009
vn -0.2218 0.9750 -0.0170
vn -0.1909 0.9816 0.0041
vn -0.1686 0.9855 0.0189
vn -0.1488 0.9879 0.0433
vn -0.1254 0.9885 0.0846
vn -0.0868 0.9828 0.1633
vn -0.0255 0.9595 0.2807
vn 0.0181 0.8458 0.5332
vn 0.0130 0.6342 0.7730
vn 0.0454 0.6008 -0.7981
vn 0.0377 0.8079 -0.5882
vn -0.0559 0.9475 -0.3147
vn -0.1432 0.9747 -0.1718
vn -0.2162 0.9720 -0.0922
vn -0.2595 0.9622 -0.0831
vn -0.2543 0.9626 -0.0933
vn -0.2510 0.9669 -0.0463
vn -0.2882 0.9576 -0.0012
vn -0.3210 0.9471 0.0004
vn -0.3209 0.9426 0.0920
vn -0.3336 0.9419 -0.0392
vn -0.3741 0.9138 -0.1582
vn -0.3999 0.9159 -0.0346
vn -0.3497 0.9359 -0.0423
vn -0.3175 0.9475 -0.0394
vn -0.3015 0.9529 -0.0326
vn -0.2551 0.9665 -0.0268
vn -0.2112 0.9773 0.0131
vn -0.1820 0.9819 0.0525
vn -0.1453 0.9833 0.1095
vn -0.0874 0.9749 0.2048
vn 0.0048 0.8708 0.4917
vn 0.1197 0.6882 0.7155
vn 0.1352 0.5929 -0.7939
vn -0.0333 0.8855 -0.4634
vn -0.1781 0.9646 -0.1944
vn -0.2803 0.9579 -0.0622
vn -0.3479 0.9373 -0.0187
vn -0.3659 0.9278 -0.0734
vn -0.4037 0.9129 -0.0599
vn -0.4495 0.8932 -0.0162
vn -0.4257 0.9047 0.0153
vn -0.4160 0.9090 0.0263
vn -0.4021 0.9133 0.0646
vn -0.3760 0.9264 -0.0224
vn -0.4672 0.8840 -0.0152
vn -0.5474 0.8355 -0.0470
vn -0.4980 0.8502 -0.1706
vn -0.4242 0.9038 -0.0560
vn -0.3894 0.9180 -0.0749
vn -0.3491 0.9329 -0.0880
vn -0.3297 0.9441 -0.0092
vn -0.3172 0.9482 0.0197
vn -0.2616 0.9646 0.0336
vn -0.1782 0.9767 0.1199
vn -0.0503 0.9382 0.3425
vn 0.1217 0.7937 0.5960
vn 0.0413 0.7734 -0.6326
vn -0.2265 0.9453 -0.2348
vn -0.4076 0.9127 -0.0293
vn -0.4862 0.8732 0.0342
vn -0.4718 0.8817 -0.0054
vn -0.5256 0.8507 0.0113
vn -0.6371 0.7679 0.0669
vn -0.6299 0.7755 -0.0417
vn -0.5550 0.8304 -0.0500
vn -0.5210 0.8513 0.0622
vn -0.5142 0.8572 0.0274
vn -0.5115 0.8591 -0.0167
vn -0.5483 0.8210 0.1590
vn -0.6192 0.7842 -0.0409
vn -0.5997 0.7540 -0.2679
vn -0.5589 0.8207 -0.1189
vn -0.5137 0.8502 -0.1151
vn -0.5437 0.8351 -0.0842
vn -0.5674 0.8229 -0.0285
vn -0.4846 0.8730 -0.0555
vn -0.4062 0.9120 -0.0566
vn -0.3310 0.9435 0.0125
vn -0.2004 0.9670 0.1575
vn -0.0155 0.8939 0.4481
vn -0.4046 0.8684 -0.2867
vn -0.6153 0.7883 -0.0005
vn -0.6559 0.7443 0.1258
vn -0.6654 0.7444 0.0560
vn -0.6621 0.7491 -0.0244
vn -0.6878 0.7012 0.1877
vn -0.7753 0.6048 0.1821
vn -0.7948 0.5927 -0.1303
vn -0.7367 0.6616 -0.1401
vn -0.6623 0.7478 0.0460
vn -0.6222 0.7828 0.0112
vn -0.6314 0.7755 0.0041
vn -0.6218 0.7509 0.2227
vn -0.6520 0.7582 -0.0068
vn -0.6465 0.7058 -0.2898
vn -0.6680 0.7257 -0.1645
vn -0.6807 0.7221 -0.1233
vn -0.7452 0.6665 0.0214
vn -0.7744 0.6295 -0.0632
vn -0.6946 0.6779 -0.2407
vn -0.5984 0.7880 -0.1446
vn -0.5247 0.8449 -0.1037
vn -0.4187 0.9077 -0.0267
vn -0.2186 0.9547 0.2020
vn -0.3217 -0.9016 -0.2890
vn -0.6210 -0.7832 0.0300
vn -0.7560 -0.6432 0.1215
vn -0.7293 -0.6840 0.0141
vn -0.7443 -0.6627 0.0827
vn -0.8453 -0.5225 0.1113
vn -0.9364 -0.3460 -0.0584
vn -0.9164 -0.3934 -0.0735
vn -0.8639 -0.5035 -0.0153
vn -0.8432 -0.5376 -0.0033
vn -0.8329 -0.5534 0.0024
vn -0.8282 -0.5604 0.0063
vn -0.8268 -0.5625 0.0061
vn -0.8660 -0.4960 0.0631
vn -0.9012 -0.4328 0.0217
vn -0.8521 -0.5176 0.0773
vn -0.8103 -0.5834 0.0550
vn -0.8155 -0.5757 -0.0585
vn -0.8452 -0.5344 0.0094
vn -0.8315 -0.5537 -0.0449
vn -0.7014 -0.7123 -0.0256
vn -0.5609 -0.8241 0.0792
vn -0.4455 -0.8843 0.1396
vn -0.2672 -0.8991 0.3468
vn -0.0572 -0.8300 -0.5548
vn -0.1857 -0.9567 -0.2240
vn -0.2952 -0.9547 -0.0388
vn -0.4060 -0.9138 -0.0078
vn -0.4760 -0.8794 0.0017
vn -0.5121 -0.8588 0.0169
vn -0.4833 -0.8754 -0.0066
vn -0.4298 -0.9023 0.0337
vn -0.4121 -0.9105 0.0334
vn -0.3973 -0.9172 0.0306
vn -0.3861 -0.9220 0.0286
vn -0.3776 -0.9256 0.0275
vn -0.3683 -0.9293 0.0277
vn -0.3579 -0.9334 0.0268
vn -0.3570 -0.9333 0.0394
vn -0.4069 -0.9094 0.0859
vn -0.4630 -0.8849 0.0499
vn -0.4233 -0.9056 0.0256
vn -0.3513 -0.9342 0.0629
vn -0.3033 -0.9488 0.0877
vn -0.2682 -0.9544 0.1307
vn -0.2511 -0.9537 0.1653
vn -0.2087 -0.9433 0.2579
vn -0.0442 -0.8070 0.5888
vn 0.0282 -0.7044 -0.7092
vn -0.0883 -0.9520 -0.2932
vn -0.1034 -0.9881 -0.1140
vn -0.1041 -0.9933 -0.0499
vn -0.0942 -0.9954 -0.0165
vn -0.0830 -0.9965 0.0103
vn -0.0851 -0.9958 0.0347
vn -0.0902 -0.9950 0.0437
vn -0.0921 -0.9948 0.0433
vn -0.0923 -0.9949 0.0413
vn -0.0903 -0.9952 0.0385
vn -0.0877 -0.9955 0.0359
vn -0.0851 -0.9957 0.0371
vn -0.0812 -0.9960 0.0384
vn -0.0766 -0.9962 0.0423
vn -0.0720 -0.9964 0.0439
vn -0.0700 -0.9963 0.0501
vn -0.0756 -0.9949 0.0671
vn -0.0890 -0.9924 0.0853
vn -0.1092 -0.9886 0.1040
vn -0.1316 -0.9824 0.1325
vn -0.1442 -0.9747 0.1708
vn -0.1166 -0.9361 0.3318
vn 0.0231 -0.6276 0.7782
vn 0.0687 -0.6083 -0.7907
vn -0.0225 -0.9348 -0.3543
vn -0.0609 -0.9921 -0.1098
vn -0.0448 -0.9984 -0.0352
vn -0.0271 -0.9996 0.0013
vn -0.0185 -0.9997 0.0155
vn -0.0136 -0.9994 0.0327
vn -0.0121 -0.9991 0.0417
vn -0.0139 -0.9991 0.0411
vn -0.0154 -0.9990 0.0417
vn -0.0152 -0.9991 0.0408
vn -0.0138 -0.9992 0.0385
vn -0.0124 -0.9991 0.0394
vn -0.0122 -0.9991 0.0412
vn -0.0130 -0.9989 0.0440
vn -0.0146 -0.9988 0.0458
vn -0.0156 -0.9986 0.0496
vn -0.0170 -0.9981 0.0598
vn -0.0244 -0.9974 0.0685
vn -0.0427 -0.9962 0.0764
vn -0.0698 -0.9922 0.1034
vn -0.0893 -0.9826 0.1630
vn -0.0320 -0.9018 0.4310
vn 0.0629 -0.5572 0.8280
vn -0.0106 -0.6555 -0.7551
vn -0.0004 -0.9010 -0.4338
vn -0.0275 -0.9940 -0.1054
vn -0.0214 -0.9997 -0.0130
vn -0.0113 -0.9999 0.0119
vn -0.0041 -0.9997 0.0235
vn 0.0006 -0.9994 0.0357
vn -0.0006 -0.9992 0.0390
vn -0.0020 -0.9992 0.0400
vn -0.0013 -0.9991 0.0419
vn -0.0008 -0.9991 0.0416
vn -0.0004 -0.9992 0.0400
vn -0.0005 -0.9992 0.0393
vn -0.0009 -0.9992 0.0411
vn -0.0014 -0.9991 0.0426
vn -0.0012 -0.9990 0.0455
vn -0.0019 -0.9988 0.0480
vn -0.0091 -0.9986 0.0515
vn -0.0187 -0.9982 0.0568
vn -0.0218 -0.9978 0.0632
vn -0.0291 -0.9967 0.0763
vn -0.0413 -0.9874 0.1528
vn -0.0246 -0.8508 0.5249
vn 0.0018 -0.5657 0.8246
vn -0.0394 -0.6863 -0.7262
vn -0.0290 -0.8965 -0.4420
vn -0.0174 -0.9938 -0.1096
vn -0.0160 -0.9999 0.0002
vn -0.0082 -0.9998 0.0198
vn -0.0026 -0.9995 0.0308
vn -0.0002 -0.9993 0.0367
vn 0.0002 -0.9993 0.0372
vn 0.0005 -0.9992 0.0406
vn -0.0006 -0.9992 0.0407
vn -0.0020 -0.9991 0.0417
vn -0.0009 -0.9991 0.0416
vn 0.0004 -0.9992 0.0392
vn 0.0007 -0.9992 0.0411
vn 0.0007 -0.9991 0.0422
vn -0.0001 -0.9990 0.0451
vn -0.0038 -0.9991 0.0432
vn -0.0082 -0.9991 0.0426
vn -0.0128 -0.9987 0.0491
vn -0.0171 -0.9979 0.0623
vn -0.0190 -0.9976 0.0665
vn -0.0221 -0.9892 0.1448
vn -0.0521 -0.8581 0.5108
vn -0.0210 -0.4786 0.8778
vn -0.0024 -0.6735 -0.7392
vn -0.0123 -0.9083 -0.4181
vn -0.0125 -0.9936 -0.1121
vn -0.0119 -0.9999 0.0056
vn -0.0086 -0.9996 0.0274
vn -0.0040 -0.9994 0.0353
vn -0.0022 -0.9993 0.0371
vn -0.0008 -0.9992 0.0391
vn 0.0006 -0.9992 0.0407
vn 0.0004 -0.9992 0.0389
vn 0.0007 -0.9991 0.0423
vn 0.0004 -0.9991 0.0420
vn 0.0001 -0.9992 0.0400
vn 0.0009 -0.9991 0.0415
vn 0.0009 -0.9991 0.0418
vn -0.0019 -0.9991 0.0412
vn -0.0050 -0.9992 0.0392
vn -0.0056 -0.9991 0.0409
vn -0.0062 -0.9990 0.0446
vn -0.0104 -0.9983 0.0568
vn -0.0159 -0.9979 0.0634
vn -0.0211 -0.9902 0.1383
vn -0.0174 -0.8779 0.4785
vn 0.0271 -0.3479 0.9371
vn -0.0014 -0.6547 -0.7559
vn -0.0122 -0.9085 -0.4178
vn -0.0082 -0.9942 -0.1075
vn -0.0049 -1.0000 0.0062
vn -0.0041 -0.9995 0.0316
vn -0.0022 -0.9992 0.0388
vn -0.0005 -0.9993 0.0377
vn -0.0012 -0.9992 0.0393
vn -0.0024 -0.9992 0.0407
vn -0.0011 -0.9992 0.0401
vn -0.0004 -0.9991 0.0423
vn 0.0006 -0.9991 0.0424
vn 0.0021 -0.9991 0.0418
vn -0.0004 -0.9993 0.0386
vn -0.0027 -0.9993 0.0385
vn -0.0020 -0.9992 0.0409
vn -0.0028 -0.9991 0.0429
vn -0.0052 -0.9987 0.0506
vn -0.0106 -0.9983 0.0568
vn -0.0204 -0.9914 0.1293
vn 0.0045 -0.8538 0.5206
vn 0.0147 -0.3662 0.9304
vn -0.0005 -0.6359 -0.7718
vn -0.0106 -0.9089 -0.4170
vn -0.0071 -0.9950 -0.0992
vn -0.0025 -1.0000 0.0074
vn -0.0005 -0.9994 0.0337
vn 0.0001 -0.9992 0.0397
vn 0.0002 -0.9992 0.0391
vn 0.0009 -0.9993 0.0379
vn 0.0005 -0.9992 0.0401
vn -0.0001 -0.9991 0.0415
vn -0.0004 -0.9991 0.0412
vn 0.0002 -0.9991 0.0421
vn 0.0009 -0.9990 0.0440
vn -0.0008 -0.9992 0.0400
vn -0.0017 -0.9993 0.0362
vn -0.0009 -0.9992 0.0392
vn 0.0001 -0.9992 0.0398
vn 0.0005 -0.9992 0.0405
vn -0.0003 -0.9991 0.0415
vn -0.0009 -0.9988 0.0485
vn -0.0019 -0.9987 0.0515
vn -0.0091 -0.9933 0.1148
vn -0.0222 -0.8356 0.5489
vn 0.0097 -0.3802 0.9249
vn 0.0002 -0.6182 -0.7860
vn -0.0104 -0.9089 -0.4169
vn -0.0063 -0.9959 -0.0902
vn -0.0017 -1.0000 0.0094
vn -0.0012 -0.9994 0.0347
vn -0.0011 -0.9992 0.0395
vn -0.0008 -0.9992 0.0397
vn -0.0003 -0.9993 0.0386
vn 0.0007 -0.9992 0.0400
vn 0.0014 -0.9991 0.0419
vn 0.0022 -0.9991 0.0414
vn 0.0016 -0.9991 0.0419
vn -0.0015 -0.9991 0.0415
vn -0.0030 -0.9992 0.0389
vn -0.0015 -0.9993 0.0380
vn 0.0001 -0.9992 0.0402
vn 0.0005 -0.9992 0.0404
vn 0.0004 -0.9992 0.0402
vn 0.0004 -0.9992 0.0409
vn 0.0006 -0.9988 0.0488
vn 0.0013 -0.9987 0.0508
vn 0.0026 -0.9941 0.1083
vn -0.0258 -0.8629 0.5047
vn -0.0570 -0.3038 0.9510
vn 0.0024 -0.5994 -0.8005
vn -0.0106 -0.9080 -0.4189
vn -0.0072 -0.9967 -0.0803
vn -0.0020 -0.9999 0.0111
vn -0.0011 -0.9994 0.0346
vn -0.0013 -0.9992 0.0395
vn -0.0011 -0.9992 0.0403
vn -0.0002 -0.9992 0.0398
vn 0.0012 -0.9991 0.0416
vn 0.0021 -0.9991 0.0423
vn 0.0016 -0.9991 0.0413
vn 0.0004 -0.9992 0.0400
vn -0.0008 -0.9993 0.0385
vn -0.0020 -0.9992 0.0387
vn -0.0014 -0.9992 0.0407
vn 0.0009 -0.9991 0.0421
vn 0.0018 -0.9992 0.0400
vn 0.0012 -0.9992 0.0397
vn 0.0011 -0.9991 0.0412
vn 0.0010 -0.9988 0.0486
vn 0.0009 -0.9987 0.0517
vn 0.0050 -0.9935 0.1141
vn 0.0156 -0.8781 0.4783
vn -0.0275 -0.3569 0.9337
vn 0.0070 -0.5810 -0.8138
vn -0.0099 -0.9043 -0.4269
vn -0.0103 -0.9975 -0.0694
vn -0.0031 -0.9999 0.0152
vn 0.0005 -0.9994 0.0358
vn 0.0009 -0.9993 0.0385
vn -0.0000 -0.9992 0.0405
vn 0.0017 -0.9991 0.0425
vn 0.0036 -0.9991 0.0427
vn 0.0022 -0.9992 0.0407
vn 0.0004 -0.9992 0.0401
vn -0.0001 -0.9992 0.0391
vn -0.0004 -0.9993 0.0375
vn -0.0007 -0.9993 0.0380
vn -0.0008 -0.9991 0.0419
vn -0.0013 -0.9991 0.0431
vn -0.0021 -0.9992 0.0391
vn -0.0014 -0.9992 0.0408
vn 0.0001 -0.9991 0.0417
vn 0.0010 -0.9988 0.0489
vn 0.0022 -0.9986 0.0526
vn 0.0064 -0.9924 0.1231
vn 0.0150 -0.8705 0.4919
vn 0.0054 -0.4382 0.8989
vn 0.0372 -0.5683 -0.8220
vn 0.0061 -0.8890 -0.4579
vn -0.0105 -0.9983 -0.0577
vn -0.0028 -0.9998 0.0211
vn -0.0001 -0.9993 0.0373
vn 0.0009 -0.9992 0.0388
vn 0.0032 -0.9991 0.0420
vn 0.0041 -0.9990 0.0441
vn 0.0018 -0.9992 0.0407
vn -0.0012 -0.9993 0.0375
vn -0.0027 -0.9992 0.0393
vn -0.0021 -0.9992 0.0400
vn -0.0011 -0.9993 0.0374
vn -0.0005 -0.9993 0.0385
vn 0.0006 -0.9991 0.0426
vn 0.0002 -0.9991 0.0414
vn -0.0005 -0.9992 0.0389
vn -0.0004 -0.9991 0.0421
vn -0.0003 -0.9991 0.0424
vn 0.0006 -0.9987 0.0503
vn 0.0036 -0.9984 0.0561
vn 0.0099 -0.9914 0.1303
vn 0.0146 -0.8660 0.4999
vn 0.0031 -0.4680 0.8837
vn 0.0129 -0.5198 -0.8542
vn -0.0198 -0.8810 -0.4728
vn -0.0068 -0.9989 -0.0457
vn -0.0006 -0.9997 0.0255
vn 0.0002 -0.9993 0.0371
vn 0.0020 -0.9991 0.0424
vn 0.0052 -0.9990 0.0448
vn 0.0027 -0.9992 0.0393
vn -0.0023 -0.9993 0.0371
vn -0.0021 -0.9993 0.0379
vn -0.0002 -0.9992 0.0394
vn -0.0005 -0.9992 0.0403
vn -0.0009 -0.9993 0.0378
vn -0.0003 -0.9992 0.0397
vn -0.0001 -0.9991 0.0428
vn -0.0003 -0.9992 0.0404
vn 0.0001 -0.9992 0.0394
vn 0.0002 -0.9991 0.0419
vn 0.0002 -0.9991 0.0428
vn 0.0038 -0.9985 0.0552
vn 0.0102 -0.9980 0.0623
vn 0.0147 -0.9907 0.1355
vn 0.0150 -0.8654 0.5008
vn 0.0018 -0.4913 0.8710
vn -0.0397 -0.4113 -0.9106
vn -0.0313 -0.9057 -0.4227
vn -0.0012 -0.9993 -0.0385
vn 0.0013 -0.9996 0.0285
vn 0.0039 -0.9993 0.0382
vn 0.0050 -0.9990 0.0446
vn -0.0041 -0.9994 0.0340
vn -0.0036 -0.9993 0.0372
vn -0.0017 -0.9992 0.0403
vn -0.0009 -0.9992 0.0401
vn -0.0005 -0.9992 0.0396
vn -0.0004 -0.9993 0.0382
vn -0.0005 -0.9992 0.0400
vn -0.0006 -0.9991 0.0425
vn -0.0006 -0.9992 0.0405
vn -0.0004 -0.9992 0.0401
vn -0.0001 -0.9991 0.0417
vn 0.0001 -0.9991 0.0432
vn 0.0035 -0.9980 0.0632
vn 0.0088 -0.9976 0.0682
vn 0.0118 -0.9904 0.1378
vn 0.0142 -0.8645 0.5025
vn 0.0051 -0.5131 0.8583
vn -0.0072 -0.3564 -0.9343
vn 0.0010 -0.9245 -0.3812
vn 0.0051 -0.9992 -0.0390
vn 0.0057 -0.9995 0.0324
vn 0.0073 -0.9992 0.0392
vn 0.0016 -0.9993 0.0382
vn -0.0051 -0.9994 0.0351
vn -0.0041 -0.9994 0.0356
vn -0.0013 -0.9992 0.0394
vn -0.0004 -0.9991 0.0414
vn -0.0001 -0.9992 0.0404
vn 0.0002 -0.9992 0.0401
vn 0.0001 -0.9993 0.0378
vn -0.0001 -0.9992 0.0401
vn 0.0007 -0.9991 0.0432
vn 0.0006 -0.9992 0.0398
vn 0.0010 -0.9991 0.0415
vn 0.0019 -0.9991 0.0416
vn 0.0008 -0.9991 0.0422
vn -0.0001 -0.9977 0.0671
vn 0.0004 -0.9974 0.0715
vn 0.0046 -0.9897 0.1430
vn 0.0243 -0.8510 0.5246
vn 0.0299 -0.5358 0.8438
vn 0.0202 -0.4226 -0.9061
vn 0.0356 -0.9144 -0.4033
vn 0.0124 -0.9991 -0.0413
vn 0.0097 -0.9994 0.0322
vn 0.0032 -0.9994 0.0337
vn -0.0025 -0.9995 0.0304
vn -0.0026 -0.9994 0.0351
vn -0.0014 -0.9993 0.0381
vn -0.0015 -0.9992 0.0400
vn -0.0006 -0.9991 0.0429
vn 0.0009 -0.9992 0.0409
vn 0.0007 -0.9992 0.0397
vn 0.0020 -0.9992 0.0396
vn 0.0041 -0.9992 0.0405
vn 0.0018 -0.9992 0.0409
vn -0.0009 -0.9992 0.0389
vn -0.0015 -0.9991 0.0421
vn -0.0022 -0.9991 0.0412
vn -0.0008 -0.9991 0.0431
vn 0.0006 -0.9978 0.0669
vn 0.0020 -0.9973 0.0738
vn 0.0073 -0.9883 0.1521
vn 0.0104 -0.8398 0.5428
vn 0.0047 -0.5572 0.8304
vn -0.0275 -0.5809 -0.8135
vn 0.0320 -0.9005 -0.4336
vn 0.0227 -0.9984 -0.0524
vn 0.0081 -0.9997 0.0224
vn 0.0007 -0.9996 0.0270
vn 0.0005 -0.9995 0.0300
vn 0.0013 -0.9993 0.0361
vn 0.0004 -0.9993 0.0374
vn 0.0001 -0.9992 0.0404
vn 0.0001 -0.9990 0.0437
vn -0.0002 -0.9992 0.0393
vn -0.0000 -0.9991 0.0416
vn -0.0007 -0.9992 0.0402
vn -0.0007 -0.9993 0.0385
vn 0.0009 -0.9992 0.0401
vn 0.0010 -0.9992 0.0403
vn 0.0007 -0.9989 0.0469
vn 0.0042 -0.9976 0.0689
vn 0.0084 -0.9969 0.0782
vn 0.0134 -0.9871 0.1597
vn -0.0032 -0.8536 0.5208
vn -0.0286 -0.5629 0.8260
vn -0.0443 -0.6589 -0.7509
vn 0.0162 -0.9150 -0.4031
vn 0.0279 -0.9964 -0.0798
vn 0.0109 -0.9999 0.0112
vn 0.0056 -0.9997 0.0235
vn 0.0034 -0.9995 0.0308
vn 0.0028 -0.9994 0.0354
vn 0.0022 -0.9993 0.0364
vn 0.0015 -0.9992 0.0403
vn -0.0010 -0.9992 0.0408
vn -0.0008 -0.9992 0.0403
vn -0.0011 -0.9992 0.0405
vn -0.0021 -0.9992 0.0394
vn -0.0014 -0.9992 0.0402
vn 0.0004 -0.9991 0.0424
vn 0.0016 -0.9992 0.0395
vn 0.0029 -0.9992 0.0409
vn 0.0064 -0.9986 0.0520
vn 0.0107 -0.9973 0.0730
vn 0.0138 -0.9965 0.0825
vn 0.0167 -0.9862 0.1650
vn 0.0058 -0.8746 0.4848
vn -0.0131 -0.5628 0.8265
vn -0.0112 -0.7028 -0.7113
vn 0.0350 -0.9306 -0.3643
vn 0.0356 -0.9936 -0.1075
vn 0.0223 -0.9997 0.0025
vn 0.0147 -0.9997 0.0170
vn 0.0081 -0.9996 0.0269
vn 0.0043 -0.9994 0.0340
vn 0.0030 -0.9994 0.0356
vn 0.0018 -0.9992 0.0391
vn -0.0002 -0.9991 0.0413
vn 0.0009 -0.9992 0.0404
vn 0.0015 -0.9992 0.0391
vn 0.0012 -0.9992 0.0408
vn 0.0012 -0.9990 0.0440
vn 0.0048 -0.9990 0.0435
vn 0.0127 -0.9988 0.0477
vn 0.0204 -0.9981 0.0584
vn 0.0218 -0.9971 0.0732
vn 0.0209 -0.9962 0.0848
vn 0.0216 -0.9857 0.1671
vn 0.0064 -0.8895 0.4569
vn 0.0338 -0.4930 0.8694
vn -0.0068 -0.7517 -0.6595
vn 0.0451 -0.9394 -0.3398
vn 0.0537 -0.9904 -0.1273
vn 0.0374 -0.9992 -0.0139
vn 0.0251 -0.9996 0.0100
vn 0.0236 -0.9994 0.0243
vn 0.0245 -0.9992 0.0330
vn 0.0245 -0.9991 0.0350
vn 0.0231 -0.9991 0.0368
vn 0.0201 -0.9991 0.0372
vn 0.0160 -0.9992 0.0375
vn 0.0124 -0.9991 0.0401
vn 0.0136 -0.9989 0.0441
vn 0.0202 -0.9988 0.0439
vn 0.0259 -0.9988 0.0422
vn 0.0281 -0.9986 0.0452
vn 0.0301 -0.9984 0.0487
vn 0.0340 -0.9978 0.0562
vn 0.0383 -0.9972 0.0639
vn 0.0404 -0.9966 0.0717
vn 0.0408 -0.9955 0.0857
vn 0.0360 -0.9862 0.1615
vn 0.0228 -0.9001 0.4352
vn 0.0075 -0.4088 0.9126
vn 0.0002 -0.8021 -0.5972
vn 0.0550 -0.9492 -0.3098
vn 0.0797 -0.9890 -0.1249
vn 0.0949 -0.9953 -0.0187
vn 0.1061 -0.9943 0.0127
vn 0.1105 -0.9936 0.0247
vn 0.1048 -0.9941 0.0272
vn 0.0943 -0.9951 0.0284
vn 0.0830 -0.9961 0.0283
vn 0.0709 -0.9971 0.0276
vn 0.0616 -0.9976 0.0311
vn 0.0623 -0.9971 0.0428
vn 0.0732 -0.9958 0.0552
vn 0.0867 -0.9946 0.0562
vn 0.1000 -0.9936 0.0518
vn 0.1126 -0.9923 0.0522
vn 0.1224 -0.9910 0.0547
vn 0.1284 -0.9899 0.0604
vn 0.1315 -0.9891 0.0667
vn 0.1323 -0.9886 0.0713
vn 0.1281 -0.9885 0.0805
vn 0.1014 -0.9864 0.1295
vn 0.0908 -0.8866 0.4536
vn 0.0501 -0.4840 0.8736
vn 0.0688 -0.8547 -0.5145
vn 0.1707 -0.9569 -0.2350
vn 0.3152 -0.9490 -0.0060
vn 0.4743 -0.8796 0.0374
vn 0.4846 -0.8745 -0.0205
vn 0.4327 -0.9015 0.0096
vn 0.4149 -0.9099 0.0070
vn 0.3973 -0.9176 0.0087
vn 0.3788 -0.9255 0.0075
vn 0.3594 -0.9331 0.0073
vn 0.3860 -0.9204 0.0626
vn 0.4455 -0.8929 0.0643
vn 0.4427 -0.8960 0.0342
vn 0.4126 -0.9093 0.0544
vn 0.4027 -0.9136 0.0554
vn 0.3984 -0.9155 0.0553
vn 0.3956 -0.9167 0.0560
vn 0.3905 -0.9189 0.0562
vn 0.3833 -0.9218 0.0574
vn 0.3719 -0.9264 0.0595
vn 0.3581 -0.9317 0.0616
vn 0.3322 -0.9402 0.0751
vn 0.2305 -0.9038 0.3605
vn 0.0227 -0.6118 0.7907
vn 0.3398 -0.9085 -0.2433
vn 0.6644 -0.7469 0.0251
vn 0.7469 -0.6423 0.1720
vn 0.7780 -0.6144 0.1312
vn 0.8471 -0.5283 -0.0572
vn 0.8297 -0.5546 -0.0635
vn 0.7996 -0.6005 -0.0055
vn 0.8154 -0.5789 -0.0003
vn 0.8418 -0.5397 0.0081
vn 0.8992 -0.4342 0.0549
vn 0.9200 -0.3827 0.0844
vn 0.8571 -0.5151 0.0128
vn 0.8178 -0.5751 -0.0198
vn 0.8096 -0.5868 0.0171
vn 0.7930 -0.6088 0.0218
vn 0.7724 -0.6347 0.0236
vn 0.7506 -0.6603 0.0255
vn 0.7287 -0.6844 0.0250
vn 0.7081 -0.7058 0.0231
vn 0.6883 -0.7250 0.0242
vn 0.6681 -0.7437 0.0250
vn 0.6510 -0.7586 0.0266
vn 0.5591 -0.8171 0.1406
vn 0.1935 -0.7636 0.6161
vn -0.6825 0.1296 0.7193
vn -0.7492 0.3639 -0.5534
vn 0.7996 0.0888 -0.5940
vn 0.5992 -0.0981 0.7946
vn -0.6097 -0.1521 0.7779
vn -0.4559 0.3035 0.8367
vn -0.0239 0.6433 0.7653
vn 0.2146 0.4600 0.8616
vn 0.1029 0.2954 0.9498
vn -0.0086 0.3450 0.9386
vn -0.0109 0.3459 0.9382
vn -0.0186 0.3511 0.9361
vn -0.0249 0.3454 0.9381
vn -0.0321 0.3440 0.9384
vn -0.0380 0.3615 0.9316
vn -0.0407 0.3957 0.9175
vn -0.1414 0.5341 0.8335
vn -0.1366 0.6001 0.7882
vn 0.1254 0.4424 0.8880
vn 0.0469 0.4794 0.8764
vn -0.0189 0.5096 0.8602
vn 0.1923 0.2423 0.9510
vn 0.1054 0.2735 0.9561
vn -0.0186 0.4719 0.8815
vn 0.1300 0.2547 0.9582
vn 0.2857 -0.0036 0.9583
vn 0.2752 0.0579 0.9596
vn 0.1662 0.1564 0.9736
vn 0.1140 -0.0027 -0.9935
vn 0.2335 0.1398 -0.9622
vn 0.2865 0.2098 -0.9348
vn -0.0105 0.0833 -0.9965
vn -0.1098 0.1480 -0.9829
vn 0.0374 0.3207 -0.9465
vn 0.0008 0.2679 -0.9634
vn 0.0111 0.1929 -0.9812
vn 0.0346 0.2038 -0.9784
vn 0.0337 0.2247 -0.9738
vn 0.0333 0.2345 -0.9715
vn 0.0274 0.2439 -0.9694
vn 0.0255 0.2661 -0.9636
vn 0.1405 0.2190 -0.9656
vn 0.1895 0.2509 -0.9493
vn 0.0066 0.3387 -0.9409
vn -0.2544 0.1999 -0.9462
vn -0.2405 0.1401 -0.9605
vn -0.0879 0.1754 -0.9806
vn -0.0844 0.1556 -0.9842
vn -0.0814 0.1754 -0.9811
vn -0.0532 0.2578 -0.9647
vn -0.1184 0.2800 -0.9527
vn -0.1277 0.1468 -0.9809
vn 0.8640 -0.0577 0.5002
vn 0.7844 -0.0005 0.6202
vn 0.8670 0.4729 0.1569
vn 0.9129 0.4050 -0.0509
vn 0.9997 -0.0198 -0.0155
vn 0.9955 0.0438 -0.0841
vn 0.9626 0.2673 0.0450
vn 0.9398 0.3382 0.0483
vn 0.8553 0.4985 0.1414
vn 0.7719 0.6007 0.2083
vn 0.8921 0.4251 -0.1529
vn 0.8925 0.3604 -0.2713
vn 0.9090 0.4095 -0.0773
vn 0.9294 0.3621 -0.0710
vn 0.9413 0.3305 -0.0690
vn 0.9482 0.3107 -0.0668
vn 0.9536 0.2938 -0.0650
vn 0.9584 0.2779 -0.0657
vn 0.9618 0.2656 -0.0669
vn 0.9631 0.2604 -0.0678
vn 0.9579 0.2788 -0.0685
vn 0.9588 0.2787 -0.0544
vn 0.9670 0.2386 -0.0890
vn 0.9817 0.1812 -0.0590
vn -0.9826 0.0858 -0.1647
vn -0.9644 0.1386 -0.2254
vn -0.9540 0.1637 -0.2510
vn -0.9449 0.0615 -0.3217
vn -0.9339 0.1737 -0.3126
vn -0.8850 0.4656 -0.0028
vn -0.9090 0.4036 0.1044
vn -0.9421 0.3306 -0.0557
vn -0.9404 0.3031 -0.1539
vn -0.8780 0.4367 -0.1958
vn -0.7232 0.6874 0.0673
vn -0.7850 0.6032 0.1413
vn -0.9001 0.4356 -0.0013
vn -0.9253 0.3787 -0.0199
vn -0.9355 0.3513 -0.0382
vn -0.8658 0.4462 -0.2268
vn -0.8373 0.5149 -0.1841
vn -0.9315 0.2645 0.2498
vn -0.9470 0.1184 0.2988
vn -0.9516 0.2700 0.1467
vn -0.9742 0.2252 0.0127
vn -0.9997 -0.0233 -0.0116
vn -0.9420 0.2009 0.2689
vn -0.7547 0.4549 0.4728
vt 0.537775 0.926143
vt 0.544032 0.925516
vt 0.544223 0.943831
vt 0.539892 0.938790
vt 0.040845 0.537256
vt 0.031386 0.537861
vt 0.033893 0.519507
vt 0.039162 0.537598
vt 0.466021 0.487509
vt 0.467155 0.503421
vt 0.448673 0.505889
vt 0.451696 0.485164
vt 0.467292 0.011751
vt 0.467117 0.024179
vt 0.463355 0.024094
vt 0.448673 0.011673
vt 0.459969 0.992303
vt 0.461975 0.980597
vt 0.472689 0.974603
vt 0.472025 0.992166
vt 0.461674 0.959841
vt 0.473579 0.959815
vt 0.460863 0.939979
vt 0.471396 0.940689
vt 0.458965 0.920554
vt 0.470387 0.920125
vt 0.459244 0.899716
vt 0.470382 0.899161
vt 0.459574 0.878935
vt 0.470484 0.878248
vt 0.459802 0.858099
vt 0.470623 0.857360
vt 0.460077 0.837265
vt 0.470770 0.836468
vt 0.481118 0.181284
vt 0.483058 0.202090
vt 0.470920 0.202199
vt 0.470678 0.181200
vt 0.481947 0.223023
vt 0.471649 0.223176
vt 0.460397 0.795801
vt 0.460372 0.774902
vt 0.471375 0.773978
vt 0.471135 0.794781
vt 0.460527 0.754071
vt 0.471774 0.753285
vt 0.462690 0.736478
vt 0.473832 0.735450
vt 0.461478 0.715787
vt 0.472334 0.714986
vt 0.460193 0.695166
vt 0.471528 0.694083
vt 0.460695 0.674800
vt 0.472421 0.674407
vt 0.459527 0.655089
vt 0.471349 0.654451
vt 0.459481 0.634116
vt 0.470617 0.633747
vt 0.459499 0.613153
vt 0.471550 0.614060
vt 0.460207 0.592425
vt 0.470835 0.593717
vt 0.458840 0.572799
vt 0.470048 0.573404
vt 0.459282 0.551829
vt 0.469563 0.552807
vt 0.467092 0.466666
vt 0.455826 0.464715
vt 0.018360 0.006147
vt 0.015339 0.021071
vt 0.002298 0.024645
vt 0.000000 0.003960
vt 0.015594 0.041507
vt 0.005672 0.045215
vt 0.492185 0.548885
vt 0.494497 0.569456
vt 0.482460 0.569979
vt 0.482890 0.551667
vt 0.494671 0.590393
vt 0.483137 0.590751
vt 0.493015 0.610583
vt 0.483579 0.611637
vt 0.495550 0.630044
vt 0.484061 0.632585
vt 0.496152 0.650956
vt 0.484129 0.652255
vt 0.496242 0.671934
vt 0.484338 0.672114
vt 0.495453 0.692674
vt 0.484642 0.692909
vt 0.497567 0.712152
vt 0.485606 0.712932
vt 0.497151 0.733063
vt 0.485196 0.732269
vt 0.496693 0.753975
vt 0.484921 0.753055
vt 0.496332 0.774876
vt 0.484708 0.773905
vt 0.496032 0.795758
vt 0.484523 0.794751
vt 0.495729 0.816652
vt 0.484342 0.815602
vt 0.495367 0.837575
vt 0.484166 0.836452
vt 0.494285 0.858464
vt 0.483975 0.857298
vt 0.494880 0.879045
vt 0.483876 0.878200
vt 0.494982 0.899844
vt 0.483770 0.899101
vt 0.495049 0.920646
vt 0.483640 0.920032
vt 0.495291 0.941408
vt 0.483339 0.939720
vt 0.494234 0.962288
vt 0.482620 0.958781
vt 0.490852 0.982208
vt 0.481055 0.979191
vt 0.493273 0.998351
vt 0.481234 1.000000
vt 0.447310 0.473388
vt 0.448097 0.494285
vt 0.435593 0.495745
vt 0.436586 0.475119
vt 0.418155 0.495455
vt 0.421019 0.476422
vt 0.399894 0.491371
vt 0.403287 0.477055
vt 0.383931 0.481660
vt 0.384716 0.476860
vt 0.618425 0.897411
vt 0.607057 0.896808
vt 0.608368 0.878780
vt 0.617953 0.878862
vt 0.366149 0.476376
vt 0.366039 0.487072
vt 0.347450 0.487910
vt 0.347577 0.476282
vt 0.328860 0.488473
vt 0.329004 0.476666
vt 0.310276 0.488978
vt 0.310427 0.476917
vt 0.291697 0.489498
vt 0.291846 0.477145
vt 0.273126 0.490175
vt 0.273263 0.477335
vt 0.254543 0.490710
vt 0.254679 0.477519
vt 0.237046 0.484644
vt 0.236088 0.477521
vt 0.617139 0.748786
vt 0.606358 0.749868
vt 0.606361 0.731434
vt 0.615929 0.730281
vt 0.217554 0.477362
vt 0.218679 0.488023
vt 0.200088 0.488714
vt 0.199005 0.477325
vt 0.181500 0.489167
vt 0.180455 0.477158
vt 0.162917 0.489508
vt 0.161898 0.477007
vt 0.144342 0.489855
vt 0.143336 0.476894
vt 0.125770 0.490217
vt 0.124774 0.476690
vt 0.107198 0.490641
vt 0.106199 0.476773
vt 0.088621 0.491131
vt 0.087627 0.476867
vt 0.070042 0.491581
vt 0.069055 0.477017
vt 0.051460 0.492059
vt 0.050488 0.477297
vt 0.032875 0.492468
vt 0.031912 0.477797
vt 0.014294 0.492849
vt 0.024741 0.475724
vt 0.444549 0.452653
vt 0.436106 0.454190
vt 0.420889 0.455549
vt 0.403408 0.456304
vt 0.384916 0.456514
vt 0.366317 0.456616
vt 0.347681 0.456632
vt 0.329061 0.456633
vt 0.310433 0.456674
vt 0.291796 0.456747
vt 0.273167 0.456827
vt 0.254532 0.456910
vt 0.235895 0.456972
vt 0.217283 0.457003
vt 0.198681 0.456993
vt 0.180081 0.456985
vt 0.161468 0.457007
vt 0.142856 0.457045
vt 0.124240 0.457130
vt 0.105644 0.457232
vt 0.087063 0.457247
vt 0.068481 0.457313
vt 0.049951 0.457285
vt 0.031921 0.456931
vt 0.502707 0.964167
vt 0.501419 0.984946
vt 0.919882 0.436635
vt 0.919943 0.457455
vt 0.910470 0.459056
vt 0.909828 0.438104
vt 0.435286 0.433233
vt 0.420843 0.434680
vt 0.403492 0.435458
vt 0.384906 0.435558
vt 0.366251 0.435635
vt 0.347617 0.435697
vt 0.328970 0.435737
vt 0.310339 0.435780
vt 0.291711 0.435829
vt 0.273085 0.435879
vt 0.254460 0.435932
vt 0.235830 0.435977
vt 0.217205 0.436023
vt 0.198579 0.436068
vt 0.179950 0.436117
vt 0.161327 0.436174
vt 0.142701 0.436225
vt 0.124081 0.436269
vt 0.105485 0.436309
vt 0.086897 0.436366
vt 0.068330 0.436419
vt 0.049800 0.436369
vt 0.032105 0.435957
vt 0.020057 0.456129
vt 0.019219 0.435237
vt 0.919731 0.415794
vt 0.909301 0.417152
vt 0.434347 0.412277
vt 0.420867 0.413810
vt 0.403431 0.414505
vt 0.384827 0.414574
vt 0.366189 0.414640
vt 0.347544 0.414684
vt 0.328913 0.414725
vt 0.310292 0.414768
vt 0.291663 0.414816
vt 0.273040 0.414863
vt 0.254407 0.414910
vt 0.235783 0.414956
vt 0.217156 0.415003
vt 0.198526 0.415052
vt 0.179898 0.415105
vt 0.161269 0.415161
vt 0.142636 0.415214
vt 0.124007 0.415271
vt 0.105378 0.415328
vt 0.086791 0.415359
vt 0.068264 0.415397
vt 0.049740 0.415377
vt 0.032088 0.414987
vt 0.020286 0.414301
vt 0.919513 0.394930
vt 0.908880 0.396206
vt 0.433227 0.391328
vt 0.421023 0.392951
vt 0.403440 0.393458
vt 0.384581 0.393773
vt 0.366107 0.393625
vt 0.347471 0.393668
vt 0.328856 0.393711
vt 0.310241 0.393751
vt 0.291610 0.393798
vt 0.272987 0.393845
vt 0.254361 0.393893
vt 0.235733 0.393941
vt 0.217105 0.393987
vt 0.198476 0.394035
vt 0.179847 0.394088
vt 0.161220 0.394143
vt 0.142587 0.394198
vt 0.123959 0.394251
vt 0.105329 0.394301
vt 0.086725 0.394344
vt 0.068216 0.394360
vt 0.049662 0.394366
vt 0.032224 0.394017
vt 0.021062 0.393348
vt 0.919140 0.374011
vt 0.909795 0.375774
vt 0.428984 0.370893
vt 0.421420 0.372138
vt 0.403312 0.372485
vt 0.384781 0.372412
vt 0.365826 0.372880
vt 0.347417 0.372647
vt 0.328796 0.372693
vt 0.310179 0.372735
vt 0.291552 0.372781
vt 0.272928 0.372828
vt 0.254305 0.372876
vt 0.235676 0.372925
vt 0.217055 0.372972
vt 0.198428 0.373020
vt 0.179802 0.373071
vt 0.161170 0.373125
vt 0.142547 0.373179
vt 0.123918 0.373232
vt 0.105287 0.373277
vt 0.086672 0.373319
vt 0.068186 0.373352
vt 0.049621 0.373358
vt 0.032059 0.373064
vt 0.021955 0.372389
vt 0.919308 0.355497
vt 0.907100 0.355679
vt 0.433333 0.350792
vt 0.421348 0.351166
vt 0.403249 0.351452
vt 0.384615 0.351526
vt 0.366128 0.351417
vt 0.347095 0.351937
vt 0.328735 0.351672
vt 0.310120 0.351717
vt 0.291498 0.351763
vt 0.272876 0.351811
vt 0.254258 0.351860
vt 0.235630 0.351907
vt 0.217004 0.351955
vt 0.198373 0.352003
vt 0.179753 0.352054
vt 0.161123 0.352106
vt 0.142497 0.352159
vt 0.123874 0.352209
vt 0.105248 0.352253
vt 0.086631 0.352295
vt 0.068389 0.352320
vt 0.049546 0.352346
vt 0.032033 0.352102
vt 0.504620 0.859765
vt 0.504327 0.880646
vt 0.919191 0.334710
vt 0.907110 0.334696
vt 0.432787 0.329809
vt 0.421376 0.330198
vt 0.403209 0.330437
vt 0.384566 0.330496
vt 0.365940 0.330553
vt 0.347475 0.330426
vt 0.328444 0.330937
vt 0.310064 0.330699
vt 0.291441 0.330745
vt 0.272822 0.330794
vt 0.254195 0.330842
vt 0.235570 0.330890
vt 0.216952 0.330939
vt 0.198326 0.330989
vt 0.179700 0.331037
vt 0.161076 0.331088
vt 0.142455 0.331138
vt 0.123830 0.331185
vt 0.105203 0.331230
vt 0.086583 0.331273
vt 0.068375 0.331288
vt 0.049552 0.331325
vt 0.031850 0.331147
vt 0.504866 0.838876
vt 0.919372 0.313883
vt 0.907179 0.313715
vt 0.432147 0.308827
vt 0.421315 0.309235
vt 0.403134 0.309425
vt 0.384506 0.309478
vt 0.365890 0.309525
vt 0.347268 0.309578
vt 0.328818 0.309439
vt 0.309767 0.309960
vt 0.291387 0.309729
vt 0.272767 0.309778
vt 0.254147 0.309825
vt 0.235527 0.309873
vt 0.216895 0.309921
vt 0.198276 0.309970
vt 0.179647 0.310019
vt 0.161024 0.310068
vt 0.142400 0.310117
vt 0.123773 0.310161
vt 0.105150 0.310202
vt 0.086522 0.310249
vt 0.068078 0.310268
vt 0.049439 0.310310
vt 0.031739 0.310189
vt 0.021837 0.330765
vt 0.021566 0.309782
vt 0.919226 0.294167
vt 0.909399 0.293515
vt 0.898941 0.314185
vt 0.899125 0.293222
vt 0.421237 0.288274
vt 0.403084 0.288412
vt 0.384457 0.288460
vt 0.365834 0.288508
vt 0.347218 0.288554
vt 0.328601 0.288609
vt 0.310153 0.288455
vt 0.291105 0.288965
vt 0.272716 0.288763
vt 0.254092 0.288808
vt 0.235473 0.288856
vt 0.216848 0.288903
vt 0.198228 0.288950
vt 0.179602 0.289000
vt 0.160979 0.289048
vt 0.142354 0.289095
vt 0.123730 0.289139
vt 0.105098 0.289178
vt 0.086469 0.289225
vt 0.068235 0.289244
vt 0.049304 0.289281
vt 0.031598 0.289234
vt 0.021535 0.288808
vt 0.919267 0.273179
vt 0.908356 0.272835
vt 0.899566 0.272276
vt 0.421069 0.267330
vt 0.403033 0.267391
vt 0.384409 0.267443
vt 0.365793 0.267489
vt 0.347176 0.267536
vt 0.328557 0.267577
vt 0.309930 0.267633
vt 0.291487 0.267471
vt 0.272438 0.267989
vt 0.254052 0.267781
vt 0.235424 0.267838
vt 0.216795 0.267885
vt 0.198175 0.267934
vt 0.179549 0.267981
vt 0.160927 0.268028
vt 0.142302 0.268073
vt 0.123676 0.268117
vt 0.105048 0.268153
vt 0.086415 0.268201
vt 0.068189 0.268212
vt 0.049098 0.268252
vt 0.031465 0.268275
vt 0.021526 0.267843
vt 0.919265 0.252198
vt 0.908337 0.251833
vt 0.431457 0.246950
vt 0.430951 0.267951
vt 0.420989 0.246379
vt 0.402968 0.246383
vt 0.384364 0.246424
vt 0.365751 0.246472
vt 0.347138 0.246510
vt 0.328511 0.246555
vt 0.309896 0.246603
vt 0.291263 0.246663
vt 0.272823 0.246487
vt 0.253782 0.246996
vt 0.235380 0.246805
vt 0.216750 0.246868
vt 0.198123 0.246916
vt 0.179497 0.246962
vt 0.160879 0.247009
vt 0.142254 0.247053
vt 0.123629 0.247093
vt 0.105000 0.247130
vt 0.086361 0.247175
vt 0.068124 0.247187
vt 0.048814 0.247236
vt 0.031354 0.247310
vt 0.021261 0.246882
vt 0.919266 0.231219
vt 0.908399 0.230831
vt 0.431748 0.225949
vt 0.420805 0.225428
vt 0.402917 0.225361
vt 0.384320 0.225412
vt 0.365708 0.225452
vt 0.347088 0.225487
vt 0.328476 0.225535
vt 0.309847 0.225583
vt 0.291217 0.225634
vt 0.272590 0.225694
vt 0.254165 0.225501
vt 0.235119 0.226021
vt 0.216709 0.225832
vt 0.198076 0.225898
vt 0.179455 0.225944
vt 0.160825 0.225989
vt 0.142207 0.226032
vt 0.123573 0.226072
vt 0.104951 0.226109
vt 0.086320 0.226151
vt 0.068067 0.226160
vt 0.048770 0.226206
vt 0.031180 0.226348
vt 0.020784 0.225928
vt 0.919268 0.210237
vt 0.908520 0.209830
vt 0.431885 0.204950
vt 0.420632 0.204471
vt 0.402857 0.204340
vt 0.384282 0.204391
vt 0.365662 0.204431
vt 0.347050 0.204472
vt 0.328426 0.204516
vt 0.309803 0.204566
vt 0.291174 0.204615
vt 0.272550 0.204664
vt 0.253914 0.204724
vt 0.235508 0.204519
vt 0.216461 0.205032
vt 0.198036 0.204860
vt 0.179400 0.204925
vt 0.160781 0.204970
vt 0.142152 0.205013
vt 0.123527 0.205052
vt 0.104903 0.205088
vt 0.086275 0.205124
vt 0.068032 0.205136
vt 0.048733 0.205179
vt 0.030999 0.205389
vt 0.020507 0.204958
vt 0.919269 0.189259
vt 0.908637 0.188834
vt 0.431993 0.183954
vt 0.420477 0.183507
vt 0.402800 0.183322
vt 0.384243 0.183372
vt 0.365620 0.183413
vt 0.347005 0.183457
vt 0.328381 0.183497
vt 0.309754 0.183545
vt 0.291137 0.183592
vt 0.272507 0.183649
vt 0.253880 0.183695
vt 0.235246 0.183753
vt 0.216850 0.183532
vt 0.197810 0.184040
vt 0.179367 0.183890
vt 0.160722 0.183949
vt 0.142098 0.183987
vt 0.123478 0.184027
vt 0.104842 0.184059
vt 0.086218 0.184094
vt 0.067986 0.184109
vt 0.048666 0.184155
vt 0.031074 0.184422
vt 0.506571 0.692663
vt 0.506813 0.713543
vt 0.919261 0.168284
vt 0.908781 0.167839
vt 0.432038 0.162961
vt 0.420360 0.162538
vt 0.402758 0.162306
vt 0.384205 0.162344
vt 0.365578 0.162386
vt 0.346960 0.162438
vt 0.328336 0.162482
vt 0.309711 0.162529
vt 0.291084 0.162581
vt 0.272455 0.162629
vt 0.253833 0.162678
vt 0.235204 0.162728
vt 0.216570 0.162778
vt 0.198189 0.162548
vt 0.179141 0.163061
vt 0.160689 0.162916
vt 0.142040 0.162967
vt 0.123414 0.163001
vt 0.104784 0.163031
vt 0.086167 0.163065
vt 0.067934 0.163077
vt 0.048645 0.163132
vt 0.031267 0.163494
vt 0.505772 0.671831
vt 0.919210 0.147313
vt 0.908942 0.146840
vt 0.432083 0.141963
vt 0.420106 0.141567
vt 0.402741 0.141287
vt 0.384180 0.141319
vt 0.365544 0.141361
vt 0.346916 0.141415
vt 0.328290 0.141474
vt 0.309664 0.141511
vt 0.291039 0.141564
vt 0.272414 0.141613
vt 0.253782 0.141662
vt 0.235157 0.141710
vt 0.216527 0.141757
vt 0.197887 0.141805
vt 0.179523 0.141569
vt 0.160482 0.142074
vt 0.142016 0.141936
vt 0.123354 0.141980
vt 0.104731 0.142006
vt 0.086120 0.142040
vt 0.067875 0.142065
vt 0.048986 0.142117
vt 0.031328 0.142564
vt 0.021394 0.164509
vt 0.020297 0.143546
vt 0.919209 0.126340
vt 0.909190 0.125841
vt 0.431971 0.120965
vt 0.420219 0.120590
vt 0.402719 0.120275
vt 0.384134 0.120293
vt 0.365507 0.120338
vt 0.346875 0.120392
vt 0.328250 0.120454
vt 0.309616 0.120514
vt 0.290989 0.120547
vt 0.272366 0.120598
vt 0.253734 0.120647
vt 0.235107 0.120696
vt 0.216470 0.120741
vt 0.197843 0.120784
vt 0.179202 0.120828
vt 0.160858 0.120587
vt 0.141826 0.121087
vt 0.123345 0.120952
vt 0.104690 0.120984
vt 0.086082 0.121016
vt 0.067516 0.121048
vt 0.048942 0.121108
vt 0.031288 0.121636
vt 0.020128 0.122570
vt 0.919389 0.105352
vt 0.911008 0.105302
vt 0.428823 0.100430
vt 0.420417 0.099612
vt 0.402643 0.099268
vt 0.384108 0.099257
vt 0.365479 0.099304
vt 0.346837 0.099367
vt 0.328201 0.099435
vt 0.309568 0.099494
vt 0.290940 0.099535
vt 0.272310 0.099590
vt 0.253681 0.099639
vt 0.235052 0.099683
vt 0.216418 0.099728
vt 0.197785 0.099769
vt 0.179146 0.099809
vt 0.160518 0.099853
vt 0.142188 0.099612
vt 0.123171 0.100095
vt 0.104693 0.099976
vt 0.086063 0.100009
vt 0.067528 0.100045
vt 0.048951 0.100110
vt 0.031155 0.100699
vt 0.503866 0.609265
vt 0.504423 0.630133
vt 0.920091 0.085870
vt 0.907956 0.085621
vt 0.434270 0.080744
vt 0.420584 0.078644
vt 0.402495 0.078328
vt 0.384043 0.078230
vt 0.365421 0.078303
vt 0.346792 0.078340
vt 0.328154 0.078411
vt 0.309516 0.078485
vt 0.290883 0.078538
vt 0.272246 0.078585
vt 0.253616 0.078627
vt 0.234992 0.078671
vt 0.216362 0.078712
vt 0.197728 0.078754
vt 0.179103 0.078792
vt 0.160475 0.078838
vt 0.141850 0.078879
vt 0.123456 0.078711
vt 0.104664 0.079137
vt 0.086046 0.079014
vt 0.067459 0.079021
vt 0.049070 0.079257
vt 0.031053 0.079825
vt 0.024846 0.102623
vt 0.018793 0.082885
vt 0.919546 0.067036
vt 0.908996 0.064754
vt 0.435049 0.059883
vt 0.420170 0.058001
vt 0.402243 0.057540
vt 0.383888 0.057346
vt 0.365342 0.057287
vt 0.346724 0.057371
vt 0.328095 0.057416
vt 0.309476 0.057487
vt 0.290858 0.057560
vt 0.272234 0.057624
vt 0.253604 0.057673
vt 0.234973 0.057708
vt 0.216340 0.057741
vt 0.197708 0.057770
vt 0.179086 0.057794
vt 0.160458 0.057861
vt 0.141847 0.057901
vt 0.123240 0.057956
vt 0.104641 0.058022
vt 0.086203 0.058151
vt 0.067749 0.058349
vt 0.049463 0.058736
vt 0.031392 0.059307
vt 0.016151 0.062100
vt 0.919558 0.046454
vt 0.910316 0.043916
vt 0.435551 0.039053
vt 0.419792 0.037403
vt 0.401894 0.036920
vt 0.383400 0.037106
vt 0.364899 0.037165
vt 0.346438 0.036905
vt 0.327889 0.037205
vt 0.309344 0.037489
vt 0.290785 0.037613
vt 0.272215 0.037684
vt 0.253637 0.037660
vt 0.235055 0.037639
vt 0.216469 0.037665
vt 0.197882 0.037676
vt 0.179292 0.037537
vt 0.160703 0.037586
vt 0.142119 0.037432
vt 0.123590 0.037557
vt 0.105144 0.038023
vt 0.086651 0.037797
vt 0.068293 0.038140
vt 0.050061 0.038613
vt 0.031975 0.039214
vt 0.447389 0.020958
vt 0.444352 0.041654
vt 0.435249 0.018402
vt 0.417315 0.018758
vt 0.398863 0.021060
vt 0.381645 0.028193
vt 0.521242 0.892001
vt 0.510322 0.894613
vt 0.509001 0.876201
vt 0.518999 0.873640
vt 0.507420 0.857800
vt 0.519297 0.857078
vt 0.507607 0.839354
vt 0.518270 0.838782
vt 0.328290 0.027094
vt 0.309694 0.026267
vt 0.291095 0.025857
vt 0.272497 0.025372
vt 0.253897 0.025069
vt 0.235299 0.024807
vt 0.216703 0.024513
vt 0.198104 0.024186
vt 0.179499 0.023923
vt 0.160944 0.024965
vt 0.516796 0.671941
vt 0.507036 0.672897
vt 0.506813 0.654377
vt 0.518412 0.655137
vt 0.507378 0.635933
vt 0.517649 0.636710
vt 0.125440 0.026389
vt 0.106966 0.024225
vt 0.088503 0.022020
vt 0.070013 0.020773
vt 0.051723 0.020778
vt 0.033509 0.020852
vt 0.448673 0.000000
vt 0.431187 0.005022
vt 0.533303 0.939171
vt 0.524332 0.944477
vt 0.520793 0.926667
vt 0.532400 0.923295
vt 0.519540 0.908507
vt 0.531501 0.907350
vt 0.530929 0.889336
vt 0.530372 0.871206
vt 0.529819 0.853539
vt 0.529787 0.838181
vt 0.518067 0.820188
vt 0.530138 0.820157
vt 0.517922 0.801629
vt 0.529951 0.801522
vt 0.517703 0.783065
vt 0.529719 0.782917
vt 0.517480 0.764516
vt 0.529480 0.764324
vt 0.517243 0.745972
vt 0.529242 0.745759
vt 0.516976 0.727427
vt 0.528987 0.727214
vt 0.516680 0.708877
vt 0.528691 0.708675
vt 0.516402 0.690326
vt 0.528058 0.692037
vt 0.528727 0.673980
vt 0.529155 0.655453
vt 0.529587 0.637120
vt 0.517713 0.618115
vt 0.529680 0.618518
vt 0.517670 0.599527
vt 0.529504 0.600928
vt 0.518217 0.580997
vt 0.529894 0.583682
vt 0.519987 0.562775
vt 0.530778 0.565222
vt 0.055065 0.011665
vt 0.036763 0.008373
vt 0.932728 0.047117
vt 0.932588 0.026440
vt 0.943554 0.024909
vt 0.944312 0.045831
vt 0.881604 0.472816
vt 0.882880 0.493753
vt 0.864524 0.490366
vt 0.866454 0.474235
vt 0.846214 0.486714
vt 0.847941 0.472945
vt 0.828462 0.480758
vt 0.829424 0.471037
vt 0.810082 0.483068
vt 0.811349 0.466979
vt 0.791612 0.480524
vt 0.792978 0.467764
vt 0.563728 0.857397
vt 0.554201 0.854949
vt 0.552192 0.839506
vt 0.563914 0.839057
vt 0.553025 0.820961
vt 0.562356 0.821877
vt 0.756711 0.460314
vt 0.756917 0.473492
vt 0.738604 0.476594
vt 0.738674 0.464574
vt 0.720029 0.475603
vt 0.720162 0.462756
vt 0.701632 0.473038
vt 0.701863 0.459689
vt 0.683035 0.473577
vt 0.683342 0.461127
vt 0.664546 0.471413
vt 0.664822 0.459408
vt 0.647831 0.463664
vt 0.648014 0.451882
vt 0.630662 0.470360
vt 0.631059 0.458998
vt 0.612360 0.473465
vt 0.612694 0.461649
vt 0.593905 0.475612
vt 0.594194 0.463260
vt 0.575388 0.477222
vt 0.575717 0.465038
vt 0.563244 0.641124
vt 0.553434 0.639756
vt 0.552370 0.622063
vt 0.563914 0.622555
vt 0.557219 0.466678
vt 0.557256 0.472716
vt 0.540161 0.480615
vt 0.539043 0.464598
vt 0.521600 0.482246
vt 0.520686 0.467629
vt 0.503112 0.484522
vt 0.502085 0.468643
vt 0.484595 0.486672
vt 0.483589 0.468653
vt 0.932622 0.064652
vt 0.944697 0.066668
vt 0.879445 0.451967
vt 0.866652 0.453430
vt 0.849557 0.454165
vt 0.831156 0.453657
vt 0.812620 0.451863
vt 0.794113 0.449788
vt 0.774443 0.466203
vt 0.775887 0.450743
vt 0.757392 0.450592
vt 0.738982 0.448458
vt 0.720598 0.446032
vt 0.702038 0.446437
vt 0.684434 0.442423
vt 0.666455 0.444926
vt 0.648415 0.440422
vt 0.630913 0.446271
vt 0.612315 0.446367
vt 0.593747 0.445868
vt 0.575440 0.448447
vt 0.556850 0.449376
vt 0.538278 0.449614
vt 0.519768 0.449672
vt 0.501363 0.449326
vt 0.483734 0.448054
vt 0.469411 0.445819
vt 0.932730 0.085572
vt 0.944254 0.086112
vt 0.955102 0.065006
vt 0.956345 0.085903
vt 0.866466 0.432517
vt 0.850088 0.433431
vt 0.832273 0.433714
vt 0.813951 0.433541
vt 0.795393 0.432660
vt 0.776883 0.432271
vt 0.758356 0.431918
vt 0.739766 0.431064
vt 0.721179 0.430018
vt 0.702652 0.428497
vt 0.684933 0.424689
vt 0.667420 0.428150
vt 0.649018 0.429451
vt 0.630687 0.428070
vt 0.612166 0.429278
vt 0.593564 0.429691
vt 0.574953 0.430114
vt 0.556367 0.430058
vt 0.537783 0.430129
vt 0.519424 0.429629
vt 0.501333 0.428796
vt 0.484363 0.427251
vt 0.476883 0.426841
vt 0.932921 0.106457
vt 0.944786 0.106754
vt 0.955034 0.106231
vt 0.862997 0.412194
vt 0.849925 0.412478
vt 0.832815 0.413007
vt 0.814653 0.413013
vt 0.796347 0.412916
vt 0.777765 0.412402
vt 0.759198 0.411982
vt 0.740617 0.411487
vt 0.722030 0.410884
vt 0.703442 0.410056
vt 0.685375 0.406948
vt 0.667559 0.409853
vt 0.648988 0.410364
vt 0.630428 0.410003
vt 0.611832 0.410130
vt 0.593243 0.410163
vt 0.574693 0.410042
vt 0.556086 0.410096
vt 0.537697 0.409638
vt 0.519325 0.409160
vt 0.502061 0.407883
vt 0.486211 0.406367
vt 0.448772 0.613571
vt 0.448673 0.592603
vt 0.932147 0.126828
vt 0.943852 0.126863
vt 0.955694 0.127191
vt 0.863385 0.391229
vt 0.849350 0.391500
vt 0.832662 0.391999
vt 0.815178 0.392266
vt 0.796856 0.392154
vt 0.778446 0.391983
vt 0.759915 0.391674
vt 0.741382 0.391448
vt 0.722826 0.391197
vt 0.704346 0.389790
vt 0.686066 0.390589
vt 0.667477 0.390657
vt 0.648891 0.390442
vt 0.630292 0.390287
vt 0.611702 0.390116
vt 0.593147 0.389878
vt 0.574565 0.389804
vt 0.556126 0.389424
vt 0.537640 0.389127
vt 0.519880 0.388239
vt 0.503049 0.386929
vt 0.488370 0.385537
vt 0.475927 0.405917
vt 0.476810 0.384943
vt 0.932819 0.147526
vt 0.944303 0.147743
vt 0.955311 0.148087
vt 0.862051 0.370334
vt 0.848706 0.370527
vt 0.832455 0.371018
vt 0.815238 0.371275
vt 0.797251 0.371300
vt 0.778856 0.371134
vt 0.760395 0.370943
vt 0.741864 0.370703
vt 0.723334 0.370502
vt 0.704822 0.370338
vt 0.686229 0.370195
vt 0.667613 0.369986
vt 0.648997 0.369769
vt 0.630385 0.369563
vt 0.611794 0.369396
vt 0.593204 0.369237
vt 0.574677 0.369012
vt 0.556141 0.368779
vt 0.537914 0.368243
vt 0.520031 0.367434
vt 0.505995 0.366292
vt 0.491995 0.365143
vt 0.477958 0.363986
vt 0.883747 0.350310
vt 0.883477 0.371297
vt 0.873531 0.370879
vt 0.871282 0.350191
vt 0.858528 0.350078
vt 0.845706 0.350074
vt 0.832718 0.350094
vt 0.815485 0.350318
vt 0.797418 0.350305
vt 0.779201 0.350220
vt 0.760716 0.350024
vt 0.742252 0.349882
vt 0.723686 0.349666
vt 0.705121 0.349501
vt 0.686476 0.349322
vt 0.667821 0.349137
vt 0.649175 0.348941
vt 0.630539 0.348765
vt 0.611938 0.348587
vt 0.593382 0.348358
vt 0.574814 0.348191
vt 0.556388 0.347866
vt 0.538257 0.347309
vt 0.520622 0.346461
vt 0.504979 0.345563
vt 0.490747 0.344480
vt 0.448801 0.675611
vt 0.450704 0.655185
vt 0.882847 0.329366
vt 0.873095 0.329375
vt 0.860967 0.329403
vt 0.847713 0.329302
vt 0.831965 0.329196
vt 0.815327 0.329326
vt 0.797564 0.329314
vt 0.779441 0.329235
vt 0.760985 0.329055
vt 0.742493 0.328877
vt 0.723938 0.328680
vt 0.705334 0.328486
vt 0.686700 0.328311
vt 0.668048 0.328138
vt 0.649397 0.327962
vt 0.630758 0.327792
vt 0.612147 0.327617
vt 0.593531 0.327467
vt 0.575012 0.327252
vt 0.556522 0.326979
vt 0.538528 0.326403
vt 0.522679 0.325731
vt 0.505773 0.324595
vt 0.493231 0.323733
vt 0.449589 0.696512
vt 0.932818 0.210424
vt 0.932788 0.189457
vt 0.944325 0.189248
vt 0.944461 0.210254
vt 0.872963 0.308369
vt 0.861637 0.308406
vt 0.847623 0.308313
vt 0.831112 0.308304
vt 0.815173 0.308353
vt 0.797657 0.308303
vt 0.779595 0.308200
vt 0.761251 0.308049
vt 0.742725 0.307858
vt 0.724193 0.307680
vt 0.705574 0.307486
vt 0.686931 0.307310
vt 0.668272 0.307141
vt 0.649613 0.306967
vt 0.630959 0.306817
vt 0.612348 0.306640
vt 0.593731 0.306492
vt 0.575213 0.306289
vt 0.556791 0.305990
vt 0.538789 0.305444
vt 0.521434 0.305265
vt 0.511528 0.305181
vt 0.500683 0.305521
vt 0.482580 0.324178
vt 0.486674 0.303873
vt 0.932855 0.231400
vt 0.944529 0.231255
vt 0.872650 0.287366
vt 0.861597 0.287401
vt 0.846625 0.287401
vt 0.832127 0.287458
vt 0.815378 0.287358
vt 0.797958 0.287288
vt 0.779785 0.287159
vt 0.761476 0.287006
vt 0.742944 0.286818
vt 0.724394 0.286634
vt 0.705776 0.286447
vt 0.687138 0.286270
vt 0.668484 0.286100
vt 0.649827 0.285933
vt 0.631175 0.285777
vt 0.612555 0.285615
vt 0.593930 0.285476
vt 0.575441 0.285296
vt 0.557669 0.285120
vt 0.540210 0.284889
vt 0.522321 0.284420
vt 0.507470 0.284915
vt 0.495805 0.285609
vt 0.450855 0.734723
vt 0.452675 0.715393
vt 0.932882 0.252382
vt 0.944514 0.252245
vt 0.955692 0.231019
vt 0.955868 0.252017
vt 0.861539 0.266403
vt 0.847584 0.266475
vt 0.832596 0.266488
vt 0.815595 0.266376
vt 0.798162 0.266285
vt 0.779989 0.266127
vt 0.761690 0.265956
vt 0.743152 0.265770
vt 0.724605 0.265586
vt 0.705983 0.265402
vt 0.687344 0.265226
vt 0.668687 0.265055
vt 0.650027 0.264888
vt 0.631371 0.264727
vt 0.612748 0.264570
vt 0.594123 0.264420
vt 0.575664 0.264272
vt 0.557453 0.264180
vt 0.540012 0.263942
vt 0.523255 0.263559
vt 0.507842 0.263956
vt 0.493648 0.264821
vt 0.450073 0.755200
vt 0.932831 0.273359
vt 0.944236 0.273147
vt 0.955839 0.273007
vt 0.861088 0.245413
vt 0.847745 0.245481
vt 0.832798 0.245502
vt 0.815307 0.245410
vt 0.798411 0.245288
vt 0.780214 0.245097
vt 0.761890 0.244903
vt 0.743349 0.244720
vt 0.724798 0.244535
vt 0.706175 0.244353
vt 0.687535 0.244178
vt 0.668878 0.244006
vt 0.650218 0.243840
vt 0.631560 0.243674
vt 0.612939 0.243522
vt 0.594318 0.243369
vt 0.575870 0.243261
vt 0.557519 0.243197
vt 0.541681 0.243255
vt 0.525749 0.243291
vt 0.509855 0.243437
vt 0.493386 0.243833
vt 0.482617 0.265011
vt 0.481986 0.244021
vt 0.932785 0.294339
vt 0.944575 0.294115
vt 0.955792 0.293994
vt 0.860625 0.224427
vt 0.847082 0.224516
vt 0.830888 0.224836
vt 0.816508 0.224695
vt 0.798748 0.224294
vt 0.780440 0.224064
vt 0.762074 0.223855
vt 0.743533 0.223677
vt 0.724975 0.223490
vt 0.706354 0.223313
vt 0.687712 0.223140
vt 0.669055 0.222967
vt 0.650397 0.222801
vt 0.631744 0.222633
vt 0.613123 0.222484
vt 0.594509 0.222331
vt 0.576087 0.222264
vt 0.557773 0.222249
vt 0.540281 0.222478
vt 0.523689 0.222770
vt 0.507826 0.222905
vt 0.493809 0.222851
vt 0.932635 0.315192
vt 0.944715 0.315112
vt 0.871587 0.203509
vt 0.871506 0.224506
vt 0.856712 0.204402
vt 0.844440 0.203979
vt 0.833618 0.204374
vt 0.816641 0.203741
vt 0.798913 0.203299
vt 0.780584 0.203056
vt 0.762249 0.202823
vt 0.743712 0.202647
vt 0.725163 0.202452
vt 0.706536 0.202278
vt 0.687891 0.202105
vt 0.669229 0.201934
vt 0.650567 0.201771
vt 0.631911 0.201600
vt 0.613296 0.201461
vt 0.594687 0.201310
vt 0.576257 0.201263
vt 0.557988 0.201291
vt 0.540300 0.201497
vt 0.523176 0.201780
vt 0.507556 0.201922
vt 0.495290 0.201972
vt 0.932035 0.334333
vt 0.944190 0.334692
vt 0.953946 0.314029
vt 0.956345 0.333207
vt 0.862617 0.185218
vt 0.849398 0.184201
vt 0.833661 0.183432
vt 0.816947 0.182751
vt 0.798916 0.182365
vt 0.780770 0.182045
vt 0.762392 0.181831
vt 0.743864 0.181651
vt 0.725305 0.181463
vt 0.706689 0.181286
vt 0.688046 0.181121
vt 0.669391 0.180964
vt 0.650735 0.180804
vt 0.632087 0.180641
vt 0.613464 0.180484
vt 0.594845 0.180324
vt 0.576382 0.180274
vt 0.558020 0.180300
vt 0.540238 0.180513
vt 0.523232 0.180798
vt 0.508370 0.181030
vt 0.492932 0.181275
vt 0.932380 0.353474
vt 0.944586 0.353065
vt 0.955002 0.353942
vt 0.861385 0.164498
vt 0.848133 0.163490
vt 0.834283 0.162458
vt 0.817066 0.161825
vt 0.799081 0.161408
vt 0.780954 0.161057
vt 0.762496 0.160880
vt 0.744041 0.160642
vt 0.725480 0.160460
vt 0.706854 0.160289
vt 0.688205 0.160136
vt 0.669550 0.159992
vt 0.650898 0.159847
vt 0.632256 0.159694
vt 0.613628 0.159524
vt 0.595036 0.159399
vt 0.576454 0.159255
vt 0.558147 0.159314
vt 0.540193 0.159519
vt 0.523321 0.159818
vt 0.506910 0.160193
vt 0.492281 0.160302
vt 0.480607 0.160302
vt 0.932710 0.373582
vt 0.944467 0.374046
vt 0.875103 0.144599
vt 0.874218 0.165573
vt 0.863992 0.143749
vt 0.850260 0.142658
vt 0.833898 0.141712
vt 0.817147 0.140917
vt 0.799280 0.140434
vt 0.781024 0.140138
vt 0.762633 0.139930
vt 0.744096 0.139787
vt 0.725564 0.139597
vt 0.706959 0.139430
vt 0.688336 0.139343
vt 0.669713 0.139295
vt 0.651086 0.139131
vt 0.632474 0.139006
vt 0.613855 0.138794
vt 0.595235 0.138548
vt 0.576648 0.138373
vt 0.558116 0.138306
vt 0.540066 0.138524
vt 0.522530 0.138882
vt 0.506373 0.139242
vt 0.491926 0.139302
vt 0.480166 0.139325
vt 0.932923 0.394449
vt 0.944502 0.394983
vt 0.876562 0.123670
vt 0.865375 0.122790
vt 0.850799 0.121692
vt 0.834640 0.120736
vt 0.817375 0.119993
vt 0.799371 0.119533
vt 0.781095 0.119234
vt 0.762542 0.119274
vt 0.744145 0.118946
vt 0.725560 0.118974
vt 0.707050 0.118640
vt 0.688458 0.118704
vt 0.669930 0.119053
vt 0.651340 0.118643
vt 0.632728 0.118412
vt 0.614128 0.118259
vt 0.595519 0.117998
vt 0.576903 0.117603
vt 0.558321 0.117439
vt 0.539889 0.117503
vt 0.522273 0.117868
vt 0.505668 0.118293
vt 0.492686 0.118348
vt 0.479377 0.118368
vt 0.933106 0.415348
vt 0.944565 0.415908
vt 0.878152 0.102753
vt 0.866467 0.101814
vt 0.851464 0.100724
vt 0.835104 0.099764
vt 0.817421 0.099112
vt 0.799276 0.098737
vt 0.780721 0.098879
vt 0.762127 0.099145
vt 0.743567 0.099330
vt 0.725062 0.100649
vt 0.707290 0.098628
vt 0.688757 0.098966
vt 0.670178 0.099040
vt 0.651656 0.099653
vt 0.633107 0.098685
vt 0.614508 0.098418
vt 0.595906 0.098099
vt 0.577303 0.097548
vt 0.558689 0.096974
vt 0.540086 0.096642
vt 0.521822 0.096850
vt 0.505131 0.097337
vt 0.490312 0.097680
vt 0.478907 0.097386
vt 0.933243 0.436279
vt 0.944713 0.436800
vt 0.879995 0.081868
vt 0.867507 0.080841
vt 0.852153 0.079744
vt 0.835118 0.078893
vt 0.817330 0.078301
vt 0.798766 0.078662
vt 0.780186 0.079054
vt 0.761590 0.079702
vt 0.743020 0.080938
vt 0.724480 0.080671
vt 0.706707 0.085457
vt 0.689248 0.080247
vt 0.670649 0.079776
vt 0.652063 0.080043
vt 0.633485 0.080330
vt 0.614949 0.079113
vt 0.596343 0.078560
vt 0.577740 0.078054
vt 0.559142 0.077462
vt 0.540556 0.076601
vt 0.521950 0.075956
vt 0.504157 0.076407
vt 0.490202 0.076681
vt 0.448858 0.942134
vt 0.448673 0.921240
vt 0.933331 0.457228
vt 0.944887 0.457683
vt 0.881900 0.060993
vt 0.868738 0.059873
vt 0.852266 0.058855
vt 0.835034 0.058086
vt 0.816509 0.058619
vt 0.797961 0.060040
vt 0.779418 0.061515
vt 0.760925 0.063399
vt 0.742360 0.063256
vt 0.723882 0.065443
vt 0.706524 0.071202
vt 0.689653 0.064834
vt 0.671097 0.063513
vt 0.652510 0.062740
vt 0.633915 0.062210
vt 0.615323 0.061586
vt 0.596731 0.060845
vt 0.578139 0.060015
vt 0.559539 0.059263
vt 0.540937 0.059139
vt 0.522490 0.057189
vt 0.503997 0.055490
vt 0.494446 0.057073
vt 0.451902 0.962096
vt 0.933255 0.478228
vt 0.945248 0.478506
vt 0.884319 0.040178
vt 0.868590 0.039017
vt 0.850829 0.038854
vt 0.832722 0.043646
vt 0.814809 0.049088
vt 0.797447 0.043398
vt 0.778902 0.044911
vt 0.760349 0.046369
vt 0.741840 0.048348
vt 0.726144 0.058010
vt 0.708133 0.053705
vt 0.689922 0.050206
vt 0.671395 0.048572
vt 0.652836 0.047188
vt 0.634251 0.046085
vt 0.615659 0.045153
vt 0.597073 0.044249
vt 0.578492 0.043288
vt 0.559917 0.042257
vt 0.541341 0.041233
vt 0.522760 0.040211
vt 0.504165 0.039358
vt 0.485546 0.039141
vt 0.450043 0.979068
vt 0.933914 0.497926
vt 0.943828 0.499348
vt 0.884042 0.019356
vt 0.865693 0.021536
vt 0.848529 0.029625
vt 0.575421 0.911332
vt 0.564100 0.914232
vt 0.563914 0.896252
vt 0.576044 0.895880
vt 0.564196 0.878467
vt 0.573174 0.879010
vt 0.816049 0.033194
vt 0.797445 0.032191
vt 0.778849 0.033332
vt 0.760285 0.034888
vt 0.741805 0.037271
vt 0.725954 0.046725
vt 0.708161 0.041655
vt 0.689923 0.038218
vt 0.671423 0.036302
vt 0.652878 0.034807
vt 0.634322 0.033426
vt 0.615754 0.032167
vt 0.597179 0.031021
vt 0.578600 0.029976
vt 0.560021 0.029021
vt 0.541466 0.027749
vt 0.522905 0.026536
vt 0.504337 0.025300
vt 0.485732 0.024542
vt 0.480923 0.037296
vt 0.898941 0.000000
vt 0.897843 0.020973
vt 0.880933 0.005438
vt 0.864126 0.014406
vt 0.587383 0.926157
vt 0.575621 0.928284
vt 0.587304 0.914271
vt 0.586235 0.895870
vt 0.061197 0.533606
vt 0.048251 0.537356
vt 0.049740 0.519111
vt 0.061197 0.515199
vt 0.583865 0.878383
vt 0.572450 0.860400
vt 0.583821 0.859848
vt 0.572398 0.841833
vt 0.583767 0.841305
vt 0.572458 0.823303
vt 0.583730 0.822757
vt 0.572709 0.804873
vt 0.583781 0.804251
vt 0.741818 0.026357
vt 0.725808 0.035569
vt 0.586017 0.788404
vt 0.575037 0.789189
vt 0.573060 0.771325
vt 0.584274 0.770327
vt 0.571563 0.753043
vt 0.582496 0.752321
vt 0.689844 0.026831
vt 0.671314 0.025392
vt 0.581646 0.733777
vt 0.570568 0.734522
vt 0.569711 0.715962
vt 0.580807 0.715228
vt 0.568901 0.697393
vt 0.580019 0.696663
vt 0.568134 0.678815
vt 0.579257 0.678095
vt 0.567407 0.660230
vt 0.578501 0.659527
vt 0.566718 0.641642
vt 0.577760 0.640955
vt 0.578550 0.018941
vt 0.559990 0.017710
vt 0.541423 0.016514
vt 0.522844 0.015471
vt 0.575662 0.585216
vt 0.564630 0.585915
vt 0.563914 0.567335
vt 0.575224 0.566620
vt 0.504240 0.015347
vt 0.485905 0.012246
vt 0.031386 0.515694
vt 0.030030 0.536605
vt 0.018662 0.520887
vt 0.020044 0.515199
vt 0.555794 0.944793
vt 0.555291 0.926783
vt 0.543909 0.907197
vt 0.554682 0.908842
vt 0.542666 0.889820
vt 0.553278 0.891648
vt 0.543694 0.871293
vt 0.554425 0.873142
vt 0.543065 0.853438
vt 0.541515 0.837110
vt 0.541081 0.819309
vt 0.542905 0.801897
vt 0.554022 0.802454
vt 0.542741 0.783292
vt 0.553427 0.784026
vt 0.720126 0.485271
vt 0.701500 0.485462
vt 0.682912 0.484517
vt 0.664351 0.483064
vt 0.647657 0.475249
vt 0.630182 0.481204
vt 0.611824 0.484049
vt 0.551934 0.676910
vt 0.541540 0.675469
vt 0.542161 0.656868
vt 0.552779 0.658342
vt 0.542435 0.638305
vt 0.540928 0.621331
vt 0.542260 0.603562
vt 0.553745 0.604369
vt 0.543218 0.585320
vt 0.553598 0.585737
vt 0.522094 0.492860
vt 0.503843 0.496686
vt 0.485538 0.500243
vt 0.448673 0.515199
vt 0.430805 0.510586
vt 0.607519 0.948198
vt 0.600579 0.943295
vt 0.599381 0.931415
vt 0.611455 0.930669
vt 0.599136 0.912812
vt 0.610712 0.912501
vt 0.598658 0.894230
vt 0.596303 0.877520
vt 0.597297 0.859913
vt 0.608504 0.860170
vt 0.597268 0.841288
vt 0.608616 0.841565
vt 0.597208 0.822669
vt 0.608729 0.822967
vt 0.597138 0.804060
vt 0.608860 0.804372
vt 0.597071 0.785544
vt 0.609084 0.785781
vt 0.597347 0.768022
vt 0.609243 0.767182
vt 0.595820 0.751142
vt 0.595030 0.732577
vt 0.594224 0.714016
vt 0.605591 0.712847
vt 0.593438 0.695456
vt 0.604751 0.694268
vt 0.592679 0.676894
vt 0.603872 0.675698
vt 0.591943 0.658333
vt 0.603012 0.657134
vt 0.591213 0.639771
vt 0.602158 0.638575
vt 0.590496 0.621209
vt 0.601310 0.620013
vt 0.589783 0.602646
vt 0.600463 0.601445
vt 0.589076 0.584080
vt 0.599594 0.582877
vt 0.588365 0.565509
vt 0.598697 0.564305
vt 0.587578 0.546934
vt 0.597751 0.545732
vt 0.586704 0.528363
vt 0.596742 0.527167
vt 0.537231 0.907584
vt 0.537645 0.889003
vt 0.537096 0.871050
vt 0.536533 0.853084
vt 0.535601 0.835655
vt 0.534654 0.818550
vt 0.536674 0.801555
vt 0.536426 0.782988
vt 0.536178 0.764412
vt 0.542462 0.764714
vt 0.535914 0.745882
vt 0.542011 0.746270
vt 0.535656 0.727349
vt 0.541347 0.727893
vt 0.647576 0.481561
vt 0.664335 0.489240
vt 0.534483 0.693139
vt 0.540447 0.693998
vt 0.538240 0.711906
vt 0.532624 0.711285
vt 0.535409 0.674609
vt 0.535850 0.656059
vt 0.536277 0.637486
vt 0.534558 0.620953
vt 0.535716 0.602928
vt 0.536606 0.584634
vt 0.537493 0.566242
vt 0.543990 0.566814
vt 0.538346 0.547833
vt 0.544677 0.548276
vt 0.539119 0.529414
vt 0.545121 0.529694
vt 0.539998 0.505889
vt 0.545310 0.511070
vt 0.580835 0.547647
vt 0.574095 0.548238
vt 0.573797 0.529618
vt 0.580258 0.529407
vt 0.581678 0.566178
vt 0.582347 0.584717
vt 0.583043 0.603274
vt 0.576334 0.603804
vt 0.583751 0.621838
vt 0.577044 0.622382
vt 0.584464 0.640402
vt 0.585191 0.658969
vt 0.585927 0.677539
vt 0.586682 0.696107
vt 0.587463 0.714674
vt 0.588279 0.733240
vt 0.589142 0.751789
vt 0.590734 0.768412
vt 0.590469 0.785953
vt 0.741977 0.022301
vt 0.723740 0.026271
vt 0.590434 0.822671
vt 0.590370 0.804094
vt 0.590499 0.841242
vt 0.590572 0.859803
vt 0.589950 0.878021
vt 0.591993 0.895784
vt 0.593962 0.912917
vt 0.084191 0.516195
vt 0.090680 0.515199
vt 0.090680 0.532071
vt 0.083842 0.530299
vt 0.006635 0.530819
vt -0.000000 0.531775
vt 0.000000 0.515199
vt 0.006639 0.516487
vt 0.006298 0.552995
vt 0.000503 0.549631
vt 0.926550 0.478144
vt 0.927261 0.497990
vt 0.926597 0.457154
vt 0.926481 0.436244
vt 0.926324 0.415358
vt 0.926139 0.394478
vt 0.925906 0.373662
vt 0.926100 0.355542
vt 0.925376 0.334719
vt 0.926152 0.313998
vt 0.926019 0.294299
vt 0.926045 0.273311
vt 0.926064 0.252321
vt 0.926048 0.231348
vt 0.926023 0.210380
vt 0.925996 0.189403
vt 0.925971 0.168419
vt 0.932772 0.168516
vt 0.926019 0.147453
vt 0.925939 0.126567
vt 0.926134 0.105584
vt 0.926836 0.086115
vt 0.926342 0.066788
vt 0.925931 0.047351
vt 0.925994 0.026734
vt 0.926063 0.000000
vt 0.932020 0.005598
vt 0.476225 0.552772
vt 0.469253 0.532050
vt 0.475656 0.532364
vt 0.476789 0.572826
vt 0.477170 0.592067
vt 0.476882 0.612250
vt 0.477319 0.633159
vt 0.478044 0.653860
vt 0.478973 0.674206
vt 0.477938 0.693483
vt 0.478952 0.713330
vt 0.479634 0.733962
vt 0.478174 0.752984
vt 0.477955 0.773822
vt 0.477767 0.794663
vt 0.477578 0.815472
vt 0.470952 0.815591
vt 0.477401 0.836345
vt 0.477225 0.857212
vt 0.477113 0.878113
vt 0.477010 0.899012
vt 0.476886 0.919881
vt 0.477452 0.940738
vt 0.479455 0.960120
vt 0.477759 0.980488
vt 0.478637 0.990757
vt 0.076977 0.515199
vt 0.083152 0.518641
vt 0.083842 0.532313
vt 0.076977 0.530592
vt 0.469310 0.511129
vt 0.474896 0.505890
vt 0.573624 0.510999
vt 0.579232 0.505889
vt 0.933312 0.518914
vt 0.927543 0.524542
vt 0.013098 0.527553
vt 0.031386 0.542589
vt 0.540841 0.958188
vt 0.534799 0.956120
vt 0.920971 0.499076
vt 0.922055 0.519985
vt 0.585033 0.509963
vt 0.481963 0.530876
vt 0.480606 0.510063
vt 0.031386 0.515199
vt 0.048251 0.533014
vt 0.070696 0.515567
vt 0.070791 0.536304
vt 0.061197 0.535960
vt 0.920533 0.004787
vt 0.919622 0.025752
vt 0.919767 0.478186
vt 0.011826 0.550216
vt 0.013098 0.532413
vt 0.070791 0.517474
vt 0.076977 0.515199
vt 0.076977 0.529515
vt 0.072278 0.534309
vt 0.594029 0.927406
vt 0.534074 0.509667
vt 0.532775 0.528157
vt 0.531682 0.546691
vt 0.645740 0.490788
vt 0.664345 0.490800
s 1
usemtl Fabric
f 2043/802/1718 743/803/426 744/804/427 2044/805/1719
f 1944/806/1619 745/807/428 597/808/280 672/809/355
f 1368/810/1051 721/811/404 594/812/277 696/813/379
f 792/814/475 816/815/499 673/816/356 598/817/281
f 816/818/499 840/819/523 674/820/357 673/821/356
f 840/819/523 864/822/547 675/823/358 674/820/357
f 864/822/547 888/824/571 676/825/359 675/823/358
f 888/824/571 912/826/595 677/827/360 676/825/359
f 912/826/595 936/828/619 678/829/361 677/827/360
f 936/828/619 960/830/643 679/831/362 678/829/361
f 960/830/643 984/832/667 680/833/363 679/831/362
f 984/832/667 1008/834/691 681/835/364 680/833/363
f 1008/836/691 1032/837/715 682/838/365 681/839/364
f 1032/837/715 1056/840/739 683/841/366 682/838/365
f 1056/842/739 1080/843/763 684/844/367 683/845/366
f 1080/843/763 1104/846/787 685/847/368 684/844/367
f 1104/846/787 1128/848/811 686/849/369 685/847/368
f 1128/848/811 1152/850/835 687/851/370 686/849/369
f 1152/850/835 1176/852/859 688/853/371 687/851/370
f 1176/852/859 1200/854/883 689/855/372 688/853/371
f 1200/854/883 1224/856/907 690/857/373 689/855/372
f 1224/856/907 1248/858/931 691/859/374 690/857/373
f 1248/858/931 1272/860/955 692/861/375 691/859/374
f 1272/860/955 1296/862/979 693/863/376 692/861/375
f 1296/862/979 1320/864/1003 694/865/377 693/863/376
f 1320/864/1003 1344/866/1027 695/867/378 694/865/377
f 1344/868/1027 1368/810/1051 696/813/379 695/869/378
f 720/870/403 1392/871/1075 649/872/332 593/873/276
f 1392/871/1075 1416/874/1099 650/875/333 649/872/332
f 1416/876/1099 1440/877/1123 651/878/334 650/879/333
f 1440/877/1123 1464/880/1147 652/881/335 651/878/334
f 1464/880/1147 1488/882/1171 653/883/336 652/881/335
f 1488/882/1171 1512/884/1195 654/885/337 653/883/336
f 1512/884/1195 1536/886/1219 655/887/338 654/885/337
f 1536/886/1219 1560/888/1241 656/889/339 655/887/338
f 1560/888/1241 1584/890/1265 657/891/340 656/889/339
f 1584/890/1265 1608/892/1289 658/893/341 657/891/340
f 1608/892/1289 1632/894/1313 659/895/342 658/893/341
f 1632/894/1313 1656/896/1337 660/897/343 659/895/342
f 1656/896/1337 1680/898/1361 661/899/344 660/897/343
f 1680/898/1361 1704/900/1385 662/901/345 661/899/344
f 1704/900/1385 1728/902/1408 663/903/346 662/901/345
f 1728/902/1408 1752/904/1432 664/905/347 663/903/346
f 1752/904/1432 1776/906/1456 665/907/348 664/905/347
f 1776/906/1456 1800/908/1478 666/909/349 665/907/348
f 1800/908/1478 1824/910/1501 667/911/350 666/909/349
f 1824/910/1501 1848/912/1523 668/913/351 667/911/350
f 1848/912/1523 1872/914/1547 669/915/352 668/913/351
f 1872/914/1547 1896/916/1571 670/917/353 669/915/352
f 1896/916/1571 1920/918/1595 671/919/354 670/917/353
f 1920/918/1595 1944/920/1619 672/921/355 671/919/354
f 602/922/285 601/923/284 1921/924/1596 1897/925/1572
f 1897/925/1572 1921/924/1596 1922/926/1597 1898/927/1573
f 1898/927/1573 1922/926/1597 1923/928/1598 1899/929/1574
f 1899/929/1574 1923/928/1598 1924/930/1599 1900/931/1575
f 1900/932/1575 1924/933/1599 1925/934/1600 1901/935/1576
f 1901/936/1576 1925/937/1600 1926/938/1601 1902/939/1577
f 1902/939/1577 1926/938/1601 1927/940/1602 1903/941/1578
f 1903/941/1578 1927/940/1602 1928/942/1603 1904/943/1579
f 1904/943/1579 1928/942/1603 1929/944/1604 1905/945/1580
f 1905/945/1580 1929/944/1604 1930/946/1605 1906/947/1581
f 1906/947/1581 1930/946/1605 1931/948/1606 1907/949/1582
f 1907/949/1582 1931/948/1606 1932/950/1607 1908/951/1583
f 1908/952/1583 1932/953/1607 1933/954/1608 1909/955/1584
f 1909/956/1584 1933/957/1608 1934/958/1609 1910/959/1585
f 1910/959/1585 1934/958/1609 1935/960/1610 1911/961/1586
f 1911/961/1586 1935/960/1610 1936/962/1611 1912/963/1587
f 1912/963/1587 1936/962/1611 1937/964/1612 1913/965/1588
f 1913/965/1588 1937/964/1612 1938/966/1613 1914/967/1589
f 1914/967/1589 1938/966/1613 1939/968/1614 1915/969/1590
f 1915/969/1590 1939/968/1614 1940/970/1615 1916/971/1591
f 1916/971/1591 1940/970/1615 1941/972/1616 1917/973/1592
f 1917/973/1592 1941/972/1616 1942/974/1617 1918/975/1593
f 1918/975/1593 1942/974/1617 1943/976/1618 1919/977/1594
f 1919/977/1594 1943/976/1618 1944/978/1619 1920/979/1595
f 603/980/286 602/922/285 1897/925/1572 1873/981/1548
f 1873/981/1548 1897/925/1572 1898/927/1573 1874/982/1549
f 1874/982/1549 1898/927/1573 1899/929/1574 1875/983/1550
f 1875/983/1550 1899/929/1574 1900/931/1575 1876/984/1551
f 1876/984/1551 1900/931/1575 1901/936/1576 1877/985/1552
f 1877/985/1552 1901/936/1576 1902/939/1577 1878/986/1553
f 1878/986/1553 1902/939/1577 1903/941/1578 1879/987/1554
f 1879/987/1554 1903/941/1578 1904/943/1579 1880/988/1555
f 1880/988/1555 1904/943/1579 1905/945/1580 1881/989/1556
f 1881/989/1556 1905/945/1580 1906/947/1581 1882/990/1557
f 1882/990/1557 1906/947/1581 1907/949/1582 1883/991/1558
f 1883/991/1558 1907/949/1582 1908/951/1583 1884/992/1559
f 1884/992/1559 1908/951/1583 1909/956/1584 1885/993/1560
f 1885/993/1560 1909/956/1584 1910/959/1585 1886/994/1561
f 1886/994/1561 1910/959/1585 1911/961/1586 1887/995/1562
f 1887/995/1562 1911/961/1586 1912/963/1587 1888/996/1563
f 1888/996/1563 1912/963/1587 1913/965/1588 1889/997/1564
f 1889/997/1564 1913/965/1588 1914/967/1589 1890/998/1565
f 1890/998/1565 1914/967/1589 1915/969/1590 1891/999/1566
f 1891/999/1566 1915/969/1590 1916/971/1591 1892/1000/1567
f 1892/1000/1567 1916/971/1591 1917/973/1592 1893/1001/1568
f 1893/1001/1568 1917/973/1592 1918/975/1593 1894/1002/1569
f 1894/1002/1569 1918/975/1593 1919/977/1594 1895/1003/1570
f 1895/1004/1570 1919/1005/1594 1920/918/1595 1896/916/1571
f 604/1006/287 603/1007/286 1873/1008/1548 1849/1009/1524
f 1849/1010/1524 1873/981/1548 1874/982/1549 1850/1011/1525
f 1850/1011/1525 1874/982/1549 1875/983/1550 1851/1012/1526
f 1851/1012/1526 1875/983/1550 1876/984/1551 1852/1013/1527
f 1852/1013/1527 1876/984/1551 1877/985/1552 1853/1014/1528
f 1853/1014/1528 1877/985/1552 1878/986/1553 1854/1015/1529
f 1854/1015/1529 1878/986/1553 1879/987/1554 1855/1016/1530
f 1855/1016/1530 1879/987/1554 1880/988/1555 1856/1017/1531
f 1856/1017/1531 1880/988/1555 1881/989/1556 1857/1018/1532
f 1857/1018/1532 1881/989/1556 1882/990/1557 1858/1019/1533
f 1858/1019/1533 1882/990/1557 1883/991/1558 1859/1020/1534
f 1859/1020/1534 1883/991/1558 1884/992/1559 1860/1021/1535
f 1860/1021/1535 1884/992/1559 1885/993/1560 1861/1022/1536
f 1861/1022/1536 1885/993/1560 1886/994/1561 1862/1023/1537
f 1862/1023/1537 1886/994/1561 1887/995/1562 1863/1024/1538
f 1863/1024/1538 1887/995/1562 1888/996/1563 1864/1025/1539
f 1864/1025/1539 1888/996/1563 1889/997/1564 1865/1026/1540
f 1865/1026/1540 1889/997/1564 1890/998/1565 1866/1027/1541
f 1866/1027/1541 1890/998/1565 1891/999/1566 1867/1028/1542
f 1867/1028/1542 1891/999/1566 1892/1000/1567 1868/1029/1543
f 1868/1029/1543 1892/1000/1567 1893/1001/1568 1869/1030/1544
f 1869/1030/1544 1893/1001/1568 1894/1002/1569 1870/1031/1545
f 1870/1031/1545 1894/1002/1569 1895/1003/1570 1871/1032/1546
f 1871/1032/1546 1895/1003/1570 1896/1033/1571 1872/1034/1547
f 605/1035/288 604/1006/287 1849/1009/1524 1825/1036/1502
f 1825/1037/1502 1849/1010/1524 1850/1011/1525 1826/1038/1503
f 1826/1038/1503 1850/1011/1525 1851/1012/1526 1827/1039/1504
f 1827/1039/1504 1851/1012/1526 1852/1013/1527 1828/1040/1505
f 1828/1040/1505 1852/1013/1527 1853/1014/1528 1829/1041/1506
f 1829/1041/1506 1853/1014/1528 1854/1015/1529 1830/1042/1507
f 1830/1042/1507 1854/1015/1529 1855/1016/1530 1831/1043/1508
f 1831/1043/1508 1855/1016/1530 1856/1017/1531 1832/1044/1509
f 1832/1044/1509 1856/1017/1531 1857/1018/1532 1833/1045/1510
f 1833/1045/1510 1857/1018/1532 1858/1019/1533 1834/1046/1324
f 1834/1046/1324 1858/1019/1533 1859/1020/1534 1835/1047/1373
f 1835/1047/1373 1859/1020/1534 1860/1021/1535 1836/1048/1511
f 1836/1048/1511 1860/1021/1535 1861/1022/1536 1837/1049/1512
f 1837/1049/1512 1861/1022/1536 1862/1023/1537 1838/1050/1513
f 1838/1050/1513 1862/1023/1537 1863/1024/1538 1839/1051/1514
f 1839/1051/1514 1863/1024/1538 1864/1025/1539 1840/1052/1515
f 1840/1052/1515 1864/1025/1539 1865/1026/1540 1841/1053/1516
f 1841/1053/1516 1865/1026/1540 1866/1027/1541 1842/1054/1517
f 1842/1054/1517 1866/1027/1541 1867/1028/1542 1843/1055/1518
f 1843/1055/1518 1867/1028/1542 1868/1029/1543 1844/1056/1519
f 1844/1056/1519 1868/1029/1543 1869/1030/1544 1845/1057/1520
f 1845/1057/1520 1869/1030/1544 1870/1031/1545 1846/1058/1521
f 1846/1058/1521 1870/1031/1545 1871/1032/1546 1847/1059/1522
f 1847/1059/1522 1871/1032/1546 1872/1034/1547 1848/1060/1523
f 606/1061/289 605/1035/288 1825/1036/1502 1801/1062/1479
f 1801/1063/1479 1825/1037/1502 1826/1038/1503 1802/1064/1480
f 1802/1064/1480 1826/1038/1503 1827/1039/1504 1803/1065/1481
f 1803/1065/1481 1827/1039/1504 1828/1040/1505 1804/1066/1482
f 1804/1066/1482 1828/1040/1505 1829/1041/1506 1805/1067/1483
f 1805/1067/1483 1829/1041/1506 1830/1042/1507 1806/1068/1484
f 1806/1068/1484 1830/1042/1507 1831/1043/1508 1807/1069/1485
f 1807/1069/1485 1831/1043/1508 1832/1044/1509 1808/1070/1486
f 1808/1070/1486 1832/1044/1509 1833/1045/1510 1809/1071/1487
f 1809/1071/1487 1833/1045/1510 1834/1046/1324 1810/1072/1253
f 1810/1072/1253 1834/1046/1324 1835/1047/1373 1811/1073/1488
f 1811/1073/1488 1835/1047/1373 1836/1048/1511 1812/1074/1489
f 1812/1074/1489 1836/1048/1511 1837/1049/1512 1813/1075/1490
f 1813/1075/1490 1837/1049/1512 1838/1050/1513 1814/1076/1491
f 1814/1076/1491 1838/1050/1513 1839/1051/1514 1815/1077/1492
f 1815/1077/1492 1839/1051/1514 1840/1052/1515 1816/1078/1493
f 1816/1078/1493 1840/1052/1515 1841/1053/1516 1817/1079/1494
f 1817/1079/1494 1841/1053/1516 1842/1054/1517 1818/1080/1495
f 1818/1080/1495 1842/1054/1517 1843/1055/1518 1819/1081/1496
f 1819/1081/1496 1843/1055/1518 1844/1056/1519 1820/1082/1497
f 1820/1082/1497 1844/1056/1519 1845/1057/1520 1821/1083/1498
f 1821/1083/1498 1845/1057/1520 1846/1058/1521 1822/1084/1499
f 1822/1084/1499 1846/1058/1521 1847/1059/1522 1823/1085/1500
f 1823/1085/1500 1847/1059/1522 1848/1060/1523 1824/1086/1501
f 607/1087/290 606/1061/289 1801/1062/1479 1777/1088/1457
f 1777/1089/1457 1801/1063/1479 1802/1064/1480 1778/1090/1458
f 1778/1090/1458 1802/1064/1480 1803/1065/1481 1779/1091/1459
f 1779/1091/1459 1803/1065/1481 1804/1066/1482 1780/1092/1460
f 1780/1092/1460 1804/1066/1482 1805/1067/1483 1781/1093/1461
f 1781/1093/1461 1805/1067/1483 1806/1068/1484 1782/1094/1462
f 1782/1094/1462 1806/1068/1484 1807/1069/1485 1783/1095/1463
f 1783/1095/1463 1807/1069/1485 1808/1070/1486 1784/1096/1464
f 1784/1096/1464 1808/1070/1486 1809/1071/1487 1785/1097/1465
f 1785/1097/1465 1809/1071/1487 1810/1072/1253 1786/1098/1466
f 1786/1098/1466 1810/1072/1253 1811/1073/1488 1787/1099/1252
f 1787/1099/1252 1811/1073/1488 1812/1074/1489 1788/1100/1467
f 1788/1100/1467 1812/1074/1489 1813/1075/1490 1789/1101/1468
f 1789/1101/1468 1813/1075/1490 1814/1076/1491 1790/1102/1469
f 1790/1102/1469 1814/1076/1491 1815/1077/1492 1791/1103/1470
f 1791/1103/1470 1815/1077/1492 1816/1078/1493 1792/1104/1471
f 1792/1104/1471 1816/1078/1493 1817/1079/1494 1793/1105/1472
f 1793/1105/1472 1817/1079/1494 1818/1080/1495 1794/1106/1373
f 1794/1106/1373 1818/1080/1495 1819/1081/1496 1795/1107/1473
f 1795/1107/1473 1819/1081/1496 1820/1082/1497 1796/1108/1474
f 1796/1108/1474 1820/1082/1497 1821/1083/1498 1797/1109/1475
f 1797/1109/1475 1821/1083/1498 1822/1084/1499 1798/1110/1476
f 1798/1110/1476 1822/1084/1499 1823/1085/1500 1799/1111/1477
f 1799/1111/1477 1823/1085/1500 1824/1086/1501 1800/1112/1478
f 608/1113/291 607/1087/290 1777/1088/1457 1753/1114/1433
f 1753/1115/1433 1777/1089/1457 1778/1090/1458 1754/1116/1434
f 1754/1116/1434 1778/1090/1458 1779/1091/1459 1755/1117/1435
f 1755/1117/1435 1779/1091/1459 1780/1092/1460 1756/1118/1436
f 1756/1118/1436 1780/1092/1460 1781/1093/1461 1757/1119/1437
f 1757/1119/1437 1781/1093/1461 1782/1094/1462 1758/1120/1438
f 1758/1120/1438 1782/1094/1462 1783/1095/1463 1759/1121/1439
f 1759/1121/1439 1783/1095/1463 1784/1096/1464 1760/1122/1440
f 1760/1122/1440 1784/1096/1464 1785/1097/1465 1761/1123/1441
f 1761/1123/1441 1785/1097/1465 1786/1098/1466 1762/1124/1442
f 1762/1124/1442 1786/1098/1466 1787/1099/1252 1763/1125/1443
f 1763/1125/1443 1787/1099/1252 1788/1100/1467 1764/1126/1444
f 1764/1126/1444 1788/1100/1467 1789/1101/1468 1765/1127/1445
f 1765/1127/1445 1789/1101/1468 1790/1102/1469 1766/1128/1446
f 1766/1128/1446 1790/1102/1469 1791/1103/1470 1767/1129/1447
f 1767/1129/1447 1791/1103/1470 1792/1104/1471 1768/1130/1448
f 1768/1130/1448 1792/1104/1471 1793/1105/1472 1769/1131/1449
f 1769/1131/1449 1793/1105/1472 1794/1106/1373 1770/1132/1450
f 1770/1132/1450 1794/1106/1373 1795/1107/1473 1771/1133/1451
f 1771/1133/1451 1795/1107/1473 1796/1108/1474 1772/1134/1452
f 1772/1134/1452 1796/1108/1474 1797/1109/1475 1773/1135/1453
f 1773/1135/1453 1797/1109/1475 1798/1110/1476 1774/1136/1454
f 1774/1136/1454 1798/1110/1476 1799/1111/1477 1775/1137/1455
f 1775/1138/1455 1799/1139/1477 1800/908/1478 1776/906/1456
f 609/1140/292 608/1113/291 1753/1114/1433 1729/1141/1409
f 1729/1142/1409 1753/1115/1433 1754/1116/1434 1730/1143/1410
f 1730/1143/1410 1754/1116/1434 1755/1117/1435 1731/1144/1411
f 1731/1144/1411 1755/1117/1435 1756/1118/1436 1732/1145/1412
f 1732/1145/1412 1756/1118/1436 1757/1119/1437 1733/1146/1413
f 1733/1146/1413 1757/1119/1437 1758/1120/1438 1734/1147/1414
f 1734/1147/1414 1758/1120/1438 1759/1121/1439 1735/1148/1415
f 1735/1148/1415 1759/1121/1439 1760/1122/1440 1736/1149/1416
f 1736/1149/1416 1760/1122/1440 1761/1123/1441 1737/1150/1417
f 1737/1150/1417 1761/1123/1441 1762/1124/1442 1738/1151/1418
f 1738/1151/1418 1762/1124/1442 1763/1125/1443 1739/1152/1419
f 1739/1152/1419 1763/1125/1443 1764/1126/1444 1740/1153/1420
f 1740/1153/1420 1764/1126/1444 1765/1127/1445 1741/1154/1421
f 1741/1154/1421 1765/1127/1445 1766/1128/1446 1742/1155/1422
f 1742/1155/1422 1766/1128/1446 1767/1129/1447 1743/1156/1423
f 1743/1156/1423 1767/1129/1447 1768/1130/1448 1744/1157/1424
f 1744/1157/1424 1768/1130/1448 1769/1131/1449 1745/1158/1425
f 1745/1158/1425 1769/1131/1449 1770/1132/1450 1746/1159/1426
f 1746/1159/1426 1770/1132/1450 1771/1133/1451 1747/1160/1427
f 1747/1160/1427 1771/1133/1451 1772/1134/1452 1748/1161/1428
f 1748/1161/1428 1772/1134/1452 1773/1135/1453 1749/1162/1429
f 1749/1162/1429 1773/1135/1453 1774/1136/1454 1750/1163/1430
f 1750/1163/1430 1774/1136/1454 1775/1137/1455 1751/1164/1431
f 1751/1165/1431 1775/1138/1455 1776/906/1456 1752/904/1432
f 610/1166/293 609/1140/292 1729/1141/1409 1705/1167/1386
f 1705/1168/1386 1729/1142/1409 1730/1143/1410 1706/1169/1387
f 1706/1169/1387 1730/1143/1410 1731/1144/1411 1707/1170/1388
f 1707/1170/1388 1731/1144/1411 1732/1145/1412 1708/1171/1389
f 1708/1171/1389 1732/1145/1412 1733/1146/1413 1709/1172/1390
f 1709/1172/1390 1733/1146/1413 1734/1147/1414 1710/1173/1391
f 1710/1173/1391 1734/1147/1414 1735/1148/1415 1711/1174/1209
f 1711/1174/1209 1735/1148/1415 1736/1149/1416 1712/1175/1392
f 1712/1175/1392 1736/1149/1416 1737/1150/1417 1713/1176/1393
f 1713/1176/1393 1737/1150/1417 1738/1151/1418 1714/1177/1394
f 1714/1177/1394 1738/1151/1418 1739/1152/1419 1715/1178/1395
f 1715/1178/1395 1739/1152/1419 1740/1153/1420 1716/1179/1396
f 1716/1179/1396 1740/1153/1420 1741/1154/1421 1717/1180/1397
f 1717/1180/1397 1741/1154/1421 1742/1155/1422 1718/1181/1398
f 1718/1181/1398 1742/1155/1422 1743/1156/1423 1719/1182/1399
f 1719/1182/1399 1743/1156/1423 1744/1157/1424 1720/1183/1400
f 1720/1183/1400 1744/1157/1424 1745/1158/1425 1721/1184/1401
f 1721/1184/1401 1745/1158/1425 1746/1159/1426 1722/1185/1402
f 1722/1185/1402 1746/1159/1426 1747/1160/1427 1723/1186/1403
f 1723/1186/1403 1747/1160/1427 1748/1161/1428 1724/1187/1404
f 1724/1187/1404 1748/1161/1428 1749/1162/1429 1725/1188/1405
f 1725/1188/1405 1749/1162/1429 1750/1163/1430 1726/1189/1406
f 1726/1189/1406 1750/1163/1430 1751/1164/1431 1727/1190/1407
f 1727/1190/1407 1751/1164/1431 1752/1191/1432 1728/1192/1408
f 611/1193/294 610/1166/293 1705/1167/1386 1681/1194/1362
f 1681/1194/1362 1705/1167/1386 1706/1195/1387 1682/1196/1363
f 1682/1197/1363 1706/1169/1387 1707/1170/1388 1683/1198/1364
f 1683/1198/1364 1707/1170/1388 1708/1171/1389 1684/1199/1365
f 1684/1199/1365 1708/1171/1389 1709/1172/1390 1685/1200/1366
f 1685/1200/1366 1709/1172/1390 1710/1173/1391 1686/1201/1367
f 1686/1201/1367 1710/1173/1391 1711/1174/1209 1687/1202/1368
f 1687/1202/1368 1711/1174/1209 1712/1175/1392 1688/1203/1369
f 1688/1203/1369 1712/1175/1392 1713/1176/1393 1689/1204/1370
f 1689/1204/1370 1713/1176/1393 1714/1177/1394 1690/1205/1371
f 1690/1205/1371 1714/1177/1394 1715/1178/1395 1691/1206/1372
f 1691/1206/1372 1715/1178/1395 1716/1179/1396 1692/1207/1373
f 1692/1207/1373 1716/1179/1396 1717/1180/1397 1693/1208/1374
f 1693/1208/1374 1717/1180/1397 1718/1181/1398 1694/1209/1375
f 1694/1209/1375 1718/1181/1398 1719/1182/1399 1695/1210/1376
f 1695/1210/1376 1719/1182/1399 1720/1183/1400 1696/1211/1377
f 1696/1211/1377 1720/1183/1400 1721/1184/1401 1697/1212/1378
f 1697/1212/1378 1721/1184/1401 1722/1185/1402 1698/1213/1379
f 1698/1213/1379 1722/1185/1402 1723/1186/1403 1699/1214/1380
f 1699/1214/1380 1723/1186/1403 1724/1187/1404 1700/1215/1381
f 1700/1215/1381 1724/1187/1404 1725/1188/1405 1701/1216/1382
f 1701/1216/1382 1725/1188/1405 1726/1189/1406 1702/1217/1383
f 1702/1217/1383 1726/1189/1406 1727/1190/1407 1703/1218/1384
f 1703/1218/1384 1727/1190/1407 1728/1192/1408 1704/1219/1385
f 612/1220/295 611/1193/294 1681/1194/1362 1657/1221/1338
f 1657/1221/1338 1681/1194/1362 1682/1196/1363 1658/1222/1339
f 1658/1223/1339 1682/1197/1363 1683/1198/1364 1659/1224/1340
f 1659/1224/1340 1683/1198/1364 1684/1199/1365 1660/1225/1341
f 1660/1225/1341 1684/1199/1365 1685/1200/1366 1661/1226/1342
f 1661/1226/1342 1685/1200/1366 1686/1201/1367 1662/1227/1343
f 1662/1227/1343 1686/1201/1367 1687/1202/1368 1663/1228/1344
f 1663/1228/1344 1687/1202/1368 1688/1203/1369 1664/1229/1345
f 1664/1229/1345 1688/1203/1369 1689/1204/1370 1665/1230/1346
f 1665/1230/1346 1689/1204/1370 1690/1205/1371 1666/1231/1347
f 1666/1231/1347 1690/1205/1371 1691/1206/1372 1667/1232/1348
f 1667/1232/1348 1691/1206/1372 1692/1207/1373 1668/1233/1349
f 1668/1233/1349 1692/1207/1373 1693/1208/1374 1669/1234/1350
f 1669/1234/1350 1693/1208/1374 1694/1209/1375 1670/1235/1351
f 1670/1235/1351 1694/1209/1375 1695/1210/1376 1671/1236/1352
f 1671/1236/1352 1695/1210/1376 1696/1211/1377 1672/1237/1353
f 1672/1237/1353 1696/1211/1377 1697/1212/1378 1673/1238/1354
f 1673/1238/1354 1697/1212/1378 1698/1213/1379 1674/1239/1355
f 1674/1239/1355 1698/1213/1379 1699/1214/1380 1675/1240/1356
f 1675/1240/1356 1699/1214/1380 1700/1215/1381 1676/1241/1357
f 1676/1241/1357 1700/1215/1381 1701/1216/1382 1677/1242/1358
f 1677/1242/1358 1701/1216/1382 1702/1217/1383 1678/1243/1359
f 1678/1243/1359 1702/1217/1383 1703/1218/1384 1679/1244/1360
f 1679/1244/1360 1703/1218/1384 1704/1219/1385 1680/1245/1361
f 613/1246/296 612/1220/295 1657/1221/1338 1633/1247/1314
f 1633/1248/1314 1657/1249/1338 1658/1223/1339 1634/1250/1315
f 1634/1250/1315 1658/1223/1339 1659/1224/1340 1635/1251/1316
f 1635/1251/1316 1659/1224/1340 1660/1225/1341 1636/1252/1317
f 1636/1252/1317 1660/1225/1341 1661/1226/1342 1637/1253/1318
f 1637/1253/1318 1661/1226/1342 1662/1227/1343 1638/1254/1319
f 1638/1254/1319 1662/1227/1343 1663/1228/1344 1639/1255/1320
f 1639/1255/1320 1663/1228/1344 1664/1229/1345 1640/1256/1321
f 1640/1256/1321 1664/1229/1345 1665/1230/1346 1641/1257/1322
f 1641/1257/1322 1665/1230/1346 1666/1231/1347 1642/1258/1323
f 1642/1258/1323 1666/1231/1347 1667/1232/1348 1643/1259/1324
f 1643/1259/1324 1667/1232/1348 1668/1233/1349 1644/1260/1325
f 1644/1260/1325 1668/1233/1349 1669/1234/1350 1645/1261/1326
f 1645/1261/1326 1669/1234/1350 1670/1235/1351 1646/1262/1327
f 1646/1262/1327 1670/1235/1351 1671/1236/1352 1647/1263/1328
f 1647/1263/1328 1671/1236/1352 1672/1237/1353 1648/1264/1329
f 1648/1264/1329 1672/1237/1353 1673/1238/1354 1649/1265/1330
f 1649/1265/1330 1673/1238/1354 1674/1239/1355 1650/1266/1331
f 1650/1266/1331 1674/1239/1355 1675/1240/1356 1651/1267/1332
f 1651/1267/1332 1675/1240/1356 1676/1241/1357 1652/1268/1333
f 1652/1268/1333 1676/1241/1357 1677/1242/1358 1653/1269/1334
f 1653/1269/1334 1677/1242/1358 1678/1243/1359 1654/1270/1335
f 1654/1270/1335 1678/1243/1359 1679/1244/1360 1655/1271/1336
f 1655/1271/1336 1679/1244/1360 1680/1245/1361 1656/1272/1337
f 614/1273/297 613/1246/296 1633/1247/1314 1609/1274/1290
f 1609/1275/1290 1633/1248/1314 1634/1250/1315 1610/1276/1291
f 1610/1276/1291 1634/1250/1315 1635/1251/1316 1611/1277/1292
f 1611/1277/1292 1635/1251/1316 1636/1252/1317 1612/1278/1293
f 1612/1278/1293 1636/1252/1317 1637/1253/1318 1613/1279/1294
f 1613/1279/1294 1637/1253/1318 1638/1254/1319 1614/1280/1295
f 1614/1280/1295 1638/1254/1319 1639/1255/1320 1615/1281/1296
f 1615/1281/1296 1639/1255/1320 1640/1256/1321 1616/1282/1297
f 1616/1282/1297 1640/1256/1321 1641/1257/1322 1617/1283/1298
f 1617/1283/1298 1641/1257/1322 1642/1258/1323 1618/1284/1299
f 1618/1284/1299 1642/1258/1323 1643/1259/1324 1619/1285/1300
f 1619/1285/1300 1643/1259/1324 1644/1260/1325 1620/1286/1301
f 1620/1286/1301 1644/1260/1325 1645/1261/1326 1621/1287/1302
f 1621/1287/1302 1645/1261/1326 1646/1262/1327 1622/1288/1303
f 1622/1288/1303 1646/1262/1327 1647/1263/1328 1623/1289/1304
f 1623/1289/1304 1647/1263/1328 1648/1264/1329 1624/1290/1305
f 1624/1290/1305 1648/1264/1329 1649/1265/1330 1625/1291/1306
f 1625/1291/1306 1649/1265/1330 1650/1266/1331 1626/1292/1307
f 1626/1292/1307 1650/1266/1331 1651/1267/1332 1627/1293/1308
f 1627/1293/1308 1651/1267/1332 1652/1268/1333 1628/1294/1309
f 1628/1294/1309 1652/1268/1333 1653/1269/1334 1629/1295/1310
f 1629/1295/1310 1653/1269/1334 1654/1270/1335 1630/1296/1311
f 1630/1296/1311 1654/1270/1335 1655/1271/1336 1631/1297/1312
f 1631/1297/1312 1655/1271/1336 1656/1272/1337 1632/1298/1313
f 615/1299/298 614/1273/297 1609/1274/1290 1585/1300/1266
f 1585/1301/1266 1609/1275/1290 1610/1276/1291 1586/1302/1267
f 1586/1302/1267 1610/1276/1291 1611/1277/1292 1587/1303/1268
f 1587/1303/1268 1611/1277/1292 1612/1278/1293 1588/1304/1269
f 1588/1304/1269 1612/1278/1293 1613/1279/1294 1589/1305/1270
f 1589/1305/1270 1613/1279/1294 1614/1280/1295 1590/1306/1271
f 1590/1306/1271 1614/1280/1295 1615/1281/1296 1591/1307/1272
f 1591/1307/1272 1615/1281/1296 1616/1282/1297 1592/1308/1273
f 1592/1308/1273 1616/1282/1297 1617/1283/1298 1593/1309/1274
f 1593/1309/1274 1617/1283/1298 1618/1284/1299 1594/1310/1275
f 1594/1310/1275 1618/1284/1299 1619/1285/1300 1595/1311/1276
f 1595/1311/1276 1619/1285/1300 1620/1286/1301 1596/1312/1277
f 1596/1312/1277 1620/1286/1301 1621/1287/1302 1597/1313/1278
f 1597/1313/1278 1621/1287/1302 1622/1288/1303 1598/1314/1279
f 1598/1314/1279 1622/1288/1303 1623/1289/1304 1599/1315/1280
f 1599/1315/1280 1623/1289/1304 1624/1290/1305 1600/1316/1281
f 1600/1316/1281 1624/1290/1305 1625/1291/1306 1601/1317/1282
f 1601/1317/1282 1625/1291/1306 1626/1292/1307 1602/1318/1283
f 1602/1318/1283 1626/1292/1307 1627/1293/1308 1603/1319/1284
f 1603/1319/1284 1627/1293/1308 1628/1294/1309 1604/1320/1285
f 1604/1320/1285 1628/1294/1309 1629/1295/1310 1605/1321/1286
f 1605/1321/1286 1629/1295/1310 1630/1296/1311 1606/1322/1287
f 1606/1322/1287 1630/1296/1311 1631/1297/1312 1607/1323/1288
f 1607/1323/1288 1631/1297/1312 1632/1298/1313 1608/1324/1289
f 616/1325/299 615/1299/298 1585/1300/1266 1561/1326/1242
f 1561/1327/1242 1585/1301/1266 1586/1302/1267 1562/1328/1243
f 1562/1328/1243 1586/1302/1267 1587/1303/1268 1563/1329/1244
f 1563/1329/1244 1587/1303/1268 1588/1304/1269 1564/1330/1245
f 1564/1330/1245 1588/1304/1269 1589/1305/1270 1565/1331/1246
f 1565/1331/1246 1589/1305/1270 1590/1306/1271 1566/1332/1247
f 1566/1332/1247 1590/1306/1271 1591/1307/1272 1567/1333/1248
f 1567/1333/1248 1591/1307/1272 1592/1308/1273 1568/1334/1249
f 1568/1334/1249 1592/1308/1273 1593/1309/1274 1569/1335/1250
f 1569/1335/1250 1593/1309/1274 1594/1310/1275 1570/1336/1251
f 1570/1336/1251 1594/1310/1275 1595/1311/1276 1571/1337/1252
f 1571/1337/1252 1595/1311/1276 1596/1312/1277 1572/1338/1253
f 1572/1338/1253 1596/1312/1277 1597/1313/1278 1573/1339/1254
f 1573/1339/1254 1597/1313/1278 1598/1314/1279 1574/1340/1255
f 1574/1340/1255 1598/1314/1279 1599/1315/1280 1575/1341/1256
f 1575/1341/1256 1599/1315/1280 1600/1316/1281 1576/1342/1257
f 1576/1342/1257 1600/1316/1281 1601/1317/1282 1577/1343/1258
f 1577/1343/1258 1601/1317/1282 1602/1318/1283 1578/1344/1259
f 1578/1344/1259 1602/1318/1283 1603/1319/1284 1579/1345/1260
f 1579/1345/1260 1603/1319/1284 1604/1320/1285 1580/1346/1261
f 1580/1346/1261 1604/1320/1285 1605/1321/1286 1581/1347/1262
f 1581/1347/1262 1605/1321/1286 1606/1322/1287 1582/1348/1263
f 1582/1348/1263 1606/1322/1287 1607/1323/1288 1583/1349/1264
f 1583/1350/1264 1607/1351/1288 1608/892/1289 1584/890/1265
f 617/1352/300 616/1325/299 1561/1326/1242 1537/1353/1220
f 1537/1354/1220 1561/1327/1242 1562/1328/1243 1538/1355/1221
f 1538/1355/1221 1562/1328/1243 1563/1329/1244 1539/1356/1222
f 1539/1356/1222 1563/1329/1244 1564/1330/1245 1540/1357/1223
f 1540/1357/1223 1564/1330/1245 1565/1331/1246 1541/1358/1224
f 1541/1358/1224 1565/1331/1246 1566/1332/1247 1542/1359/1225
f 1542/1359/1225 1566/1332/1247 1567/1333/1248 1543/1360/1226
f 1543/1360/1226 1567/1333/1248 1568/1334/1249 1544/1361/1227
f 1544/1361/1227 1568/1334/1249 1569/1335/1250 1545/1362/1228
f 1545/1362/1228 1569/1335/1250 1570/1336/1251 1546/1363/1229
f 1546/1363/1229 1570/1336/1251 1571/1337/1252 1547/1364/1230
f 1547/1364/1230 1571/1337/1252 1572/1338/1253 1548/1365/1161
f 1548/1365/1161 1572/1338/1253 1573/1339/1254 1549/1366/1231
f 1549/1366/1231 1573/1339/1254 1574/1340/1255 1550/1367/1232
f 1550/1367/1232 1574/1340/1255 1575/1341/1256 1551/1368/1233
f 1551/1368/1233 1575/1341/1256 1576/1342/1257 1552/1369/1234
f 1552/1369/1234 1576/1342/1257 1577/1343/1258 1553/1370/1225
f 1553/1370/1225 1577/1343/1258 1578/1344/1259 1554/1371/1235
f 1554/1371/1235 1578/1344/1259 1579/1345/1260 1555/1372/1236
f 1555/1372/1236 1579/1345/1260 1580/1346/1261 1556/1373/1237
f 1556/1373/1237 1580/1346/1261 1581/1347/1262 1557/1374/1238
f 1557/1374/1238 1581/1347/1262 1582/1348/1263 1558/1375/1239
f 1558/1375/1239 1582/1348/1263 1583/1349/1264 1559/1376/1240
f 1559/1377/1240 1583/1350/1264 1584/890/1265 1560/888/1241
f 618/1378/301 617/1352/300 1537/1353/1220 1513/1379/1196
f 1513/1380/1196 1537/1354/1220 1538/1355/1221 1514/1381/1197
f 1514/1381/1197 1538/1355/1221 1539/1356/1222 1515/1382/1198
f 1515/1382/1198 1539/1356/1222 1540/1357/1223 1516/1383/1199
f 1516/1383/1199 1540/1357/1223 1541/1358/1224 1517/1384/1200
f 1517/1384/1200 1541/1358/1224 1542/1359/1225 1518/1385/1201
f 1518/1385/1201 1542/1359/1225 1543/1360/1226 1519/1386/1202
f 1519/1386/1202 1543/1360/1226 1544/1361/1227 1520/1387/1203
f 1520/1387/1203 1544/1361/1227 1545/1362/1228 1521/1388/1204
f 1521/1388/1204 1545/1362/1228 1546/1363/1229 1522/1389/1205
f 1522/1389/1205 1546/1363/1229 1547/1364/1230 1523/1390/1206
f 1523/1390/1206 1547/1364/1230 1548/1365/1161 1524/1391/1207
f 1524/1391/1207 1548/1365/1161 1549/1366/1231 1525/1392/1208
f 1525/1392/1208 1549/1366/1231 1550/1367/1232 1526/1393/1209
f 1526/1393/1209 1550/1367/1232 1551/1368/1233 1527/1394/1210
f 1527/1394/1210 1551/1368/1233 1552/1369/1234 1528/1395/1211
f 1528/1395/1211 1552/1369/1234 1553/1370/1225 1529/1396/1212
f 1529/1396/1212 1553/1370/1225 1554/1371/1235 1530/1397/1213
f 1530/1397/1213 1554/1371/1235 1555/1372/1236 1531/1398/1214
f 1531/1398/1214 1555/1372/1236 1556/1373/1237 1532/1399/1215
f 1532/1399/1215 1556/1373/1237 1557/1374/1238 1533/1400/1216
f 1533/1400/1216 1557/1374/1238 1558/1375/1239 1534/1401/1217
f 1534/1401/1217 1558/1375/1239 1559/1376/1240 1535/1402/1218
f 1535/1402/1218 1559/1376/1240 1560/1403/1241 1536/1404/1219
f 619/1405/302 618/1378/301 1513/1379/1196 1489/1406/1172
f 1489/1407/1172 1513/1380/1196 1514/1381/1197 1490/1408/1173
f 1490/1408/1173 1514/1381/1197 1515/1382/1198 1491/1409/1174
f 1491/1409/1174 1515/1382/1198 1516/1383/1199 1492/1410/1175
f 1492/1410/1175 1516/1383/1199 1517/1384/1200 1493/1411/1176
f 1493/1411/1176 1517/1384/1200 1518/1385/1201 1494/1412/1177
f 1494/1412/1177 1518/1385/1201 1519/1386/1202 1495/1413/1178
f 1495/1413/1178 1519/1386/1202 1520/1387/1203 1496/1414/1179
f 1496/1414/1179 1520/1387/1203 1521/1388/1204 1497/1415/1180
f 1497/1415/1180 1521/1388/1204 1522/1389/1205 1498/1416/1181
f 1498/1416/1181 1522/1389/1205 1523/1390/1206 1499/1417/1182
f 1499/1417/1182 1523/1390/1206 1524/1391/1207 1500/1418/1183
f 1500/1418/1183 1524/1391/1207 1525/1392/1208 1501/1419/1184
f 1501/1419/1184 1525/1392/1208 1526/1393/1209 1502/1420/1185
f 1502/1420/1185 1526/1393/1209 1527/1394/1210 1503/1421/1186
f 1503/1421/1186 1527/1394/1210 1528/1395/1211 1504/1422/1187
f 1504/1422/1187 1528/1395/1211 1529/1396/1212 1505/1423/1188
f 1505/1423/1188 1529/1396/1212 1530/1397/1213 1506/1424/1189
f 1506/1424/1189 1530/1397/1213 1531/1398/1214 1507/1425/1190
f 1507/1425/1190 1531/1398/1214 1532/1399/1215 1508/1426/1191
f 1508/1426/1191 1532/1399/1215 1533/1400/1216 1509/1427/1192
f 1509/1427/1192 1533/1400/1216 1534/1401/1217 1510/1428/1193
f 1510/1428/1193 1534/1401/1217 1535/1402/1218 1511/1429/1194
f 1511/1429/1194 1535/1402/1218 1536/1404/1219 1512/1430/1195
f 620/1431/303 619/1405/302 1489/1406/1172 1465/1432/1148
f 1465/1433/1148 1489/1407/1172 1490/1408/1173 1466/1434/1149
f 1466/1434/1149 1490/1408/1173 1491/1409/1174 1467/1435/1150
f 1467/1435/1150 1491/1409/1174 1492/1410/1175 1468/1436/1151
f 1468/1436/1151 1492/1410/1175 1493/1411/1176 1469/1437/1152
f 1469/1437/1152 1493/1411/1176 1494/1412/1177 1470/1438/1153
f 1470/1438/1153 1494/1412/1177 1495/1413/1178 1471/1439/1154
f 1471/1439/1154 1495/1413/1178 1496/1414/1179 1472/1440/1155
f 1472/1440/1155 1496/1414/1179 1497/1415/1180 1473/1441/1156
f 1473/1441/1156 1497/1415/1180 1498/1416/1181 1474/1442/1157
f 1474/1442/1157 1498/1416/1181 1499/1417/1182 1475/1443/1158
f 1475/1443/1158 1499/1417/1182 1500/1418/1183 1476/1444/1159
f 1476/1444/1159 1500/1418/1183 1501/1419/1184 1477/1445/1160
f 1477/1445/1160 1501/1419/1184 1502/1420/1185 1478/1446/1161
f 1478/1446/1161 1502/1420/1185 1503/1421/1186 1479/1447/1162
f 1479/1447/1162 1503/1421/1186 1504/1422/1187 1480/1448/1163
f 1480/1448/1163 1504/1422/1187 1505/1423/1188 1481/1449/1164
f 1481/1449/1164 1505/1423/1188 1506/1424/1189 1482/1450/1165
f 1482/1450/1165 1506/1424/1189 1507/1425/1190 1483/1451/1166
f 1483/1451/1166 1507/1425/1190 1508/1426/1191 1484/1452/1167
f 1484/1452/1167 1508/1426/1191 1509/1427/1192 1485/1453/1168
f 1485/1453/1168 1509/1427/1192 1510/1428/1193 1486/1454/1169
f 1486/1454/1169 1510/1428/1193 1511/1429/1194 1487/1455/1170
f 1487/1456/1170 1511/1457/1194 1512/884/1195 1488/882/1171
f 621/1458/304 620/1431/303 1465/1432/1148 1441/1459/1124
f 1441/1460/1124 1465/1433/1148 1466/1434/1149 1442/1461/1125
f 1442/1461/1125 1466/1434/1149 1467/1435/1150 1443/1462/1126
f 1443/1462/1126 1467/1435/1150 1468/1436/1151 1444/1463/1127
f 1444/1463/1127 1468/1436/1151 1469/1437/1152 1445/1464/1128
f 1445/1464/1128 1469/1437/1152 1470/1438/1153 1446/1465/1129
f 1446/1465/1129 1470/1438/1153 1471/1439/1154 1447/1466/1130
f 1447/1466/1130 1471/1439/1154 1472/1440/1155 1448/1467/1131
f 1448/1467/1131 1472/1440/1155 1473/1441/1156 1449/1468/1132
f 1449/1468/1132 1473/1441/1156 1474/1442/1157 1450/1469/1133
f 1450/1469/1133 1474/1442/1157 1475/1443/1158 1451/1470/1134
f 1451/1470/1134 1475/1443/1158 1476/1444/1159 1452/1471/1135
f 1452/1471/1135 1476/1444/1159 1477/1445/1160 1453/1472/1136
f 1453/1472/1136 1477/1445/1160 1478/1446/1161 1454/1473/1137
f 1454/1473/1137 1478/1446/1161 1479/1447/1162 1455/1474/1138
f 1455/1474/1138 1479/1447/1162 1480/1448/1163 1456/1475/1139
f 1456/1475/1139 1480/1448/1163 1481/1449/1164 1457/1476/1140
f 1457/1476/1140 1481/1449/1164 1482/1450/1165 1458/1477/1141
f 1458/1477/1141 1482/1450/1165 1483/1451/1166 1459/1478/1142
f 1459/1478/1142 1483/1451/1166 1484/1452/1167 1460/1479/1143
f 1460/1479/1143 1484/1452/1167 1485/1453/1168 1461/1480/1144
f 1461/1480/1144 1485/1453/1168 1486/1454/1169 1462/1481/1145
f 1462/1481/1145 1486/1454/1169 1487/1455/1170 1463/1482/1146
f 1463/1482/1146 1487/1455/1170 1488/1483/1171 1464/1484/1147
f 622/1485/305 621/1458/304 1441/1459/1124 1417/1486/1100
f 1417/1487/1100 1441/1460/1124 1442/1461/1125 1418/1488/1101
f 1418/1488/1101 1442/1461/1125 1443/1462/1126 1419/1489/1102
f 1419/1489/1102 1443/1462/1126 1444/1463/1127 1420/1490/1103
f 1420/1490/1103 1444/1463/1127 1445/1464/1128 1421/1491/1104
f 1421/1491/1104 1445/1464/1128 1446/1465/1129 1422/1492/1105
f 1422/1492/1105 1446/1465/1129 1447/1466/1130 1423/1493/1106
f 1423/1493/1106 1447/1466/1130 1448/1467/1131 1424/1494/1107
f 1424/1494/1107 1448/1467/1131 1449/1468/1132 1425/1495/1108
f 1425/1495/1108 1449/1468/1132 1450/1469/1133 1426/1496/1109
f 1426/1496/1109 1450/1469/1133 1451/1470/1134 1427/1497/1110
f 1427/1497/1110 1451/1470/1134 1452/1471/1135 1428/1498/1111
f 1428/1498/1111 1452/1471/1135 1453/1472/1136 1429/1499/1112
f 1429/1499/1112 1453/1472/1136 1454/1473/1137 1430/1500/1113
f 1430/1500/1113 1454/1473/1137 1455/1474/1138 1431/1501/1114
f 1431/1501/1114 1455/1474/1138 1456/1475/1139 1432/1502/1115
f 1432/1502/1115 1456/1475/1139 1457/1476/1140 1433/1503/1116
f 1433/1503/1116 1457/1476/1140 1458/1477/1141 1434/1504/1117
f 1434/1504/1117 1458/1477/1141 1459/1478/1142 1435/1505/1118
f 1435/1505/1118 1459/1478/1142 1460/1479/1143 1436/1506/1119
f 1436/1506/1119 1460/1479/1143 1461/1480/1144 1437/1507/1120
f 1437/1507/1120 1461/1480/1144 1462/1481/1145 1438/1508/1121
f 1438/1508/1121 1462/1481/1145 1463/1482/1146 1439/1509/1122
f 1439/1509/1122 1463/1482/1146 1464/1484/1147 1440/1510/1123
f 623/1511/306 622/1485/305 1417/1486/1100 1393/1512/1076
f 1393/1513/1076 1417/1487/1100 1418/1488/1101 1394/1514/1077
f 1394/1514/1077 1418/1488/1101 1419/1489/1102 1395/1515/1078
f 1395/1515/1078 1419/1489/1102 1420/1490/1103 1396/1516/1079
f 1396/1516/1079 1420/1490/1103 1421/1491/1104 1397/1517/1080
f 1397/1517/1080 1421/1491/1104 1422/1492/1105 1398/1518/1081
f 1398/1518/1081 1422/1492/1105 1423/1493/1106 1399/1519/1082
f 1399/1519/1082 1423/1493/1106 1424/1494/1107 1400/1520/1083
f 1400/1520/1083 1424/1494/1107 1425/1495/1108 1401/1521/1084
f 1401/1521/1084 1425/1495/1108 1426/1496/1109 1402/1522/1085
f 1402/1522/1085 1426/1496/1109 1427/1497/1110 1403/1523/1086
f 1403/1523/1086 1427/1497/1110 1428/1498/1111 1404/1524/1087
f 1404/1524/1087 1428/1498/1111 1429/1499/1112 1405/1525/1088
f 1405/1525/1088 1429/1499/1112 1430/1500/1113 1406/1526/1089
f 1406/1526/1089 1430/1500/1113 1431/1501/1114 1407/1527/1090
f 1407/1527/1090 1431/1501/1114 1432/1502/1115 1408/1528/1091
f 1408/1528/1091 1432/1502/1115 1433/1503/1116 1409/1529/1092
f 1409/1529/1092 1433/1503/1116 1434/1504/1117 1410/1530/1093
f 1410/1530/1093 1434/1504/1117 1435/1505/1118 1411/1531/1094
f 1411/1531/1094 1435/1505/1118 1436/1506/1119 1412/1532/1095
f 1412/1532/1095 1436/1506/1119 1437/1507/1120 1413/1533/1096
f 1413/1533/1096 1437/1507/1120 1438/1508/1121 1414/1534/1097
f 1414/1534/1097 1438/1508/1121 1439/1509/1122 1415/1535/1098
f 1415/1535/1098 1439/1509/1122 1440/1510/1123 1416/874/1099
f 624/1536/307 623/1537/306 1393/1513/1076 1369/1538/1052
f 1369/1538/1052 1393/1513/1076 1394/1514/1077 1370/1539/1053
f 1370/1539/1053 1394/1514/1077 1395/1515/1078 1371/1540/1054
f 1371/1540/1054 1395/1515/1078 1396/1516/1079 1372/1541/1055
f 1372/1542/1055 1396/1543/1079 1397/1544/1080 1373/1545/1056
f 1373/1545/1056 1397/1544/1080 1398/1546/1081 1374/1547/1057
f 1374/1547/1057 1398/1546/1081 1399/1548/1082 1375/1549/1058
f 1375/1550/1058 1399/1519/1082 1400/1520/1083 1376/1551/1059
f 1376/1551/1059 1400/1520/1083 1401/1521/1084 1377/1552/1060
f 1377/1552/1060 1401/1521/1084 1402/1522/1085 1378/1553/1061
f 1378/1553/1061 1402/1522/1085 1403/1523/1086 1379/1554/1062
f 1379/1554/1062 1403/1523/1086 1404/1524/1087 1380/1555/1063
f 1380/1555/1063 1404/1524/1087 1405/1525/1088 1381/1556/1064
f 1381/1556/1064 1405/1525/1088 1406/1526/1089 1382/1557/1065
f 1382/1557/1065 1406/1526/1089 1407/1527/1090 1383/1558/1066
f 1383/1558/1066 1407/1527/1090 1408/1528/1091 1384/1559/1067
f 1384/1560/1067 1408/1561/1091 1409/1562/1092 1385/1563/1068
f 1385/1563/1068 1409/1562/1092 1410/1564/1093 1386/1565/1069
f 1386/1566/1069 1410/1530/1093 1411/1531/1094 1387/1567/1070
f 1387/1567/1070 1411/1531/1094 1412/1532/1095 1388/1568/1071
f 1388/1568/1071 1412/1532/1095 1413/1533/1096 1389/1569/1072
f 1389/1569/1072 1413/1533/1096 1414/1534/1097 1390/1570/1073
f 1390/1570/1073 1414/1534/1097 1415/1535/1098 1391/1571/1074
f 1391/1571/1074 1415/1535/1098 1416/874/1099 1392/871/1075
f 595/1572/278 624/1536/307 1369/1538/1052 697/1573/380
f 697/1574/380 1369/1575/1052 1370/1576/1053 698/1577/381
f 698/1577/381 1370/1576/1053 1371/1578/1054 699/1579/382
f 699/1579/382 1371/1578/1054 1372/1542/1055 700/1580/383
f 700/1580/383 1372/1542/1055 1373/1545/1056 701/1581/384
f 701/1581/384 1373/1545/1056 1374/1547/1057 702/1582/385
f 702/1582/385 1374/1547/1057 1375/1549/1058 703/1583/386
f 703/1583/386 1375/1549/1058 1376/1584/1059 704/1585/387
f 704/1585/387 1376/1584/1059 1377/1586/1060 705/1587/388
f 705/1587/388 1377/1586/1060 1378/1588/1061 706/1589/389
f 706/1589/389 1378/1588/1061 1379/1590/1062 707/1591/390
f 707/1591/390 1379/1590/1062 1380/1592/1063 708/1593/391
f 708/1593/391 1380/1592/1063 1381/1594/1064 709/1595/392
f 709/1595/392 1381/1594/1064 1382/1596/1065 710/1597/393
f 710/1597/393 1382/1596/1065 1383/1598/1066 711/1599/394
f 711/1599/394 1383/1598/1066 1384/1560/1067 712/1600/395
f 712/1600/395 1384/1560/1067 1385/1563/1068 713/1601/396
f 713/1601/396 1385/1563/1068 1386/1565/1069 714/1602/397
f 714/1602/397 1386/1565/1069 1387/1603/1070 715/1604/398
f 715/1604/398 1387/1603/1070 1388/1605/1071 716/1606/399
f 716/1606/399 1388/1605/1071 1389/1607/1072 717/1608/400
f 717/1608/400 1389/1607/1072 1390/1609/1073 718/1610/401
f 718/1611/401 1390/1570/1073 1391/1571/1074 719/1612/402
f 719/1612/402 1391/1571/1074 1392/871/1075 720/870/403
f 626/1613/309 625/1614/308 1345/1615/1028 1321/1616/1004
f 1321/1617/1004 1345/1618/1028 1346/1619/1029 1322/1620/1005
f 1322/1620/1005 1346/1619/1029 1347/1621/1030 1323/1622/1006
f 1323/1622/1006 1347/1621/1030 1348/1623/1031 1324/1624/1007
f 1324/1624/1007 1348/1623/1031 1349/1625/1032 1325/1626/1008
f 1325/1626/1008 1349/1625/1032 1350/1627/1033 1326/1628/1009
f 1326/1629/1009 1350/1630/1033 1351/1631/1034 1327/1632/1010
f 1327/1632/1010 1351/1631/1034 1352/1633/1035 1328/1634/1011
f 1328/1635/1011 1352/1636/1035 1353/1637/1036 1329/1638/1012
f 1329/1638/1012 1353/1637/1036 1354/1639/1037 1330/1640/1013
f 1330/1640/1013 1354/1639/1037 1355/1641/1038 1331/1642/1014
f 1331/1642/1014 1355/1641/1038 1356/1643/1039 1332/1644/1015
f 1332/1644/1015 1356/1643/1039 1357/1645/1040 1333/1646/1016
f 1333/1646/1016 1357/1645/1040 1358/1647/1041 1334/1648/1017
f 1334/1648/1017 1358/1647/1041 1359/1649/1042 1335/1650/1018
f 1335/1650/1018 1359/1649/1042 1360/1651/1043 1336/1652/1019
f 1336/1652/1019 1360/1651/1043 1361/1653/1044 1337/1654/1020
f 1337/1654/1020 1361/1653/1044 1362/1655/1045 1338/1656/1021
f 1338/1657/1021 1362/1658/1045 1363/1659/1046 1339/1660/1022
f 1339/1661/1022 1363/1662/1046 1364/1663/1047 1340/1664/1023
f 1340/1664/1023 1364/1663/1047 1365/1665/1048 1341/1666/1024
f 1341/1666/1024 1365/1665/1048 1366/1667/1049 1342/1668/1025
f 1342/1668/1025 1366/1667/1049 1367/1669/1050 1343/1670/1026
f 1343/1670/1026 1367/1669/1050 1368/810/1051 1344/868/1027
f 627/1671/310 626/1613/309 1321/1616/1004 1297/1672/980
f 1297/1673/980 1321/1617/1004 1322/1620/1005 1298/1674/981
f 1298/1674/981 1322/1620/1005 1323/1622/1006 1299/1675/982
f 1299/1675/982 1323/1622/1006 1324/1624/1007 1300/1676/983
f 1300/1676/983 1324/1624/1007 1325/1626/1008 1301/1677/984
f 1301/1677/984 1325/1626/1008 1326/1628/1009 1302/1678/985
f 1302/1678/985 1326/1628/1009 1327/1679/1010 1303/1680/986
f 1303/1680/986 1327/1679/1010 1328/1635/1011 1304/1681/987
f 1304/1681/987 1328/1635/1011 1329/1638/1012 1305/1682/988
f 1305/1682/988 1329/1638/1012 1330/1640/1013 1306/1683/989
f 1306/1683/989 1330/1640/1013 1331/1642/1014 1307/1684/990
f 1307/1684/990 1331/1642/1014 1332/1644/1015 1308/1685/991
f 1308/1685/991 1332/1644/1015 1333/1646/1016 1309/1686/992
f 1309/1686/992 1333/1646/1016 1334/1648/1017 1310/1687/993
f 1310/1687/993 1334/1648/1017 1335/1650/1018 1311/1688/994
f 1311/1688/994 1335/1650/1018 1336/1652/1019 1312/1689/995
f 1312/1689/995 1336/1652/1019 1337/1654/1020 1313/1690/996
f 1313/1690/996 1337/1654/1020 1338/1656/1021 1314/1691/997
f 1314/1691/997 1338/1656/1021 1339/1661/1022 1315/1692/998
f 1315/1692/998 1339/1661/1022 1340/1664/1023 1316/1693/999
f 1316/1693/999 1340/1664/1023 1341/1666/1024 1317/1694/1000
f 1317/1694/1000 1341/1666/1024 1342/1668/1025 1318/1695/1001
f 1318/1695/1001 1342/1668/1025 1343/1670/1026 1319/1696/1002
f 1319/1696/1002 1343/1670/1026 1344/868/1027 1320/1697/1003
f 628/1698/311 627/1671/310 1297/1672/980 1273/1699/956
f 1273/1699/956 1297/1672/980 1298/1700/981 1274/1701/957
f 1274/1702/957 1298/1674/981 1299/1675/982 1275/1703/958
f 1275/1703/958 1299/1675/982 1300/1676/983 1276/1704/959
f 1276/1704/959 1300/1676/983 1301/1677/984 1277/1705/960
f 1277/1705/960 1301/1677/984 1302/1678/985 1278/1706/961
f 1278/1706/961 1302/1678/985 1303/1680/986 1279/1707/962
f 1279/1707/962 1303/1680/986 1304/1681/987 1280/1708/963
f 1280/1708/963 1304/1681/987 1305/1682/988 1281/1709/964
f 1281/1709/964 1305/1682/988 1306/1683/989 1282/1710/965
f 1282/1710/965 1306/1683/989 1307/1684/990 1283/1711/966
f 1283/1711/966 1307/1684/990 1308/1685/991 1284/1712/967
f 1284/1712/967 1308/1685/991 1309/1686/992 1285/1713/968
f 1285/1713/968 1309/1686/992 1310/1687/993 1286/1714/969
f 1286/1714/969 1310/1687/993 1311/1688/994 1287/1715/970
f 1287/1715/970 1311/1688/994 1312/1689/995 1288/1716/971
f 1288/1716/971 1312/1689/995 1313/1690/996 1289/1717/972
f 1289/1717/972 1313/1690/996 1314/1691/997 1290/1718/973
f 1290/1718/973 1314/1691/997 1315/1692/998 1291/1719/974
f 1291/1719/974 1315/1692/998 1316/1693/999 1292/1720/975
f 1292/1720/975 1316/1693/999 1317/1694/1000 1293/1721/976
f 1293/1721/976 1317/1694/1000 1318/1695/1001 1294/1722/977
f 1294/1722/977 1318/1695/1001 1319/1696/1002 1295/1723/978
f 1295/1723/978 1319/1696/1002 1320/1697/1003 1296/1724/979
f 629/1725/312 628/1698/311 1273/1699/956 1249/1726/932
f 1249/1726/932 1273/1699/956 1274/1701/957 1250/1727/933
f 1250/1728/933 1274/1702/957 1275/1703/958 1251/1729/934
f 1251/1729/934 1275/1703/958 1276/1704/959 1252/1730/935
f 1252/1730/935 1276/1704/959 1277/1705/960 1253/1731/936
f 1253/1731/936 1277/1705/960 1278/1706/961 1254/1732/937
f 1254/1732/937 1278/1706/961 1279/1707/962 1255/1733/938
f 1255/1733/938 1279/1707/962 1280/1708/963 1256/1734/939
f 1256/1734/939 1280/1708/963 1281/1709/964 1257/1735/940
f 1257/1735/940 1281/1709/964 1282/1710/965 1258/1736/941
f 1258/1736/941 1282/1710/965 1283/1711/966 1259/1737/942
f 1259/1737/942 1283/1711/966 1284/1712/967 1260/1738/943
f 1260/1738/943 1284/1712/967 1285/1713/968 1261/1739/944
f 1261/1739/944 1285/1713/968 1286/1714/969 1262/1740/945
f 1262/1740/945 1286/1714/969 1287/1715/970 1263/1741/946
f 1263/1741/946 1287/1715/970 1288/1716/971 1264/1742/947
f 1264/1742/947 1288/1716/971 1289/1717/972 1265/1743/948
f 1265/1743/948 1289/1717/972 1290/1718/973 1266/1744/949
f 1266/1744/949 1290/1718/973 1291/1719/974 1267/1745/950
f 1267/1745/950 1291/1719/974 1292/1720/975 1268/1746/951
f 1268/1746/951 1292/1720/975 1293/1721/976 1269/1747/952
f 1269/1747/952 1293/1721/976 1294/1722/977 1270/1748/953
f 1270/1748/953 1294/1722/977 1295/1723/978 1271/1749/954
f 1271/1750/954 1295/1751/978 1296/862/979 1272/860/955
f 630/1752/313 629/1725/312 1249/1726/932 1225/1753/908
f 1225/1753/908 1249/1726/932 1250/1727/933 1226/1754/909
f 1226/1755/909 1250/1728/933 1251/1729/934 1227/1756/910
f 1227/1756/910 1251/1729/934 1252/1730/935 1228/1757/911
f 1228/1757/911 1252/1730/935 1253/1731/936 1229/1758/912
f 1229/1758/912 1253/1731/936 1254/1732/937 1230/1759/913
f 1230/1759/913 1254/1732/937 1255/1733/938 1231/1760/914
f 1231/1760/914 1255/1733/938 1256/1734/939 1232/1761/915
f 1232/1761/915 1256/1734/939 1257/1735/940 1233/1762/916
f 1233/1762/916 1257/1735/940 1258/1736/941 1234/1763/917
f 1234/1763/917 1258/1736/941 1259/1737/942 1235/1764/918
f 1235/1764/918 1259/1737/942 1260/1738/943 1236/1765/919
f 1236/1765/919 1260/1738/943 1261/1739/944 1237/1766/920
f 1237/1766/920 1261/1739/944 1262/1740/945 1238/1767/921
f 1238/1767/921 1262/1740/945 1263/1741/946 1239/1768/922
f 1239/1768/922 1263/1741/946 1264/1742/947 1240/1769/923
f 1240/1769/923 1264/1742/947 1265/1743/948 1241/1770/924
f 1241/1770/924 1265/1743/948 1266/1744/949 1242/1771/925
f 1242/1771/925 1266/1744/949 1267/1745/950 1243/1772/926
f 1243/1772/926 1267/1745/950 1268/1746/951 1244/1773/927
f 1244/1773/927 1268/1746/951 1269/1747/952 1245/1774/928
f 1245/1774/928 1269/1747/952 1270/1748/953 1246/1775/929
f 1246/1775/929 1270/1748/953 1271/1749/954 1247/1776/930
f 1247/1776/930 1271/1749/954 1272/1777/955 1248/1778/931
f 631/1779/314 630/1752/313 1225/1753/908 1201/1780/884
f 1201/1780/884 1225/1753/908 1226/1754/909 1202/1781/885
f 1202/1782/885 1226/1755/909 1227/1756/910 1203/1783/886
f 1203/1783/886 1227/1756/910 1228/1757/911 1204/1784/887
f 1204/1784/887 1228/1757/911 1229/1758/912 1205/1785/888
f 1205/1785/888 1229/1758/912 1230/1759/913 1206/1786/889
f 1206/1786/889 1230/1759/913 1231/1760/914 1207/1787/890
f 1207/1787/890 1231/1760/914 1232/1761/915 1208/1788/891
f 1208/1788/891 1232/1761/915 1233/1762/916 1209/1789/892
f 1209/1789/892 1233/1762/916 1234/1763/917 1210/1790/893
f 1210/1790/893 1234/1763/917 1235/1764/918 1211/1791/894
f 1211/1791/894 1235/1764/918 1236/1765/919 1212/1792/895
f 1212/1792/895 1236/1765/919 1237/1766/920 1213/1793/896
f 1213/1793/896 1237/1766/920 1238/1767/921 1214/1794/897
f 1214/1794/897 1238/1767/921 1239/1768/922 1215/1795/898
f 1215/1795/898 1239/1768/922 1240/1769/923 1216/1796/899
f 1216/1796/899 1240/1769/923 1241/1770/924 1217/1797/900
f 1217/1797/900 1241/1770/924 1242/1771/925 1218/1798/901
f 1218/1798/901 1242/1771/925 1243/1772/926 1219/1799/902
f 1219/1799/902 1243/1772/926 1244/1773/927 1220/1800/903
f 1220/1800/903 1244/1773/927 1245/1774/928 1221/1801/904
f 1221/1801/904 1245/1774/928 1246/1775/929 1222/1802/905
f 1222/1802/905 1246/1775/929 1247/1776/930 1223/1803/906
f 1223/1803/906 1247/1776/930 1248/1778/931 1224/1804/907
f 632/1805/315 631/1806/314 1201/1807/884 1177/1808/860
f 1177/1808/860 1201/1807/884 1202/1782/885 1178/1809/861
f 1178/1809/861 1202/1782/885 1203/1783/886 1179/1810/862
f 1179/1810/862 1203/1783/886 1204/1784/887 1180/1811/863
f 1180/1811/863 1204/1784/887 1205/1785/888 1181/1812/864
f 1181/1812/864 1205/1785/888 1206/1786/889 1182/1813/865
f 1182/1813/865 1206/1786/889 1207/1787/890 1183/1814/866
f 1183/1814/866 1207/1787/890 1208/1788/891 1184/1815/867
f 1184/1815/867 1208/1788/891 1209/1789/892 1185/1816/868
f 1185/1816/868 1209/1789/892 1210/1790/893 1186/1817/869
f 1186/1817/869 1210/1790/893 1211/1791/894 1187/1818/870
f 1187/1818/870 1211/1791/894 1212/1792/895 1188/1819/871
f 1188/1819/871 1212/1792/895 1213/1793/896 1189/1820/872
f 1189/1820/872 1213/1793/896 1214/1794/897 1190/1821/873
f 1190/1821/873 1214/1794/897 1215/1795/898 1191/1822/874
f 1191/1822/874 1215/1795/898 1216/1796/899 1192/1823/875
f 1192/1823/875 1216/1796/899 1217/1797/900 1193/1824/876
f 1193/1824/876 1217/1797/900 1218/1798/901 1194/1825/877
f 1194/1825/877 1218/1798/901 1219/1799/902 1195/1826/878
f 1195/1826/878 1219/1799/902 1220/1800/903 1196/1827/879
f 1196/1827/879 1220/1800/903 1221/1801/904 1197/1828/880
f 1197/1828/880 1221/1801/904 1222/1802/905 1198/1829/881
f 1198/1829/881 1222/1802/905 1223/1803/906 1199/1830/882
f 1199/1831/882 1223/1832/906 1224/856/907 1200/854/883
f 633/1833/316 632/1805/315 1177/1808/860 1153/1834/836
f 1153/1834/836 1177/1808/860 1178/1809/861 1154/1835/837
f 1154/1835/837 1178/1809/861 1179/1810/862 1155/1836/838
f 1155/1836/838 1179/1810/862 1180/1811/863 1156/1837/839
f 1156/1837/839 1180/1811/863 1181/1812/864 1157/1838/840
f 1157/1838/840 1181/1812/864 1182/1813/865 1158/1839/841
f 1158/1839/841 1182/1813/865 1183/1814/866 1159/1840/842
f 1159/1840/842 1183/1814/866 1184/1815/867 1160/1841/843
f 1160/1841/843 1184/1815/867 1185/1816/868 1161/1842/844
f 1161/1842/844 1185/1816/868 1186/1817/869 1162/1843/845
f 1162/1843/845 1186/1817/869 1187/1818/870 1163/1844/846
f 1163/1844/846 1187/1818/870 1188/1819/871 1164/1845/847
f 1164/1845/847 1188/1819/871 1189/1820/872 1165/1846/848
f 1165/1846/848 1189/1820/872 1190/1821/873 1166/1847/849
f 1166/1847/849 1190/1821/873 1191/1822/874 1167/1848/850
f 1167/1848/850 1191/1822/874 1192/1823/875 1168/1849/851
f 1168/1849/851 1192/1823/875 1193/1824/876 1169/1850/852
f 1169/1850/852 1193/1824/876 1194/1825/877 1170/1851/853
f 1170/1851/853 1194/1825/877 1195/1826/878 1171/1852/854
f 1171/1852/854 1195/1826/878 1196/1827/879 1172/1853/855
f 1172/1853/855 1196/1827/879 1197/1828/880 1173/1854/856
f 1173/1854/856 1197/1828/880 1198/1829/881 1174/1855/857
f 1174/1855/857 1198/1829/881 1199/1830/882 1175/1856/858
f 1175/1857/858 1199/1831/882 1200/854/883 1176/852/859
f 634/1858/317 633/1859/316 1153/1860/836 1129/1861/812
f 1129/1862/812 1153/1834/836 1154/1835/837 1130/1863/813
f 1130/1863/813 1154/1835/837 1155/1836/838 1131/1864/814
f 1131/1864/814 1155/1836/838 1156/1837/839 1132/1865/815
f 1132/1865/815 1156/1837/839 1157/1838/840 1133/1866/816
f 1133/1866/816 1157/1838/840 1158/1839/841 1134/1867/817
f 1134/1867/817 1158/1839/841 1159/1840/842 1135/1868/818
f 1135/1868/818 1159/1840/842 1160/1841/843 1136/1869/819
f 1136/1869/819 1160/1841/843 1161/1842/844 1137/1870/820
f 1137/1870/820 1161/1842/844 1162/1843/845 1138/1871/821
f 1138/1871/821 1162/1843/845 1163/1844/846 1139/1872/822
f 1139/1872/822 1163/1844/846 1164/1845/847 1140/1873/823
f 1140/1873/823 1164/1845/847 1165/1846/848 1141/1874/824
f 1141/1874/824 1165/1846/848 1166/1847/849 1142/1875/825
f 1142/1875/825 1166/1847/849 1167/1848/850 1143/1876/826
f 1143/1876/826 1167/1848/850 1168/1849/851 1144/1877/827
f 1144/1877/827 1168/1849/851 1169/1850/852 1145/1878/828
f 1145/1878/828 1169/1850/852 1170/1851/853 1146/1879/829
f 1146/1879/829 1170/1851/853 1171/1852/854 1147/1880/830
f 1147/1880/830 1171/1852/854 1172/1853/855 1148/1881/831
f 1148/1881/831 1172/1853/855 1173/1854/856 1149/1882/832
f 1149/1882/832 1173/1854/856 1174/1855/857 1150/1883/833
f 1150/1883/833 1174/1855/857 1175/1856/858 1151/1884/834
f 1151/1884/834 1175/1856/858 1176/1885/859 1152/1886/835
f 635/1887/318 634/1858/317 1129/1861/812 1105/1888/788
f 1105/1889/788 1129/1862/812 1130/1863/813 1106/1890/789
f 1106/1890/789 1130/1863/813 1131/1864/814 1107/1891/790
f 1107/1891/790 1131/1864/814 1132/1865/815 1108/1892/791
f 1108/1892/791 1132/1865/815 1133/1866/816 1109/1893/792
f 1109/1893/792 1133/1866/816 1134/1867/817 1110/1894/793
f 1110/1894/793 1134/1867/817 1135/1868/818 1111/1895/794
f 1111/1895/794 1135/1868/818 1136/1869/819 1112/1896/795
f 1112/1896/795 1136/1869/819 1137/1870/820 1113/1897/796
f 1113/1897/796 1137/1870/820 1138/1871/821 1114/1898/797
f 1114/1898/797 1138/1871/821 1139/1872/822 1115/1899/798
f 1115/1899/798 1139/1872/822 1140/1873/823 1116/1900/799
f 1116/1900/799 1140/1873/823 1141/1874/824 1117/1901/800
f 1117/1901/800 1141/1874/824 1142/1875/825 1118/1902/801
f 1118/1902/801 1142/1875/825 1143/1876/826 1119/1903/802
f 1119/1903/802 1143/1876/826 1144/1877/827 1120/1904/803
f 1120/1904/803 1144/1877/827 1145/1878/828 1121/1905/804
f 1121/1905/804 1145/1878/828 1146/1879/829 1122/1906/805
f 1122/1906/805 1146/1879/829 1147/1880/830 1123/1907/806
f 1123/1907/806 1147/1880/830 1148/1881/831 1124/1908/807
f 1124/1908/807 1148/1881/831 1149/1882/832 1125/1909/808
f 1125/1909/808 1149/1882/832 1150/1883/833 1126/1910/809
f 1126/1910/809 1150/1883/833 1151/1884/834 1127/1911/810
f 1127/1912/810 1151/1913/834 1152/850/835 1128/848/811
f 636/1914/319 635/1887/318 1105/1888/788 1081/1915/764
f 1081/1915/764 1105/1888/788 1106/1916/789 1082/1917/765
f 1082/1918/765 1106/1890/789 1107/1891/790 1083/1919/766
f 1083/1919/766 1107/1891/790 1108/1892/791 1084/1920/767
f 1084/1920/767 1108/1892/791 1109/1893/792 1085/1921/768
f 1085/1921/768 1109/1893/792 1110/1894/793 1086/1922/769
f 1086/1922/769 1110/1894/793 1111/1895/794 1087/1923/770
f 1087/1923/770 1111/1895/794 1112/1896/795 1088/1924/771
f 1088/1924/771 1112/1896/795 1113/1897/796 1089/1925/772
f 1089/1925/772 1113/1897/796 1114/1898/797 1090/1926/773
f 1090/1926/773 1114/1898/797 1115/1899/798 1091/1927/774
f 1091/1927/774 1115/1899/798 1116/1900/799 1092/1928/775
f 1092/1928/775 1116/1900/799 1117/1901/800 1093/1929/776
f 1093/1929/776 1117/1901/800 1118/1902/801 1094/1930/777
f 1094/1930/777 1118/1902/801 1119/1903/802 1095/1931/778
f 1095/1931/778 1119/1903/802 1120/1904/803 1096/1932/779
f 1096/1932/779 1120/1904/803 1121/1905/804 1097/1933/780
f 1097/1933/780 1121/1905/804 1122/1906/805 1098/1934/781
f 1098/1934/781 1122/1906/805 1123/1907/806 1099/1935/782
f 1099/1935/782 1123/1907/806 1124/1908/807 1100/1936/783
f 1100/1936/783 1124/1908/807 1125/1909/808 1101/1937/784
f 1101/1937/784 1125/1909/808 1126/1910/809 1102/1938/785
f 1102/1938/785 1126/1910/809 1127/1911/810 1103/1939/786
f 1103/1940/786 1127/1912/810 1128/848/811 1104/846/787
f 637/1941/320 636/1914/319 1081/1915/764 1057/1942/740
f 1057/1942/740 1081/1915/764 1082/1917/765 1058/1943/741
f 1058/1944/741 1082/1918/765 1083/1919/766 1059/1945/742
f 1059/1945/742 1083/1919/766 1084/1920/767 1060/1946/743
f 1060/1946/743 1084/1920/767 1085/1921/768 1061/1947/744
f 1061/1947/744 1085/1921/768 1086/1922/769 1062/1948/745
f 1062/1948/745 1086/1922/769 1087/1923/770 1063/1949/746
f 1063/1949/746 1087/1923/770 1088/1924/771 1064/1950/747
f 1064/1950/747 1088/1924/771 1089/1925/772 1065/1951/748
f 1065/1951/748 1089/1925/772 1090/1926/773 1066/1952/749
f 1066/1952/749 1090/1926/773 1091/1927/774 1067/1953/750
f 1067/1953/750 1091/1927/774 1092/1928/775 1068/1954/751
f 1068/1954/751 1092/1928/775 1093/1929/776 1069/1955/752
f 1069/1955/752 1093/1929/776 1094/1930/777 1070/1956/753
f 1070/1956/753 1094/1930/777 1095/1931/778 1071/1957/754
f 1071/1957/754 1095/1931/778 1096/1932/779 1072/1958/755
f 1072/1958/755 1096/1932/779 1097/1933/780 1073/1959/756
f 1073/1959/756 1097/1933/780 1098/1934/781 1074/1960/757
f 1074/1960/757 1098/1934/781 1099/1935/782 1075/1961/758
f 1075/1961/758 1099/1935/782 1100/1936/783 1076/1962/759
f 1076/1962/759 1100/1936/783 1101/1937/784 1077/1963/760
f 1077/1963/760 1101/1937/784 1102/1938/785 1078/1964/761
f 1078/1964/761 1102/1938/785 1103/1939/786 1079/1965/762
f 1079/1965/762 1103/1939/786 1104/1966/787 1080/1967/763
f 638/1968/321 637/1941/320 1057/1942/740 1033/1969/716
f 1033/1969/716 1057/1942/740 1058/1943/741 1034/1970/717
f 1034/1971/717 1058/1944/741 1059/1945/742 1035/1972/718
f 1035/1972/718 1059/1945/742 1060/1946/743 1036/1973/719
f 1036/1973/719 1060/1946/743 1061/1947/744 1037/1974/720
f 1037/1974/720 1061/1947/744 1062/1948/745 1038/1975/721
f 1038/1975/721 1062/1948/745 1063/1949/746 1039/1976/722
f 1039/1976/722 1063/1949/746 1064/1950/747 1040/1977/723
f 1040/1977/723 1064/1950/747 1065/1951/748 1041/1978/724
f 1041/1978/724 1065/1951/748 1066/1952/749 1042/1979/725
f 1042/1979/725 1066/1952/749 1067/1953/750 1043/1980/726
f 1043/1980/726 1067/1953/750 1068/1954/751 1044/1981/727
f 1044/1981/727 1068/1954/751 1069/1955/752 1045/1982/728
f 1045/1982/728 1069/1955/752 1070/1956/753 1046/1983/729
f 1046/1983/729 1070/1956/753 1071/1957/754 1047/1984/730
f 1047/1984/730 1071/1957/754 1072/1958/755 1048/1985/731
f 1048/1985/731 1072/1958/755 1073/1959/756 1049/1986/732
f 1049/1986/732 1073/1959/756 1074/1960/757 1050/1987/733
f 1050/1987/733 1074/1960/757 1075/1961/758 1051/1988/734
f 1051/1988/734 1075/1961/758 1076/1962/759 1052/1989/735
f 1052/1989/735 1076/1962/759 1077/1963/760 1053/1990/736
f 1053/1990/736 1077/1963/760 1078/1964/761 1054/1991/737
f 1054/1991/737 1078/1964/761 1079/1965/762 1055/1992/738
f 1055/1992/738 1079/1965/762 1080/1967/763 1056/840/739
f 639/1993/322 638/1968/321 1033/1969/716 1009/1994/692
f 1009/1995/692 1033/1996/716 1034/1971/717 1010/1997/693
f 1010/1997/693 1034/1971/717 1035/1972/718 1011/1998/694
f 1011/1998/694 1035/1972/718 1036/1973/719 1012/1999/695
f 1012/1999/695 1036/1973/719 1037/1974/720 1013/2000/696
f 1013/2000/696 1037/1974/720 1038/1975/721 1014/2001/697
f 1014/2001/697 1038/1975/721 1039/1976/722 1015/2002/698
f 1015/2002/698 1039/1976/722 1040/1977/723 1016/2003/699
f 1016/2003/699 1040/1977/723 1041/1978/724 1017/2004/700
f 1017/2004/700 1041/1978/724 1042/1979/725 1018/2005/701
f 1018/2005/701 1042/1979/725 1043/1980/726 1019/2006/702
f 1019/2006/702 1043/1980/726 1044/1981/727 1020/2007/703
f 1020/2007/703 1044/1981/727 1045/1982/728 1021/2008/704
f 1021/2008/704 1045/1982/728 1046/1983/729 1022/2009/705
f 1022/2009/705 1046/1983/729 1047/1984/730 1023/2010/706
f 1023/2010/706 1047/1984/730 1048/1985/731 1024/2011/707
f 1024/2011/707 1048/1985/731 1049/1986/732 1025/2012/708
f 1025/2012/708 1049/1986/732 1050/1987/733 1026/2013/709
f 1026/2013/709 1050/1987/733 1051/1988/734 1027/2014/710
f 1027/2014/710 1051/1988/734 1052/1989/735 1028/2015/711
f 1028/2015/711 1052/1989/735 1053/1990/736 1029/2016/712
f 1029/2016/712 1053/1990/736 1054/1991/737 1030/2017/713
f 1030/2017/713 1054/1991/737 1055/1992/738 1031/2018/714
f 1031/2018/714 1055/1992/738 1056/840/739 1032/837/715
f 640/2019/323 639/1993/322 1009/1994/692 985/2020/668
f 985/2020/668 1009/1994/692 1010/2021/693 986/2022/669
f 986/2023/669 1010/1997/693 1011/1998/694 987/2024/670
f 987/2024/670 1011/1998/694 1012/1999/695 988/2025/671
f 988/2025/671 1012/1999/695 1013/2000/696 989/2026/672
f 989/2026/672 1013/2000/696 1014/2001/697 990/2027/673
f 990/2027/673 1014/2001/697 1015/2002/698 991/2028/674
f 991/2028/674 1015/2002/698 1016/2003/699 992/2029/675
f 992/2029/675 1016/2003/699 1017/2004/700 993/2030/676
f 993/2030/676 1017/2004/700 1018/2005/701 994/2031/677
f 994/2031/677 1018/2005/701 1019/2006/702 995/2032/678
f 995/2032/678 1019/2006/702 1020/2007/703 996/2033/679
f 996/2033/679 1020/2007/703 1021/2008/704 997/2034/680
f 997/2034/680 1021/2008/704 1022/2009/705 998/2035/681
f 998/2035/681 1022/2009/705 1023/2010/706 999/2036/682
f 999/2036/682 1023/2010/706 1024/2011/707 1000/2037/683
f 1000/2037/683 1024/2011/707 1025/2012/708 1001/2038/684
f 1001/2038/684 1025/2012/708 1026/2013/709 1002/2039/685
f 1002/2039/685 1026/2013/709 1027/2014/710 1003/2040/686
f 1003/2040/686 1027/2014/710 1028/2015/711 1004/2041/687
f 1004/2041/687 1028/2015/711 1029/2016/712 1005/2042/688
f 1005/2042/688 1029/2016/712 1030/2017/713 1006/2043/689
f 1006/2043/689 1030/2017/713 1031/2018/714 1007/2044/690
f 1007/2044/690 1031/2018/714 1032/837/715 1008/836/691
f 641/2045/324 640/2019/323 985/2020/668 961/2046/644
f 961/2046/644 985/2020/668 986/2022/669 962/2047/645
f 962/2048/645 986/2023/669 987/2024/670 963/2049/646
f 963/2049/646 987/2024/670 988/2025/671 964/2050/647
f 964/2050/647 988/2025/671 989/2026/672 965/2051/648
f 965/2051/648 989/2026/672 990/2027/673 966/2052/649
f 966/2052/649 990/2027/673 991/2028/674 967/2053/650
f 967/2053/650 991/2028/674 992/2029/675 968/2054/651
f 968/2054/651 992/2029/675 993/2030/676 969/2055/652
f 969/2055/652 993/2030/676 994/2031/677 970/2056/653
f 970/2056/653 994/2031/677 995/2032/678 971/2057/654
f 971/2057/654 995/2032/678 996/2033/679 972/2058/655
f 972/2058/655 996/2033/679 997/2034/680 973/2059/656
f 973/2059/656 997/2034/680 998/2035/681 974/2060/657
f 974/2060/657 998/2035/681 999/2036/682 975/2061/658
f 975/2061/658 999/2036/682 1000/2037/683 976/2062/659
f 976/2062/659 1000/2037/683 1001/2038/684 977/2063/660
f 977/2063/660 1001/2038/684 1002/2039/685 978/2064/661
f 978/2064/661 1002/2039/685 1003/2040/686 979/2065/662
f 979/2065/662 1003/2040/686 1004/2041/687 980/2066/663
f 980/2066/663 1004/2041/687 1005/2042/688 981/2067/664
f 981/2067/664 1005/2042/688 1006/2043/689 982/2068/665
f 982/2068/665 1006/2043/689 1007/2044/690 983/2069/666
f 983/2069/666 1007/2044/690 1008/836/691 984/2070/667
f 642/2071/325 641/2045/324 961/2046/644 937/2072/620
f 937/2073/620 961/2074/644 962/2048/645 938/2075/621
f 938/2075/621 962/2048/645 963/2049/646 939/2076/622
f 939/2076/622 963/2049/646 964/2050/647 940/2077/623
f 940/2077/623 964/2050/647 965/2051/648 941/2078/624
f 941/2078/624 965/2051/648 966/2052/649 942/2079/625
f 942/2079/625 966/2052/649 967/2053/650 943/2080/626
f 943/2080/626 967/2053/650 968/2054/651 944/2081/627
f 944/2081/627 968/2054/651 969/2055/652 945/2082/628
f 945/2082/628 969/2055/652 970/2056/653 946/2083/629
f 946/2083/629 970/2056/653 971/2057/654 947/2084/630
f 947/2084/630 971/2057/654 972/2058/655 948/2085/631
f 948/2085/631 972/2058/655 973/2059/656 949/2086/632
f 949/2086/632 973/2059/656 974/2060/657 950/2087/633
f 950/2087/633 974/2060/657 975/2061/658 951/2088/634
f 951/2088/634 975/2061/658 976/2062/659 952/2089/635
f 952/2089/635 976/2062/659 977/2063/660 953/2090/636
f 953/2090/636 977/2063/660 978/2064/661 954/2091/637
f 954/2091/637 978/2064/661 979/2065/662 955/2092/638
f 955/2092/638 979/2065/662 980/2066/663 956/2093/639
f 956/2093/639 980/2066/663 981/2067/664 957/2094/640
f 957/2094/640 981/2067/664 982/2068/665 958/2095/641
f 958/2095/641 982/2068/665 983/2069/666 959/2096/642
f 959/2096/642 983/2069/666 984/2070/667 960/2097/643
f 643/2098/326 642/2071/325 937/2072/620 913/2099/596
f 913/2100/596 937/2073/620 938/2075/621 914/2101/597
f 914/2101/597 938/2075/621 939/2076/622 915/2102/598
f 915/2102/598 939/2076/622 940/2077/623 916/2103/599
f 916/2103/599 940/2077/623 941/2078/624 917/2104/600
f 917/2104/600 941/2078/624 942/2079/625 918/2105/601
f 918/2105/601 942/2079/625 943/2080/626 919/2106/602
f 919/2106/602 943/2080/626 944/2081/627 920/2107/603
f 920/2107/603 944/2081/627 945/2082/628 921/2108/604
f 921/2108/604 945/2082/628 946/2083/629 922/2109/605
f 922/2109/605 946/2083/629 947/2084/630 923/2110/606
f 923/2110/606 947/2084/630 948/2085/631 924/2111/607
f 924/2111/607 948/2085/631 949/2086/632 925/2112/608
f 925/2112/608 949/2086/632 950/2087/633 926/2113/609
f 926/2113/609 950/2087/633 951/2088/634 927/2114/610
f 927/2114/610 951/2088/634 952/2089/635 928/2115/611
f 928/2115/611 952/2089/635 953/2090/636 929/2116/612
f 929/2116/612 953/2090/636 954/2091/637 930/2117/613
f 930/2117/613 954/2091/637 955/2092/638 931/2118/614
f 931/2118/614 955/2092/638 956/2093/639 932/2119/615
f 932/2119/615 956/2093/639 957/2094/640 933/2120/616
f 933/2120/616 957/2094/640 958/2095/641 934/2121/617
f 934/2121/617 958/2095/641 959/2096/642 935/2122/618
f 935/2122/618 959/2096/642 960/2097/643 936/2123/619
f 644/2124/327 643/2098/326 913/2099/596 889/2125/572
f 889/2126/572 913/2100/596 914/2101/597 890/2127/573
f 890/2127/573 914/2101/597 915/2102/598 891/2128/574
f 891/2128/574 915/2102/598 916/2103/599 892/2129/575
f 892/2129/575 916/2103/599 917/2104/600 893/2130/576
f 893/2130/576 917/2104/600 918/2105/601 894/2131/577
f 894/2131/577 918/2105/601 919/2106/602 895/2132/578
f 895/2132/578 919/2106/602 920/2107/603 896/2133/579
f 896/2133/579 920/2107/603 921/2108/604 897/2134/580
f 897/2134/580 921/2108/604 922/2109/605 898/2135/581
f 898/2135/581 922/2109/605 923/2110/606 899/2136/582
f 899/2136/582 923/2110/606 924/2111/607 900/2137/583
f 900/2137/583 924/2111/607 925/2112/608 901/2138/584
f 901/2138/584 925/2112/608 926/2113/609 902/2139/585
f 902/2139/585 926/2113/609 927/2114/610 903/2140/586
f 903/2140/586 927/2114/610 928/2115/611 904/2141/587
f 904/2141/587 928/2115/611 929/2116/612 905/2142/588
f 905/2142/588 929/2116/612 930/2117/613 906/2143/589
f 906/2143/589 930/2117/613 931/2118/614 907/2144/590
f 907/2144/590 931/2118/614 932/2119/615 908/2145/591
f 908/2145/591 932/2119/615 933/2120/616 909/2146/592
f 909/2146/592 933/2120/616 934/2121/617 910/2147/593
f 910/2147/593 934/2121/617 935/2122/618 911/2148/594
f 911/2148/594 935/2122/618 936/2123/619 912/2149/595
f 645/2150/328 644/2124/327 889/2125/572 865/2151/548
f 865/2152/548 889/2126/572 890/2127/573 866/2153/549
f 866/2153/549 890/2127/573 891/2128/574 867/2154/550
f 867/2154/550 891/2128/574 892/2129/575 868/2155/551
f 868/2155/551 892/2129/575 893/2130/576 869/2156/552
f 869/2156/552 893/2130/576 894/2131/577 870/2157/553
f 870/2157/553 894/2131/577 895/2132/578 871/2158/554
f 871/2158/554 895/2132/578 896/2133/579 872/2159/555
f 872/2159/555 896/2133/579 897/2134/580 873/2160/556
f 873/2160/556 897/2134/580 898/2135/581 874/2161/557
f 874/2161/557 898/2135/581 899/2136/582 875/2162/558
f 875/2162/558 899/2136/582 900/2137/583 876/2163/559
f 876/2163/559 900/2137/583 901/2138/584 877/2164/560
f 877/2164/560 901/2138/584 902/2139/585 878/2165/561
f 878/2165/561 902/2139/585 903/2140/586 879/2166/562
f 879/2166/562 903/2140/586 904/2141/587 880/2167/563
f 880/2167/563 904/2141/587 905/2142/588 881/2168/564
f 881/2168/564 905/2142/588 906/2143/589 882/2169/565
f 882/2169/565 906/2143/589 907/2144/590 883/2170/566
f 883/2170/566 907/2144/590 908/2145/591 884/2171/567
f 884/2171/567 908/2145/591 909/2146/592 885/2172/568
f 885/2172/568 909/2146/592 910/2147/593 886/2173/569
f 886/2173/569 910/2147/593 911/2148/594 887/2174/570
f 887/2175/570 911/2176/594 912/826/595 888/824/571
f 646/2177/329 645/2150/328 865/2151/548 841/2178/524
f 841/2179/524 865/2152/548 866/2153/549 842/2180/525
f 842/2180/525 866/2153/549 867/2154/550 843/2181/526
f 843/2181/526 867/2154/550 868/2155/551 844/2182/527
f 844/2182/527 868/2155/551 869/2156/552 845/2183/528
f 845/2183/528 869/2156/552 870/2157/553 846/2184/529
f 846/2184/529 870/2157/553 871/2158/554 847/2185/530
f 847/2185/530 871/2158/554 872/2159/555 848/2186/531
f 848/2186/531 872/2159/555 873/2160/556 849/2187/532
f 849/2187/532 873/2160/556 874/2161/557 850/2188/533
f 850/2188/533 874/2161/557 875/2162/558 851/2189/534
f 851/2189/534 875/2162/558 876/2163/559 852/2190/535
f 852/2190/535 876/2163/559 877/2164/560 853/2191/536
f 853/2191/536 877/2164/560 878/2165/561 854/2192/537
f 854/2192/537 878/2165/561 879/2166/562 855/2193/538
f 855/2193/538 879/2166/562 880/2167/563 856/2194/539
f 856/2194/539 880/2167/563 881/2168/564 857/2195/540
f 857/2195/540 881/2168/564 882/2169/565 858/2196/541
f 858/2196/541 882/2169/565 883/2170/566 859/2197/542
f 859/2197/542 883/2170/566 884/2171/567 860/2198/543
f 860/2198/543 884/2171/567 885/2172/568 861/2199/544
f 861/2199/544 885/2172/568 886/2173/569 862/2200/545
f 862/2200/545 886/2173/569 887/2174/570 863/2201/546
f 863/2202/546 887/2175/570 888/824/571 864/822/547
f 647/2203/330 646/2177/329 841/2178/524 817/2204/500
f 817/2205/500 841/2179/524 842/2180/525 818/2206/501
f 818/2206/501 842/2180/525 843/2181/526 819/2207/502
f 819/2207/502 843/2181/526 844/2182/527 820/2208/503
f 820/2208/503 844/2182/527 845/2183/528 821/2209/504
f 821/2209/504 845/2183/528 846/2184/529 822/2210/505
f 822/2210/505 846/2184/529 847/2185/530 823/2211/506
f 823/2211/506 847/2185/530 848/2186/531 824/2212/507
f 824/2212/507 848/2186/531 849/2187/532 825/2213/508
f 825/2213/508 849/2187/532 850/2188/533 826/2214/509
f 826/2214/509 850/2188/533 851/2189/534 827/2215/510
f 827/2215/510 851/2189/534 852/2190/535 828/2216/511
f 828/2216/511 852/2190/535 853/2191/536 829/2217/512
f 829/2217/512 853/2191/536 854/2192/537 830/2218/513
f 830/2218/513 854/2192/537 855/2193/538 831/2219/514
f 831/2219/514 855/2193/538 856/2194/539 832/2220/515
f 832/2220/515 856/2194/539 857/2195/540 833/2221/516
f 833/2221/516 857/2195/540 858/2196/541 834/2222/517
f 834/2222/517 858/2196/541 859/2197/542 835/2223/518
f 835/2223/518 859/2197/542 860/2198/543 836/2224/519
f 836/2224/519 860/2198/543 861/2199/544 837/2225/520
f 837/2225/520 861/2199/544 862/2200/545 838/2226/521
f 838/2226/521 862/2200/545 863/2201/546 839/2227/522
f 839/2228/522 863/2202/546 864/822/547 840/819/523
f 648/2229/331 647/2203/330 817/2204/500 793/2230/476
f 793/2231/476 817/2205/500 818/2206/501 794/2232/477
f 794/2232/477 818/2206/501 819/2207/502 795/2233/478
f 795/2234/478 819/2235/502 820/2236/503 796/2237/479
f 796/2237/479 820/2236/503 821/2238/504 797/2239/480
f 797/2240/480 821/2209/504 822/2210/505 798/2241/481
f 798/2241/481 822/2210/505 823/2211/506 799/2242/482
f 799/2242/482 823/2211/506 824/2212/507 800/2243/483
f 800/2243/483 824/2212/507 825/2213/508 801/2244/484
f 801/2244/484 825/2213/508 826/2214/509 802/2245/485
f 802/2245/485 826/2214/509 827/2215/510 803/2246/486
f 803/2246/486 827/2215/510 828/2216/511 804/2247/487
f 804/2247/487 828/2216/511 829/2217/512 805/2248/488
f 805/2248/488 829/2217/512 830/2218/513 806/2249/489
f 806/2249/489 830/2218/513 831/2219/514 807/2250/490
f 807/2250/490 831/2219/514 832/2220/515 808/2251/491
f 808/2251/491 832/2220/515 833/2221/516 809/2252/492
f 809/2252/492 833/2221/516 834/2222/517 810/2253/493
f 810/2253/493 834/2222/517 835/2223/518 811/2254/494
f 811/2254/494 835/2223/518 836/2224/519 812/2255/495
f 812/2255/495 836/2224/519 837/2225/520 813/2256/496
f 813/2256/496 837/2225/520 838/2226/521 814/2257/497
f 814/2257/497 838/2226/521 839/2227/522 815/2258/498
f 815/2258/498 839/2227/522 840/2259/523 816/815/499
f 600/2260/283 648/2261/331 793/2231/476 769/2262/452
f 769/2262/452 793/2231/476 794/2232/477 770/2263/453
f 770/2264/453 794/2265/477 795/2234/478 771/2266/454
f 771/2266/454 795/2234/478 796/2237/479 772/2267/455
f 772/2268/455 796/2269/479 797/2270/480 773/2271/456
f 773/2272/456 797/2239/480 798/2273/481 774/2274/457
f 774/2274/457 798/2273/481 799/2275/482 775/2276/458
f 775/2276/458 799/2275/482 800/2277/483 776/2278/459
f 776/2278/459 800/2277/483 801/2279/484 777/2280/460
f 777/2281/460 801/2244/484 802/2245/485 778/2282/461
f 778/2283/461 802/2284/485 803/2285/486 779/2286/462
f 779/2286/462 803/2285/486 804/2287/487 780/2288/463
f 780/2289/463 804/2247/487 805/2248/488 781/2290/464
f 781/2291/464 805/2292/488 806/2293/489 782/2294/465
f 782/2294/465 806/2293/489 807/2295/490 783/2296/466
f 783/2296/466 807/2295/490 808/2297/491 784/2298/467
f 784/2298/467 808/2297/491 809/2299/492 785/2300/468
f 785/2300/468 809/2299/492 810/2301/493 786/2302/469
f 786/2303/469 810/2253/493 811/2254/494 787/2304/470
f 787/2304/470 811/2254/494 812/2255/495 788/2305/471
f 788/2305/471 812/2255/495 813/2256/496 789/2306/472
f 789/2307/472 813/2308/496 814/2309/497 790/2310/473
f 790/2311/473 814/2257/497 815/2258/498 791/2312/474
f 791/2312/474 815/2258/498 816/815/499 792/814/475
f 625/2313/308 596/2314/279 744/2315/427 1345/2316/1028
f 1345/2317/1028 744/804/427 743/803/426 1346/2318/1029
f 1346/2318/1029 743/803/426 742/2319/425 1347/2320/1030
f 1347/2320/1030 742/2319/425 741/2321/424 1348/2322/1031
f 1348/2322/1031 741/2321/424 740/2323/423 1349/2324/1032
f 1349/2324/1032 740/2323/423 739/2325/422 1350/1630/1033
f 1350/1630/1033 739/2325/422 738/2326/421 1351/1631/1034
f 1351/1631/1034 738/2326/421 737/2327/420 1352/1633/1035
f 1352/1633/1035 737/2327/420 736/2328/419 1353/2329/1036
f 1353/2329/1036 736/2328/419 735/2330/418 1354/2331/1037
f 1354/1639/1037 735/2332/418 734/2333/417 1355/1641/1038
f 1355/1641/1038 734/2333/417 733/2334/416 1356/1643/1039
f 1356/1643/1039 733/2334/416 732/2335/415 1357/1645/1040
f 1357/1645/1040 732/2335/415 731/2336/414 1358/1647/1041
f 1358/1647/1041 731/2336/414 730/2337/413 1359/1649/1042
f 1359/1649/1042 730/2337/413 729/2338/412 1360/1651/1043
f 1360/2339/1043 729/2340/412 728/2341/411 1361/2342/1044
f 1361/2342/1044 728/2341/411 727/2343/410 1362/1658/1045
f 1362/1658/1045 727/2343/410 726/2344/409 1363/1659/1046
f 1363/1659/1046 726/2344/409 725/2345/408 1364/2346/1047
f 1364/2346/1047 725/2345/408 724/2347/407 1365/2348/1048
f 1365/1665/1048 724/2349/407 723/2350/406 1366/1667/1049
f 1366/1667/1049 723/2350/406 722/2351/405 1367/1669/1050
f 1367/1669/1050 722/2351/405 721/811/404 1368/810/1051
f 601/923/284 599/2352/282 768/2353/451 1921/924/1596
f 1921/2354/1596 768/2355/451 767/2356/450 1922/2357/1597
f 1922/2357/1597 767/2356/450 766/2358/449 1923/2359/1598
f 1923/2359/1598 766/2358/449 765/2360/448 1924/933/1599
f 1924/933/1599 765/2360/448 764/2361/447 1925/934/1600
f 1925/934/1600 764/2361/447 763/2362/446 1926/2363/1601
f 1926/2363/1601 763/2362/446 762/2364/445 1927/2365/1602
f 1927/2365/1602 762/2364/445 761/2366/444 1928/2367/1603
f 1928/2367/1603 761/2366/444 760/2368/443 1929/2369/1604
f 1929/2369/1604 760/2368/443 759/2370/442 1930/2371/1605
f 1930/2371/1605 759/2370/442 758/2372/441 1931/2373/1606
f 1931/2373/1606 758/2372/441 757/2374/440 1932/953/1607
f 1932/953/1607 757/2374/440 756/2375/439 1933/954/1608
f 1933/954/1608 756/2375/439 755/2376/438 1934/2377/1609
f 1934/2377/1609 755/2376/438 754/2378/437 1935/2379/1610
f 1935/2379/1610 754/2378/437 753/2380/436 1936/2381/1611
f 1936/2381/1611 753/2380/436 752/2382/435 1937/2383/1612
f 1937/2383/1612 752/2382/435 751/2384/434 1938/2385/1613
f 1938/2385/1613 751/2384/434 750/2386/433 1939/2387/1614
f 1939/2387/1614 750/2386/433 749/2388/432 1940/2389/1615
f 1940/2389/1615 749/2388/432 748/2390/431 1941/2391/1616
f 1941/2391/1616 748/2390/431 747/2392/430 1942/2393/1617
f 1942/2393/1617 747/2392/430 746/2394/429 1943/2395/1618
f 1943/2395/1618 746/2394/429 745/2396/428 1944/2397/1619
f 2042/2398/1717 742/2319/425 743/803/426 2043/802/1718
f 2041/2399/1716 741/2321/424 742/2319/425 2042/2398/1717
f 2040/2400/1715 740/2323/423 741/2321/424 2041/2399/1716
f 2039/2401/1714 739/2325/422 740/2323/423 2040/2400/1715
f 2038/2402/1713 738/2326/421 739/2325/422 2039/2401/1714
f 2037/2403/1712 737/2327/420 738/2326/421 2038/2402/1713
f 2036/2404/1711 736/2328/419 737/2327/420 2037/2403/1712
f 2035/2405/1710 735/2330/418 736/2328/419 2036/2404/1711
f 2034/2406/1709 734/2407/417 735/2330/418 2035/2405/1710
f 2033/2408/1708 733/2409/416 734/2407/417 2034/2406/1709
f 2032/2410/1707 732/2411/415 733/2409/416 2033/2408/1708
f 2031/2412/1706 731/2336/414 732/2335/415 2032/2413/1707
f 2030/2414/1705 730/2415/413 731/2416/414 2031/2417/1706
f 2029/2418/1704 729/2340/412 730/2415/413 2030/2414/1705
f 2028/2419/1703 728/2341/411 729/2340/412 2029/2418/1704
f 2027/2420/1702 727/2343/410 728/2341/411 2028/2419/1703
f 2026/2421/1701 726/2344/409 727/2343/410 2027/2420/1702
f 2025/2422/1700 725/2345/408 726/2344/409 2026/2421/1701
f 2024/2423/1699 724/2347/407 725/2345/408 2025/2422/1700
f 2023/2424/1698 723/2425/406 724/2347/407 2024/2423/1699
f 2022/2426/1697 722/2427/405 723/2425/406 2023/2424/1698
f 2021/2428/1696 721/2429/404 722/2427/405 2022/2426/1697
f 1945/2430/1620 594/2431/277 721/2429/404 2021/2428/1696
f 2019/2432/1694 791/2433/474 792/2434/475 2020/2435/1695
f 2018/2436/1693 790/2310/473 791/2433/474 2019/2432/1694
f 2017/2437/1692 789/2307/472 790/2310/473 2018/2436/1693
f 2016/2438/1691 788/2439/471 789/2307/472 2017/2437/1692
f 2015/2440/1690 787/2441/470 788/2439/471 2016/2438/1691
f 2014/2442/1689 786/2302/469 787/2441/470 2015/2440/1690
f 2013/2443/1688 785/2300/468 786/2302/469 2014/2442/1689
f 2012/2444/1687 784/2298/467 785/2300/468 2013/2443/1688
f 2011/2445/1686 783/2296/466 784/2298/467 2012/2444/1687
f 2010/2446/1685 782/2294/465 783/2296/466 2011/2445/1686
f 2009/2447/1684 781/2291/464 782/2294/465 2010/2446/1685
f 2008/2448/1683 780/2288/463 781/2291/464 2009/2447/1684
f 2007/2449/1682 779/2286/462 780/2288/463 2008/2448/1683
f 2006/2450/1681 778/2283/461 779/2286/462 2007/2449/1682
f 2005/2451/1680 777/2281/460 778/2282/461 2006/2452/1681
f 2004/2453/1679 776/2278/459 777/2280/460 2005/2454/1680
f 2003/2455/1678 775/2276/458 776/2278/459 2004/2453/1679
f 2002/2456/1677 774/2274/457 775/2276/458 2003/2455/1678
f 2001/2457/1676 773/2272/456 774/2274/457 2002/2456/1677
f 2000/2458/1675 772/2267/455 773/2272/456 2001/2457/1676
f 1999/2459/1674 771/2266/454 772/2267/455 2000/2458/1675
f 1998/2460/1673 770/2461/453 771/2462/454 1999/2463/1674
f 1997/2464/1672 769/2465/452 770/2466/453 1998/2467/1673
f 1947/2468/1622 600/2469/283 769/2465/452 1997/2464/1672
f 1995/2470/1670 647/2203/330 648/2229/331 1996/2471/1671
f 1994/2472/1669 646/2177/329 647/2203/330 1995/2470/1670
f 1993/2473/1668 645/2150/328 646/2177/329 1994/2472/1669
f 1992/2474/1667 644/2124/327 645/2150/328 1993/2473/1668
f 1991/2475/1666 643/2098/326 644/2124/327 1992/2474/1667
f 1990/2476/1665 642/2071/325 643/2098/326 1991/2475/1666
f 1989/2477/1664 641/2045/324 642/2071/325 1990/2476/1665
f 1988/2478/1663 640/2019/323 641/2045/324 1989/2477/1664
f 1987/2479/1662 639/1993/322 640/2019/323 1988/2478/1663
f 1986/2480/1661 638/1968/321 639/1993/322 1987/2479/1662
f 1985/2481/1660 637/1941/320 638/1968/321 1986/2480/1661
f 1984/2482/1659 636/1914/319 637/1941/320 1985/2481/1660
f 1983/2483/1658 635/1887/318 636/1914/319 1984/2482/1659
f 1982/2484/1657 634/1858/317 635/1887/318 1983/2483/1658
f 1981/2485/1656 633/1859/316 634/1858/317 1982/2484/1657
f 1980/2486/1655 632/2487/315 633/1859/316 1981/2485/1656
f 1979/2488/1654 631/1779/314 632/2487/315 1980/2486/1655
f 1978/2489/1653 630/1752/313 631/1779/314 1979/2488/1654
f 1977/2490/1652 629/1725/312 630/1752/313 1978/2489/1653
f 1976/2491/1651 628/1698/311 629/1725/312 1977/2490/1652
f 1975/2492/1650 627/1671/310 628/1698/311 1976/2491/1651
f 1974/2493/1649 626/1613/309 627/1671/310 1975/2492/1650
f 1973/2494/1648 625/1614/308 626/1613/309 1974/2493/1649
f 1946/2495/1621 596/2496/279 625/1614/308 1973/2494/1648
f 1971/2497/1646 695/867/378 696/2498/379 1972/2499/1647
f 1970/2500/1645 694/865/377 695/867/378 1971/2497/1646
f 1969/2501/1644 693/863/376 694/865/377 1970/2500/1645
f 1968/2502/1643 692/861/375 693/863/376 1969/2501/1644
f 1967/2503/1642 691/859/374 692/861/375 1968/2502/1643
f 1966/2504/1641 690/857/373 691/859/374 1967/2503/1642
f 1965/2505/1640 689/855/372 690/857/373 1966/2504/1641
f 1964/2506/1639 688/853/371 689/855/372 1965/2505/1640
f 1963/2507/1638 687/851/370 688/853/371 1964/2506/1639
f 1962/2508/1637 686/849/369 687/851/370 1963/2507/1638
f 1961/2509/1636 685/847/368 686/849/369 1962/2508/1637
f 1960/2510/1635 684/844/367 685/847/368 1961/2509/1636
f 1959/2511/1634 683/845/366 684/844/367 1960/2510/1635
f 1958/2512/1633 682/2513/365 683/845/366 1959/2511/1634
f 1957/2514/1632 681/835/364 682/2513/365 1958/2512/1633
f 1956/2515/1631 680/833/363 681/835/364 1957/2514/1632
f 1955/2516/1630 679/831/362 680/833/363 1956/2515/1631
f 1954/2517/1629 678/829/361 679/831/362 1955/2516/1630
f 1953/2518/1628 677/827/360 678/829/361 1954/2517/1629
f 1952/2519/1627 676/825/359 677/827/360 1953/2518/1628
f 1951/2520/1626 675/823/358 676/825/359 1952/2519/1627
f 1950/2521/1625 674/820/357 675/823/358 1951/2520/1626
f 1949/2522/1624 673/821/356 674/820/357 1950/2521/1625
f 1948/2523/1623 598/2524/281 673/2525/356 1949/2526/1624
f 1972/2499/1647 696/2498/379 594/2527/277 1945/2528/1620
f 2020/2435/1695 792/2434/475 598/2529/281 1948/2530/1623
f 1996/2471/1671 648/2229/331 600/2531/283 1947/2532/1622
f 2044/2533/1719 744/2315/427 596/2314/279 1946/2534/1621
f 697/1574/380 2044/805/1719 1946/2535/1621 595/2536/278
f 601/2537/284 1996/2471/1671 1947/2532/1622 599/2538/282
f 745/2396/428 2020/2435/1695 1948/2530/1623 597/2539/280
f 649/2540/332 1972/2499/1647 1945/2528/1620 593/2541/276
f 597/808/280 1948/2542/1623 1949/2543/1624 672/809/355
f 672/921/355 1949/2522/1624 1950/2521/1625 671/919/354
f 671/2271/354 1950/2544/1625 1951/2545/1626 670/2546/353
f 670/917/353 1951/2520/1626 1952/2519/1627 669/915/352
f 669/915/352 1952/2519/1627 1953/2518/1628 668/913/351
f 668/913/351 1953/2518/1628 1954/2517/1629 667/911/350
f 667/911/350 1954/2517/1629 1955/2516/1630 666/909/349
f 666/909/349 1955/2516/1630 1956/2515/1631 665/907/348
f 665/907/348 1956/2515/1631 1957/2514/1632 664/905/347
f 664/905/347 1957/2514/1632 1958/2512/1633 663/903/346
f 663/903/346 1958/2512/1633 1959/2511/1634 662/901/345
f 662/901/345 1959/2511/1634 1960/2510/1635 661/899/344
f 661/899/344 1960/2510/1635 1961/2509/1636 660/897/343
f 660/897/343 1961/2509/1636 1962/2508/1637 659/895/342
f 659/895/342 1962/2508/1637 1963/2507/1638 658/893/341
f 658/893/341 1963/2507/1638 1964/2506/1639 657/891/340
f 657/891/340 1964/2506/1639 1965/2505/1640 656/889/339
f 656/889/339 1965/2505/1640 1966/2504/1641 655/887/338
f 655/887/338 1966/2504/1641 1967/2503/1642 654/885/337
f 654/885/337 1967/2503/1642 1968/2502/1643 653/883/336
f 653/883/336 1968/2502/1643 1969/2501/1644 652/881/335
f 652/881/335 1969/2501/1644 1970/2500/1645 651/878/334
f 651/878/334 1970/2500/1645 1971/2497/1646 650/879/333
f 650/879/333 1971/2497/1646 1972/2499/1647 649/2540/332
f 595/2547/278 1946/2495/1621 1973/2494/1648 624/2548/307
f 624/2548/307 1973/2494/1648 1974/2493/1649 623/1511/306
f 623/1511/306 1974/2493/1649 1975/2492/1650 622/1485/305
f 622/1485/305 1975/2492/1650 1976/2491/1651 621/1458/304
f 621/1458/304 1976/2491/1651 1977/2490/1652 620/1431/303
f 620/1431/303 1977/2490/1652 1978/2489/1653 619/1405/302
f 619/1405/302 1978/2489/1653 1979/2488/1654 618/1378/301
f 618/1378/301 1979/2488/1654 1980/2486/1655 617/1352/300
f 617/1352/300 1980/2486/1655 1981/2485/1656 616/1325/299
f 616/1325/299 1981/2485/1656 1982/2484/1657 615/1299/298
f 615/1299/298 1982/2484/1657 1983/2483/1658 614/1273/297
f 614/1273/297 1983/2483/1658 1984/2482/1659 613/1246/296
f 613/1246/296 1984/2482/1659 1985/2481/1660 612/1220/295
f 612/1220/295 1985/2481/1660 1986/2480/1661 611/1193/294
f 611/1193/294 1986/2480/1661 1987/2479/1662 610/1166/293
f 610/1166/293 1987/2479/1662 1988/2478/1663 609/1140/292
f 609/1140/292 1988/2478/1663 1989/2477/1664 608/1113/291
f 608/1113/291 1989/2477/1664 1990/2476/1665 607/1087/290
f 607/1087/290 1990/2476/1665 1991/2475/1666 606/1061/289
f 606/1061/289 1991/2475/1666 1992/2474/1667 605/1035/288
f 605/1035/288 1992/2474/1667 1993/2473/1668 604/1006/287
f 604/1006/287 1993/2473/1668 1994/2472/1669 603/1007/286
f 603/1007/286 1994/2472/1669 1995/2470/1670 602/2549/285
f 602/2549/285 1995/2470/1670 1996/2471/1671 601/2537/284
f 599/2550/282 1947/2468/1622 1997/2464/1672 768/2551/451
f 768/2552/451 1997/2553/1672 1998/2554/1673 767/2555/450
f 767/2356/450 1998/2556/1673 1999/2459/1674 766/2358/449
f 766/2358/449 1999/2459/1674 2000/2458/1675 765/2360/448
f 765/2360/448 2000/2458/1675 2001/2457/1676 764/2361/447
f 764/2361/447 2001/2457/1676 2002/2456/1677 763/2362/446
f 763/2362/446 2002/2456/1677 2003/2455/1678 762/2364/445
f 762/2364/445 2003/2455/1678 2004/2453/1679 761/2366/444
f 761/2366/444 2004/2453/1679 2005/2454/1680 760/2368/443
f 760/2368/443 2005/2454/1680 2006/2450/1681 759/2370/442
f 759/2370/442 2006/2450/1681 2007/2449/1682 758/2372/441
f 758/2372/441 2007/2449/1682 2008/2448/1683 757/2374/440
f 757/2374/440 2008/2448/1683 2009/2447/1684 756/2375/439
f 756/2375/439 2009/2447/1684 2010/2446/1685 755/2376/438
f 755/2376/438 2010/2446/1685 2011/2445/1686 754/2378/437
f 754/2378/437 2011/2445/1686 2012/2444/1687 753/2380/436
f 753/2380/436 2012/2444/1687 2013/2443/1688 752/2382/435
f 752/2382/435 2013/2443/1688 2014/2442/1689 751/2384/434
f 751/2384/434 2014/2442/1689 2015/2440/1690 750/2386/433
f 750/2386/433 2015/2440/1690 2016/2438/1691 749/2388/432
f 749/2388/432 2016/2438/1691 2017/2437/1692 748/2390/431
f 748/2390/431 2017/2437/1692 2018/2436/1693 747/2392/430
f 747/2392/430 2018/2436/1693 2019/2432/1694 746/2394/429
f 746/2394/429 2019/2432/1694 2020/2435/1695 745/2396/428
f 593/2557/276 1945/2430/1620 2021/2428/1696 720/2558/403
f 720/2558/403 2021/2428/1696 2022/2426/1697 719/2559/402
f 719/2559/402 2022/2426/1697 2023/2424/1698 718/1610/401
f 718/1610/401 2023/2424/1698 2024/2423/1699 717/1608/400
f 717/1608/400 2024/2423/1699 2025/2422/1700 716/1606/399
f 716/1606/399 2025/2422/1700 2026/2421/1701 715/1604/398
f 715/1604/398 2026/2421/1701 2027/2420/1702 714/1602/397
f 714/1602/397 2027/2420/1702 2028/2419/1703 713/1601/396
f 713/1601/396 2028/2419/1703 2029/2418/1704 712/1600/395
f 712/1600/395 2029/2418/1704 2030/2414/1705 711/1599/394
f 711/1599/394 2030/2414/1705 2031/2417/1706 710/1597/393
f 710/2560/393 2031/2412/1706 2032/2413/1707 709/2561/392
f 709/1595/392 2032/2410/1707 2033/2408/1708 708/1593/391
f 708/1593/391 2033/2408/1708 2034/2406/1709 707/1591/390
f 707/1591/390 2034/2406/1709 2035/2405/1710 706/1589/389
f 706/1589/389 2035/2405/1710 2036/2404/1711 705/1587/388
f 705/1587/388 2036/2404/1711 2037/2403/1712 704/1585/387
f 704/1585/387 2037/2403/1712 2038/2402/1713 703/1583/386
f 703/1583/386 2038/2402/1713 2039/2401/1714 702/1582/385
f 702/1582/385 2039/2401/1714 2040/2400/1715 701/1581/384
f 701/1581/384 2040/2400/1715 2041/2399/1716 700/1580/383
f 700/1580/383 2041/2399/1716 2042/2398/1717 699/1579/382
f 699/1579/382 2042/2398/1717 2043/802/1718 698/1577/381
f 698/1577/381 2043/802/1718 2044/805/1719 697/1574/380
o Collision
v -0.242550 0.000000 0.249261
v -0.242550 2.200000 0.249261
v -0.242550 0.000000 -0.249261
v -0.242550 2.200000 -0.249261
v 0.242550 0.000000 0.249261
v 0.242550 2.200000 0.249261
v 0.242550 0.000000 -0.249261
v 0.242550 2.200000 -0.249261
vn -1.0000 -0.0000 -0.0000
vn -0.0000 -0.0000 -1.0000
vn 1.0000 -0.0000 -0.0000
vn -0.0000 -0.0000 1.0000
vn -0.0000 -1.0000 -0.0000
vn -0.0000 1.0000 -0.0000
vt 0.375000 0.000000
vt 0.625000 0.000000
vt 0.625000 0.250000
vt 0.375000 0.250000
vt 0.625000 0.500000
vt 0.375000 0.500000
vt 0.625000 0.750000
vt 0.375000 0.750000
vt 0.625000 1.000000
vt 0.375000 1.000000
vt 0.125000 0.500000
vt 0.125000 0.750000
vt 0.875000 0.500000
vt 0.875000 0.750000
s 0
f 2045/2562/1720 2046/2563/1720 2048/2564/1720 2047/2565/1720
f 2047/2565/1721 2048/2564/1721 2052/2566/1721 2051/2567/1721
f 2051/2567/1722 2052/2566/1722 2050/2568/1722 2049/2569/1722
f 2049/2569/1723 2050/2568/1723 2046/2570/1723 2045/2571/1723
f 2047/2572/1724 2051/2567/1724 2049/2569/1724 2045/2573/1724
f 2052/2566/1725 2048/2574/1725 2046/2575/1725 2050/2568/1725
