# Blender 5.0.1
# www.blender.org
mtllib Key.mtl
o Key
v 0.002884 0.003754 0.062142
v 0.000134 0.005366 0.062147
v -0.002616 0.003754 0.062137
v -0.003741 -0.000307 0.062091
v -0.002616 -0.004367 0.062149
v 0.000134 -0.005980 0.062164
v 0.002884 -0.004367 0.062154
v 0.004009 -0.000307 0.062098
v 0.002635 0.005167 0.064878
v 0.000132 0.006580 0.064763
v -0.002372 0.005167 0.064874
v -0.003181 -0.000303 0.064312
v -0.002372 -0.005772 0.064890
v 0.000132 -0.007185 0.064783
v 0.002635 -0.005772 0.064895
v 0.003446 -0.000303 0.064318
v -0.002226 -0.032191 0.110355
v -0.002234 -0.019334 0.119447
v -0.002233 -0.010232 0.119850
v -0.002191 -0.000291 0.072261
v -0.002192 -0.010890 0.072380
v -0.002194 -0.021384 0.074790
v -0.002201 -0.032496 0.081991
v -0.002215 -0.036455 0.094713
v -0.002251 -0.037115 0.114615
v -0.002261 -0.022794 0.126402
v -0.002263 -0.011363 0.129141
v -0.002207 -0.011850 0.066398
v -0.002210 -0.022837 0.069166
v -0.002219 -0.037173 0.078609
v -0.002237 -0.043854 0.095026
v -0.002263 -0.000205 0.129723
v -0.002233 -0.000220 0.119482
v 0.002448 -0.032192 0.110359
v 0.002440 -0.019334 0.119451
v 0.002424 -0.037115 0.114619
v 0.002413 -0.022794 0.126407
v 0.002439 -0.010232 0.119854
v 0.002410 -0.011363 0.129145
v 0.002482 -0.010890 0.072384
v 0.002480 -0.021384 0.074794
v 0.002467 -0.011850 0.066403
v 0.002464 -0.022837 0.069171
v 0.002474 -0.032496 0.081996
v 0.002456 -0.037173 0.078613
v 0.002465 -0.036455 0.094717
v 0.002444 -0.043855 0.095031
v 0.002439 -0.000220 0.119486
v 0.002409 -0.000205 0.129727
v 0.002483 -0.000291 0.072265
v -0.002225 0.031723 0.110259
v -0.002233 0.018894 0.119389
v -0.002233 0.009793 0.119820
v -0.002191 0.010308 0.072348
v -0.002193 0.020808 0.074727
v -0.002200 0.031942 0.081895
v -0.002214 0.035940 0.094605
v -0.002250 0.036660 0.114504
v -0.002260 0.022374 0.126335
v -0.002262 0.010951 0.129107
v -0.002206 0.011249 0.066364
v -0.002209 0.022245 0.069099
v -0.002217 0.036609 0.078498
v -0.002235 0.043340 0.094896
v 0.002449 0.031723 0.110264
v 0.002441 0.018894 0.119394
v 0.002425 0.036660 0.114509
v 0.002413 0.022374 0.126339
v 0.002439 0.009793 0.119824
v 0.002410 0.010951 0.129111
v 0.002483 0.010308 0.072352
v 0.002481 0.020808 0.074731
v 0.002467 0.011249 0.066368
v 0.002465 0.022245 0.069103
v 0.002475 0.031942 0.081899
v 0.002457 0.036609 0.078502
v 0.002466 0.035940 0.094609
v 0.002446 0.043340 0.094900
v 0.000130 -0.011974 0.066278
v 0.000127 -0.022888 0.069054
v 0.000119 -0.037298 0.078536
v 0.000104 -0.044118 0.095028
v 0.000086 -0.037244 0.114686
v 0.000076 -0.022853 0.126512
v 0.000073 -0.011386 0.129251
v 0.000073 -0.000205 0.129834
v 0.000074 0.010975 0.129218
v 0.000077 0.022434 0.126444
v 0.000088 0.036789 0.114575
v 0.000105 0.043604 0.094896
v 0.000120 0.036734 0.078425
v 0.000128 0.022295 0.068986
v 0.000131 0.011374 0.066243
v 0.002483 -0.005668 0.072213
v -0.002191 -0.005668 0.072209
v 0.002483 0.005085 0.072197
v -0.002191 0.005085 0.072193
v 0.004931 0.004433 0.037087
v 0.000157 0.006413 0.037080
v -0.004618 0.004434 0.037078
v -0.006596 -0.000344 0.037083
v -0.004618 -0.005122 0.037092
v 0.000156 -0.007102 0.037100
v 0.004931 -0.005122 0.037101
v 0.006909 -0.000345 0.037095
v 0.004652 -0.000314 0.057397
v 0.003330 0.003796 0.057386
v 0.000138 0.005499 0.057377
v -0.003053 0.003796 0.057380
v -0.004375 -0.000314 0.057389
v -0.003054 -0.004424 0.057392
v 0.000138 -0.006126 0.057394
v 0.003330 -0.004424 0.057398
v -0.003325 -0.032922 0.110816
v -0.003512 -0.033525 0.111359
v -0.003326 -0.037843 0.094712
v -0.003500 -0.038675 0.094751
v -0.003330 -0.019560 0.120191
v -0.003520 -0.019968 0.121084
v -0.003327 -0.010213 0.120542
v -0.003520 -0.010326 0.121724
v -0.003326 -0.000219 0.120160
v -0.003519 -0.000217 0.121459
v -0.003287 0.010389 0.071576
v -0.003474 0.010494 0.070818
v -0.003287 0.005091 0.071417
v -0.003474 0.005095 0.070531
v -0.003474 -0.000294 0.070522
v -0.003287 -0.000293 0.071485
v -0.003287 -0.005676 0.071433
v -0.003474 -0.005683 0.070547
v -0.003475 -0.011081 0.070850
v -0.003287 -0.010974 0.071608
v -0.003290 -0.021691 0.074079
v -0.003477 -0.021874 0.073368
v -0.003299 -0.033236 0.081529
v -0.003485 -0.033812 0.081101
v -0.003329 -0.036323 0.114188
v -0.003514 -0.035705 0.113656
v -0.003335 -0.022424 0.125733
v -0.003523 -0.021966 0.124866
v -0.003330 -0.042246 0.095029
v -0.003501 -0.041376 0.094991
v -0.003334 -0.011222 0.128462
v -0.003525 -0.011054 0.127285
v -0.003334 -0.000206 0.129043
v -0.003525 -0.000208 0.127744
v -0.003476 -0.000300 0.066358
v -0.003396 -0.000302 0.065385
v -0.003472 0.005114 0.066835
v -0.003301 0.005134 0.065947
v -0.003283 -0.011687 0.067159
v -0.003472 -0.011555 0.067913
v -0.003472 -0.005713 0.066851
v -0.003301 -0.005736 0.065964
v -0.003286 -0.022522 0.069875
v -0.003475 -0.022336 0.070586
v -0.003298 -0.036398 0.079070
v -0.003484 -0.035816 0.079498
v -0.003334 0.010808 0.128429
v -0.003524 0.010637 0.127252
v -0.003326 0.009776 0.120512
v -0.003519 0.009892 0.121693
v 0.003505 -0.032922 0.110822
v 0.003690 -0.033525 0.111366
v 0.003534 -0.037843 0.094719
v 0.003708 -0.038675 0.094758
v 0.003493 -0.019560 0.120197
v 0.003681 -0.019968 0.121089
v 0.003490 -0.010213 0.120548
v 0.003680 -0.010326 0.121730
v 0.003502 -0.036323 0.114194
v 0.003688 -0.035706 0.113663
v 0.003538 -0.042246 0.095035
v 0.003708 -0.041376 0.094997
v 0.003488 -0.022425 0.125739
v 0.003678 -0.021966 0.124871
v 0.003482 -0.011222 0.128468
v 0.003675 -0.011054 0.127291
v 0.003489 -0.000219 0.120166
v 0.003681 -0.000217 0.121465
v 0.003481 -0.000206 0.129049
v 0.003675 -0.000208 0.127751
v 0.003538 -0.010974 0.071614
v 0.003727 -0.011081 0.070856
v 0.003727 -0.005683 0.070554
v 0.003538 -0.005676 0.071439
v 0.003535 -0.021691 0.074085
v 0.003724 -0.021874 0.073374
v 0.003531 -0.033236 0.081536
v 0.003718 -0.033812 0.081107
v 0.003737 -0.000300 0.066364
v 0.003658 -0.000302 0.065391
v 0.003562 -0.005736 0.065970
v 0.003731 -0.005713 0.066858
v 0.003729 -0.011555 0.067919
v 0.003542 -0.011687 0.067165
v 0.003539 -0.022523 0.069881
v 0.003727 -0.022337 0.070592
v 0.003534 -0.036398 0.079076
v 0.003719 -0.035816 0.079505
v 0.003490 0.009776 0.120518
v 0.003681 0.009892 0.121700
v 0.003483 0.010808 0.128435
v 0.003676 0.010637 0.127259
v 0.003727 -0.000294 0.070528
v 0.003538 -0.000293 0.071491
v 0.003727 0.005095 0.070538
v 0.003538 0.005091 0.071423
v 0.003542 0.011088 0.067131
v 0.003730 0.010959 0.067885
v 0.003562 0.005134 0.065954
v 0.003732 0.005114 0.066841
v -0.003324 0.032456 0.110718
v -0.003511 0.033060 0.111259
v -0.003330 0.019121 0.120133
v -0.003519 0.019533 0.121024
v -0.003325 0.037328 0.094600
v -0.003498 0.038160 0.094636
v -0.003289 0.021114 0.074015
v -0.003476 0.021295 0.073303
v -0.003298 0.032681 0.081431
v -0.003483 0.033256 0.081000
v -0.003328 0.035866 0.114079
v -0.003513 0.035248 0.113550
v -0.003329 0.041732 0.094903
v -0.003499 0.040862 0.094867
v -0.003334 0.022003 0.125666
v -0.003523 0.021542 0.124799
v -0.003472 0.010959 0.067879
v -0.003283 0.011088 0.067125
v -0.003285 0.021932 0.069808
v -0.003474 0.021749 0.070519
v -0.003296 0.035835 0.078961
v -0.003482 0.035255 0.079392
v 0.003506 0.032455 0.110724
v 0.003692 0.033060 0.111266
v 0.003536 0.037328 0.094606
v 0.003709 0.038160 0.094642
v 0.003494 0.019121 0.120139
v 0.003682 0.019533 0.121031
v 0.003504 0.035866 0.114086
v 0.003690 0.035247 0.113556
v 0.003539 0.041732 0.094909
v 0.003710 0.040861 0.094874
v 0.003489 0.022003 0.125672
v 0.003679 0.021542 0.124807
v 0.003727 0.010493 0.070824
v 0.003538 0.010389 0.071582
v 0.003536 0.021114 0.074021
v 0.003725 0.021294 0.073310
v 0.003532 0.032681 0.081437
v 0.003719 0.033256 0.081007
v 0.003540 0.021932 0.069814
v 0.003728 0.021748 0.070526
v 0.003535 0.035835 0.078967
v 0.003720 0.035255 0.079398
v 0.004880 0.004364 0.030906
v 0.000162 0.006318 0.030898
v -0.004556 0.004364 0.030897
v -0.006510 -0.000354 0.030903
v -0.004556 -0.005071 0.030911
v 0.000162 -0.007026 0.030919
v 0.004880 -0.005072 0.030920
v 0.006834 -0.000354 0.030915
v 0.004883 0.004358 0.027103
v 0.000166 0.006312 0.027096
v -0.004552 0.004358 0.027095
v -0.006506 -0.000359 0.027100
v -0.004552 -0.005077 0.027109
v 0.000165 -0.007031 0.027116
v 0.004883 -0.005077 0.027117
v 0.006837 -0.000360 0.027112
v -0.006548 -0.000338 0.041274
v -0.004585 -0.005232 0.041284
v 0.000153 -0.007259 0.041293
v 0.004891 -0.005232 0.041293
v 0.006853 -0.000338 0.041286
v 0.004891 0.004556 0.041278
v 0.000153 0.006583 0.041272
v -0.004585 0.004556 0.041270
v -0.007058 -0.000347 0.035458
v -0.004945 -0.005449 0.035467
v 0.000158 -0.007563 0.035475
v 0.005260 -0.005450 0.035476
v 0.007374 -0.000347 0.035471
v 0.005261 0.004756 0.035461
v 0.000158 0.006869 0.035453
v -0.004944 0.004756 0.035452
v -0.006508 -0.000353 0.031589
v -0.004554 -0.005068 0.031597
v 0.000161 -0.007022 0.031605
v 0.004877 -0.005069 0.031606
v 0.006831 -0.000353 0.031601
v 0.004877 0.004363 0.031592
v 0.000162 0.006316 0.031585
v -0.004554 0.004363 0.031583
v -0.007056 -0.000350 0.033253
v -0.004943 -0.005453 0.033262
v 0.000160 -0.007566 0.033270
v 0.005262 -0.005453 0.033272
v 0.007376 -0.000350 0.033266
v 0.005263 0.004752 0.033256
v 0.000160 0.006866 0.033248
v -0.004942 0.004752 0.033247
v -0.006978 -0.000343 0.038256
v -0.004889 -0.005410 0.038268
v 0.000155 -0.007511 0.038279
v 0.005200 -0.005411 0.038277
v 0.007289 -0.000343 0.038269
v 0.005200 0.004725 0.038262
v 0.000156 0.006826 0.038258
v -0.004889 0.004725 0.038253
v -0.005078 0.004886 0.029496
v -0.004962 0.004770 0.030014
v -0.007085 -0.000355 0.030020
v -0.007249 -0.000356 0.029502
v -0.004962 -0.005480 0.030030
v -0.005078 -0.005597 0.029512
v 0.000163 -0.007603 0.030038
v 0.000163 -0.007769 0.029520
v 0.005288 -0.005480 0.030039
v 0.005405 -0.005598 0.029521
v 0.007410 -0.000355 0.030033
v 0.007576 -0.000356 0.029515
v 0.005288 0.004770 0.030024
v 0.005405 0.004886 0.029505
v 0.000163 0.006892 0.030016
v 0.000164 0.007057 0.029497
v -0.004958 0.004765 0.027926
v -0.005077 0.004884 0.028436
v -0.007248 -0.000357 0.028442
v -0.007080 -0.000358 0.027931
v -0.005077 -0.005599 0.028452
v -0.004958 -0.005481 0.027941
v 0.000164 -0.007770 0.028460
v 0.000165 -0.007603 0.027949
v 0.005406 -0.005599 0.028462
v 0.005288 -0.005481 0.027950
v 0.007577 -0.000358 0.028456
v 0.007410 -0.000358 0.027944
v 0.005406 0.004884 0.028446
v 0.005288 0.004765 0.027935
v 0.000164 0.007055 0.028438
v 0.000165 0.006887 0.027927
v 0.004791 0.004236 0.014942
v 0.000177 0.006147 0.014935
v -0.004437 0.004236 0.014934
v -0.006349 -0.000378 0.014939
v -0.004438 -0.004992 0.014948
v 0.000176 -0.006903 0.014955
v 0.004790 -0.004992 0.014956
v 0.006702 -0.000378 0.014951
v 0.004429 0.003554 -0.118472
v 0.000297 0.005265 -0.118479
v -0.003836 0.003554 -0.118480
v -0.005548 -0.000579 -0.118475
v -0.003836 -0.004711 -0.118467
v 0.000296 -0.006423 -0.118461
v 0.004429 -0.004711 -0.118460
v 0.006141 -0.000579 -0.118465
v 0.004007 0.003130 -0.119342
v 0.000297 0.004667 -0.119348
v -0.003413 0.003130 -0.119349
v -0.004950 -0.000580 -0.119345
v -0.003413 -0.004290 -0.119338
v 0.000297 -0.005827 -0.119332
v 0.004007 -0.004290 -0.119331
v 0.005544 -0.000580 -0.119335
v 0.004223 0.003343 -0.120611
v 0.000299 0.004968 -0.120617
v -0.003626 0.003343 -0.120618
v -0.005252 -0.000582 -0.120614
v -0.003627 -0.004507 -0.120606
v 0.000298 -0.006133 -0.120600
v 0.004223 -0.004507 -0.120599
v 0.005849 -0.000582 -0.120604
v 0.004113 0.003216 -0.127650
v 0.000305 0.004754 -0.127656
v -0.003504 0.003216 -0.127657
v -0.005042 -0.000593 -0.127653
v -0.003504 -0.004401 -0.127646
v 0.000305 -0.005940 -0.127640
v 0.004113 -0.004402 -0.127639
v 0.005652 -0.000593 -0.127643
v 0.000305 0.003222 -0.128195
v -0.002596 0.002308 -0.128197
v -0.003510 -0.000594 -0.128193
v -0.002596 -0.003495 -0.128188
v 0.000305 -0.004409 -0.128184
v 0.003206 -0.003495 -0.128183
v 0.004120 -0.000594 -0.128186
v 0.003206 0.002308 -0.128191
v 0.000305 0.001349 -0.128451
v -0.001464 0.001175 -0.128429
v 0.000305 -0.000594 -0.128478
v -0.001637 -0.000594 -0.128450
v -0.001464 -0.002363 -0.128424
v 0.000305 -0.002537 -0.128445
v 0.002074 -0.002363 -0.128421
v 0.002248 -0.000594 -0.128447
v 0.002074 0.001175 -0.128426
v -0.003917 -0.004789 -0.116842
v 0.000295 -0.006533 -0.116836
v 0.004507 -0.004789 -0.116834
v 0.006252 -0.000576 -0.116839
v 0.004507 0.003636 -0.116847
v 0.000295 0.005380 -0.116854
v -0.003917 0.003636 -0.116855
v -0.005662 -0.000576 -0.116850
v -0.003542 -0.004422 -0.120244
v 0.000298 -0.006013 -0.120238
v 0.004138 -0.004422 -0.120237
v 0.005729 -0.000582 -0.120241
v 0.004139 0.003259 -0.120248
v 0.000298 0.004850 -0.120254
v -0.003542 0.003259 -0.120255
v -0.005133 -0.000582 -0.120251
v -0.003634 -0.004517 -0.121628
v 0.000299 -0.006147 -0.121622
v 0.004233 -0.004517 -0.121621
v 0.005862 -0.000584 -0.121625
v 0.004233 0.003350 -0.121633
v 0.000299 0.004979 -0.121639
v -0.003634 0.003350 -0.121640
v -0.005264 -0.000584 -0.121635
v -0.003630 -0.004525 -0.126540
v 0.000304 -0.006154 -0.126534
v 0.004237 -0.004525 -0.126533
v 0.005867 -0.000591 -0.126538
v 0.004237 0.003342 -0.126545
v 0.000304 0.004972 -0.126551
v -0.003630 0.003343 -0.126552
v -0.005259 -0.000591 -0.126548
v -0.003891 -0.005062 -0.110343
v 0.000289 -0.006709 -0.110612
v 0.004470 -0.005062 -0.110336
v 0.006274 -0.000567 -0.110387
v 0.004521 0.003665 -0.110395
v 0.000289 0.005418 -0.110401
v -0.003943 0.003665 -0.110402
v -0.005696 -0.000567 -0.110398
v -0.004048 -0.005113 -0.069533
v 0.000252 -0.006802 -0.069397
v 0.004553 -0.005113 -0.069526
v 0.006400 -0.000505 -0.069451
v 0.004599 0.003842 -0.069459
v 0.000253 0.005642 -0.069466
v -0.004094 0.003842 -0.069467
v -0.005895 -0.000505 -0.069462
v -0.001993 -0.007123 -0.069717
v 0.000252 -0.007876 -0.069675
v -0.001828 -0.007104 -0.110022
v 0.000289 -0.007837 -0.110259
v 0.002498 -0.007123 -0.069713
v 0.002405 -0.007104 -0.110018
v -0.001727 -0.016741 -0.069701
v 0.000252 -0.016827 -0.069662
v -0.001559 -0.016793 -0.110006
v 0.000289 -0.016877 -0.110246
v 0.002232 -0.016741 -0.069698
v 0.002137 -0.016793 -0.110002
v -0.004149 -0.004874 -0.055986
v 0.000240 -0.006692 -0.055979
v 0.004630 -0.004874 -0.055978
v 0.006448 -0.000485 -0.055983
v 0.004630 0.003905 -0.055991
v 0.000240 0.005723 -0.055998
v -0.004149 0.003905 -0.055999
v -0.005967 -0.000485 -0.055994
v -0.003931 -0.004794 -0.113256
v 0.000292 -0.006543 -0.113250
v 0.004515 -0.004794 -0.113249
v 0.006264 -0.000571 -0.113253
v 0.004515 0.003652 -0.113261
v 0.000292 0.005401 -0.113268
v -0.003931 0.003652 -0.113269
v -0.005681 -0.000571 -0.113264
v -0.001727 -0.018699 -0.069698
v 0.000252 -0.018699 -0.069659
v -0.001355 -0.018449 -0.109827
v 0.000289 -0.018522 -0.110015
v 0.002232 -0.018700 -0.069695
v 0.001932 -0.018449 -0.109824
v -0.001727 -0.018685 -0.094372
v 0.000275 -0.018832 -0.095103
v 0.002276 -0.018685 -0.094368
v 0.002448 -0.016757 -0.095056
v 0.002754 -0.006965 -0.095072
v 0.004826 -0.004816 -0.095083
v 0.006326 -0.000544 -0.095089
v 0.004554 0.003735 -0.095097
v 0.000276 0.005507 -0.095104
v -0.004003 0.003735 -0.095105
v -0.005776 -0.000544 -0.095100
v -0.004275 -0.004816 -0.095091
v -0.002203 -0.006965 -0.095077
v -0.001898 -0.016757 -0.095060
v -0.001728 -0.020502 -0.069695
v 0.000252 -0.020502 -0.069657
v -0.001635 -0.020537 -0.092805
v 0.000273 -0.020537 -0.092908
v 0.002232 -0.020502 -0.069692
v 0.002181 -0.020537 -0.092801
v -0.001728 -0.022485 -0.069692
v 0.000252 -0.022485 -0.069654
v -0.001733 -0.022599 -0.093263
v 0.000273 -0.022459 -0.093374
v 0.002232 -0.022485 -0.069689
v 0.002279 -0.022599 -0.093259
v -0.001574 -0.018517 -0.106739
v 0.000286 -0.018612 -0.106751
v 0.002145 -0.018517 -0.106735
v 0.002411 -0.016772 -0.106735
v 0.002718 -0.006959 -0.106751
v 0.004794 -0.004802 -0.106761
v 0.006286 -0.000561 -0.106768
v 0.004529 0.003682 -0.106776
v 0.000286 0.005439 -0.106782
v -0.003957 0.003682 -0.106783
v -0.005714 -0.000561 -0.106778
v -0.004223 -0.004802 -0.106769
v -0.002146 -0.006959 -0.106755
v -0.001840 -0.016772 -0.106739
v -0.001655 -0.026397 -0.069687
v 0.000252 -0.026397 -0.069648
v -0.001883 -0.025553 -0.093323
v 0.002160 -0.026397 -0.069683
v 0.002430 -0.025553 -0.093320
v 0.000264 -0.025749 -0.082977
v 0.002209 -0.025433 -0.082961
v 0.002486 -0.022505 -0.082963
v 0.002486 -0.020522 -0.082966
v 0.002486 -0.018720 -0.082968
v 0.002486 -0.016742 -0.082971
v 0.002791 -0.006972 -0.082987
v 0.004858 -0.004831 -0.082996
v 0.006368 -0.000525 -0.083003
v 0.004580 0.003790 -0.083011
v 0.000265 0.005578 -0.083017
v -0.004051 0.003790 -0.083018
v -0.005839 -0.000525 -0.083014
v -0.004329 -0.004831 -0.083004
v -0.002262 -0.006972 -0.082991
v -0.001958 -0.016742 -0.082975
v -0.001958 -0.018719 -0.082972
v -0.001957 -0.020522 -0.082970
v -0.001958 -0.022505 -0.082967
v -0.001680 -0.025433 -0.082965
v -0.001759 -0.026471 -0.084468
v 0.000265 -0.026767 -0.084371
v 0.002290 -0.026472 -0.084464
v 0.002482 -0.022507 -0.084418
v 0.002481 -0.020525 -0.084421
v 0.002482 -0.018722 -0.084424
v 0.002482 -0.016744 -0.084427
v 0.002786 -0.006971 -0.084443
v 0.004854 -0.004829 -0.084452
v 0.006363 -0.000528 -0.084458
v 0.004577 0.003784 -0.084467
v 0.000266 0.005569 -0.084473
v -0.004045 0.003784 -0.084474
v -0.005831 -0.000528 -0.084469
v -0.004322 -0.004829 -0.084460
v -0.002255 -0.006971 -0.084447
v -0.001951 -0.016744 -0.084431
v -0.001951 -0.018722 -0.084428
v -0.001950 -0.020525 -0.084425
v -0.001951 -0.022507 -0.084422
v -0.001743 -0.027021 -0.081419
v 0.000263 -0.027629 -0.081552
v 0.002268 -0.027021 -0.081415
v 0.002491 -0.022503 -0.081466
v 0.002491 -0.020520 -0.081469
v 0.002491 -0.018717 -0.081472
v 0.002491 -0.016740 -0.081475
v 0.002796 -0.006973 -0.081491
v 0.004862 -0.004832 -0.081500
v 0.006373 -0.000523 -0.081506
v 0.004584 0.003797 -0.081514
v 0.000263 0.005586 -0.081521
v -0.004057 0.003797 -0.081522
v -0.005847 -0.000523 -0.081517
v -0.004336 -0.004832 -0.081508
v -0.002269 -0.006973 -0.081495
v -0.001965 -0.016740 -0.081479
v -0.001965 -0.018717 -0.081476
v -0.001965 -0.020520 -0.081473
v -0.001965 -0.022503 -0.081470
v -0.001198 -0.034266 -0.069674
v 0.000252 -0.034266 -0.069636
v -0.001173 -0.034438 -0.081251
v 0.000262 -0.034440 -0.081338
v 0.001702 -0.034266 -0.069672
v 0.001698 -0.034438 -0.081248
v -0.001126 -0.034777 -0.084605
v 0.000265 -0.034778 -0.084557
v -0.001105 -0.034790 -0.093142
v 0.000273 -0.034791 -0.093245
v 0.001657 -0.034777 -0.084602
v 0.001651 -0.034790 -0.093140
v -0.000865 -0.036008 -0.069714
v 0.000252 -0.036081 -0.069685
v -0.000846 -0.036025 -0.081193
v 0.000262 -0.036098 -0.081261
v 0.001369 -0.036008 -0.069712
v 0.001371 -0.036025 -0.081191
v -0.000828 -0.036030 -0.084652
v 0.000265 -0.036103 -0.084616
v -0.000812 -0.036043 -0.093072
v 0.000273 -0.036116 -0.093153
v 0.001359 -0.036030 -0.084650
v 0.001358 -0.036043 -0.093070
v -0.001485 -0.029724 -0.093290
v -0.001414 -0.030011 -0.084612
v 0.000265 -0.030016 -0.084564
v 0.001945 -0.030011 -0.084609
v 0.002031 -0.029724 -0.093287
v 0.000273 -0.030034 -0.093422
v -0.001407 -0.022875 -0.110102
v 0.000289 -0.022827 -0.110162
v 0.000289 -0.025711 -0.110222
v -0.001597 -0.025710 -0.110146
v 0.001984 -0.022875 -0.110099
v 0.002174 -0.025710 -0.110142
v 0.000288 -0.030896 -0.110214
v -0.001357 -0.030891 -0.110138
v 0.001934 -0.030891 -0.110135
v -0.001427 -0.028662 -0.094581
v 0.000274 -0.028773 -0.094593
v 0.001976 -0.028662 -0.094578
v 0.002432 -0.025492 -0.094580
v 0.002182 -0.022803 -0.094587
v 0.000275 -0.022741 -0.094602
v -0.001633 -0.022803 -0.094590
v -0.001883 -0.025492 -0.094584
v -0.001476 -0.029739 -0.095761
v 0.000275 -0.030046 -0.095672
v 0.002027 -0.029739 -0.095758
v 0.002432 -0.025558 -0.095735
v 0.002183 -0.022805 -0.095742
v 0.000276 -0.022743 -0.095758
v -0.001632 -0.022805 -0.095745
v -0.001881 -0.025558 -0.095739
v -0.001418 -0.029578 -0.102796
v 0.000282 -0.029689 -0.102808
v 0.001981 -0.029578 -0.102793
v 0.002438 -0.025618 -0.102795
v 0.002190 -0.022816 -0.102803
v 0.000282 -0.022754 -0.102818
v -0.001626 -0.022816 -0.102806
v -0.001874 -0.025618 -0.102799
v -0.001469 -0.030571 -0.101847
v 0.000281 -0.030846 -0.101930
v 0.002031 -0.030571 -0.101844
v 0.002436 -0.025678 -0.101879
v 0.002189 -0.022814 -0.101887
v 0.000281 -0.022752 -0.101902
v -0.001627 -0.022814 -0.101890
v -0.001874 -0.025678 -0.101883
v -0.001468 -0.030577 -0.103798
v 0.000283 -0.030849 -0.103721
v 0.002033 -0.030577 -0.103794
v 0.002438 -0.025682 -0.103776
v 0.002191 -0.022817 -0.103783
v 0.000283 -0.022755 -0.103799
v -0.001625 -0.022817 -0.103787
v -0.001872 -0.025682 -0.103780
v -0.001017 -0.034835 -0.095878
v 0.000275 -0.034836 -0.095817
v -0.001011 -0.034955 -0.101747
v 0.000281 -0.034958 -0.101800
v 0.001568 -0.034835 -0.095876
v 0.001573 -0.034955 -0.101745
v -0.001009 -0.034959 -0.103900
v 0.000283 -0.034961 -0.103846
v -0.001004 -0.034974 -0.110131
v 0.000288 -0.034977 -0.110208
v 0.001575 -0.034959 -0.103897
v 0.001580 -0.034974 -0.110129
v -0.000673 -0.036010 -0.095936
v 0.000276 -0.036072 -0.095889
v -0.000667 -0.036019 -0.101716
v 0.000281 -0.036081 -0.101758
v 0.001224 -0.036010 -0.095935
v 0.001229 -0.036019 -0.101715
v -0.000665 -0.036022 -0.103951
v 0.000283 -0.036084 -0.103911
v -0.000660 -0.036031 -0.110082
v 0.000288 -0.036093 -0.110142
v 0.001231 -0.036022 -0.103950
v 0.001236 -0.036031 -0.110080
v -0.001401 -0.034287 -0.071317
v -0.000981 -0.036083 -0.071317
v 0.000253 -0.036178 -0.071330
v 0.001488 -0.036083 -0.071315
v 0.001908 -0.034287 -0.071314
v 0.002429 -0.026508 -0.071326
v 0.002511 -0.022488 -0.071331
v 0.002511 -0.020505 -0.071334
v 0.002511 -0.018702 -0.071337
v 0.002511 -0.016726 -0.071340
v 0.002815 -0.006972 -0.071356
v 0.004878 -0.004837 -0.071365
v 0.006395 -0.000508 -0.071372
v 0.004596 0.003834 -0.071380
v 0.000254 0.005633 -0.071386
v -0.004088 0.003834 -0.071388
v -0.005887 -0.000508 -0.071383
v -0.004370 -0.004837 -0.071373
v -0.002307 -0.006972 -0.071360
v -0.002004 -0.016726 -0.071344
v -0.002004 -0.018702 -0.071341
v -0.002004 -0.020505 -0.071339
v -0.002004 -0.022488 -0.071336
v -0.001922 -0.026508 -0.071330
v -0.001189 -0.034971 -0.109079
v -0.000750 -0.036090 -0.109080
v 0.000287 -0.036170 -0.109093
v 0.001324 -0.036090 -0.109078
v 0.001764 -0.034971 -0.109077
v 0.002168 -0.030881 -0.109083
v 0.002443 -0.025708 -0.109090
v 0.002195 -0.022825 -0.109097
v 0.000288 -0.022763 -0.109113
v -0.001620 -0.022825 -0.109101
v -0.001867 -0.025708 -0.109094
v -0.001593 -0.030881 -0.109086
v -0.001619 -0.023477 -0.110149
v -0.001893 -0.023475 -0.109097
v -0.001897 -0.023467 -0.103783
v -0.001898 -0.023466 -0.102803
v -0.001899 -0.023464 -0.101887
v -0.001905 -0.023455 -0.095742
v -0.001906 -0.023453 -0.094587
v -0.001907 -0.023452 -0.093327
v -0.001951 -0.023573 -0.084421
v -0.001958 -0.023474 -0.082965
v -0.001966 -0.023569 -0.081469
v -0.002004 -0.023436 -0.071334
v -0.001728 -0.023416 -0.069691
v 0.000252 -0.023416 -0.069652
v 0.002232 -0.023416 -0.069688
v 0.002511 -0.023437 -0.071330
v 0.002491 -0.023569 -0.081465
v 0.002486 -0.023474 -0.082961
v 0.002482 -0.023573 -0.084417
v 0.002454 -0.023452 -0.093323
v 0.002455 -0.023453 -0.094583
v 0.002456 -0.023455 -0.095738
v 0.002461 -0.023464 -0.101883
v 0.002462 -0.023466 -0.102799
v 0.002463 -0.023467 -0.103779
v 0.002468 -0.023475 -0.109093
v 0.002196 -0.023477 -0.110146
v 0.000289 -0.023477 -0.110225
v -0.000930 -0.036114 -0.091661
v 0.000272 -0.036208 -0.091674
v 0.001474 -0.036114 -0.091659
v 0.001849 -0.034788 -0.091658
v 0.002171 -0.030022 -0.091665
v 0.002434 -0.025674 -0.091670
v 0.002459 -0.023467 -0.091674
v 0.002459 -0.022518 -0.091623
v 0.002458 -0.020535 -0.091364
v 0.002459 -0.018733 -0.091629
v 0.002459 -0.016753 -0.091684
v 0.002764 -0.006967 -0.091700
v 0.004835 -0.004820 -0.091710
v 0.006338 -0.000539 -0.091717
v 0.004561 0.003750 -0.091725
v 0.000273 0.005527 -0.091732
v -0.004016 0.003751 -0.091733
v -0.005793 -0.000539 -0.091728
v -0.004290 -0.004820 -0.091719
v -0.002220 -0.006967 -0.091705
v -0.001915 -0.016753 -0.091688
v -0.001915 -0.018733 -0.091633
v -0.001915 -0.020535 -0.091368
v -0.001915 -0.022518 -0.091627
v -0.001915 -0.023467 -0.091678
v -0.001891 -0.025673 -0.091674
v -0.001627 -0.030022 -0.091668
v -0.001306 -0.034788 -0.091661
v -0.001515 -0.028388 -0.084615
v 0.000265 -0.028393 -0.084567
v 0.002046 -0.028388 -0.084611
v 0.002283 -0.028262 -0.091667
v 0.002281 -0.028158 -0.093316
v 0.002288 -0.027720 -0.094577
v 0.002282 -0.028171 -0.095730
v 0.002280 -0.028956 -0.101875
v 0.002285 -0.028523 -0.102791
v 0.002282 -0.028965 -0.103771
v 0.002285 -0.029095 -0.109085
v 0.002037 -0.029104 -0.110137
v 0.000289 -0.029109 -0.110217
v -0.001460 -0.029104 -0.110140
v -0.001710 -0.029095 -0.109089
v -0.001716 -0.028965 -0.103775
v -0.001721 -0.028523 -0.102795
v -0.001718 -0.028956 -0.101879
v -0.001731 -0.028171 -0.095734
v -0.001739 -0.027720 -0.094580
v -0.001734 -0.028158 -0.093319
v -0.001739 -0.028262 -0.091671
v -0.000967 -0.036096 -0.079466
v 0.000261 -0.036190 -0.079479
v 0.001489 -0.036096 -0.079464
v 0.001904 -0.034409 -0.079464
v 0.002415 -0.027180 -0.079478
v 0.002496 -0.023559 -0.079480
v 0.002496 -0.022500 -0.079481
v 0.002495 -0.020517 -0.079484
v 0.002496 -0.018714 -0.079486
v 0.002496 -0.016737 -0.079489
v 0.002800 -0.006973 -0.079505
v 0.004866 -0.004834 -0.079514
v 0.006378 -0.000520 -0.079521
v 0.004587 0.003805 -0.079529
v 0.000262 0.005596 -0.079535
v -0.004063 0.003805 -0.079537
v -0.005855 -0.000520 -0.079532
v -0.004343 -0.004834 -0.079522
v -0.002277 -0.006973 -0.079509
v -0.001974 -0.016737 -0.079493
v -0.001974 -0.018714 -0.079490
v -0.001973 -0.020517 -0.079488
v -0.001974 -0.022500 -0.079485
v -0.001974 -0.023559 -0.079484
v -0.001893 -0.027180 -0.079482
v -0.001383 -0.034409 -0.079467
v -0.000942 -0.036105 -0.085901
v 0.000267 -0.036200 -0.085914
v 0.001475 -0.036105 -0.085898
v 0.001854 -0.034779 -0.085897
v 0.002183 -0.030013 -0.085904
v 0.002297 -0.028364 -0.085906
v 0.002452 -0.026332 -0.085906
v 0.002477 -0.023570 -0.085913
v 0.002477 -0.022510 -0.085908
v 0.002476 -0.020527 -0.085873
v 0.002477 -0.018724 -0.085913
v 0.002477 -0.016746 -0.085924
v 0.002782 -0.006970 -0.085939
v 0.004850 -0.004827 -0.085949
v 0.006358 -0.000530 -0.085955
v 0.004574 0.003777 -0.085963
v 0.000267 0.005561 -0.085970
v -0.004039 0.003777 -0.085971
v -0.005823 -0.000530 -0.085966
v -0.004316 -0.004827 -0.085957
v -0.002248 -0.006970 -0.085944
v -0.001943 -0.016745 -0.085928
v -0.001943 -0.018724 -0.085917
v -0.001943 -0.020527 -0.085877
v -0.001943 -0.022510 -0.085912
v -0.001943 -0.023570 -0.085917
v -0.001919 -0.026332 -0.085910
v -0.001764 -0.028364 -0.085910
v -0.001649 -0.030013 -0.085908
v -0.001321 -0.034779 -0.085900
v -0.000760 -0.036072 -0.096956
v 0.000276 -0.036152 -0.096969
v 0.001313 -0.036072 -0.096955
v 0.001753 -0.034856 -0.096953
v 0.002158 -0.030190 -0.096956
v 0.002281 -0.028403 -0.096959
v 0.002433 -0.025593 -0.096966
v 0.002457 -0.023457 -0.096970
v 0.002184 -0.022807 -0.096974
v 0.000277 -0.022745 -0.096989
v -0.001631 -0.022807 -0.096977
v -0.001904 -0.023457 -0.096974
v -0.001879 -0.025593 -0.096970
v -0.001728 -0.028403 -0.096962
v -0.001605 -0.030189 -0.096959
v -0.001200 -0.034856 -0.096955
v -0.000757 -0.036078 -0.100872
v 0.000280 -0.036157 -0.100884
v 0.001317 -0.036078 -0.100870
v 0.001757 -0.034936 -0.100868
v 0.002161 -0.030714 -0.100876
v 0.002279 -0.028927 -0.100878
v 0.002435 -0.025673 -0.100882
v 0.002460 -0.023463 -0.100885
v 0.002188 -0.022813 -0.100889
v 0.000280 -0.022751 -0.100904
v -0.001627 -0.022813 -0.100892
v -0.001900 -0.023463 -0.100889
v -0.001875 -0.025673 -0.100886
v -0.001719 -0.028927 -0.100882
v -0.001601 -0.030714 -0.100879
v -0.001197 -0.034936 -0.100871
v -0.000753 -0.036084 -0.104959
v 0.000284 -0.036164 -0.104972
v 0.001321 -0.036084 -0.104957
v 0.001760 -0.034961 -0.104956
v 0.002164 -0.030848 -0.104962
v 0.002282 -0.029062 -0.104964
v 0.002439 -0.025698 -0.104969
v 0.002464 -0.023469 -0.104973
v 0.002192 -0.022819 -0.104977
v 0.000284 -0.022757 -0.104992
v -0.001624 -0.022819 -0.104980
v -0.001896 -0.023469 -0.104977
v -0.001871 -0.025697 -0.104973
v -0.001714 -0.029062 -0.104968
v -0.001597 -0.030848 -0.104965
v -0.001193 -0.034961 -0.104959
v -0.001727 -0.009547 -0.069712
v 0.000252 -0.010149 -0.069672
v 0.002232 -0.009547 -0.069708
v 0.002512 -0.009428 -0.071351
v 0.002496 -0.009431 -0.079500
v 0.002491 -0.009431 -0.081486
v 0.002487 -0.009431 -0.082982
v 0.002482 -0.009431 -0.084438
v 0.002477 -0.009431 -0.085935
v 0.002459 -0.009430 -0.091695
v 0.002448 -0.009429 -0.095067
v 0.002411 -0.009428 -0.106746
v 0.002137 -0.009545 -0.110013
v 0.000289 -0.010130 -0.110256
v -0.001559 -0.009545 -0.110016
v -0.001839 -0.009428 -0.106750
v -0.001898 -0.009429 -0.095071
v -0.001914 -0.009430 -0.091699
v -0.001943 -0.009431 -0.085939
v -0.001951 -0.009431 -0.084442
v -0.001958 -0.009431 -0.082986
v -0.001965 -0.009431 -0.081490
v -0.001973 -0.009431 -0.079504
v -0.002004 -0.009428 -0.071355
v 0.000216 0.031605 0.110188
v 0.000208 0.018857 0.119272
v 0.000207 0.009795 0.119711
v 0.000207 -0.000220 0.119375
v 0.000207 -0.010235 0.119741
v 0.000207 -0.019298 0.119329
v 0.000215 -0.032073 0.110283
v 0.000229 -0.036228 0.094715
v 0.000240 -0.032376 0.082068
v 0.000247 -0.021334 0.074906
v 0.000249 -0.010877 0.072506
v 0.000249 -0.005666 0.072336
v 0.000249 -0.000291 0.072388
v 0.000250 0.005084 0.072320
v 0.000250 0.010294 0.072474
v 0.000248 0.020759 0.074843
v 0.000241 0.031823 0.081971
v 0.000230 0.035713 0.094607
v -0.002634 -0.006260 -0.110027
v 0.002446 -0.006343 -0.069395
v 0.001536 -0.007575 -0.069669
v 0.003294 -0.006300 -0.069716
v 0.003211 -0.006260 -0.110022
v 0.001498 -0.007544 -0.110254
v 0.002818 -0.006972 -0.069864
v 0.003725 -0.006109 -0.071360
v -0.001727 -0.007866 -0.069714
v -0.000879 -0.009908 -0.069668
v 0.000252 -0.008553 -0.069675
v -0.002004 -0.007729 -0.071358
v -0.002009 -0.009427 -0.069864
v 0.000289 -0.008523 -0.110259
v -0.000767 -0.009896 -0.110252
v -0.001559 -0.007854 -0.110019
v 0.001384 -0.009908 -0.069666
v 0.002232 -0.007866 -0.069711
v 0.002137 -0.007854 -0.110016
v 0.001344 -0.009896 -0.110250
v 0.002515 -0.009427 -0.069860
v 0.002512 -0.007729 -0.071354
v -0.004098 -0.004853 -0.068579
v 0.000251 -0.006655 -0.068572
v 0.004601 -0.004853 -0.068571
v 0.006403 -0.000504 -0.068576
v 0.004601 0.003846 -0.068584
v 0.000252 0.005647 -0.068591
v -0.004098 0.003846 -0.068592
v -0.005900 -0.000504 -0.068587
v -0.003924 -0.004791 -0.115141
v 0.000293 -0.006538 -0.115135
v 0.004511 -0.004791 -0.115134
v 0.006258 -0.000574 -0.115139
v 0.004511 0.003643 -0.115147
v 0.000294 0.005390 -0.115153
v -0.003924 0.003644 -0.115154
v -0.005671 -0.000574 -0.115149
v -0.000879 -0.016793 -0.069657
v -0.001727 -0.018178 -0.069699
v -0.000879 -0.018699 -0.069655
v 0.000252 -0.018178 -0.069660
v -0.002010 -0.016724 -0.069853
v -0.002004 -0.018181 -0.071342
v -0.002010 -0.018700 -0.069850
v -0.000767 -0.016843 -0.110242
v 0.000289 -0.018239 -0.110244
v -0.000767 -0.018522 -0.110011
v -0.001560 -0.018239 -0.110003
v 0.001384 -0.016793 -0.069655
v 0.001384 -0.018699 -0.069653
v 0.002232 -0.018178 -0.069695
v 0.001344 -0.016843 -0.110240
v 0.002137 -0.018239 -0.110000
v 0.001344 -0.018522 -0.110009
v 0.002514 -0.016724 -0.069849
v 0.002514 -0.018700 -0.069846
v 0.002511 -0.018181 -0.071338
v -0.000811 -0.018832 -0.095098
v -0.001600 -0.018508 -0.100830
v -0.000777 -0.018612 -0.106746
v 0.000280 -0.018603 -0.100842
v 0.001361 -0.018832 -0.095096
v 0.001348 -0.018612 -0.106744
v 0.002161 -0.018508 -0.100827
v 0.002430 -0.016765 -0.100827
v 0.002448 -0.018217 -0.095054
v 0.002411 -0.018234 -0.106733
v 0.002736 -0.006962 -0.100843
v 0.002448 -0.007726 -0.095070
v 0.002430 -0.009429 -0.100838
v 0.002411 -0.007721 -0.106748
v 0.004810 -0.004809 -0.100853
v 0.003670 -0.006091 -0.095077
v 0.003638 -0.006079 -0.106756
v 0.005848 -0.002852 -0.095086
v 0.005812 -0.002850 -0.106765
v 0.006307 -0.000552 -0.100860
v 0.005848 0.001765 -0.095093
v 0.005812 0.001728 -0.106772
v 0.004542 0.003709 -0.100868
v 0.002584 0.005029 -0.095101
v 0.002575 0.004965 -0.106779
v 0.000281 0.005474 -0.100874
v -0.002033 0.005029 -0.095105
v -0.002003 0.004965 -0.106783
v -0.003980 0.003709 -0.100875
v -0.005297 0.001765 -0.095103
v -0.005240 0.001728 -0.106781
v -0.005745 -0.000552 -0.100870
v -0.005297 -0.002852 -0.095096
v -0.005240 -0.002850 -0.106775
v -0.004249 -0.004809 -0.100861
v -0.003119 -0.006091 -0.095083
v -0.003066 -0.006079 -0.106762
v -0.002175 -0.006962 -0.100847
v -0.001898 -0.007726 -0.095074
v -0.001839 -0.007721 -0.106752
v -0.001869 -0.009429 -0.100842
v -0.001898 -0.018217 -0.095058
v -0.001869 -0.016764 -0.100830
v -0.001840 -0.018234 -0.106736
v -0.001727 -0.019508 -0.069697
v -0.000879 -0.020502 -0.069652
v 0.000252 -0.019508 -0.069658
v -0.002004 -0.019510 -0.071340
v -0.002010 -0.020503 -0.069847
v 0.000273 -0.019543 -0.093029
v -0.000817 -0.020537 -0.092903
v -0.001635 -0.019543 -0.092926
v 0.001384 -0.020502 -0.069650
v 0.002232 -0.019508 -0.069693
v 0.002181 -0.019543 -0.092923
v 0.001363 -0.020537 -0.092901
v 0.002514 -0.020503 -0.069843
v 0.002511 -0.019510 -0.071336
v -0.001728 -0.021582 -0.069694
v -0.000879 -0.022485 -0.069649
v 0.000252 -0.021582 -0.069655
v -0.002004 -0.021584 -0.071337
v -0.002010 -0.022485 -0.069844
v 0.000273 -0.021617 -0.093026
v -0.000817 -0.022459 -0.093369
v -0.001635 -0.021617 -0.092923
v 0.001384 -0.022485 -0.069647
v 0.002232 -0.021582 -0.069690
v 0.002181 -0.021617 -0.092920
v 0.001364 -0.022459 -0.093367
v 0.002514 -0.022485 -0.069840
v 0.002511 -0.021584 -0.071333
v -0.001562 -0.018521 -0.109317
v 0.000288 -0.018616 -0.109329
v 0.002138 -0.018521 -0.109314
v 0.002403 -0.016775 -0.109314
v 0.002710 -0.006958 -0.109330
v 0.002403 -0.009428 -0.109325
v 0.004788 -0.004799 -0.109340
v 0.006278 -0.000565 -0.109347
v 0.004523 0.003670 -0.109354
v 0.000288 0.005424 -0.109361
v -0.003947 0.003670 -0.109362
v -0.005701 -0.000565 -0.109357
v -0.004211 -0.004799 -0.109348
v -0.002133 -0.006958 -0.109334
v -0.001827 -0.009428 -0.109328
v -0.001827 -0.016775 -0.109317
v -0.001728 -0.022952 -0.069692
v -0.000879 -0.023416 -0.069648
v 0.000252 -0.022952 -0.069653
v -0.002004 -0.022954 -0.071335
v -0.002010 -0.023416 -0.069843
v -0.000802 -0.022827 -0.110158
v 0.000289 -0.023013 -0.110226
v -0.000802 -0.023477 -0.110221
v -0.001619 -0.023013 -0.110150
v 0.001384 -0.023416 -0.069646
v 0.002232 -0.022952 -0.069688
v 0.001379 -0.022827 -0.110156
v 0.002196 -0.023013 -0.110146
v 0.001379 -0.023477 -0.110219
v 0.002514 -0.023416 -0.069839
v 0.002511 -0.022954 -0.071331
v 0.001375 -0.025749 -0.082970
v 0.000265 -0.026066 -0.083776
v 0.001361 -0.026766 -0.084364
v 0.002206 -0.025710 -0.083761
v 0.002484 -0.022506 -0.083762
v 0.002486 -0.022972 -0.082962
v 0.002484 -0.023514 -0.083761
v 0.002482 -0.022974 -0.084418
v 0.002483 -0.020524 -0.083765
v 0.002486 -0.021602 -0.082964
v 0.002481 -0.021604 -0.084420
v 0.002484 -0.018721 -0.083768
v 0.002486 -0.019528 -0.082967
v 0.002481 -0.019530 -0.084423
v 0.002484 -0.016743 -0.083771
v 0.002486 -0.018198 -0.082969
v 0.002482 -0.018201 -0.084425
v 0.002788 -0.006971 -0.083787
v 0.002487 -0.007730 -0.082985
v 0.002484 -0.009431 -0.083782
v 0.002482 -0.007729 -0.084441
v 0.004856 -0.004830 -0.083796
v 0.003704 -0.006104 -0.082991
v 0.003700 -0.006103 -0.084447
v 0.005886 -0.002854 -0.083000
v 0.005881 -0.002854 -0.084455
v 0.006365 -0.000527 -0.083802
v 0.005886 0.001803 -0.083007
v 0.005881 0.001798 -0.084462
v 0.004579 0.003787 -0.083810
v 0.002593 0.005096 -0.083014
v 0.002592 0.005088 -0.084470
v 0.000265 0.005573 -0.083817
v -0.002064 0.005096 -0.083019
v -0.002060 0.005088 -0.084475
v -0.004048 0.003787 -0.083818
v -0.005356 0.001803 -0.083017
v -0.005349 0.001798 -0.084473
v -0.005835 -0.000527 -0.083813
v -0.005357 -0.002854 -0.083010
v -0.005349 -0.002854 -0.084466
v -0.004325 -0.004830 -0.083804
v -0.003175 -0.006104 -0.082998
v -0.003168 -0.006103 -0.084453
v -0.002258 -0.006971 -0.083791
v -0.001958 -0.007730 -0.082989
v -0.001951 -0.007729 -0.084445
v -0.001954 -0.009431 -0.083786
v -0.001958 -0.018198 -0.082973
v -0.001954 -0.016743 -0.083775
v -0.001951 -0.018200 -0.084429
v -0.001954 -0.018721 -0.083772
v -0.001958 -0.019528 -0.082971
v -0.001950 -0.019530 -0.084427
v -0.001953 -0.020524 -0.083769
v -0.001958 -0.021602 -0.082968
v -0.001950 -0.021604 -0.084424
v -0.001954 -0.022506 -0.083766
v -0.001958 -0.022972 -0.082966
v -0.001951 -0.022974 -0.084422
v -0.001954 -0.023514 -0.083765
v -0.000847 -0.025749 -0.082972
v -0.001677 -0.025710 -0.083764
v -0.000831 -0.026766 -0.084366
v -0.000424 -0.036103 -0.084611
v -0.000944 -0.036104 -0.084784
v -0.000409 -0.036200 -0.085909
v 0.000266 -0.036198 -0.084797
v 0.000955 -0.036103 -0.084610
v 0.000942 -0.036200 -0.085907
v 0.001475 -0.036104 -0.084782
v 0.002480 -0.022508 -0.084799
v 0.002480 -0.023590 -0.084797
v 0.002477 -0.022976 -0.085914
v 0.002480 -0.020525 -0.084802
v 0.002476 -0.021606 -0.085886
v 0.002480 -0.018722 -0.084804
v 0.002476 -0.019532 -0.085890
v 0.002481 -0.016744 -0.084807
v 0.002477 -0.018203 -0.085922
v 0.002785 -0.006971 -0.084823
v 0.002481 -0.009431 -0.084818
v 0.002477 -0.007729 -0.085937
v 0.004853 -0.004828 -0.084832
v 0.003696 -0.006101 -0.085944
v 0.005876 -0.002853 -0.085952
v 0.006362 -0.000528 -0.084839
v 0.005877 0.001794 -0.085959
v 0.004576 0.003782 -0.084847
v 0.002591 0.005079 -0.085967
v 0.000266 0.005567 -0.084853
v -0.002056 0.005079 -0.085971
v -0.004044 0.003782 -0.084854
v -0.005342 0.001794 -0.085969
v -0.005829 -0.000528 -0.084850
v -0.005342 -0.002853 -0.085962
v -0.004321 -0.004828 -0.084840
v -0.003161 -0.006101 -0.085950
v -0.002253 -0.006971 -0.084827
v -0.001943 -0.007729 -0.085941
v -0.001949 -0.009431 -0.084822
v -0.001949 -0.016744 -0.084811
v -0.001943 -0.018203 -0.085926
v -0.001949 -0.018722 -0.084808
v -0.001943 -0.019532 -0.085894
v -0.001948 -0.020525 -0.084806
v -0.001943 -0.021606 -0.085890
v -0.001949 -0.022508 -0.084803
v -0.001943 -0.022976 -0.085918
v -0.001949 -0.023590 -0.084801
v -0.000811 -0.027629 -0.081547
v -0.001684 -0.025708 -0.082154
v 0.000263 -0.026063 -0.082166
v 0.001337 -0.027629 -0.081545
v 0.002211 -0.025708 -0.082151
v 0.002489 -0.022504 -0.082152
v 0.002491 -0.022969 -0.081466
v 0.002489 -0.023512 -0.082151
v 0.002488 -0.020521 -0.082155
v 0.002491 -0.021600 -0.081468
v 0.002489 -0.018718 -0.082158
v 0.002491 -0.019526 -0.081471
v 0.002489 -0.016741 -0.082161
v 0.002491 -0.018196 -0.081473
v 0.002793 -0.006972 -0.082177
v 0.002491 -0.007730 -0.081488
v 0.002489 -0.009431 -0.082172
v 0.004860 -0.004832 -0.082186
v 0.003708 -0.006106 -0.081495
v 0.005890 -0.002854 -0.081503
v 0.006371 -0.000524 -0.082192
v 0.005890 0.001808 -0.081510
v 0.004582 0.003794 -0.082200
v 0.002594 0.005104 -0.081518
v 0.000264 0.005582 -0.082207
v -0.002067 0.005104 -0.081522
v -0.004054 0.003794 -0.082208
v -0.005364 0.001808 -0.081520
v -0.005843 -0.000524 -0.082203
v -0.005364 -0.002854 -0.081513
v -0.004333 -0.004832 -0.082194
v -0.003182 -0.006106 -0.081501
v -0.002266 -0.006972 -0.082181
v -0.001965 -0.007730 -0.081492
v -0.001962 -0.009431 -0.082176
v -0.001965 -0.018196 -0.081477
v -0.001962 -0.016741 -0.082165
v -0.001962 -0.018718 -0.082162
v -0.001965 -0.019526 -0.081475
v -0.001961 -0.020521 -0.082159
v -0.001965 -0.021600 -0.081472
v -0.001962 -0.022504 -0.082156
v -0.001966 -0.022969 -0.081470
v -0.001962 -0.023512 -0.082155
v -0.000838 -0.026397 -0.069643
v -0.001439 -0.030424 -0.069680
v -0.000576 -0.034266 -0.069631
v 0.000252 -0.030423 -0.069642
v -0.001927 -0.026397 -0.069838
v -0.001675 -0.030498 -0.071324
v -0.001404 -0.034266 -0.069826
v 0.000263 -0.031066 -0.081343
v -0.000558 -0.034440 -0.081333
v -0.001407 -0.031060 -0.081256
v 0.001342 -0.026397 -0.069641
v 0.001080 -0.034266 -0.069629
v 0.001943 -0.030424 -0.069677
v 0.001932 -0.031060 -0.081253
v 0.001083 -0.034440 -0.081331
v 0.002432 -0.026397 -0.069834
v 0.001909 -0.034266 -0.069823
v 0.002182 -0.030498 -0.071320
v -0.001586 -0.027599 -0.084616
v -0.000752 -0.028391 -0.084562
v 0.000265 -0.027606 -0.084568
v -0.001924 -0.026462 -0.084794
v -0.001845 -0.027499 -0.085909
v -0.001769 -0.028384 -0.084793
v -0.000789 -0.025711 -0.110217
v 0.000289 -0.027496 -0.110219
v -0.000710 -0.029107 -0.110212
v -0.001531 -0.027493 -0.110143
v 0.001283 -0.028391 -0.084560
v 0.002117 -0.027599 -0.084612
v 0.001366 -0.025711 -0.110215
v 0.002108 -0.027494 -0.110140
v 0.001287 -0.029107 -0.110210
v 0.002456 -0.026462 -0.084791
v 0.002300 -0.028384 -0.084790
v 0.002378 -0.027499 -0.085905
v -0.001053 -0.035798 -0.069672
v 0.000252 -0.035798 -0.069634
v -0.001236 -0.035801 -0.071315
v 0.000262 -0.035816 -0.081336
v -0.000437 -0.036098 -0.081256
v -0.001032 -0.035816 -0.081248
v 0.001557 -0.035798 -0.069670
v 0.001557 -0.035816 -0.081246
v 0.000961 -0.036098 -0.081255
v 0.001743 -0.035801 -0.071312
v -0.000530 -0.034777 -0.084552
v -0.001012 -0.035821 -0.084603
v 0.000265 -0.035821 -0.084556
v -0.001324 -0.034777 -0.084784
v -0.001192 -0.035823 -0.085898
v -0.000514 -0.034790 -0.093241
v 0.000273 -0.035834 -0.093244
v -0.000411 -0.036116 -0.093148
v -0.000993 -0.035834 -0.093140
v 0.001061 -0.034777 -0.084551
v 0.001543 -0.035821 -0.084601
v 0.001060 -0.034790 -0.093239
v 0.001540 -0.035834 -0.093138
v 0.000957 -0.036116 -0.093147
v 0.001856 -0.034777 -0.084781
v 0.001725 -0.035823 -0.085896
v -0.001654 -0.030011 -0.084791
v -0.001495 -0.032401 -0.085904
v -0.001279 -0.032400 -0.084608
v -0.000695 -0.030014 -0.084560
v 0.000265 -0.032402 -0.084561
v 0.001225 -0.030014 -0.084558
v 0.001810 -0.032400 -0.084606
v 0.002185 -0.030011 -0.084788
v 0.002029 -0.032401 -0.085901
v 0.001217 -0.030033 -0.093416
v 0.001799 -0.032413 -0.093143
v 0.000273 -0.032416 -0.093249
v -0.000670 -0.030033 -0.093417
v -0.001253 -0.032413 -0.093146
v 0.000274 -0.022740 -0.093942
v -0.000816 -0.022741 -0.094598
v -0.001634 -0.022802 -0.093930
v -0.001907 -0.022987 -0.093327
v -0.001906 -0.022989 -0.094587
v -0.001906 -0.023452 -0.093926
v 0.002182 -0.022802 -0.093926
v 0.001365 -0.022741 -0.094596
v 0.002454 -0.022987 -0.093323
v 0.002454 -0.023452 -0.093922
v 0.002455 -0.022989 -0.094584
v -0.001427 -0.028862 -0.093920
v -0.000693 -0.028771 -0.094589
v 0.000274 -0.028973 -0.093933
v -0.001812 -0.026942 -0.093321
v -0.001883 -0.025517 -0.093923
v -0.001815 -0.026692 -0.094582
v -0.001737 -0.027895 -0.093919
v 0.002359 -0.026942 -0.093318
v 0.002285 -0.027895 -0.093916
v 0.002364 -0.026692 -0.094578
v 0.002431 -0.025517 -0.093919
v 0.001242 -0.028771 -0.094587
v 0.001975 -0.028862 -0.093917
v -0.001426 -0.028864 -0.095206
v -0.000662 -0.030044 -0.095667
v 0.000275 -0.028975 -0.095218
v 0.001213 -0.030044 -0.095666
v 0.001976 -0.028864 -0.095203
v 0.002286 -0.027897 -0.095201
v 0.002361 -0.026951 -0.095732
v 0.002432 -0.025519 -0.095205
v 0.002455 -0.023454 -0.095208
v 0.002456 -0.022991 -0.095739
v 0.002183 -0.022804 -0.095212
v 0.001366 -0.022743 -0.095751
v 0.000275 -0.022742 -0.095228
v -0.000815 -0.022743 -0.095753
v -0.001633 -0.022804 -0.095215
v -0.001905 -0.022991 -0.095742
v -0.001905 -0.023454 -0.095212
v -0.001882 -0.025518 -0.095209
v -0.001810 -0.026951 -0.095736
v -0.001736 -0.027897 -0.095205
v -0.000314 -0.036071 -0.095884
v -0.000761 -0.036071 -0.096100
v -0.000293 -0.036151 -0.096964
v 0.000276 -0.036150 -0.096113
v 0.000865 -0.036071 -0.095883
v 0.000846 -0.036151 -0.096963
v 0.001313 -0.036071 -0.096098
v 0.002281 -0.028289 -0.096103
v 0.002360 -0.027085 -0.096962
v 0.002432 -0.025576 -0.096109
v 0.002456 -0.023456 -0.096113
v 0.002457 -0.022993 -0.096970
v 0.002184 -0.022806 -0.096117
v 0.001367 -0.022745 -0.096983
v 0.000276 -0.022744 -0.096133
v -0.000813 -0.022745 -0.096985
v -0.001632 -0.022805 -0.096120
v -0.001904 -0.022993 -0.096974
v -0.001904 -0.023456 -0.096117
v -0.001880 -0.025576 -0.096113
v -0.001807 -0.027084 -0.096966
v -0.001729 -0.028289 -0.096107
v -0.000686 -0.029687 -0.102803
v -0.001417 -0.029780 -0.103315
v -0.000655 -0.030847 -0.103716
v 0.000282 -0.029891 -0.103327
v 0.001249 -0.029687 -0.102801
v 0.001220 -0.030847 -0.103714
v 0.001981 -0.029780 -0.103312
v 0.002364 -0.027156 -0.102793
v 0.002284 -0.028699 -0.103310
v 0.002363 -0.027410 -0.103773
v 0.002438 -0.025644 -0.103315
v 0.002462 -0.023002 -0.102799
v 0.002463 -0.023467 -0.103318
v 0.002463 -0.023003 -0.103780
v 0.002190 -0.022816 -0.103322
v 0.001372 -0.022754 -0.102812
v 0.001373 -0.022755 -0.103792
v 0.000282 -0.022754 -0.103338
v -0.000808 -0.022754 -0.102814
v -0.000807 -0.022755 -0.103794
v -0.001625 -0.022816 -0.103325
v -0.001898 -0.023002 -0.102803
v -0.001897 -0.023003 -0.103784
v -0.001898 -0.023467 -0.103322
v -0.001801 -0.027156 -0.102797
v -0.001873 -0.025644 -0.103319
v -0.001797 -0.027410 -0.103777
v -0.001719 -0.028699 -0.103314
v -0.000657 -0.030845 -0.101926
v -0.001418 -0.029779 -0.102292
v 0.000281 -0.029890 -0.102304
v 0.001219 -0.030845 -0.101924
v 0.001981 -0.029779 -0.102289
v 0.002361 -0.027404 -0.101877
v 0.002283 -0.028698 -0.102287
v 0.002437 -0.025642 -0.102292
v 0.002461 -0.023000 -0.101883
v 0.002462 -0.023465 -0.102295
v 0.002189 -0.022815 -0.102299
v 0.001371 -0.022752 -0.101896
v 0.000282 -0.022753 -0.102314
v -0.000809 -0.022752 -0.101898
v -0.001626 -0.022815 -0.102302
v -0.001899 -0.023000 -0.101887
v -0.001899 -0.023465 -0.102299
v -0.001799 -0.027404 -0.101881
v -0.001874 -0.025642 -0.102295
v -0.001720 -0.028698 -0.102291
v -0.000307 -0.036083 -0.103906
v -0.000754 -0.036083 -0.104096
v -0.000286 -0.036163 -0.104967
v 0.000283 -0.036162 -0.104109
v 0.000872 -0.036084 -0.103905
v 0.000854 -0.036163 -0.104966
v 0.001320 -0.036083 -0.104094
v 0.002281 -0.029055 -0.104101
v 0.002363 -0.027466 -0.104967
v 0.002438 -0.025695 -0.104106
v 0.002463 -0.023468 -0.104109
v 0.002464 -0.023005 -0.104973
v 0.002191 -0.022818 -0.104113
v 0.001374 -0.022757 -0.104986
v 0.000283 -0.022756 -0.104129
v -0.000806 -0.022757 -0.104988
v -0.001625 -0.022818 -0.104117
v -0.001896 -0.023005 -0.104977
v -0.001897 -0.023468 -0.104113
v -0.001872 -0.025695 -0.104110
v -0.001795 -0.027466 -0.104970
v -0.001715 -0.029055 -0.104105
v -0.001208 -0.032455 -0.095882
v -0.000463 -0.034835 -0.095812
v 0.000276 -0.032452 -0.095820
v -0.001606 -0.030075 -0.096104
v -0.001419 -0.032537 -0.096957
v -0.001201 -0.034839 -0.096099
v 0.000281 -0.032913 -0.101803
v -0.000458 -0.034957 -0.101795
v -0.001203 -0.032907 -0.101751
v 0.001014 -0.034835 -0.095811
v 0.001759 -0.032455 -0.095879
v 0.001765 -0.032907 -0.101748
v 0.001019 -0.034957 -0.101794
v 0.002158 -0.030075 -0.096100
v 0.001752 -0.034839 -0.096096
v 0.001972 -0.032537 -0.096954
v -0.001201 -0.032913 -0.103903
v -0.000456 -0.034960 -0.103841
v 0.000283 -0.032917 -0.103849
v -0.001598 -0.030841 -0.104102
v -0.001412 -0.032918 -0.104962
v -0.001194 -0.034959 -0.104095
v -0.000652 -0.030894 -0.110209
v 0.000288 -0.032950 -0.110211
v -0.000450 -0.034976 -0.110203
v -0.001195 -0.032946 -0.110134
v 0.001021 -0.034960 -0.103840
v 0.001767 -0.032913 -0.103900
v 0.001229 -0.030894 -0.110208
v 0.001772 -0.032946 -0.110132
v 0.001027 -0.034976 -0.110202
v 0.002164 -0.030841 -0.104098
v 0.001760 -0.034959 -0.104093
v 0.001980 -0.032918 -0.104959
v -0.000860 -0.035836 -0.095877
v 0.000275 -0.035838 -0.095815
v -0.001022 -0.035838 -0.096954
v 0.000281 -0.035847 -0.101799
v -0.000309 -0.036080 -0.101753
v -0.000855 -0.035845 -0.101746
v 0.001411 -0.035836 -0.095875
v 0.001417 -0.035845 -0.101744
v 0.000870 -0.036080 -0.101752
v 0.001575 -0.035838 -0.096952
v -0.000853 -0.035848 -0.103898
v 0.000283 -0.035850 -0.103845
v -0.001014 -0.035850 -0.104957
v 0.000288 -0.035860 -0.110207
v -0.000301 -0.036093 -0.110137
v -0.000848 -0.035858 -0.110130
v 0.001419 -0.035849 -0.103896
v 0.001424 -0.035858 -0.110128
v 0.000878 -0.036093 -0.110136
v 0.001582 -0.035850 -0.104955
v -0.001392 -0.034347 -0.075381
v -0.001221 -0.035813 -0.079464
v -0.000974 -0.036089 -0.075380
v -0.000426 -0.036190 -0.079474
v 0.000257 -0.036184 -0.075393
v 0.000947 -0.036190 -0.079473
v 0.001488 -0.036090 -0.075378
v 0.001906 -0.034347 -0.075378
v 0.001742 -0.035813 -0.079461
v 0.002422 -0.026839 -0.075391
v 0.002173 -0.030950 -0.079471
v 0.002503 -0.022494 -0.075395
v 0.002504 -0.023497 -0.075394
v 0.002496 -0.022966 -0.079480
v 0.002503 -0.020511 -0.075398
v 0.002495 -0.021597 -0.079482
v 0.002504 -0.018708 -0.075400
v 0.002495 -0.019523 -0.079485
v 0.002504 -0.016732 -0.075403
v 0.002496 -0.018193 -0.079487
v 0.002808 -0.006972 -0.075419
v 0.002504 -0.009429 -0.075414
v 0.002496 -0.007730 -0.079503
v 0.004872 -0.004835 -0.075428
v 0.003712 -0.006107 -0.079509
v 0.005895 -0.002854 -0.079518
v 0.006386 -0.000514 -0.075435
v 0.005895 0.001813 -0.079525
v 0.004592 0.003820 -0.075443
v 0.002595 0.005113 -0.079532
v 0.000258 0.005615 -0.075449
v -0.002072 0.005113 -0.079537
v -0.004076 0.003820 -0.075451
v -0.005372 0.001813 -0.079535
v -0.005871 -0.000514 -0.075446
v -0.005372 -0.002854 -0.079528
v -0.004357 -0.004835 -0.075437
v -0.003189 -0.006107 -0.079516
v -0.002292 -0.006972 -0.075424
v -0.001973 -0.007730 -0.079507
v -0.001989 -0.009429 -0.075418
v -0.001989 -0.016732 -0.075407
v -0.001974 -0.018193 -0.079491
v -0.001989 -0.018708 -0.075404
v -0.001973 -0.019523 -0.079489
v -0.001989 -0.020511 -0.075402
v -0.001973 -0.021597 -0.079486
v -0.001989 -0.022494 -0.075399
v -0.001974 -0.022966 -0.079484
v -0.001989 -0.023497 -0.075398
v -0.001908 -0.026839 -0.075395
v -0.001651 -0.030950 -0.079474
v -0.001189 -0.034973 -0.109937
v -0.000749 -0.036092 -0.109937
v -0.001011 -0.035856 -0.109078
v -0.000283 -0.036169 -0.109088
v 0.000288 -0.036171 -0.109950
v 0.000857 -0.036169 -0.109087
v 0.001325 -0.036092 -0.109935
v 0.001765 -0.034973 -0.109934
v 0.001586 -0.035856 -0.109076
v 0.002169 -0.030888 -0.109940
v 0.001983 -0.032940 -0.109080
v 0.002367 -0.027488 -0.109088
v 0.002286 -0.029102 -0.109942
v 0.002443 -0.025710 -0.109947
v 0.002468 -0.023011 -0.109094
v 0.002469 -0.023477 -0.109951
v 0.002196 -0.022826 -0.109955
v 0.001378 -0.022763 -0.109107
v 0.000288 -0.022764 -0.109970
v -0.000802 -0.022763 -0.109109
v -0.001619 -0.022826 -0.109958
v -0.001893 -0.023011 -0.109098
v -0.001892 -0.023477 -0.109955
v -0.001792 -0.027488 -0.109091
v -0.001867 -0.025710 -0.109951
v -0.001710 -0.029102 -0.109946
v -0.001408 -0.032940 -0.109083
v -0.001592 -0.030888 -0.109943
v -0.001619 -0.024374 -0.110148
v -0.001893 -0.024372 -0.109096
v -0.001896 -0.024366 -0.104975
v -0.001897 -0.024364 -0.103782
v -0.001898 -0.024363 -0.102801
v -0.001899 -0.024361 -0.101885
v -0.001904 -0.024354 -0.096972
v -0.001905 -0.024352 -0.095740
v -0.001906 -0.024350 -0.094585
v -0.001907 -0.024348 -0.093325
v -0.001943 -0.024856 -0.085913
v -0.001951 -0.024876 -0.084419
v -0.001958 -0.024484 -0.082964
v -0.001966 -0.024870 -0.081467
v -0.001974 -0.024839 -0.079484
v -0.002004 -0.024388 -0.071333
v -0.001728 -0.024313 -0.069690
v 0.000252 -0.024313 -0.069651
v 0.002232 -0.024313 -0.069686
v 0.002511 -0.024388 -0.071329
v 0.002496 -0.024839 -0.079480
v 0.002486 -0.024485 -0.082960
v 0.002491 -0.024871 -0.081463
v 0.002482 -0.024876 -0.084415
v 0.002477 -0.024856 -0.085909
v 0.002455 -0.024350 -0.094581
v 0.002454 -0.024348 -0.093321
v 0.002456 -0.024352 -0.095737
v 0.002457 -0.024354 -0.096968
v 0.002462 -0.024363 -0.102797
v 0.002461 -0.024361 -0.101881
v 0.002463 -0.024364 -0.103778
v 0.002464 -0.024366 -0.104971
v 0.002468 -0.024372 -0.109092
v 0.002196 -0.024374 -0.110144
v 0.000289 -0.024374 -0.110224
v -0.000400 -0.036208 -0.091669
v -0.000928 -0.036116 -0.092868
v 0.000273 -0.036210 -0.092881
v 0.000943 -0.036208 -0.091668
v 0.001473 -0.036116 -0.092866
v 0.001848 -0.034789 -0.092865
v 0.001721 -0.035831 -0.091656
v 0.002168 -0.030023 -0.092871
v 0.002020 -0.032410 -0.091661
v 0.002431 -0.025565 -0.092878
v 0.002362 -0.027063 -0.091668
v 0.002280 -0.028245 -0.092874
v 0.002455 -0.023451 -0.092881
v 0.002459 -0.024419 -0.091672
v 0.002455 -0.022520 -0.092823
v 0.002459 -0.022985 -0.091675
v 0.002455 -0.020537 -0.092526
v 0.002458 -0.021615 -0.091467
v 0.002455 -0.018734 -0.092828
v 0.002458 -0.019541 -0.091471
v 0.002455 -0.016754 -0.092891
v 0.002459 -0.018212 -0.091682
v 0.002760 -0.006966 -0.092907
v 0.002459 -0.007727 -0.091698
v 0.002455 -0.009430 -0.092902
v 0.004831 -0.004819 -0.092918
v 0.003680 -0.006095 -0.091705
v 0.005859 -0.002853 -0.091714
v 0.006334 -0.000540 -0.092924
v 0.005859 0.001775 -0.091721
v 0.004559 0.003745 -0.092932
v 0.002586 0.005048 -0.091729
v 0.000274 0.005520 -0.092939
v -0.002041 0.005048 -0.091733
v -0.004012 0.003745 -0.092940
v -0.005314 0.001775 -0.091731
v -0.005787 -0.000540 -0.092935
v -0.005314 -0.002853 -0.091724
v -0.004285 -0.004819 -0.092926
v -0.003135 -0.006095 -0.091711
v -0.002214 -0.006966 -0.092912
v -0.001914 -0.007727 -0.091702
v -0.001908 -0.009430 -0.092906
v -0.001915 -0.018211 -0.091686
v -0.001909 -0.016754 -0.092895
v -0.001909 -0.018734 -0.092832
v -0.001915 -0.019541 -0.091475
v -0.001909 -0.020537 -0.092530
v -0.001915 -0.021615 -0.091471
v -0.001909 -0.022520 -0.092827
v -0.001915 -0.022985 -0.091679
v -0.001909 -0.023451 -0.092885
v -0.001885 -0.025565 -0.092882
v -0.001915 -0.024419 -0.091676
v -0.001818 -0.027063 -0.091672
v -0.001734 -0.028245 -0.092878
v -0.001476 -0.032410 -0.091664
v -0.001622 -0.030023 -0.092875
v -0.001302 -0.034789 -0.092867
v -0.001178 -0.035831 -0.091659
v -0.001476 -0.028933 -0.084614
v 0.000265 -0.028938 -0.084566
v 0.002007 -0.028933 -0.084611
v 0.002252 -0.028934 -0.085906
v 0.002239 -0.028943 -0.091666
v 0.002236 -0.028845 -0.093315
v 0.002241 -0.028344 -0.094576
v 0.002238 -0.028860 -0.095729
v 0.002237 -0.029125 -0.096957
v 0.002238 -0.029756 -0.101874
v 0.002242 -0.029260 -0.102790
v 0.002240 -0.029765 -0.103770
v 0.002240 -0.029876 -0.104963
v 0.002244 -0.029913 -0.109084
v 0.002000 -0.029924 -0.110136
v 0.000288 -0.029929 -0.110216
v -0.001424 -0.029923 -0.110139
v -0.001669 -0.029913 -0.109088
v -0.001675 -0.029765 -0.103774
v -0.001673 -0.029876 -0.104967
v -0.001678 -0.029260 -0.102794
v -0.001676 -0.029756 -0.101877
v -0.001687 -0.028860 -0.095733
v -0.001684 -0.029125 -0.096960
v -0.001692 -0.028344 -0.094579
v -0.001690 -0.028845 -0.093318
v -0.001695 -0.028943 -0.091670
v -0.001719 -0.028934 -0.085909
v -0.000965 -0.036098 -0.081026
v 0.000262 -0.036192 -0.081039
v 0.001489 -0.036098 -0.081023
v 0.001903 -0.034434 -0.081023
v 0.002412 -0.027316 -0.081036
v 0.002492 -0.023583 -0.081039
v 0.002492 -0.022502 -0.081040
v 0.002492 -0.020520 -0.081043
v 0.002492 -0.018717 -0.081046
v 0.002493 -0.016739 -0.081049
v 0.002797 -0.006973 -0.081064
v 0.002493 -0.009431 -0.081060
v 0.004863 -0.004833 -0.081074
v 0.006374 -0.000523 -0.081080
v 0.004584 0.003799 -0.081088
v 0.000263 0.005589 -0.081095
v -0.004059 0.003799 -0.081096
v -0.005849 -0.000522 -0.081091
v -0.004338 -0.004833 -0.081082
v -0.002271 -0.006973 -0.081069
v -0.001967 -0.009431 -0.081064
v -0.001968 -0.016739 -0.081053
v -0.001967 -0.018717 -0.081050
v -0.001967 -0.020519 -0.081047
v -0.001968 -0.022502 -0.081044
v -0.001968 -0.023583 -0.081043
v -0.001887 -0.027316 -0.081040
v -0.001379 -0.034433 -0.081026
v -0.000936 -0.036110 -0.088766
v 0.000269 -0.036204 -0.088779
v 0.001474 -0.036110 -0.088764
v 0.001852 -0.034783 -0.088762
v 0.002177 -0.030017 -0.088769
v 0.002290 -0.028312 -0.088771
v 0.002443 -0.025999 -0.088773
v 0.002468 -0.023518 -0.088778
v 0.002468 -0.022514 -0.088750
v 0.002467 -0.020531 -0.088604
v 0.002468 -0.018728 -0.088756
v 0.002468 -0.016749 -0.088789
v 0.002773 -0.006969 -0.088805
v 0.002468 -0.009430 -0.088800
v 0.004842 -0.004824 -0.088815
v 0.006348 -0.000534 -0.088821
v 0.004568 0.003764 -0.088829
v 0.000270 0.005544 -0.088836
v -0.004028 0.003764 -0.088837
v -0.005808 -0.000534 -0.088832
v -0.004303 -0.004824 -0.088823
v -0.002234 -0.006969 -0.088809
v -0.001929 -0.009430 -0.088804
v -0.001929 -0.016749 -0.088793
v -0.001929 -0.018728 -0.088760
v -0.001929 -0.020531 -0.088608
v -0.001929 -0.022514 -0.088754
v -0.001929 -0.023518 -0.088782
v -0.001905 -0.025999 -0.088777
v -0.001752 -0.028312 -0.088775
v -0.001638 -0.030017 -0.088773
v -0.001314 -0.034783 -0.088765
v -0.000759 -0.036075 -0.098931
v -0.000290 -0.036157 -0.100879
v 0.000278 -0.036155 -0.098944
v 0.000850 -0.036157 -0.100878
v 0.001315 -0.036075 -0.098929
v 0.001755 -0.034897 -0.098928
v 0.001578 -0.035844 -0.100867
v 0.002160 -0.030454 -0.098933
v 0.001976 -0.032839 -0.100872
v 0.002280 -0.028668 -0.098935
v 0.002238 -0.029723 -0.100877
v 0.002360 -0.027387 -0.100880
v 0.002434 -0.025633 -0.098941
v 0.002460 -0.024360 -0.100883
v 0.002459 -0.023460 -0.098944
v 0.002460 -0.022999 -0.100885
v 0.002186 -0.022810 -0.098948
v 0.001370 -0.022751 -0.100898
v 0.000279 -0.022748 -0.098964
v -0.000810 -0.022751 -0.100900
v -0.001629 -0.022810 -0.098952
v -0.001900 -0.022999 -0.100889
v -0.001902 -0.023460 -0.098948
v -0.001900 -0.024360 -0.100887
v -0.001877 -0.025633 -0.098945
v -0.001800 -0.027386 -0.100884
v -0.001723 -0.028668 -0.098939
v -0.001677 -0.029723 -0.100881
v -0.001603 -0.030454 -0.098936
v -0.001416 -0.032839 -0.100875
v -0.001199 -0.034897 -0.098930
v -0.001018 -0.035844 -0.100869
v -0.000756 -0.036079 -0.101625
v 0.000281 -0.036159 -0.101638
v 0.001318 -0.036079 -0.101623
v 0.001757 -0.034952 -0.101622
v 0.002162 -0.030815 -0.101629
v 0.002279 -0.029028 -0.101632
v 0.002436 -0.025688 -0.101635
v 0.002461 -0.023464 -0.101638
v 0.002189 -0.022814 -0.101642
v 0.000281 -0.022752 -0.101658
v -0.001627 -0.022814 -0.101646
v -0.001899 -0.023464 -0.101642
v -0.001874 -0.025688 -0.101639
v -0.001718 -0.029028 -0.101635
v -0.001600 -0.030815 -0.101633
v -0.001196 -0.034952 -0.101625
v -0.000751 -0.036087 -0.107021
v 0.000286 -0.036167 -0.107034
v 0.001322 -0.036087 -0.107019
v 0.001762 -0.034966 -0.107017
v 0.002166 -0.030865 -0.107023
v 0.002284 -0.029078 -0.107026
v 0.002441 -0.025703 -0.107031
v 0.002466 -0.023472 -0.107034
v 0.002193 -0.022822 -0.107038
v 0.000286 -0.022760 -0.107054
v -0.001622 -0.022822 -0.107042
v -0.001894 -0.023472 -0.107038
v -0.001869 -0.025703 -0.107035
v -0.001712 -0.029078 -0.107029
v -0.001595 -0.030865 -0.107027
v -0.001191 -0.034966 -0.107020
v -0.001727 -0.013185 -0.069706
v 0.000252 -0.013529 -0.069667
v 0.002232 -0.013185 -0.069703
v 0.002511 -0.013118 -0.071346
v 0.002496 -0.013125 -0.079495
v 0.002491 -0.013126 -0.081480
v 0.002487 -0.013127 -0.082977
v 0.002482 -0.013128 -0.084433
v 0.002477 -0.013129 -0.085929
v 0.002459 -0.013132 -0.091690
v 0.002448 -0.013134 -0.095062
v 0.002411 -0.013141 -0.106740
v 0.002137 -0.013210 -0.110008
v 0.000289 -0.013544 -0.110251
v -0.001559 -0.013209 -0.110011
v -0.001840 -0.013141 -0.106744
v -0.001898 -0.013134 -0.095066
v -0.001914 -0.013132 -0.091694
v -0.001943 -0.013129 -0.085933
v -0.001951 -0.013128 -0.084436
v -0.001958 -0.013127 -0.082981
v -0.001965 -0.013126 -0.081484
v -0.001973 -0.013125 -0.079499
v -0.002004 -0.013118 -0.071350
v 0.001439 0.031605 0.110189
v 0.001430 0.018857 0.119273
v 0.001430 0.009795 0.119712
v 0.001430 -0.000220 0.119377
v 0.001429 -0.010235 0.119742
v 0.001429 -0.019298 0.119330
v 0.001437 -0.032073 0.110284
v 0.001451 -0.036228 0.094716
v 0.001463 -0.032376 0.082069
v 0.001469 -0.021334 0.074908
v 0.001472 -0.010877 0.072507
v 0.001472 -0.005666 0.072337
v 0.001472 -0.000291 0.072389
v 0.001472 0.005084 0.072321
v 0.001472 0.010294 0.072475
v 0.001470 0.020759 0.074844
v 0.001464 0.031823 0.081973
v 0.001453 0.035713 0.094608
v 0.001619 0.004941 0.062149
v 0.000133 0.005693 0.063529
v 0.001426 0.006281 0.064764
v 0.002685 0.004132 0.063493
v -0.001351 0.004941 0.062146
v -0.002419 0.004132 0.063488
v -0.001162 0.006281 0.064762
v -0.003439 0.001892 0.062108
v -0.003420 -0.000305 0.063287
v -0.002981 0.002355 0.064454
v -0.003439 -0.002505 0.062115
v -0.002420 -0.004741 0.063501
v -0.002981 -0.002961 0.064462
v -0.001351 -0.005555 0.062162
v 0.000133 -0.006303 0.063547
v -0.001162 -0.006887 0.064782
v 0.001619 -0.005555 0.062165
v 0.002685 -0.004741 0.063506
v 0.001425 -0.006887 0.064784
v 0.003707 -0.002506 0.062121
v 0.003686 -0.000305 0.063293
v 0.003245 -0.002962 0.064467
v 0.003245 0.002355 0.064459
v 0.003708 0.001892 0.062115
v -0.000730 0.001309 -0.128452
v 0.000305 0.000382 -0.128480
v -0.000670 -0.000594 -0.128479
v -0.001598 0.000441 -0.128452
v -0.001598 -0.001629 -0.128449
v 0.000305 -0.001570 -0.128477
v -0.000730 -0.002497 -0.128446
v 0.001341 -0.002497 -0.128445
v 0.001281 -0.000594 -0.128477
v 0.002209 -0.001629 -0.128445
v 0.002209 0.000441 -0.128448
v 0.001341 0.001309 -0.128450
v -0.001099 -0.019298 0.119328
v 0.000210 -0.025948 0.115931
v -0.001091 -0.032073 0.110282
v -0.002231 -0.026018 0.116032
v -0.001178 -0.037244 0.114685
v 0.000080 -0.030234 0.121840
v -0.001188 -0.022853 0.126511
v -0.002257 -0.030150 0.121745
v -0.001099 -0.010235 0.119740
v 0.000206 -0.014467 0.120145
v -0.002234 -0.014478 0.120262
v 0.000074 -0.016816 0.128589
v -0.001191 -0.011386 0.129250
v -0.002262 -0.016776 0.128476
v -0.001059 -0.021334 0.074905
v 0.000248 -0.015600 0.073258
v -0.001056 -0.010877 0.072505
v -0.002192 -0.015629 0.073134
v -0.001134 -0.011934 0.066277
v 0.000129 -0.016700 0.067145
v -0.001137 -0.022888 0.069053
v -0.002208 -0.016666 0.067264
v -0.001065 -0.032376 0.082067
v 0.000244 -0.027324 0.077812
v -0.002197 -0.027401 0.077711
v 0.000124 -0.030308 0.072863
v -0.001145 -0.037298 0.078535
v -0.002213 -0.030231 0.072960
v -0.001077 -0.036228 0.094714
v 0.000235 -0.035294 0.087767
v -0.002208 -0.035481 0.087726
v 0.000112 -0.042198 0.086039
v -0.001160 -0.044118 0.095027
v -0.002228 -0.041987 0.086076
v 0.000222 -0.035327 0.102716
v -0.002221 -0.035514 0.102753
v 0.000095 -0.042169 0.105163
v -0.002245 -0.041957 0.105124
v -0.001098 -0.000220 0.119374
v 0.000207 -0.005383 0.119477
v -0.002233 -0.005378 0.119583
v 0.000073 -0.005827 0.129681
v -0.001191 -0.000205 0.129832
v -0.002263 -0.005817 0.129571
v 0.000249 -0.007918 0.072289
v -0.001056 -0.005666 0.072335
v -0.002191 -0.007923 0.072162
v 0.000131 -0.008939 0.065592
v -0.002206 -0.008521 0.065714
v -0.002230 0.025567 0.115955
v -0.001090 0.031605 0.110186
v 0.000211 0.025497 0.115854
v -0.001098 0.018857 0.119270
v -0.002256 0.029717 0.121655
v -0.001187 0.022434 0.126443
v 0.000081 0.029800 0.121750
v -0.001176 0.036789 0.114574
v -0.002234 0.014040 0.120219
v 0.000207 0.014028 0.120103
v -0.001099 0.009795 0.119710
v -0.002262 0.016363 0.128426
v -0.001190 0.010975 0.129217
v 0.000075 0.016403 0.128539
v -0.002192 0.015048 0.073088
v -0.001056 0.010294 0.072473
v 0.000249 0.015020 0.073212
v -0.001058 0.020759 0.074842
v -0.002207 0.016068 0.067215
v -0.001136 0.022295 0.068985
v 0.000130 0.016102 0.067096
v -0.001133 0.011333 0.066242
v -0.002195 0.026835 0.077629
v 0.000245 0.026758 0.077731
v -0.001064 0.031823 0.081970
v -0.002212 0.029650 0.072870
v -0.001144 0.036734 0.078424
v 0.000125 0.029727 0.072773
v -0.002206 0.034945 0.087620
v 0.000236 0.034758 0.087662
v -0.001075 0.035713 0.094606
v -0.002226 0.041445 0.085951
v -0.001159 0.043604 0.094895
v 0.000113 0.041657 0.085913
v -0.002220 0.035023 0.102647
v 0.000223 0.034836 0.102611
v -0.002243 0.041473 0.104999
v 0.000096 0.041685 0.105037
v -0.002233 0.004938 0.119568
v 0.000207 0.004942 0.119461
v -0.002263 0.005407 0.129554
v 0.000073 0.005417 0.129664
v -0.002191 0.002483 0.072238
v -0.001056 -0.000291 0.072387
v 0.000250 0.002483 0.072365
v -0.001056 0.005084 0.072319
v 0.002468 -0.008521 0.065718
v 0.001394 -0.011934 0.066279
v 0.002466 -0.016666 0.067268
v 0.001391 -0.022888 0.069055
v 0.002461 -0.030231 0.072964
v 0.001383 -0.037298 0.078538
v 0.002451 -0.041987 0.086080
v 0.001368 -0.044118 0.095029
v 0.002434 -0.041957 0.105128
v 0.001350 -0.037244 0.114687
v 0.002417 -0.030151 0.121749
v 0.001340 -0.022853 0.126513
v 0.002411 -0.016777 0.128480
v 0.001338 -0.011386 0.129253
v 0.002409 -0.005817 0.129575
v 0.001337 -0.000205 0.129835
v 0.002410 0.005407 0.129558
v 0.001338 0.010975 0.129219
v 0.002411 0.016363 0.128431
v 0.001341 0.022434 0.126445
v 0.002418 0.029717 0.121659
v 0.001352 0.036789 0.114576
v 0.002436 0.041473 0.105003
v 0.001369 0.043604 0.094898
v 0.002453 0.041445 0.085955
v 0.001384 0.036734 0.078426
v 0.002462 0.029650 0.072874
v 0.001392 0.022295 0.068987
v 0.002467 0.016068 0.067219
v 0.001395 0.011333 0.066244
v 0.000249 -0.003066 0.072373
v -0.002191 -0.003066 0.072246
v -0.002191 0.007340 0.072139
v 0.000250 0.007335 0.072266
v -0.002206 0.007919 0.065689
v 0.000131 0.008336 0.065566
v 0.002468 0.007919 0.065694
v 0.003010 0.003649 0.060903
v 0.001860 0.005039 0.057380
v 0.000135 0.005289 0.060895
v -0.001584 0.005039 0.057377
v -0.002740 0.003649 0.060897
v -0.004019 0.001904 0.057384
v -0.003930 -0.000308 0.060905
v -0.004019 -0.002531 0.057391
v -0.002740 -0.004266 0.060909
v -0.001584 -0.005667 0.057393
v 0.000135 -0.005906 0.060912
v 0.001860 -0.005667 0.057396
v 0.003010 -0.004267 0.060914
v 0.004295 -0.002531 0.057399
v 0.004200 -0.000309 0.060912
v 0.004296 0.001903 0.057392
v 0.005755 -0.000326 0.049213
v 0.006324 0.002302 0.041282
v 0.004112 0.004171 0.049203
v 0.002709 0.006036 0.041275
v 0.000146 0.006034 0.049195
v -0.002403 0.006036 0.041270
v -0.003821 0.004171 0.049196
v -0.006018 0.002302 0.041271
v -0.005464 -0.000326 0.049203
v -0.006018 -0.002978 0.041279
v -0.003821 -0.004823 0.049210
v -0.002404 -0.006712 0.041289
v 0.000146 -0.006686 0.049214
v 0.002709 -0.006712 0.041294
v 0.004112 -0.004823 0.049217
v 0.006324 -0.002978 0.041290
v -0.003481 -0.033105 0.110936
v -0.003517 -0.026960 0.117405
v -0.003487 -0.019617 0.120386
v -0.003328 -0.026453 0.116672
v -0.003327 -0.036663 0.102993
v -0.003477 -0.038152 0.094712
v -0.003506 -0.037409 0.103295
v -0.003314 -0.036629 0.087480
v -0.003455 -0.033421 0.081409
v -0.003492 -0.037383 0.087270
v -0.003520 -0.014805 0.122049
v -0.003485 -0.010207 0.120729
v -0.003329 -0.014548 0.121000
v -0.003519 -0.005386 0.121528
v -0.003484 -0.000219 0.120344
v -0.003326 -0.005349 0.120261
v -0.003519 0.004952 0.121513
v -0.003485 0.009771 0.120699
v -0.003326 0.004910 0.120245
v -0.003443 0.010410 0.071375
v -0.003474 0.007423 0.070548
v -0.003443 0.005092 0.071215
v -0.003287 0.007369 0.071363
v -0.003287 0.015222 0.072331
v -0.003445 0.021193 0.073830
v -0.003475 0.015344 0.071587
v -0.003474 0.002474 0.070522
v -0.003443 -0.000293 0.071284
v -0.003287 0.002482 0.071462
v -0.003474 -0.003062 0.070530
v -0.003443 -0.005678 0.071231
v -0.003287 -0.003067 0.071471
v -0.003474 -0.008011 0.070571
v -0.003444 -0.010995 0.071407
v -0.003287 -0.007955 0.071386
v -0.003476 -0.015928 0.071634
v -0.003446 -0.021771 0.073894
v -0.003288 -0.015804 0.072378
v -0.003480 -0.028239 0.076495
v -0.003292 -0.027879 0.077096
v -0.003484 -0.036128 0.114076
v -0.003508 -0.039886 0.104600
v -0.003480 -0.041900 0.095030
v -0.003332 -0.040658 0.104897
v -0.003331 -0.029633 0.121167
v -0.003492 -0.022331 0.125557
v -0.003520 -0.029097 0.120456
v -0.003335 -0.016533 0.127787
v -0.003492 -0.011187 0.128278
v -0.003525 -0.016217 0.126754
v -0.003492 -0.039914 0.086530
v -0.003453 -0.036207 0.079190
v -0.003315 -0.040693 0.086320
v -0.003334 -0.005753 0.128893
v -0.003492 -0.000206 0.128859
v -0.003525 -0.005683 0.127626
v -0.003333 0.005341 0.128876
v -0.003491 0.010773 0.128245
v -0.003525 0.005267 0.127609
v -0.003461 -0.000301 0.065591
v -0.003358 -0.003036 0.065560
v -0.003443 -0.005725 0.066167
v -0.003475 -0.003033 0.066506
v -0.003474 0.002433 0.066498
v -0.003442 0.005124 0.066150
v -0.003358 0.002433 0.065551
v -0.003471 0.007690 0.067275
v -0.003439 0.011051 0.067322
v -0.003282 0.007767 0.066462
v -0.003440 -0.011648 0.067356
v -0.003472 -0.008287 0.067299
v -0.003282 -0.008367 0.066486
v -0.003284 -0.016452 0.068012
v -0.003443 -0.022441 0.070060
v -0.003473 -0.016313 0.068753
v -0.003289 -0.029756 0.073574
v -0.003478 -0.029397 0.074175
v -0.003335 0.016118 0.127737
v -0.003491 0.021908 0.125490
v -0.003524 0.015798 0.126705
v -0.003520 0.014372 0.122005
v -0.003487 0.019179 0.120328
v -0.003329 0.014112 0.120957
v 0.003660 -0.033105 0.110942
v 0.003699 -0.037410 0.103301
v 0.003685 -0.038152 0.094718
v 0.003521 -0.036663 0.102999
v 0.003497 -0.026453 0.116678
v 0.003650 -0.019617 0.120392
v 0.003685 -0.026960 0.117411
v 0.003713 -0.037384 0.087276
v 0.003687 -0.033421 0.081415
v 0.003535 -0.036629 0.087486
v 0.003491 -0.014548 0.121006
v 0.003647 -0.010208 0.120736
v 0.003680 -0.014805 0.122055
v 0.003489 -0.005349 0.120267
v 0.003647 -0.000219 0.120351
v 0.003680 -0.005387 0.121535
v 0.003658 -0.036128 0.114083
v 0.003682 -0.029097 0.120461
v 0.003645 -0.022330 0.125562
v 0.003492 -0.029633 0.121173
v 0.003521 -0.040658 0.104903
v 0.003687 -0.041900 0.095036
v 0.003698 -0.039886 0.104607
v 0.003538 -0.040694 0.086327
v 0.003689 -0.036207 0.079197
v 0.003715 -0.039914 0.086536
v 0.003676 -0.016217 0.126759
v 0.003641 -0.011187 0.128284
v 0.003485 -0.016533 0.127793
v 0.003675 -0.005683 0.127632
v 0.003640 -0.000206 0.128865
v 0.003482 -0.005753 0.128899
v 0.003489 0.004910 0.120251
v 0.003648 0.009771 0.120706
v 0.003681 0.004952 0.121519
v 0.003675 0.005267 0.127616
v 0.003641 0.010773 0.128252
v 0.003482 0.005341 0.128882
v 0.003695 -0.010995 0.071414
v 0.003727 -0.008011 0.070577
v 0.003695 -0.005678 0.071238
v 0.003538 -0.007955 0.071392
v 0.003537 -0.015804 0.072384
v 0.003692 -0.021771 0.073901
v 0.003726 -0.015928 0.071641
v 0.003727 -0.003062 0.070537
v 0.003695 -0.000293 0.071290
v 0.003538 -0.003067 0.071477
v 0.003532 -0.027879 0.077102
v 0.003721 -0.028239 0.076502
v 0.003723 -0.000302 0.065597
v 0.003620 0.002433 0.065558
v 0.003704 0.005124 0.066157
v 0.003735 0.002433 0.066504
v 0.003735 -0.003033 0.066513
v 0.003703 -0.005725 0.066173
v 0.003620 -0.003036 0.065566
v 0.003730 -0.008287 0.067306
v 0.003698 -0.011648 0.067363
v 0.003543 -0.008367 0.066492
v 0.003729 -0.016314 0.068759
v 0.003696 -0.022441 0.070066
v 0.003541 -0.016452 0.068018
v 0.003723 -0.029397 0.074182
v 0.003535 -0.029756 0.073580
v 0.003491 0.014112 0.120963
v 0.003651 0.019179 0.120334
v 0.003681 0.014372 0.122012
v 0.003677 0.015798 0.126712
v 0.003646 0.021908 0.125497
v 0.003485 0.016118 0.127744
v 0.003727 0.002474 0.070529
v 0.003695 0.005092 0.071222
v 0.003538 0.002482 0.071469
v 0.003727 0.007423 0.070554
v 0.003695 0.010409 0.071382
v 0.003538 0.007369 0.071369
v 0.003699 0.011050 0.067329
v 0.003730 0.007689 0.067282
v 0.003543 0.007766 0.066468
v 0.003542 0.015857 0.067970
v 0.003696 0.021851 0.069999
v 0.003729 0.015720 0.068711
v -0.003480 0.032639 0.110837
v -0.003505 0.036920 0.103183
v -0.003475 0.037637 0.094598
v -0.003326 0.036173 0.102884
v -0.003327 0.026004 0.116594
v -0.003516 0.026513 0.117324
v -0.003490 0.036846 0.087158
v -0.003453 0.032865 0.081309
v -0.003312 0.036092 0.087370
v -0.003291 0.027311 0.077013
v -0.003479 0.027669 0.076411
v -0.003483 0.035671 0.113969
v -0.003518 0.028660 0.120368
v -0.003330 0.029198 0.121078
v -0.003330 0.040174 0.104775
v -0.003478 0.041386 0.094905
v -0.003506 0.039401 0.104481
v -0.003314 0.040153 0.086199
v -0.003452 0.035645 0.079082
v -0.003490 0.039374 0.086411
v -0.003472 0.015720 0.068705
v -0.003442 0.021851 0.069993
v -0.003283 0.015857 0.067964
v -0.003477 0.028820 0.074088
v -0.003288 0.029177 0.073486
v 0.003662 0.032638 0.110843
v 0.003686 0.026513 0.117331
v 0.003498 0.026003 0.116600
v 0.003522 0.036173 0.102890
v 0.003686 0.037637 0.094605
v 0.003701 0.036920 0.103190
v 0.003536 0.036092 0.087377
v 0.003688 0.032865 0.081316
v 0.003715 0.036846 0.087165
v 0.003659 0.035671 0.113975
v 0.003700 0.039400 0.104488
v 0.003689 0.041385 0.094911
v 0.003523 0.040173 0.104781
v 0.003493 0.029197 0.121085
v 0.003683 0.028660 0.120375
v 0.003716 0.039374 0.086417
v 0.003691 0.035645 0.079089
v 0.003540 0.040153 0.086205
v 0.003727 0.015343 0.071594
v 0.003693 0.021193 0.073836
v 0.003538 0.015222 0.072337
v 0.003722 0.027669 0.076418
v 0.003533 0.027311 0.077020
v 0.003537 0.029177 0.073492
v 0.003725 0.028820 0.074095
v -0.002939 -0.032546 0.110578
v -0.002935 -0.037135 0.094713
v -0.002945 -0.019443 0.119806
v -0.002943 -0.010223 0.120183
v -0.002942 -0.000220 0.119808
v -0.002902 -0.000292 0.071886
v -0.002902 0.005088 0.071817
v -0.002902 -0.005672 0.071834
v -0.002902 -0.010930 0.072006
v -0.002905 -0.021532 0.074446
v -0.002913 -0.032855 0.081768
v -0.002943 -0.036730 0.114408
v -0.002951 -0.022615 0.126079
v -0.002938 -0.043064 0.095027
v -0.002951 -0.011294 0.128813
v -0.002951 -0.000205 0.129395
v -0.003238 -0.000302 0.064985
v -0.002953 0.005144 0.065545
v -0.002953 -0.005747 0.065561
v -0.002898 -0.011761 0.066766
v -0.002900 -0.022685 0.069509
v -0.002911 -0.036796 0.078831
v -0.002950 0.010882 0.128780
v -0.002942 0.009785 0.120153
v 0.003119 -0.032546 0.110583
v 0.003143 -0.037135 0.094718
v 0.002457 -0.035514 0.102757
v 0.002443 -0.026018 0.116036
v 0.003109 -0.019443 0.119812
v 0.002439 -0.014478 0.120266
v 0.003106 -0.010223 0.120189
v 0.003116 -0.036730 0.114414
v 0.003145 -0.043064 0.095033
v 0.003103 -0.022615 0.126084
v 0.003098 -0.011294 0.128819
v 0.002439 -0.005378 0.119588
v 0.003106 -0.000220 0.119814
v 0.003098 -0.000205 0.129401
v 0.003152 -0.010931 0.072012
v 0.003153 -0.005672 0.071839
v 0.002483 -0.007923 0.072166
v 0.002482 -0.015629 0.073138
v 0.003150 -0.021533 0.074452
v 0.002477 -0.027401 0.077715
v 0.003145 -0.032855 0.081773
v 0.003157 -0.011761 0.066771
v 0.003215 -0.005747 0.065567
v 0.003154 -0.022685 0.069514
v 0.003148 -0.036796 0.078837
v 0.002470 -0.035481 0.087730
v 0.002439 0.004938 0.119572
v 0.003107 0.009785 0.120159
v 0.003099 0.010882 0.128786
v 0.003153 -0.000292 0.071891
v 0.003153 0.005088 0.071823
v 0.002483 0.002483 0.072242
v 0.003501 -0.000302 0.064991
v 0.003216 0.005144 0.065550
v -0.002938 0.032079 0.110481
v -0.002944 0.019004 0.119749
v -0.002934 0.036620 0.094602
v -0.002902 0.010347 0.071974
v -0.002904 0.020956 0.074382
v -0.002912 0.032301 0.081670
v -0.002942 0.036274 0.114299
v -0.002936 0.042550 0.094899
v -0.002950 0.022194 0.126012
v -0.002897 0.011161 0.066731
v -0.002900 0.022094 0.069442
v -0.002910 0.036233 0.078722
v 0.003120 0.032079 0.110486
v 0.002458 0.035023 0.102651
v 0.003145 0.036620 0.094607
v 0.003110 0.019004 0.119754
v 0.002444 0.025567 0.115959
v 0.002439 0.014040 0.120223
v 0.003117 0.036274 0.114304
v 0.003147 0.042550 0.094904
v 0.003104 0.022194 0.126017
v 0.003153 0.010347 0.071980
v 0.003151 0.020956 0.074388
v 0.002482 0.015048 0.073092
v 0.003146 0.032301 0.081676
v 0.002478 0.026835 0.077634
v 0.003158 0.011161 0.066737
v 0.003155 0.022094 0.069447
v 0.003149 0.036233 0.078727
v 0.002471 0.034945 0.087624
v 0.003690 -0.020965 0.122981
v 0.003699 -0.034615 0.112515
v 0.003689 -0.010688 0.124511
v 0.003736 -0.022105 0.071983
v 0.003739 -0.011317 0.069388
v 0.003728 -0.034814 0.080306
v 0.003715 -0.040026 0.094878
v 0.003689 -0.000213 0.124608
v 0.003739 -0.005697 0.068706
v -0.003523 -0.034615 0.112508
v -0.003532 -0.020965 0.122976
v -0.003534 -0.010687 0.124505
v -0.003484 -0.011316 0.069381
v -0.003487 -0.022105 0.071977
v -0.003494 -0.034814 0.080299
v -0.003507 -0.040025 0.094871
v -0.003533 -0.000212 0.124602
v -0.003483 -0.005697 0.068699
v 0.003701 0.034153 0.112411
v 0.003691 0.020535 0.122920
v 0.003690 0.010262 0.124480
v 0.003739 0.010725 0.069354
v 0.003737 0.021521 0.071918
v 0.003730 0.034255 0.080202
v 0.003717 0.039510 0.094758
v 0.003740 0.005103 0.068689
v 0.003740 -0.000297 0.068447
v -0.003532 0.020535 0.122913
v -0.003522 0.034154 0.112405
v -0.003533 0.010262 0.124473
v -0.003486 0.021521 0.071911
v -0.003484 0.010725 0.069348
v -0.003493 0.034255 0.080196
v -0.003506 0.039511 0.094752
v -0.003483 -0.000297 0.068440
v -0.003483 0.005103 0.068683
v 0.002483 -0.003066 0.072251
v 0.002483 0.007340 0.072143
v 0.002733 0.005879 0.037083
v 0.005067 0.004564 0.036345
v 0.002911 0.006299 0.035457
v 0.000157 0.006597 0.036337
v -0.002419 0.005879 0.037078
v -0.002595 0.006299 0.035452
v -0.004752 0.004564 0.036336
v -0.006062 0.002233 0.037080
v -0.006488 0.002406 0.035454
v -0.006785 -0.000345 0.036341
v -0.006062 -0.002922 0.037087
v -0.006488 -0.003100 0.035462
v -0.004752 -0.005255 0.036351
v -0.002420 -0.006568 0.037097
v -0.002595 -0.006993 0.035472
v 0.000157 -0.007288 0.036358
v 0.002732 -0.006568 0.037101
v 0.002911 -0.006993 0.035477
v 0.005066 -0.005255 0.036359
v 0.006375 -0.002922 0.037099
v 0.006804 -0.003100 0.035474
v 0.007100 -0.000346 0.036354
v 0.006376 0.002233 0.037091
v 0.006804 0.002406 0.035466
v -0.006981 -0.000342 0.038528
v -0.006415 -0.003077 0.038262
v -0.004891 -0.005417 0.038541
v -0.002566 -0.006944 0.038275
v 0.000155 -0.007520 0.038551
v 0.002877 -0.006944 0.038280
v 0.005202 -0.005417 0.038550
v 0.006726 -0.003077 0.038273
v 0.007291 -0.000342 0.038541
v 0.006726 0.002391 0.038265
v 0.005202 0.004733 0.038534
v 0.002877 0.006259 0.038260
v 0.000155 0.006836 0.038529
v -0.002566 0.006259 0.038255
v -0.004891 0.004733 0.038525
v -0.006415 0.002391 0.038253
v -0.007148 -0.000348 0.034367
v -0.006486 -0.003103 0.033257
v -0.005008 -0.005515 0.034377
v -0.002593 -0.006996 0.033267
v 0.000159 -0.007656 0.034384
v 0.002913 -0.006996 0.033272
v 0.005326 -0.005516 0.034386
v 0.006806 -0.003103 0.033269
v 0.007466 -0.000349 0.034380
v 0.006806 0.002403 0.033261
v 0.005326 0.004818 0.034370
v 0.002913 0.006296 0.033252
v 0.000159 0.006959 0.034362
v -0.002593 0.006296 0.033247
v -0.005008 0.004819 0.034361
v -0.006486 0.002403 0.033249
v -0.005981 -0.002897 0.031593
v -0.006416 -0.000353 0.031202
v -0.005983 -0.002899 0.030907
v -0.004490 -0.005005 0.031211
v -0.002383 -0.006495 0.031602
v -0.002383 -0.006499 0.030915
v 0.000162 -0.006931 0.031218
v 0.002706 -0.006495 0.031606
v 0.002707 -0.006499 0.030920
v 0.004813 -0.005005 0.031219
v 0.006304 -0.002897 0.031604
v 0.006307 -0.002899 0.030918
v 0.006740 -0.000353 0.031214
v 0.006304 0.002191 0.031596
v 0.006307 0.002191 0.030910
v 0.004813 0.004298 0.031205
v 0.002706 0.005789 0.031588
v 0.002708 0.005791 0.030902
v 0.000162 0.006225 0.031198
v -0.002383 0.005790 0.031583
v -0.002383 0.005791 0.030897
v -0.004489 0.004298 0.031197
v -0.005981 0.002192 0.031585
v -0.005983 0.002192 0.030899
v -0.006782 -0.000352 0.032299
v -0.004748 -0.005261 0.032309
v 0.000161 -0.007294 0.032316
v 0.005070 -0.005261 0.032317
v 0.007103 -0.000352 0.032312
v 0.005070 0.004557 0.032303
v 0.000161 0.006591 0.032295
v -0.004748 0.004558 0.032294
v -0.006755 -0.000343 0.037748
v -0.004731 -0.005243 0.037759
v 0.000156 -0.007274 0.037768
v 0.005043 -0.005243 0.037767
v 0.007067 -0.000344 0.037760
v 0.005043 0.004556 0.037753
v 0.000156 0.006587 0.037747
v -0.004731 0.004556 0.037744
v -0.005053 0.004861 0.029772
v -0.002602 0.006320 0.030014
v 0.000163 0.007022 0.029773
v -0.002664 0.006471 0.029496
v -0.006664 0.002472 0.029498
v -0.007214 -0.000355 0.029777
v -0.006512 0.002410 0.030017
v -0.006664 -0.003184 0.029507
v -0.005053 -0.005572 0.029787
v -0.006512 -0.003120 0.030025
v -0.002665 -0.007183 0.029516
v 0.000163 -0.007733 0.029795
v -0.002602 -0.007030 0.030034
v 0.002991 -0.007183 0.029521
v 0.005379 -0.005572 0.029797
v 0.002928 -0.007030 0.030039
v 0.006991 -0.003184 0.029519
v 0.007540 -0.000356 0.029791
v 0.006838 -0.003120 0.030037
v 0.006991 0.002472 0.029510
v 0.005380 0.004861 0.029781
v 0.006838 0.002410 0.030029
v 0.002991 0.006471 0.029501
v 0.002928 0.006320 0.030019
v -0.005051 0.004858 0.028161
v -0.002663 0.006469 0.028436
v 0.000165 0.007018 0.028163
v -0.002599 0.006314 0.027925
v -0.006508 0.002406 0.027928
v -0.007211 -0.000358 0.028167
v -0.006662 0.002470 0.028439
v -0.006508 -0.003122 0.027936
v -0.005051 -0.005573 0.028177
v -0.006663 -0.003185 0.028447
v -0.002599 -0.007031 0.027945
v 0.000164 -0.007733 0.028185
v -0.002664 -0.007184 0.028457
v 0.002929 -0.007031 0.027950
v 0.005380 -0.005573 0.028186
v 0.002992 -0.007184 0.028462
v 0.006837 -0.003122 0.027948
v 0.007540 -0.000358 0.028180
v 0.006991 -0.003185 0.028459
v 0.006838 0.002406 0.027940
v 0.005380 0.004857 0.028171
v 0.006991 0.002470 0.028451
v 0.002929 0.006314 0.027930
v 0.002992 0.006469 0.028441
v 0.005080 0.004563 0.030455
v 0.000163 0.006599 0.030448
v -0.004754 0.004563 0.030446
v -0.006791 -0.000354 0.030452
v -0.004755 -0.005271 0.030461
v 0.000162 -0.007308 0.030469
v 0.005079 -0.005272 0.030470
v 0.007116 -0.000355 0.030464
v -0.005086 0.004894 0.028966
v -0.007261 -0.000357 0.028972
v -0.005086 -0.005607 0.028982
v 0.000164 -0.007781 0.028990
v 0.005414 -0.005607 0.028991
v 0.007589 -0.000357 0.028985
v 0.005414 0.004893 0.028976
v 0.000164 0.007068 0.028968
v -0.004751 0.004557 0.027514
v -0.005979 0.002186 0.027097
v -0.006787 -0.000359 0.027519
v -0.005979 -0.002904 0.027104
v -0.004751 -0.005275 0.027529
v -0.002380 -0.006504 0.027113
v 0.000165 -0.007311 0.027536
v 0.002711 -0.006504 0.027118
v 0.005081 -0.005275 0.027537
v 0.006310 -0.002905 0.027115
v 0.007117 -0.000359 0.027532
v 0.006310 0.002186 0.027108
v 0.005081 0.004557 0.027523
v 0.002711 0.005785 0.027099
v 0.000165 0.006593 0.027515
v -0.002379 0.005785 0.027094
v 0.004817 0.004291 0.026845
v 0.002666 0.005632 0.014938
v 0.000166 0.006218 0.026838
v -0.002313 0.005632 0.014934
v -0.004485 0.004292 0.026836
v -0.005833 0.002112 0.014936
v -0.006412 -0.000360 0.026842
v -0.005833 -0.002867 0.014943
v -0.004486 -0.005011 0.026850
v -0.002313 -0.006387 0.014952
v 0.000166 -0.006938 0.026857
v 0.002666 -0.006388 0.014956
v 0.004817 -0.005011 0.026859
v 0.006186 -0.002867 0.014954
v 0.006744 -0.000360 0.026853
v 0.006186 0.002111 0.014947
v 0.004710 0.004071 -0.020409
v 0.002608 0.005232 -0.055995
v 0.000208 0.005936 -0.020416
v -0.002128 0.005232 -0.055999
v -0.004294 0.004071 -0.020417
v -0.005477 0.001883 -0.055997
v -0.006159 -0.000431 -0.020412
v -0.005477 -0.002853 -0.055990
v -0.004294 -0.004933 -0.020404
v -0.002128 -0.006202 -0.055982
v 0.000208 -0.006798 -0.020397
v 0.002608 -0.006202 -0.055978
v 0.004710 -0.004933 -0.020396
v 0.005957 -0.002853 -0.055980
v 0.006575 -0.000431 -0.020401
v 0.005957 0.001883 -0.055987
v 0.002526 0.004803 -0.118476
v 0.004202 0.003325 -0.118928
v 0.002299 0.004252 -0.119346
v 0.000297 0.004942 -0.118934
v -0.001933 0.004804 -0.118480
v -0.001704 0.004252 -0.119349
v -0.003608 0.003325 -0.118935
v -0.005086 0.001651 -0.118478
v -0.004535 0.001422 -0.119347
v -0.005225 -0.000580 -0.118930
v -0.005086 -0.002808 -0.118472
v -0.004535 -0.002582 -0.119341
v -0.003608 -0.004484 -0.118923
v -0.001933 -0.005961 -0.118464
v -0.001704 -0.005413 -0.119335
v 0.000297 -0.006102 -0.118917
v 0.002526 -0.005961 -0.118460
v 0.002299 -0.005413 -0.119331
v 0.004201 -0.004484 -0.118916
v 0.005679 -0.002808 -0.118462
v 0.005130 -0.002582 -0.119333
v 0.005819 -0.000580 -0.118920
v 0.005679 0.001651 -0.118469
v 0.005130 0.001421 -0.119339
v 0.004031 0.003152 -0.119826
v 0.002370 0.004420 -0.120252
v 0.000298 0.004698 -0.119832
v -0.001774 0.004421 -0.120256
v -0.003435 0.003152 -0.119833
v -0.004704 0.001490 -0.120254
v -0.004982 -0.000581 -0.119829
v -0.004704 -0.002654 -0.120248
v -0.003435 -0.004314 -0.119822
v -0.001774 -0.005584 -0.120241
v 0.000298 -0.005860 -0.119816
v 0.002370 -0.005584 -0.120237
v 0.004031 -0.004314 -0.119815
v 0.005300 -0.002654 -0.120239
v 0.005577 -0.000581 -0.119819
v 0.005300 0.001490 -0.120245
v 0.002416 0.004530 -0.120614
v 0.004232 0.003351 -0.120735
v 0.002422 0.004540 -0.121636
v 0.000299 0.004980 -0.120741
v -0.001819 0.004530 -0.120618
v -0.001823 0.004540 -0.121640
v -0.003635 0.003351 -0.120742
v -0.004814 0.001535 -0.120616
v -0.004824 0.001539 -0.121638
v -0.005264 -0.000582 -0.120738
v -0.004814 -0.002700 -0.120610
v -0.004824 -0.002706 -0.121632
v -0.003635 -0.004516 -0.120730
v -0.001819 -0.005694 -0.120603
v -0.001823 -0.005707 -0.121625
v 0.000298 -0.006145 -0.120724
v 0.002416 -0.005694 -0.120599
v 0.002421 -0.005707 -0.121621
v 0.004232 -0.004516 -0.120723
v 0.005410 -0.002700 -0.120601
v 0.005423 -0.002706 -0.121623
v 0.005861 -0.000582 -0.120728
v 0.005411 0.001535 -0.120607
v 0.005423 0.001539 -0.121629
v -0.001755 0.004345 -0.127657
v 0.000305 0.004106 -0.127929
v -0.001294 0.003016 -0.128197
v -0.003129 0.002841 -0.127930
v -0.004633 0.001467 -0.127656
v -0.003304 0.001005 -0.128195
v -0.004394 -0.000593 -0.127926
v -0.004633 -0.002652 -0.127649
v -0.003304 -0.002193 -0.128191
v -0.003129 -0.004027 -0.127920
v -0.001755 -0.005530 -0.127642
v -0.001294 -0.004203 -0.128186
v 0.000305 -0.005292 -0.127915
v 0.002364 -0.005530 -0.127639
v 0.001904 -0.004203 -0.128183
v 0.003739 -0.004027 -0.127914
v 0.005242 -0.002652 -0.127640
v 0.003915 -0.002193 -0.128184
v 0.005004 -0.000593 -0.127918
v 0.005242 0.001467 -0.127647
v 0.003915 0.001005 -0.128189
v 0.003739 0.002841 -0.127924
v 0.002364 0.004345 -0.127654
v 0.001904 0.003016 -0.128194
v 0.000305 0.002299 -0.128363
v -0.001995 0.001706 -0.128364
v -0.002588 -0.000594 -0.128361
v -0.001995 -0.002894 -0.128357
v 0.000305 -0.003487 -0.128354
v 0.002605 -0.002894 -0.128353
v 0.003198 -0.000594 -0.128356
v 0.002606 0.001706 -0.128360
v -0.001978 -0.006063 -0.116838
v -0.003914 -0.004788 -0.117862
v 0.000296 -0.006531 -0.117856
v 0.002567 -0.006063 -0.116834
v 0.004505 -0.004788 -0.117855
v 0.005781 -0.002849 -0.116836
v 0.006249 -0.000578 -0.117860
v 0.005781 0.001696 -0.116843
v 0.004505 0.003631 -0.117867
v 0.002568 0.004910 -0.116851
v 0.000296 0.005375 -0.117874
v -0.001977 0.004910 -0.116855
v -0.003913 0.003632 -0.117875
v -0.005191 0.001696 -0.116853
v -0.005657 -0.000578 -0.117870
v -0.005191 -0.002849 -0.116846
v -0.003601 -0.004481 -0.120475
v 0.000298 -0.006096 -0.120469
v 0.004197 -0.004481 -0.120468
v 0.005813 -0.000582 -0.120472
v 0.004198 0.003317 -0.120479
v 0.000298 0.004932 -0.120485
v -0.003601 0.003317 -0.120486
v -0.005216 -0.000582 -0.120482
v -0.003632 -0.004521 -0.124081
v -0.001819 -0.005714 -0.126537
v 0.000301 -0.006150 -0.124075
v 0.002426 -0.005714 -0.126533
v 0.004235 -0.004521 -0.124074
v 0.005427 -0.002713 -0.126535
v 0.005864 -0.000587 -0.124078
v 0.005427 0.001531 -0.126541
v 0.004235 0.003346 -0.124086
v 0.002426 0.004532 -0.126549
v 0.000302 0.004975 -0.124092
v -0.001818 0.004532 -0.126552
v -0.003632 0.003346 -0.124093
v -0.004820 0.001531 -0.126551
v -0.005261 -0.000587 -0.124088
v -0.004820 -0.002713 -0.126544
v -0.003629 -0.004526 -0.127457
v 0.000304 -0.006155 -0.127451
v 0.004238 -0.004526 -0.127450
v 0.005867 -0.000592 -0.127455
v 0.004238 0.003341 -0.127462
v 0.000305 0.004970 -0.127468
v -0.003629 0.003341 -0.127469
v -0.005258 -0.000592 -0.127465
v -0.001840 -0.006262 -0.110614
v -0.003938 -0.004797 -0.111682
v -0.001987 -0.006072 -0.113253
v 0.000290 -0.006548 -0.111676
v 0.002419 -0.006262 -0.110610
v 0.002570 -0.006072 -0.113249
v 0.004518 -0.004797 -0.111675
v 0.005801 -0.002850 -0.110384
v 0.005792 -0.002849 -0.113250
v 0.006270 -0.000569 -0.111679
v 0.005801 0.001716 -0.110391
v 0.005792 0.001707 -0.113257
v 0.004518 0.003659 -0.111687
v 0.002572 0.004945 -0.110398
v 0.002570 0.004929 -0.113265
v 0.000290 0.005410 -0.111694
v -0.001994 0.004945 -0.110403
v -0.001986 0.004929 -0.113269
v -0.003937 0.003659 -0.111695
v -0.005223 0.001716 -0.110401
v -0.005209 0.001707 -0.113267
v -0.005689 -0.000569 -0.111690
v -0.005223 -0.002850 -0.110394
v -0.005209 -0.002849 -0.113260
v -0.000452 -0.036081 -0.069680
v -0.000984 -0.036081 -0.069826
v -0.000436 -0.036178 -0.071325
v 0.000252 -0.036175 -0.069839
v 0.000956 -0.036081 -0.069678
v 0.000943 -0.036178 -0.071324
v 0.001488 -0.036081 -0.069823
v 0.005914 -0.002850 -0.069448
v 0.004881 -0.004837 -0.069874
v 0.005910 -0.002851 -0.071369
v 0.006398 -0.000506 -0.069880
v 0.005914 0.001840 -0.069455
v 0.005910 0.001835 -0.071376
v 0.004598 0.003840 -0.069888
v 0.002598 0.005157 -0.069463
v 0.002597 0.005148 -0.071383
v 0.000253 0.005640 -0.069895
v -0.002093 0.005157 -0.069467
v -0.002088 0.005148 -0.071388
v -0.004093 0.003840 -0.069896
v -0.005409 0.001840 -0.069465
v -0.005401 0.001835 -0.071386
v -0.005893 -0.000506 -0.069891
v -0.005409 -0.002850 -0.069458
v -0.005402 -0.002851 -0.071379
v -0.004376 -0.004837 -0.069882
v -0.001941 -0.006343 -0.069399
v -0.002789 -0.006300 -0.069722
v -0.001031 -0.007575 -0.069671
v 0.000252 -0.007251 -0.069673
v -0.003217 -0.006109 -0.071367
v -0.002313 -0.006972 -0.069869
v 0.000289 -0.007186 -0.110259
v -0.000920 -0.007544 -0.110256
v 0.001517 0.005312 0.063531
v -0.001251 0.005312 0.063529
v -0.003158 0.002121 0.063366
v -0.003158 -0.002731 0.063374
v -0.001251 -0.005921 0.063546
v 0.001516 -0.005921 0.063548
v 0.003424 -0.002731 0.063379
v 0.003424 0.002121 0.063372
v -0.000660 0.000372 -0.128481
v -0.000660 -0.001560 -0.128478
v 0.001271 -0.001560 -0.128476
v 0.001271 0.000372 -0.128479
v -0.001096 -0.025948 0.115930
v -0.001184 -0.030234 0.121839
v -0.001099 -0.014467 0.120144
v -0.001190 -0.016816 0.128588
v -0.001057 -0.015600 0.073257
v -0.001135 -0.016700 0.067144
v -0.001062 -0.027324 0.077811
v -0.001140 -0.030308 0.072862
v -0.001071 -0.035294 0.087766
v -0.001152 -0.042198 0.086038
v -0.001084 -0.035327 0.102715
v -0.001169 -0.042169 0.105162
v -0.001099 -0.005383 0.119476
v -0.001191 -0.005827 0.129680
v -0.001056 -0.007918 0.072288
v -0.001133 -0.008777 0.065591
v -0.001095 0.025497 0.115853
v -0.001183 0.029801 0.121749
v -0.001099 0.014028 0.120101
v -0.001189 0.016403 0.128538
v -0.001057 0.015020 0.073211
v -0.001134 0.016102 0.067095
v -0.001060 0.026758 0.077730
v -0.001139 0.029727 0.072772
v -0.001069 0.034758 0.087661
v -0.001151 0.041657 0.085912
v -0.001083 0.034836 0.102609
v -0.001168 0.041685 0.105036
v -0.001098 0.004942 0.119460
v -0.001191 0.005417 0.129663
v -0.001056 0.002483 0.072364
v 0.001395 -0.008777 0.065593
v 0.001393 -0.016700 0.067147
v 0.001388 -0.030308 0.072864
v 0.001376 -0.042198 0.086040
v 0.001359 -0.042169 0.105164
v 0.001344 -0.030234 0.121841
v 0.001338 -0.016816 0.128590
v 0.001337 -0.005827 0.129682
v 0.001337 0.005417 0.129665
v 0.001339 0.016403 0.128540
v 0.001345 0.029800 0.121751
v 0.001360 0.041685 0.105038
v 0.001378 0.041656 0.085914
v 0.001389 0.029727 0.072774
v 0.001394 0.016102 0.067097
v -0.001056 -0.003066 0.072372
v -0.001056 0.007335 0.072265
v -0.001133 0.008174 0.065565
v 0.001395 0.008174 0.065567
v 0.001686 0.004847 0.060898
v -0.001416 0.004847 0.060895
v -0.003609 0.001827 0.060901
v -0.003609 -0.002444 0.060907
v -0.001416 -0.005464 0.060911
v 0.001686 -0.005464 0.060913
v 0.003879 -0.002444 0.060914
v 0.003879 0.001827 0.060908
v 0.005312 0.002100 0.049209
v 0.002286 0.005531 0.049198
v -0.001994 0.005531 0.049195
v -0.005020 0.002100 0.049199
v -0.005021 -0.002752 0.049207
v -0.001994 -0.006184 0.049212
v 0.002286 -0.006184 0.049216
v 0.005312 -0.002752 0.049216
v -0.003484 -0.026566 0.116839
v -0.003480 -0.036928 0.103056
v -0.003466 -0.036893 0.087415
v -0.003487 -0.014565 0.121196
v -0.003484 -0.005340 0.120445
v -0.003484 0.004903 0.120429
v -0.003443 0.007377 0.071161
v -0.003444 0.015266 0.072134
v -0.003443 0.002481 0.071261
v -0.003443 -0.003067 0.071269
v -0.003443 -0.007963 0.071184
v -0.003444 -0.015849 0.072181
v -0.003449 -0.028004 0.076936
v -0.003484 -0.040368 0.104838
v -0.003488 -0.029499 0.121015
v -0.003492 -0.016472 0.127602
v -0.003467 -0.040405 0.086385
v -0.003492 -0.005737 0.128709
v -0.003492 0.005325 0.128692
v -0.003454 -0.003032 0.065765
v -0.003454 0.002429 0.065756
v -0.003439 0.007744 0.066662
v -0.003439 -0.008344 0.066687
v -0.003441 -0.016397 0.068207
v -0.003446 -0.029632 0.073734
v -0.003492 0.016056 0.127553
v -0.003486 0.014130 0.121153
v 0.003673 -0.036928 0.103062
v 0.003653 -0.026566 0.116845
v 0.003687 -0.036893 0.087422
v 0.003648 -0.014565 0.121202
v 0.003647 -0.005341 0.120451
v 0.003649 -0.029499 0.121021
v 0.003673 -0.040368 0.104844
v 0.003690 -0.040405 0.086391
v 0.003642 -0.016472 0.127608
v 0.003640 -0.005738 0.128715
v 0.003647 0.004903 0.120436
v 0.003640 0.005325 0.128699
v 0.003695 -0.007963 0.071191
v 0.003694 -0.015849 0.072188
v 0.003695 -0.003067 0.071276
v 0.003689 -0.028004 0.076942
v 0.003715 0.002429 0.065763
v 0.003715 -0.003032 0.065771
v 0.003699 -0.008344 0.066693
v 0.003697 -0.016397 0.068213
v 0.003692 -0.029632 0.073741
v 0.003649 0.014130 0.121160
v 0.003643 0.016056 0.127560
v 0.003695 0.002481 0.071267
v 0.003695 0.007377 0.071168
v 0.003699 0.007744 0.066669
v 0.003698 0.015802 0.068165
v -0.003479 0.036438 0.102946
v -0.003483 0.026117 0.116760
v -0.003465 0.036356 0.087305
v -0.003448 0.027435 0.076853
v -0.003487 0.029063 0.120927
v -0.003482 0.039883 0.104717
v -0.003465 0.039864 0.086264
v -0.003440 0.015802 0.068159
v -0.003445 0.029053 0.073646
v 0.003654 0.026117 0.116767
v 0.003675 0.036438 0.102952
v 0.003689 0.036356 0.087312
v 0.003675 0.039883 0.104724
v 0.003650 0.029063 0.120934
v 0.003692 0.039864 0.086271
v 0.003694 0.015266 0.072141
v 0.003690 0.027435 0.076859
v 0.003693 0.029053 0.073653
v -0.002938 -0.036076 0.102869
v -0.002942 -0.026228 0.116341
v -0.002945 -0.014512 0.120618
v -0.002942 -0.005364 0.119909
v -0.002902 0.002483 0.071863
v -0.002902 -0.007938 0.071787
v -0.002903 -0.015714 0.072768
v -0.002907 -0.027632 0.077414
v -0.002925 -0.036042 0.087607
v -0.002947 -0.029900 0.121465
v -0.002942 -0.041321 0.105014
v -0.002951 -0.016658 0.128143
v -0.002951 -0.005786 0.129244
v -0.003124 0.002434 0.065150
v -0.002897 -0.008405 0.066087
v -0.002899 -0.016563 0.067626
v -0.002904 -0.030001 0.073257
v -0.002925 -0.041353 0.086194
v -0.002950 0.005375 0.129227
v -0.002942 0.004925 0.119894
v 0.003132 -0.036076 0.102874
v 0.003112 -0.026228 0.116347
v 0.003107 -0.014512 0.120623
v 0.003132 -0.041321 0.105019
v 0.003107 -0.029900 0.121471
v 0.003100 -0.016658 0.128149
v 0.003106 -0.005364 0.119915
v 0.003098 -0.005786 0.129250
v 0.003153 -0.007938 0.071792
v 0.003152 -0.015714 0.072774
v 0.003147 -0.027633 0.077419
v 0.003158 -0.008405 0.066093
v 0.003156 -0.016563 0.067631
v 0.003151 -0.030001 0.073262
v 0.003146 -0.036042 0.087612
v 0.003149 -0.041353 0.086199
v 0.003106 0.004925 0.119899
v 0.003098 0.005375 0.129233
v 0.003153 0.002483 0.071868
v 0.003387 0.002434 0.065156
v -0.002941 0.025778 0.116263
v -0.002937 0.035585 0.102761
v -0.002944 0.014075 0.120575
v -0.002903 0.015132 0.072722
v -0.002906 0.027065 0.077331
v -0.002923 0.035506 0.087499
v -0.002940 0.040836 0.104891
v -0.002946 0.029466 0.121376
v -0.002951 0.016244 0.128094
v -0.002898 0.015966 0.067577
v -0.002903 0.029421 0.073168
v -0.002924 0.040812 0.086071
v 0.003133 0.035585 0.102767
v 0.003113 0.025778 0.116269
v 0.003108 0.014075 0.120581
v 0.003133 0.040836 0.104896
v 0.003108 0.029466 0.121382
v 0.003101 0.016244 0.128099
v 0.003152 0.015132 0.072727
v 0.003148 0.027065 0.077337
v 0.003157 0.015966 0.067582
v 0.003152 0.029421 0.073173
v 0.003147 0.035505 0.087505
v 0.003150 0.040812 0.086076
v 0.003694 -0.028028 0.118937
v 0.003689 -0.015508 0.124408
v 0.003738 -0.016120 0.070200
v 0.003733 -0.028818 0.075342
v 0.003722 -0.038649 0.086906
v 0.003707 -0.038648 0.103954
v 0.003689 -0.005533 0.124583
v 0.003739 -0.008148 0.068941
v -0.003529 -0.028027 0.118931
v -0.003534 -0.015508 0.124402
v -0.003485 -0.016120 0.070194
v -0.003490 -0.028818 0.075335
v -0.003500 -0.038649 0.086900
v -0.003516 -0.038647 0.103948
v -0.003534 -0.005533 0.124577
v -0.003484 -0.008148 0.068935
v 0.003695 0.027585 0.118854
v 0.003690 0.015083 0.124363
v 0.003738 0.015531 0.070153
v 0.003734 0.028244 0.075256
v 0.003724 0.038110 0.086791
v 0.003709 0.038160 0.103839
v 0.003689 0.005108 0.124567
v 0.003740 0.002453 0.068517
v -0.003528 0.027585 0.118847
v -0.003533 0.015083 0.124356
v -0.003484 0.015531 0.070146
v -0.003489 0.028244 0.075250
v -0.003499 0.038110 0.086785
v -0.003514 0.038160 0.103833
v -0.003533 0.005108 0.124561
v -0.003483 0.002453 0.068511
v 0.003387 -0.003038 0.065164
v 0.003740 -0.003047 0.068525
v 0.003153 -0.003067 0.071877
v -0.002902 -0.003067 0.071871
v -0.003483 -0.003047 0.068519
v -0.003124 -0.003038 0.065158
v 0.003158 0.007804 0.066068
v 0.003739 0.007555 0.068918
v 0.003153 0.007354 0.071769
v -0.002902 0.007354 0.071764
v -0.003483 0.007555 0.068911
v -0.002897 0.007804 0.066063
v 0.002806 0.006049 0.036340
v -0.002491 0.006049 0.036336
v -0.006237 0.002303 0.036338
v -0.006237 -0.002994 0.036346
v -0.002491 -0.006740 0.036355
v 0.002806 -0.006740 0.036360
v 0.006551 -0.002994 0.036357
v 0.006551 0.002303 0.036349
v -0.006417 -0.003080 0.038534
v -0.002567 -0.006953 0.038547
v 0.002878 -0.006953 0.038552
v 0.006728 -0.003080 0.038546
v 0.006728 0.002396 0.038538
v 0.002878 0.006268 0.038532
v -0.002567 0.006268 0.038527
v -0.006417 0.002396 0.038526
v -0.006571 -0.003136 0.034372
v -0.002629 -0.007078 0.034381
v 0.002947 -0.007079 0.034386
v 0.006889 -0.003136 0.034384
v 0.006889 0.002439 0.034375
v 0.002947 0.006381 0.034366
v -0.002628 0.006381 0.034361
v -0.006571 0.002439 0.034363
v -0.005896 -0.002863 0.031206
v -0.002348 -0.006412 0.031215
v 0.002671 -0.006412 0.031219
v 0.006220 -0.002863 0.031217
v 0.006220 0.002156 0.031210
v 0.002671 0.005705 0.031201
v -0.002347 0.005705 0.031197
v -0.005896 0.002156 0.031199
v -0.006233 -0.003000 0.032304
v -0.002488 -0.006746 0.032313
v 0.002809 -0.006746 0.032318
v 0.006555 -0.003000 0.032315
v 0.006555 0.002297 0.032307
v 0.002810 0.006042 0.032298
v -0.002488 0.006043 0.032294
v -0.006233 0.002297 0.032296
v -0.006209 -0.002987 0.037753
v -0.002481 -0.006726 0.037764
v 0.002793 -0.006726 0.037769
v 0.006521 -0.002987 0.037764
v 0.006521 0.002300 0.037756
v 0.002793 0.006039 0.037750
v -0.002481 0.006039 0.037745
v -0.006209 0.002300 0.037745
v -0.002651 0.006439 0.029771
v -0.006631 0.002459 0.029774
v -0.006631 -0.003170 0.029782
v -0.002651 -0.007150 0.029792
v 0.002977 -0.007150 0.029797
v 0.006957 -0.003170 0.029794
v 0.006957 0.002459 0.029786
v 0.002978 0.006439 0.029776
v -0.002649 0.006435 0.028161
v -0.006628 0.002456 0.028163
v -0.006628 -0.003171 0.028172
v -0.002649 -0.007151 0.028181
v 0.002978 -0.007151 0.028187
v 0.006957 -0.003172 0.028184
v 0.006957 0.002456 0.028176
v 0.002978 0.006435 0.028166
v 0.002815 0.006050 0.030451
v -0.002490 0.006050 0.030446
v -0.006242 0.002298 0.030448
v -0.006242 -0.003007 0.030456
v -0.002490 -0.006759 0.030465
v 0.002815 -0.006759 0.030470
v 0.006567 -0.003007 0.030468
v 0.006567 0.002298 0.030460
v -0.006674 0.002476 0.028968
v -0.006674 -0.003189 0.028977
v -0.002669 -0.007195 0.028986
v 0.002996 -0.007195 0.028991
v 0.007002 -0.003189 0.028989
v 0.007002 0.002476 0.028981
v 0.002996 0.006481 0.028971
v -0.002668 0.006482 0.028966
v -0.006238 0.002293 0.027516
v -0.006238 -0.003011 0.027524
v -0.002487 -0.006762 0.027533
v 0.002817 -0.006762 0.027538
v 0.006568 -0.003011 0.027535
v 0.006568 0.002293 0.027527
v 0.002817 0.006044 0.027518
v -0.002487 0.006044 0.027514
v 0.002675 0.005698 0.026841
v -0.002344 0.005698 0.026836
v -0.005892 0.002150 0.026838
v -0.005893 -0.002869 0.026846
v -0.002344 -0.006418 0.026854
v 0.002675 -0.006418 0.026859
v 0.006224 -0.002869 0.026857
v 0.006224 0.002149 0.026849
v 0.002637 0.005433 -0.020413
v -0.002221 0.005433 -0.020417
v -0.005656 0.001998 -0.020415
v -0.005656 -0.002860 -0.020408
v -0.002221 -0.006295 -0.020400
v 0.002637 -0.006295 -0.020396
v 0.006072 -0.002860 -0.020398
v 0.006072 0.001998 -0.020405
v 0.002404 0.004506 -0.118931
v -0.001810 0.004506 -0.118935
v -0.004789 0.001527 -0.118933
v -0.004789 -0.002686 -0.118927
v -0.001810 -0.005665 -0.118920
v 0.002403 -0.005665 -0.118916
v 0.005383 -0.002686 -0.118918
v 0.005383 0.001527 -0.118924
v 0.002312 0.004281 -0.119829
v -0.001716 0.004281 -0.119833
v -0.004565 0.001433 -0.119831
v -0.004565 -0.002595 -0.119825
v -0.001716 -0.005443 -0.119818
v 0.002312 -0.005443 -0.119815
v 0.005160 -0.002595 -0.119816
v 0.005160 0.001433 -0.119822
v 0.002421 0.004541 -0.120738
v -0.001824 0.004541 -0.120742
v -0.004825 0.001540 -0.120740
v -0.004825 -0.002704 -0.120734
v -0.001824 -0.005706 -0.120727
v 0.002421 -0.005706 -0.120723
v 0.005422 -0.002705 -0.120725
v 0.005422 0.001540 -0.120731
v -0.001566 0.003787 -0.127930
v -0.004075 0.001278 -0.127929
v -0.004075 -0.002465 -0.127923
v -0.001567 -0.004973 -0.127917
v 0.002176 -0.004973 -0.127914
v 0.004685 -0.002465 -0.127915
v 0.004685 0.001278 -0.127921
v 0.002176 0.003787 -0.127927
v -0.000978 0.002190 -0.128364
v -0.002479 0.000689 -0.128363
v -0.002479 -0.001877 -0.128359
v -0.000978 -0.003378 -0.128356
v 0.001589 -0.003378 -0.128353
v 0.003089 -0.001877 -0.128354
v 0.003090 0.000689 -0.128358
v 0.001589 0.002190 -0.128362
v -0.001975 -0.006061 -0.117859
v 0.002567 -0.006061 -0.117855
v 0.005779 -0.002849 -0.117856
v 0.005779 0.001693 -0.117863
v 0.002567 0.004905 -0.117871
v -0.001975 0.004905 -0.117875
v -0.005187 0.001693 -0.117873
v -0.005187 -0.002849 -0.117866
v -0.001805 -0.005661 -0.120471
v 0.002402 -0.005661 -0.120468
v 0.005377 -0.002686 -0.120469
v 0.005377 0.001522 -0.120476
v 0.002402 0.004497 -0.120483
v -0.001805 0.004497 -0.120487
v -0.004780 0.001522 -0.120485
v -0.004780 -0.002686 -0.120479
v -0.001821 -0.005711 -0.124078
v 0.002424 -0.005711 -0.124074
v 0.005425 -0.002710 -0.124076
v 0.005425 0.001535 -0.124082
v 0.002424 0.004536 -0.124089
v -0.001821 0.004536 -0.124093
v -0.004822 0.001535 -0.124091
v -0.004822 -0.002710 -0.124085
v -0.001818 -0.005716 -0.127454
v 0.002427 -0.005716 -0.127450
v 0.005428 -0.002715 -0.127452
v 0.005428 0.001530 -0.127458
v 0.002427 0.004531 -0.127465
v -0.001817 0.004531 -0.127469
v -0.004819 0.001530 -0.127467
v -0.004819 -0.002715 -0.127461
v -0.001991 -0.006075 -0.111678
v 0.002571 -0.006075 -0.111674
v 0.005797 -0.002850 -0.111676
v 0.005797 0.001712 -0.111683
v 0.002571 0.004938 -0.111691
v -0.001990 0.004938 -0.111695
v -0.005216 0.001712 -0.111693
v -0.005216 -0.002850 -0.111686
v -0.000438 -0.036175 -0.069834
v 0.000943 -0.036175 -0.069832
v 0.005913 -0.002850 -0.069877
v 0.005913 0.001839 -0.069884
v 0.002597 0.005154 -0.069892
v -0.002092 0.005154 -0.069896
v -0.005407 0.001839 -0.069894
v -0.005407 -0.002850 -0.069887
v -0.001486 -0.006870 -0.069672
v -0.003223 -0.006110 -0.069875
v -0.001380 -0.006815 -0.110258
v 0.001991 -0.006870 -0.069669
v 0.001958 -0.006815 -0.110255
v 0.003728 -0.006110 -0.069869
v -0.000879 -0.008278 -0.069670
v -0.002009 -0.007728 -0.069866
v -0.000767 -0.008255 -0.110255
v 0.001384 -0.008278 -0.069668
v 0.001344 -0.008255 -0.110253
v 0.002515 -0.007728 -0.069862
v -0.002095 -0.006169 -0.068575
v 0.002598 -0.006169 -0.068571
v 0.005917 -0.002850 -0.068573
v 0.005917 0.001843 -0.068580
v 0.002598 0.005161 -0.068588
v -0.002095 0.005161 -0.068592
v -0.005413 0.001843 -0.068590
v -0.005414 -0.002850 -0.068583
v -0.001982 -0.006067 -0.115138
v 0.002569 -0.006067 -0.115134
v 0.005786 -0.002849 -0.115136
v 0.005786 0.001701 -0.115142
v 0.002569 0.004919 -0.115150
v -0.001982 0.004919 -0.115154
v -0.005199 0.001701 -0.115152
v -0.005200 -0.002849 -0.115146
v -0.000879 -0.018178 -0.069655
v -0.002010 -0.018179 -0.069851
v -0.000767 -0.018239 -0.110240
v 0.001384 -0.018178 -0.069653
v 0.001344 -0.018239 -0.110238
v 0.002514 -0.018179 -0.069846
v -0.000794 -0.018603 -0.100838
v 0.001355 -0.018603 -0.100836
v 0.002430 -0.018225 -0.100824
v 0.002430 -0.007723 -0.100840
v 0.003654 -0.006085 -0.100848
v 0.005830 -0.002851 -0.100857
v 0.005831 0.001746 -0.100863
v 0.002580 0.004997 -0.100871
v -0.002018 0.004998 -0.100875
v -0.005269 0.001747 -0.100873
v -0.005269 -0.002851 -0.100867
v -0.003093 -0.006085 -0.100854
v -0.001869 -0.007723 -0.100844
v -0.001869 -0.018225 -0.100828
v -0.000879 -0.019508 -0.069653
v -0.002010 -0.019508 -0.069849
v -0.000817 -0.019543 -0.093024
v 0.001384 -0.019508 -0.069651
v 0.001363 -0.019543 -0.093022
v 0.002514 -0.019508 -0.069844
v -0.000879 -0.021582 -0.069650
v -0.002010 -0.021582 -0.069845
v -0.000817 -0.021617 -0.093021
v 0.001384 -0.021582 -0.069648
v 0.001363 -0.021617 -0.093019
v 0.002514 -0.021582 -0.069841
v -0.000769 -0.018616 -0.109325
v 0.001345 -0.018616 -0.109323
v 0.002403 -0.018238 -0.109311
v 0.002403 -0.007720 -0.109327
v 0.003630 -0.006076 -0.109335
v 0.005804 -0.002850 -0.109343
v 0.005804 0.001720 -0.109350
v 0.002573 0.004951 -0.109358
v -0.001996 0.004951 -0.109362
v -0.005228 0.001720 -0.109360
v -0.005228 -0.002850 -0.109353
v -0.003054 -0.006076 -0.109341
v -0.001827 -0.007720 -0.109331
v -0.001827 -0.018238 -0.109315
v -0.000879 -0.022952 -0.069648
v -0.002010 -0.022952 -0.069843
v -0.000801 -0.023013 -0.110221
v 0.001384 -0.022952 -0.069646
v 0.001379 -0.023013 -0.110219
v 0.002514 -0.022952 -0.069839
v 0.001374 -0.026066 -0.083769
v 0.002484 -0.022973 -0.083762
v 0.002483 -0.021603 -0.083764
v 0.002483 -0.019529 -0.083767
v 0.002484 -0.018200 -0.083769
v 0.002484 -0.007730 -0.083784
v 0.003702 -0.006103 -0.083791
v 0.005883 -0.002854 -0.083799
v 0.005883 0.001800 -0.083806
v 0.002592 0.005091 -0.083814
v -0.002062 0.005091 -0.083818
v -0.005353 0.001800 -0.083816
v -0.005353 -0.002854 -0.083809
v -0.003171 -0.006103 -0.083797
v -0.001954 -0.007730 -0.083788
v -0.001954 -0.018200 -0.083773
v -0.001953 -0.019529 -0.083771
v -0.001954 -0.021603 -0.083768
v -0.001954 -0.022973 -0.083765
v -0.000845 -0.026066 -0.083771
v -0.000410 -0.036198 -0.084792
v 0.000941 -0.036198 -0.084791
v 0.002480 -0.022974 -0.084798
v 0.002480 -0.021605 -0.084800
v 0.002480 -0.019531 -0.084803
v 0.002481 -0.018201 -0.084805
v 0.002481 -0.007729 -0.084821
v 0.003699 -0.006102 -0.084827
v 0.005880 -0.002854 -0.084836
v 0.005880 0.001797 -0.084843
v 0.002592 0.005085 -0.084850
v -0.002059 0.005086 -0.084855
v -0.005347 0.001797 -0.084853
v -0.005348 -0.002854 -0.084846
v -0.003167 -0.006102 -0.084834
v -0.001949 -0.007729 -0.084825
v -0.001949 -0.018201 -0.084809
v -0.001948 -0.019531 -0.084807
v -0.001948 -0.021605 -0.084804
v -0.001949 -0.022974 -0.084802
v -0.000849 -0.026063 -0.082161
v 0.001376 -0.026063 -0.082159
v 0.002489 -0.022970 -0.082151
v 0.002488 -0.021601 -0.082154
v 0.002489 -0.019527 -0.082157
v 0.002489 -0.018197 -0.082159
v 0.002489 -0.007730 -0.082174
v 0.003706 -0.006105 -0.082181
v 0.005888 -0.002854 -0.082189
v 0.005888 0.001805 -0.082196
v 0.002594 0.005100 -0.082204
v -0.002066 0.005100 -0.082208
v -0.005360 0.001806 -0.082206
v -0.005360 -0.002854 -0.082199
v -0.003179 -0.006105 -0.082187
v -0.001962 -0.007730 -0.082178
v -0.001962 -0.018197 -0.082163
v -0.001962 -0.019527 -0.082161
v -0.001962 -0.021601 -0.082158
v -0.001962 -0.022970 -0.082155
v -0.000714 -0.030423 -0.069637
v -0.001680 -0.030424 -0.069832
v -0.000692 -0.031066 -0.081338
v 0.001218 -0.030424 -0.069635
v 0.001217 -0.031066 -0.081336
v 0.002184 -0.030424 -0.069828
v -0.000793 -0.027605 -0.084563
v -0.001850 -0.027585 -0.084793
v -0.000751 -0.027495 -0.110215
v 0.001324 -0.027605 -0.084561
v 0.001328 -0.027495 -0.110213
v 0.002381 -0.027585 -0.084790
v -0.000494 -0.035798 -0.069629
v -0.001239 -0.035798 -0.069823
v -0.000477 -0.035816 -0.081331
v 0.000998 -0.035798 -0.069627
v 0.001002 -0.035816 -0.081329
v 0.001743 -0.035798 -0.069821
v -0.000465 -0.035821 -0.084551
v -0.001194 -0.035821 -0.084782
v -0.000451 -0.035834 -0.093239
v 0.000995 -0.035821 -0.084549
v 0.000997 -0.035834 -0.093238
v 0.001725 -0.035821 -0.084779
v -0.001499 -0.032400 -0.084787
v -0.000617 -0.032401 -0.084556
v 0.001148 -0.032401 -0.084554
v 0.002030 -0.032400 -0.084784
v 0.001145 -0.032415 -0.093243
v -0.000599 -0.032415 -0.093244
v -0.000816 -0.022740 -0.093937
v -0.001906 -0.022988 -0.093927
v 0.001364 -0.022740 -0.093935
v 0.002454 -0.022988 -0.093923
v -0.000694 -0.028971 -0.093928
v -0.001814 -0.026792 -0.093921
v 0.002362 -0.026792 -0.093917
v 0.001241 -0.028971 -0.093926
v -0.000693 -0.028973 -0.095214
v 0.001243 -0.028973 -0.095212
v 0.002363 -0.026794 -0.095203
v 0.002455 -0.022990 -0.095209
v 0.001365 -0.022742 -0.095221
v -0.000815 -0.022742 -0.095223
v -0.001905 -0.022990 -0.095213
v -0.001813 -0.026794 -0.095207
v -0.000294 -0.036150 -0.096108
v 0.000846 -0.036150 -0.096107
v 0.002360 -0.027019 -0.096106
v 0.002456 -0.022992 -0.096114
v 0.001366 -0.022744 -0.096126
v -0.000814 -0.022744 -0.096128
v -0.001904 -0.022991 -0.096118
v -0.001808 -0.027019 -0.096110
v -0.000685 -0.029889 -0.103322
v 0.001250 -0.029889 -0.103320
v 0.002364 -0.027258 -0.103312
v 0.002463 -0.023002 -0.103319
v 0.001373 -0.022754 -0.103331
v -0.000808 -0.022754 -0.103333
v -0.001898 -0.023002 -0.103323
v -0.001799 -0.027258 -0.103316
v -0.000686 -0.029888 -0.102299
v 0.001249 -0.029888 -0.102297
v 0.002363 -0.027256 -0.102289
v 0.002462 -0.023001 -0.102296
v 0.001372 -0.022753 -0.102308
v -0.000809 -0.022753 -0.102310
v -0.001899 -0.023001 -0.102299
v -0.001800 -0.027256 -0.102293
v -0.000287 -0.036162 -0.104104
v 0.000853 -0.036162 -0.104103
v 0.002362 -0.027461 -0.104103
v 0.002463 -0.023004 -0.104110
v 0.001373 -0.022756 -0.104122
v -0.000807 -0.022756 -0.104124
v -0.001897 -0.023004 -0.104114
v -0.001796 -0.027461 -0.104107
v -0.000572 -0.032451 -0.095816
v -0.001420 -0.032471 -0.096101
v -0.000567 -0.032912 -0.101798
v 0.001123 -0.032451 -0.095814
v 0.001129 -0.032912 -0.101797
v 0.001972 -0.032471 -0.096098
v -0.000565 -0.032915 -0.103845
v -0.001413 -0.032914 -0.104099
v -0.000559 -0.032949 -0.110206
v 0.001131 -0.032915 -0.103843
v 0.001136 -0.032949 -0.110205
v 0.001979 -0.032914 -0.104095
v -0.000374 -0.035837 -0.095810
v -0.001022 -0.035836 -0.096098
v -0.000368 -0.035846 -0.101794
v 0.000925 -0.035837 -0.095809
v 0.000930 -0.035846 -0.101793
v 0.001574 -0.035836 -0.096095
v -0.000366 -0.035849 -0.103840
v -0.001015 -0.035848 -0.104094
v -0.000361 -0.035859 -0.110202
v 0.000932 -0.035850 -0.103839
v 0.000937 -0.035859 -0.110201
v 0.001581 -0.035848 -0.104091
v -0.001228 -0.035807 -0.075378
v -0.000431 -0.036184 -0.075388
v 0.000945 -0.036184 -0.075387
v 0.001742 -0.035807 -0.075375
v 0.002178 -0.030721 -0.075384
v 0.002504 -0.022960 -0.075394
v 0.002503 -0.021590 -0.075396
v 0.002503 -0.019517 -0.075399
v 0.002504 -0.018187 -0.075401
v 0.002504 -0.007730 -0.075417
v 0.003719 -0.006108 -0.075423
v 0.005902 -0.002852 -0.075432
v 0.005902 0.001824 -0.075439
v 0.002596 0.005130 -0.075447
v -0.002080 0.005130 -0.075451
v -0.005387 0.001824 -0.075449
v -0.005387 -0.002852 -0.075442
v -0.003203 -0.006108 -0.075430
v -0.001989 -0.007730 -0.075421
v -0.001989 -0.018187 -0.075405
v -0.001989 -0.019516 -0.075403
v -0.001989 -0.021590 -0.075400
v -0.001989 -0.022960 -0.075398
v -0.001663 -0.030721 -0.075388
v -0.001010 -0.035857 -0.109935
v -0.000282 -0.036171 -0.109945
v 0.000858 -0.036171 -0.109944
v 0.001586 -0.035857 -0.109933
v 0.001984 -0.032945 -0.109937
v 0.002367 -0.027492 -0.109945
v 0.002469 -0.023012 -0.109951
v 0.001379 -0.022764 -0.109964
v -0.000802 -0.022764 -0.109966
v -0.001892 -0.023012 -0.109955
v -0.001791 -0.027492 -0.109948
v -0.001408 -0.032945 -0.109940
v -0.001892 -0.024373 -0.109953
v -0.001897 -0.024365 -0.104112
v -0.001898 -0.024363 -0.103320
v -0.001899 -0.024362 -0.102297
v -0.001904 -0.024353 -0.096116
v -0.001905 -0.024351 -0.095210
v -0.001906 -0.024349 -0.093925
v -0.001949 -0.024941 -0.084797
v -0.001954 -0.024643 -0.083763
v -0.001962 -0.024641 -0.082153
v -0.001989 -0.024611 -0.075397
v -0.002010 -0.024313 -0.069841
v -0.000879 -0.024313 -0.069646
v 0.001384 -0.024313 -0.069644
v 0.002514 -0.024313 -0.069837
v 0.002503 -0.024611 -0.075393
v 0.002489 -0.024641 -0.082149
v 0.002484 -0.024643 -0.083759
v 0.002480 -0.024941 -0.084793
v 0.002454 -0.024349 -0.093921
v 0.002455 -0.024351 -0.095207
v 0.002456 -0.024353 -0.096112
v 0.002462 -0.024362 -0.102293
v 0.002463 -0.024364 -0.103317
v 0.002463 -0.024365 -0.104108
v 0.002469 -0.024374 -0.109949
v 0.001379 -0.024374 -0.110217
v -0.000802 -0.024374 -0.110219
v -0.000398 -0.036210 -0.092876
v 0.000944 -0.036210 -0.092874
v 0.001721 -0.035833 -0.092863
v 0.002018 -0.032412 -0.092868
v 0.002359 -0.026992 -0.092876
v 0.002455 -0.024348 -0.092880
v 0.002455 -0.022987 -0.092882
v 0.002455 -0.021616 -0.092645
v 0.002455 -0.019543 -0.092648
v 0.002455 -0.018213 -0.092889
v 0.002455 -0.007726 -0.092905
v 0.003676 -0.006094 -0.092912
v 0.005855 -0.002852 -0.092921
v 0.005855 0.001772 -0.092928
v 0.002586 0.005041 -0.092936
v -0.002038 0.005041 -0.092940
v -0.005308 0.001772 -0.092938
v -0.005308 -0.002852 -0.092931
v -0.003129 -0.006094 -0.092918
v -0.001908 -0.007726 -0.092909
v -0.001909 -0.018213 -0.092893
v -0.001909 -0.019542 -0.092652
v -0.001909 -0.021616 -0.092648
v -0.001909 -0.022987 -0.092886
v -0.001909 -0.024348 -0.092884
v -0.001813 -0.026991 -0.092880
v -0.001472 -0.032412 -0.092871
v -0.001175 -0.035833 -0.092866
v -0.000730 -0.028936 -0.084561
v 0.001260 -0.028936 -0.084559
v 0.002255 -0.028933 -0.084789
v 0.002236 -0.028945 -0.092873
v 0.002239 -0.028544 -0.093915
v 0.002240 -0.028546 -0.095200
v 0.002237 -0.028995 -0.096102
v 0.002240 -0.029461 -0.102286
v 0.002241 -0.029462 -0.103309
v 0.002240 -0.029868 -0.104100
v 0.002245 -0.029921 -0.109941
v 0.001267 -0.029927 -0.110209
v -0.000690 -0.029927 -0.110211
v -0.001668 -0.029921 -0.109945
v -0.001674 -0.029868 -0.104103
v -0.001677 -0.029462 -0.103313
v -0.001678 -0.029461 -0.102290
v -0.001686 -0.028994 -0.096105
v -0.001690 -0.028546 -0.095204
v -0.001691 -0.028544 -0.093918
v -0.001690 -0.028945 -0.092877
v -0.001724 -0.028933 -0.084793
v -0.000423 -0.036192 -0.081034
v 0.000948 -0.036192 -0.081032
v 0.001742 -0.035815 -0.081021
v 0.002171 -0.031042 -0.081029
v 0.002492 -0.024931 -0.081038
v 0.002492 -0.022969 -0.081039
v 0.002492 -0.021599 -0.081041
v 0.002492 -0.019525 -0.081045
v 0.002493 -0.018195 -0.081047
v 0.002493 -0.007731 -0.081062
v 0.003709 -0.006106 -0.081069
v 0.005892 -0.002854 -0.081077
v 0.005892 0.001809 -0.081084
v 0.002594 0.005106 -0.081092
v -0.002069 0.005106 -0.081096
v -0.005366 0.001809 -0.081094
v -0.005366 -0.002854 -0.081087
v -0.003184 -0.006106 -0.081075
v -0.001967 -0.007731 -0.081066
v -0.001968 -0.018195 -0.081051
v -0.001967 -0.019525 -0.081049
v -0.001967 -0.021599 -0.081045
v -0.001968 -0.022969 -0.081043
v -0.001968 -0.024931 -0.081042
v -0.001647 -0.031042 -0.081033
v -0.001217 -0.035815 -0.081023
v -0.000404 -0.036204 -0.088774
v 0.000943 -0.036204 -0.088772
v 0.001723 -0.035827 -0.088761
v 0.002024 -0.032406 -0.088766
v 0.002245 -0.028939 -0.088771
v 0.002370 -0.027279 -0.088772
v 0.002468 -0.024635 -0.088776
v 0.002468 -0.022980 -0.088780
v 0.002467 -0.021610 -0.088662
v 0.002467 -0.019537 -0.088665
v 0.002468 -0.018207 -0.088787
v 0.002468 -0.007728 -0.088802
v 0.003688 -0.006098 -0.088809
v 0.005868 -0.002853 -0.088818
v 0.005868 0.001784 -0.088825
v 0.002589 0.005064 -0.088833
v -0.002049 0.005064 -0.088837
v -0.005328 0.001785 -0.088835
v -0.005328 -0.002853 -0.088828
v -0.003148 -0.006098 -0.088816
v -0.001929 -0.007728 -0.088806
v -0.001929 -0.018207 -0.088791
v -0.001929 -0.019536 -0.088669
v -0.001929 -0.021610 -0.088666
v -0.001929 -0.022980 -0.088783
v -0.001929 -0.024635 -0.088780
v -0.001832 -0.027279 -0.088775
v -0.001707 -0.028939 -0.088774
v -0.001486 -0.032406 -0.088769
v -0.001185 -0.035827 -0.088764
v -0.000292 -0.036154 -0.098939
v 0.000848 -0.036154 -0.098938
v 0.001576 -0.035841 -0.098927
v 0.001974 -0.032689 -0.098930
v 0.002237 -0.029427 -0.098934
v 0.002360 -0.027237 -0.098938
v 0.002459 -0.024357 -0.098943
v 0.002459 -0.022996 -0.098945
v 0.001369 -0.022748 -0.098958
v -0.000812 -0.022748 -0.098960
v -0.001902 -0.022996 -0.098949
v -0.001902 -0.024357 -0.098947
v -0.001803 -0.027237 -0.098942
v -0.001681 -0.029427 -0.098938
v -0.001418 -0.032689 -0.098933
v -0.001020 -0.035841 -0.098929
v -0.000289 -0.036158 -0.101633
v 0.000851 -0.036158 -0.101632
v 0.001579 -0.035845 -0.101621
v 0.001977 -0.032897 -0.101626
v 0.002238 -0.029838 -0.101631
v 0.002360 -0.027445 -0.101633
v 0.002461 -0.024361 -0.101637
v 0.002461 -0.023000 -0.101639
v 0.001371 -0.022752 -0.101652
v -0.000809 -0.022752 -0.101654
v -0.001899 -0.023000 -0.101643
v -0.001899 -0.024361 -0.101641
v -0.001799 -0.027444 -0.101637
v -0.001676 -0.029838 -0.101634
v -0.001415 -0.032897 -0.101629
v -0.001018 -0.035845 -0.101623
v -0.000284 -0.036166 -0.107029
v 0.000855 -0.036166 -0.107028
v 0.001584 -0.035853 -0.107016
v 0.001981 -0.032929 -0.107020
v 0.002242 -0.029894 -0.107025
v 0.002365 -0.027477 -0.107028
v 0.002466 -0.024369 -0.107033
v 0.002466 -0.023008 -0.107035
v 0.001376 -0.022760 -0.107047
v -0.000804 -0.022760 -0.107049
v -0.001894 -0.023008 -0.107039
v -0.001895 -0.024369 -0.107037
v -0.001793 -0.027477 -0.107032
v -0.001671 -0.029894 -0.107028
v -0.001410 -0.032929 -0.107023
v -0.001013 -0.035853 -0.107019
v -0.000879 -0.013391 -0.069663
v 0.001384 -0.013391 -0.069661
v 0.002514 -0.013116 -0.069854
v 0.002504 -0.013121 -0.075409
v 0.002493 -0.013126 -0.081054
v 0.002489 -0.013127 -0.082166
v 0.002484 -0.013128 -0.083776
v 0.002481 -0.013128 -0.084813
v 0.002468 -0.013130 -0.088794
v 0.002455 -0.013133 -0.092897
v 0.002430 -0.013137 -0.100832
v 0.002403 -0.013142 -0.109319
v 0.001344 -0.013410 -0.110245
v -0.000767 -0.013410 -0.110247
v -0.001827 -0.013142 -0.109323
v -0.001869 -0.013137 -0.100836
v -0.001908 -0.013133 -0.092901
v -0.001929 -0.013130 -0.088798
v -0.001949 -0.013128 -0.084817
v -0.001954 -0.013128 -0.083780
v -0.001962 -0.013127 -0.082170
v -0.001967 -0.013126 -0.081058
v -0.001989 -0.013121 -0.075413
v -0.002009 -0.013116 -0.069858
v 0.001433 0.025497 0.115855
v 0.001429 0.014028 0.120104
v 0.001430 0.004942 0.119462
v 0.001430 -0.005383 0.119478
v 0.001429 -0.014467 0.120147
v 0.001432 -0.025948 0.115932
v 0.001444 -0.035327 0.102717
v 0.001457 -0.035294 0.087769
v 0.001467 -0.027324 0.077813
v 0.001471 -0.015600 0.073259
v 0.001472 -0.007918 0.072290
v 0.001472 -0.003066 0.072375
v 0.001472 0.002483 0.072366
v 0.001472 0.007335 0.072267
v 0.001472 0.015020 0.073213
v 0.001468 0.026758 0.077732
v 0.001459 0.034758 0.087663
v 0.001445 0.034836 0.102612
v 0.000166 0.006215 0.026308
v -0.002342 0.005695 0.026307
v -0.004483 0.004289 0.026307
v -0.005890 0.002148 0.026309
v -0.006409 -0.000361 0.026312
v -0.005890 -0.002869 0.026317
v -0.004484 -0.005010 0.026321
v -0.002342 -0.006417 0.026325
v 0.000166 -0.006936 0.026328
v 0.002675 -0.006417 0.026330
v 0.004816 -0.005010 0.026329
v 0.006222 -0.002869 0.026327
v 0.006742 -0.000361 0.026324
v 0.006222 0.002148 0.026320
v 0.004816 0.004289 0.026315
v 0.002675 0.005695 0.026311
v 0.000167 0.006211 0.025643
v -0.002340 0.005692 0.025641
v -0.004481 0.004286 0.025642
v -0.005886 0.002146 0.025644
v -0.006406 -0.000362 0.025647
v -0.005887 -0.002869 0.025651
v -0.004481 -0.005009 0.025656
v -0.002341 -0.006415 0.025660
v 0.000167 -0.006934 0.025663
v 0.002674 -0.006415 0.025664
v 0.004814 -0.005009 0.025664
v 0.006220 -0.002869 0.025662
v 0.006740 -0.000362 0.025659
v 0.006220 0.002146 0.025654
v 0.004815 0.004286 0.025650
v 0.002674 0.005692 0.025646
v 0.000195 0.006025 -0.005463
v -0.002259 0.005517 -0.005465
v -0.004355 0.004141 -0.005465
v -0.005731 0.002046 -0.005463
v -0.006239 -0.000408 -0.005460
v -0.005731 -0.002863 -0.005455
v -0.004355 -0.004958 -0.005451
v -0.002260 -0.006334 -0.005447
v 0.000195 -0.006842 -0.005444
v 0.002649 -0.006334 -0.005443
v 0.004744 -0.004958 -0.005443
v 0.006120 -0.002863 -0.005445
v 0.006629 -0.000409 -0.005448
v 0.006120 0.002046 -0.005452
v 0.004744 0.004141 -0.005456
v 0.002649 0.005517 -0.005460
v 0.000220 0.005859 -0.033196
v -0.002187 0.005361 -0.033197
v -0.004242 0.004011 -0.033197
v -0.005591 0.001957 -0.033195
v -0.006090 -0.000450 -0.033192
v -0.005591 -0.002857 -0.033188
v -0.004242 -0.004912 -0.033183
v -0.002187 -0.006261 -0.033179
v 0.000220 -0.006760 -0.033177
v 0.002627 -0.006262 -0.033175
v 0.004681 -0.004912 -0.033175
v 0.006031 -0.002858 -0.033177
v 0.006529 -0.000450 -0.033180
v 0.006031 0.001957 -0.033184
v 0.004681 0.004011 -0.033189
v 0.002627 0.005361 -0.033193
v 0.000172 0.006178 0.020122
v -0.002326 0.005661 0.020121
v -0.004458 0.004260 0.020121
v -0.005859 0.002128 0.020123
v -0.006376 -0.000370 0.020126
v -0.005859 -0.002868 0.020130
v -0.004459 -0.005000 0.020135
v -0.002326 -0.006401 0.020139
v 0.000172 -0.006918 0.020142
v 0.002670 -0.006401 0.020143
v 0.004802 -0.005000 0.020143
v 0.006203 -0.002868 0.020141
v 0.006720 -0.000370 0.020138
v 0.006203 0.002128 0.020134
v 0.004802 0.004260 0.020129
v 0.002670 0.005661 0.020125
v 0.000187 0.006079 0.003576
v -0.002283 0.005568 0.003575
v -0.004391 0.004183 0.003575
v -0.005776 0.002075 0.003577
v -0.006288 -0.000395 0.003580
v -0.005776 -0.002865 0.003584
v -0.004391 -0.004973 0.003589
v -0.002283 -0.006358 0.003593
v 0.000187 -0.006869 0.003596
v 0.002656 -0.006358 0.003597
v 0.004765 -0.004973 0.003597
v 0.006149 -0.002865 0.003595
v 0.006661 -0.000395 0.003592
v 0.006150 0.002075 0.003588
v 0.004765 0.004183 0.003583
v 0.002657 0.005568 0.003579
v 0.000231 0.005788 -0.045150
v -0.002156 0.005293 -0.045152
v -0.004193 0.003955 -0.045152
v -0.005531 0.001918 -0.045150
v -0.006026 -0.000468 -0.045147
v -0.005531 -0.002855 -0.045143
v -0.004193 -0.004892 -0.045138
v -0.002156 -0.006230 -0.045134
v 0.000230 -0.006724 -0.045132
v 0.002617 -0.006230 -0.045130
v 0.004654 -0.004892 -0.045130
v 0.005992 -0.002855 -0.045132
v 0.006487 -0.000468 -0.045135
v 0.005992 0.001918 -0.045139
v 0.004654 0.003955 -0.045144
v 0.002617 0.005293 -0.045147
v 0.000246 0.005688 -0.061767
v -0.002113 0.005200 -0.061768
v -0.004126 0.003878 -0.061768
v -0.005448 0.001865 -0.061766
v -0.005936 -0.000493 -0.061763
v -0.005448 -0.002852 -0.061759
v -0.004126 -0.004865 -0.061755
v -0.002113 -0.006187 -0.061751
v 0.000245 -0.006675 -0.061749
v 0.002604 -0.006187 -0.061747
v 0.004616 -0.004865 -0.061747
v 0.005939 -0.002852 -0.061749
v 0.006427 -0.000493 -0.061752
v 0.005939 0.001865 -0.061756
v 0.004617 0.003878 -0.061760
v 0.002604 0.005200 -0.061764
v 0.000169 -0.006927 0.023014
v 0.002672 -0.006408 0.023015
v 0.004808 -0.005005 0.023015
v 0.006212 -0.002869 0.023013
v 0.006730 -0.000366 0.023010
v 0.006212 0.002137 0.023005
v 0.004809 0.004274 0.023001
v 0.002672 0.005677 0.022997
v 0.000169 0.006195 0.022994
v -0.002334 0.005677 0.022992
v -0.004470 0.004274 0.022993
v -0.005873 0.002137 0.022995
v -0.006392 -0.000366 0.022998
v -0.005873 -0.002868 0.023002
v -0.004470 -0.005005 0.023006
v -0.002334 -0.006408 0.023011
v 0.000181 -0.006889 0.010104
v 0.002662 -0.006375 0.010106
v 0.004779 -0.004984 0.010106
v 0.006170 -0.002866 0.010104
v 0.006684 -0.000385 0.010100
v 0.006171 0.002096 0.010096
v 0.004780 0.004213 0.010092
v 0.002662 0.005605 0.010088
v 0.000181 0.006118 0.010085
v -0.002300 0.005605 0.010083
v -0.004418 0.004214 0.010083
v -0.005809 0.002096 0.010085
v -0.006323 -0.000385 0.010089
v -0.005809 -0.002866 0.010093
v -0.004418 -0.004984 0.010097
v -0.002300 -0.006375 0.010101
v 0.000191 -0.006856 -0.001006
v 0.002653 -0.006346 -0.001004
v 0.004754 -0.004965 -0.001004
v 0.006135 -0.002864 -0.001006
v 0.006645 -0.000402 -0.001009
v 0.006135 0.002060 -0.001014
v 0.004754 0.004162 -0.001018
v 0.002653 0.005542 -0.001022
v 0.000191 0.006052 -0.001025
v -0.002271 0.005542 -0.001026
v -0.004373 0.004162 -0.001026
v -0.005753 0.002060 -0.001024
v -0.006263 -0.000402 -0.001021
v -0.005753 -0.002864 -0.001017
v -0.004373 -0.004965 -0.001013
v -0.002271 -0.006346 -0.001009
v 0.000201 -0.006821 -0.012528
v 0.002643 -0.006316 -0.012527
v 0.004728 -0.004946 -0.012527
v 0.006097 -0.002862 -0.012529
v 0.006603 -0.000419 -0.012532
v 0.006098 0.002023 -0.012536
v 0.004728 0.004108 -0.012541
v 0.002644 0.005477 -0.012545
v 0.000201 0.005983 -0.012548
v -0.002241 0.005477 -0.012549
v -0.004326 0.004108 -0.012549
v -0.005695 0.002023 -0.012547
v -0.006201 -0.000419 -0.012544
v -0.005695 -0.002862 -0.012540
v -0.004326 -0.004946 -0.012535
v -0.002241 -0.006316 -0.012531
v 0.002631 -0.006277 -0.027391
v 0.000214 -0.006777 -0.027392
v -0.002202 -0.006277 -0.027395
v -0.004265 -0.004922 -0.027399
v -0.005620 -0.002859 -0.027404
v -0.006121 -0.000442 -0.027408
v -0.005620 0.001975 -0.027411
v -0.004265 0.004038 -0.027413
v -0.002202 0.005393 -0.027413
v 0.000215 0.005894 -0.027411
v 0.002632 0.005393 -0.027409
v 0.004695 0.004038 -0.027405
v 0.006050 0.001975 -0.027400
v 0.006550 -0.000442 -0.027396
v 0.006050 -0.002859 -0.027393
v 0.004694 -0.004922 -0.027391
v 0.002622 -0.006245 -0.039521
v 0.000225 -0.006741 -0.039523
v -0.002171 -0.006245 -0.039525
v -0.004216 -0.004901 -0.039529
v -0.005559 -0.002856 -0.039534
v -0.006056 -0.000460 -0.039538
v -0.005559 0.001936 -0.039541
v -0.004216 0.003982 -0.039543
v -0.002171 0.005325 -0.039543
v 0.000226 0.005821 -0.039541
v 0.002622 0.005325 -0.039538
v 0.004667 0.003982 -0.039535
v 0.006010 0.001936 -0.039530
v 0.006507 -0.000460 -0.039526
v 0.006010 -0.002856 -0.039523
v 0.004667 -0.004902 -0.039521
v 0.002612 -0.006215 -0.050958
v 0.000236 -0.006707 -0.050960
v -0.002141 -0.006215 -0.050962
v -0.004170 -0.004882 -0.050966
v -0.005502 -0.002854 -0.050971
v -0.005994 -0.000477 -0.050975
v -0.005502 0.001900 -0.050978
v -0.004169 0.003928 -0.050980
v -0.002141 0.005261 -0.050980
v 0.000236 0.005753 -0.050978
v 0.002613 0.005261 -0.050975
v 0.004641 0.003928 -0.050972
v 0.005974 0.001899 -0.050967
v 0.006466 -0.000477 -0.050963
v 0.005973 -0.002854 -0.050960
v 0.004641 -0.004882 -0.050958
vn 0.8356 0.5488 0.0231
vn 0.5110 0.8531 -0.1052
vn 0.4898 0.7900 -0.3688
vn 0.8675 0.4848 -0.1109
vn 0.0002 0.9881 -0.1539
vn 0.0004 0.8992 -0.4375
vn 0.0007 0.5797 -0.8148
vn 0.2984 0.5277 -0.7953
vn 0.7290 0.3877 -0.5642
vn -0.5108 0.8531 -0.1061
vn -0.4890 0.7900 -0.3697
vn -0.8357 0.5488 0.0216
vn -0.8673 0.4849 -0.1125
vn -0.7279 0.3877 -0.5655
vn -0.2969 0.5277 -0.7958
vn -0.9574 0.2514 0.1422
vn -0.9699 0.2141 0.1163
vn -0.9822 0.0003 0.1877
vn -0.9781 0.0003 0.2079
vn -0.9984 0.0001 0.0563
vn -0.9793 0.1756 -0.1006
vn -0.9699 -0.2138 0.1170
vn -0.9793 -0.1759 -0.1000
vn -0.9574 -0.2509 0.1430
vn -0.8357 -0.5487 0.0233
vn -0.8673 -0.4852 -0.1110
vn -0.7280 -0.3894 -0.5643
vn -0.5108 -0.8534 -0.1035
vn -0.4891 -0.7911 -0.3673
vn 0.0001 -0.9885 -0.1509
vn 0.0004 -0.9005 -0.4348
vn 0.0007 -0.5822 -0.8131
vn -0.2969 -0.5301 -0.7943
vn 0.5110 -0.8535 -0.1026
vn 0.4897 -0.7911 -0.3665
vn 0.8356 -0.5487 0.0248
vn 0.8675 -0.4852 -0.1095
vn 0.7290 -0.3894 -0.5630
vn 0.2984 -0.5301 -0.7937
vn 0.9571 -0.2510 0.1447
vn 0.9696 -0.2138 0.1187
vn 0.9819 0.0003 0.1895
vn 0.9778 0.0003 0.2096
vn 0.9983 0.0001 0.0581
vn 0.9795 -0.1759 -0.0983
vn 0.9697 0.2141 0.1181
vn 0.9571 0.2513 0.1439
vn 0.9795 0.1756 -0.0988
vn -0.0546 0.0540 -0.9970
vn -0.0163 0.0640 -0.9978
vn -0.0139 0.0132 -0.9998
vn -0.0646 0.0157 -0.9978
vn 0.0009 0.0653 -0.9979
vn 0.0009 0.0143 -0.9999
vn 0.0009 -0.0015 -1.0000
vn -0.0149 -0.0015 -0.9999
vn -0.0659 -0.0015 -0.9978
vn -0.0545 -0.0569 -0.9969
vn -0.0646 -0.0186 -0.9977
vn -0.0139 -0.0163 -0.9998
vn -0.0162 -0.0670 -0.9976
vn 0.0009 -0.0173 -0.9999
vn 0.0009 -0.0683 -0.9977
vn 0.0564 -0.0571 -0.9968
vn 0.0180 -0.0670 -0.9976
vn 0.0156 -0.0163 -0.9997
vn 0.0664 -0.0186 -0.9976
vn 0.0167 -0.0015 -0.9999
vn 0.0677 -0.0015 -0.9977
vn 0.0564 0.0540 -0.9969
vn 0.0664 0.0156 -0.9977
vn 0.0157 0.0133 -0.9998
vn 0.0180 0.0640 -0.9978
vn -0.2652 0.3319 -0.9053
vn -0.0504 0.3441 -0.9376
vn -0.0519 0.5770 -0.8151
vn -0.2714 0.5556 -0.7859
vn 0.0009 0.3446 -0.9388
vn 0.0007 0.5779 -0.8161
vn 0.0005 0.8155 -0.5787
vn -0.0610 0.8133 -0.5787
vn -0.3153 0.7709 -0.5535
vn -0.3280 -0.7718 0.5448
vn -0.0668 -0.8124 0.5793
vn -0.0554 -0.6343 0.7711
vn -0.2765 -0.6113 0.7415
vn -0.0005 -0.8132 0.5820
vn -0.0007 -0.6349 0.7726
vn -0.0008 -0.4493 0.8934
vn -0.0528 -0.4490 0.8920
vn -0.2641 -0.4342 0.8613
vn -0.2350 -0.0724 -0.9693
vn -0.0450 -0.0735 -0.9963
vn -0.0482 0.0449 -0.9978
vn -0.2539 0.0421 -0.9663
vn 0.0009 -0.0734 -0.9973
vn 0.0009 0.0455 -0.9990
vn -0.0506 -0.2326 0.9713
vn -0.2541 -0.2263 0.9403
vn -0.0009 -0.2323 0.9726
vn -0.0009 -0.0991 0.9951
vn -0.0484 -0.0990 0.9939
vn -0.2448 -0.0966 0.9647
vn -0.2643 0.3494 0.8989
vn -0.0519 0.3615 0.9309
vn -0.0520 0.2235 0.9733
vn -0.2641 0.2160 0.9400
vn -0.0008 0.3621 0.9322
vn -0.0009 0.2237 0.9746
vn -0.0009 0.1251 0.9921
vn -0.0521 0.1250 0.9908
vn -0.2640 0.1208 0.9569
vn -0.2847 -0.1806 -0.9414
vn -0.0648 -0.1917 -0.9793
vn -0.0542 -0.2453 -0.9679
vn -0.2717 -0.2355 -0.9331
vn 0.0009 -0.1940 -0.9810
vn 0.0009 -0.2461 -0.9692
vn 0.0008 -0.3874 -0.9219
vn -0.0523 -0.3868 -0.9207
vn -0.2683 -0.3730 -0.8882
vn -0.3150 0.7373 0.5977
vn -0.0619 0.7781 0.6250
vn -0.0533 0.5430 0.8380
vn -0.2720 0.5228 0.8079
vn -0.0005 0.7807 0.6250
vn -0.0007 0.5443 0.8389
vn -0.0538 -0.5492 -0.8340
vn -0.2746 -0.5294 -0.8027
vn 0.0007 -0.5497 -0.8354
vn 0.0006 -0.7426 -0.6697
vn -0.0645 -0.7422 -0.6671
vn -0.3214 -0.7073 -0.6297
vn -0.4215 0.9068 0.0018
vn -0.0862 0.9963 0.0022
vn -0.0781 0.9531 0.2925
vn -0.3875 0.8795 0.2763
vn -0.0000 1.0000 0.0022
vn -0.0002 0.9566 0.2914
vn -0.0875 -0.9219 -0.3775
vn -0.4146 -0.8444 -0.3391
vn 0.0003 -0.9241 -0.3821
vn -0.0000 -1.0000 0.0015
vn -0.1009 -0.9949 0.0015
vn -0.4600 -0.8879 0.0011
vn -0.0768 0.9629 -0.2587
vn -0.3833 0.8905 -0.2450
vn 0.0002 0.9662 -0.2578
vn -0.0881 -0.9411 0.3263
vn -0.4162 -0.8609 0.2925
vn -0.0003 -0.9440 0.3300
vn -0.2286 -0.0015 -0.9735
vn -0.0436 -0.0015 -0.9990
vn -0.0439 -0.0365 -0.9984
vn -0.2298 -0.0358 -0.9726
vn 0.0009 -0.0365 -0.9993
vn -0.0476 -0.0520 0.9975
vn -0.2409 -0.0507 0.9692
vn -0.0009 -0.0521 0.9986
vn -0.0009 0.0015 1.0000
vn -0.0474 0.0015 0.9989
vn -0.2400 0.0015 0.9708
vn -0.0522 0.0326 0.9981
vn -0.2641 0.0315 0.9640
vn -0.0009 0.0326 0.9995
vn -0.0009 -0.0176 0.9998
vn -0.0520 -0.0173 0.9985
vn -0.2621 -0.0167 0.9649
vn -0.1215 -0.2769 -0.9532
vn -0.3715 -0.2398 -0.8969
vn 0.0009 -0.2846 -0.9586
vn -0.2652 -0.3346 -0.9043
vn -0.2714 -0.5579 -0.7843
vn -0.0519 -0.5794 -0.8134
vn -0.0504 -0.3469 -0.9365
vn -0.3153 -0.7725 -0.5512
vn -0.0611 -0.8150 -0.5762
vn 0.0005 -0.8173 -0.5763
vn 0.0007 -0.5803 -0.8144
vn 0.0008 -0.3474 -0.9377
vn -0.3279 0.7734 0.5425
vn -0.2765 0.6135 0.7397
vn -0.0554 0.6366 0.7692
vn -0.0668 0.8141 0.5769
vn -0.2640 0.4368 0.8599
vn -0.0528 0.4517 0.8906
vn -0.0008 0.4520 0.8920
vn -0.0007 0.6372 0.7707
vn -0.0005 0.8150 0.5795
vn -0.2350 0.0695 -0.9695
vn -0.2539 -0.0449 -0.9662
vn -0.0482 -0.0479 -0.9977
vn -0.0450 0.0706 -0.9965
vn 0.0009 -0.0485 -0.9988
vn 0.0009 0.0704 -0.9975
vn -0.2541 0.2291 0.9396
vn -0.0506 0.2355 0.9706
vn -0.2448 0.0995 0.9644
vn -0.0484 0.1020 0.9936
vn -0.0009 0.1021 0.9948
vn -0.0009 0.2353 0.9719
vn -0.2643 -0.3467 0.9000
vn -0.2642 -0.2131 0.9406
vn -0.0520 -0.2206 0.9740
vn -0.0519 -0.3587 0.9320
vn -0.2640 -0.1179 0.9573
vn -0.0521 -0.1220 0.9912
vn -0.0009 -0.1221 0.9925
vn -0.0009 -0.2208 0.9753
vn -0.0008 -0.3593 0.9332
vn -0.2848 0.1778 -0.9420
vn -0.2717 0.2327 -0.9338
vn -0.0542 0.2424 -0.9687
vn -0.0648 0.1887 -0.9799
vn -0.2683 0.3703 -0.8893
vn -0.0523 0.3841 -0.9218
vn 0.0008 0.3846 -0.9231
vn 0.0009 0.2432 -0.9700
vn 0.0009 0.1910 -0.9816
vn -0.3150 -0.7354 0.5999
vn -0.2720 -0.5203 0.8095
vn -0.0532 -0.5405 0.8396
vn -0.0619 -0.7763 0.6274
vn -0.0008 -0.5418 0.8405
vn -0.0006 -0.7788 0.6273
vn -0.2746 0.5270 -0.8043
vn -0.0538 0.5467 -0.8356
vn -0.3214 0.7051 -0.6321
vn -0.0645 0.7402 -0.6693
vn 0.0006 0.7406 -0.6719
vn 0.0008 0.5472 -0.8370
vn -0.4215 -0.9068 0.0045
vn -0.3876 -0.8786 0.2789
vn -0.0781 -0.9522 0.2954
vn -0.0862 -0.9963 0.0052
vn -0.0003 -0.9557 0.2942
vn -0.0000 -1.0000 0.0052
vn -0.4146 0.8434 -0.3417
vn -0.0874 0.9207 -0.3803
vn -0.4600 0.8879 -0.0016
vn -0.1008 0.9949 -0.0015
vn -0.0000 1.0000 -0.0015
vn 0.0004 0.9229 -0.3850
vn -0.3833 -0.8913 -0.2424
vn -0.0768 -0.9637 -0.2558
vn 0.0002 -0.9669 -0.2550
vn -0.4162 0.8618 0.2900
vn -0.0881 0.9421 0.3235
vn -0.0003 0.9449 0.3272
vn -0.2298 0.0329 -0.9727
vn -0.0439 0.0335 -0.9985
vn 0.0009 0.0340 -0.9994
vn -0.2409 0.0539 0.9691
vn -0.0476 0.0550 0.9974
vn -0.0009 0.0551 0.9985
vn -0.2621 0.0196 0.9649
vn -0.2618 0.0123 0.9650
vn -0.0520 0.0126 0.9986
vn -0.0520 0.0203 0.9984
vn -0.2617 0.0015 0.9651
vn -0.0520 0.0015 0.9986
vn -0.0009 0.0128 0.9999
vn -0.0009 0.0202 0.9998
vn 0.1232 -0.2769 -0.9530
vn 0.3731 -0.2398 -0.8962
vn 0.2864 -0.1806 -0.9409
vn 0.0665 -0.1917 -0.9792
vn 0.0560 -0.2453 -0.9678
vn 0.0540 -0.3868 -0.9206
vn 0.2734 -0.2355 -0.9326
vn 0.2699 -0.3730 -0.8877
vn 0.0553 -0.5492 -0.8339
vn 0.0657 -0.7422 -0.6670
vn 0.2760 -0.5294 -0.8022
vn 0.3225 -0.7070 -0.6294
vn 0.0882 -0.9219 -0.3774
vn 0.1008 -0.9949 0.0017
vn 0.4153 -0.8444 -0.3384
vn 0.4600 -0.8879 0.0019
vn 0.0875 -0.9411 0.3265
vn 0.0658 -0.8124 0.5794
vn 0.4157 -0.8609 0.2934
vn 0.3269 -0.7718 0.5454
vn 0.0540 -0.6343 0.7712
vn 0.0512 -0.4490 0.8921
vn 0.2752 -0.6113 0.7420
vn 0.2625 -0.4342 0.8617
vn 0.0489 -0.2326 0.9714
vn 0.0466 -0.0990 0.9940
vn 0.2524 -0.2263 0.9408
vn 0.2431 -0.0966 0.9652
vn 0.0458 -0.0520 0.9976
vn 0.0456 0.0015 0.9990
vn 0.2391 -0.0510 0.9697
vn 0.2382 0.0015 0.9712
vn 0.0458 0.0550 0.9974
vn 0.0466 0.1020 0.9937
vn 0.2391 0.0539 0.9695
vn 0.2431 0.0995 0.9649
vn 0.0489 0.2355 0.9706
vn 0.0512 0.4517 0.8907
vn 0.2525 0.2291 0.9401
vn 0.2625 0.4368 0.8604
vn 0.0541 0.6366 0.7693
vn 0.0658 0.8141 0.5770
vn 0.2752 0.6135 0.7402
vn 0.3270 0.7734 0.5431
vn 0.0875 0.9421 0.3237
vn 0.1009 0.9949 -0.0013
vn 0.4157 0.8618 0.2908
vn 0.4600 0.8879 -0.0007
vn 0.0882 0.9207 -0.3801
vn 0.0657 0.7402 -0.6692
vn 0.4153 0.8434 -0.3409
vn 0.3225 0.7051 -0.6315
vn 0.0553 0.5467 -0.8355
vn 0.0540 0.3841 -0.9217
vn 0.2760 0.5270 -0.8038
vn 0.2699 0.3703 -0.8888
vn 0.0560 0.2424 -0.9686
vn 0.0665 0.1887 -0.9798
vn 0.2734 0.2327 -0.9333
vn 0.2865 0.1778 -0.9414
vn -0.0520 -0.0096 0.9986
vn -0.2618 -0.0093 0.9651
vn -0.0009 -0.0098 1.0000
vn -0.2641 -0.0286 0.9641
vn -0.0522 -0.0296 0.9982
vn -0.0009 -0.0296 0.9996
vn -0.1215 0.2740 -0.9540
vn 0.0009 0.2817 -0.9595
vn -0.3715 0.2371 -0.8976
vn 0.1232 0.2740 -0.9538
vn 0.3731 0.2371 -0.8970
vn 0.4875 0.8718 0.0482
vn -0.0000 0.9995 0.0328
vn 0.8019 0.5914 0.0841
vn 0.7726 0.6269 0.1009
vn 0.4534 0.8879 0.0778
vn -0.0000 0.9977 0.0676
vn -0.4875 0.8718 0.0473
vn -0.8021 0.5915 0.0827
vn -0.4535 0.8879 0.0770
vn -0.7727 0.6269 0.0995
vn -0.9502 0.2896 0.1149
vn -0.9918 0.0002 0.1280
vn -0.9412 0.3163 0.1190
vn -0.9919 0.0002 0.1270
vn -0.9502 -0.2893 0.1158
vn -0.8021 -0.5912 0.0845
vn -0.9412 -0.3159 0.1199
vn -0.7728 -0.6265 0.1013
vn -0.4876 -0.8717 0.0499
vn -0.0001 -0.9994 0.0358
vn -0.4535 -0.8877 0.0796
vn -0.0001 -0.9975 0.0706
vn 0.4874 -0.8717 0.0508
vn 0.8019 -0.5912 0.0859
vn 0.4534 -0.8877 0.0805
vn 0.7726 -0.6266 0.1027
vn 0.9500 -0.2892 0.1175
vn 0.9915 0.0002 0.1298
vn 0.9410 -0.3159 0.1216
vn 0.9917 0.0002 0.1287
vn 0.9500 0.2896 0.1166
vn 0.9410 0.3163 0.1206
vn 0.9320 0.3406 0.1240
vn 0.7460 0.6579 0.1035
vn 0.9912 0.0002 0.1326
vn 0.9901 0.0002 0.1402
vn 0.9239 0.3594 0.1312
vn 0.7247 0.6802 0.1104
vn 0.4239 0.9021 0.0805
vn -0.0000 0.9975 0.0706
vn 0.4022 0.9113 0.0878
vn -0.0001 0.9969 0.0785
vn -0.4240 0.9021 0.0797
vn -0.7462 0.6579 0.1021
vn -0.4023 0.9113 0.0871
vn -0.7249 0.6802 0.1091
vn -0.9322 0.3406 0.1223
vn -0.9914 0.0002 0.1308
vn -0.9241 0.3594 0.1295
vn -0.9904 0.0002 0.1384
vn -0.9322 -0.3402 0.1233
vn -0.7462 -0.6576 0.1041
vn -0.9241 -0.3590 0.1306
vn -0.7249 -0.6798 0.1111
vn -0.4241 -0.9019 0.0825
vn -0.0001 -0.9973 0.0736
vn -0.4024 -0.9111 0.0898
vn -0.0001 -0.9967 0.0815
vn 0.4239 -0.9019 0.0832
vn 0.7460 -0.6576 0.1054
vn 0.4022 -0.9111 0.0906
vn 0.7247 -0.6798 0.1124
vn 0.9320 -0.3402 0.1250
vn 0.9239 -0.3590 0.1322
vn -0.7934 0.4900 -0.3611
vn -0.9815 0.1539 -0.1142
vn -0.9821 0.1078 -0.1545
vn -0.7512 0.3791 -0.5404
vn -0.9999 0.0127 -0.0105
vn -0.9999 0.0088 -0.0132
vn -0.9999 0.0049 -0.0135
vn -0.9852 0.0578 -0.1613
vn -0.7450 0.2277 -0.6270
vn -0.9805 0.1878 -0.0574
vn -0.9999 0.0156 -0.0059
vn -0.8465 0.5103 -0.1518
vn -0.8694 0.4940 0.0001
vn -0.9814 0.1920 -0.0004
vn -0.9999 0.0156 -0.0009
vn -0.9798 0.1893 0.0643
vn -0.9999 0.0159 0.0048
vn -0.8491 0.5010 0.1676
vn -0.7935 0.4695 0.3872
vn -0.9757 0.1690 0.1395
vn -0.9998 0.0148 0.0117
vn -0.9870 0.0064 -0.1606
vn -0.7327 0.0276 -0.6800
vn -0.9999 0.0010 -0.0130
vn -0.9999 -0.0006 -0.0128
vn -0.9865 -0.0126 -0.1632
vn -0.7111 -0.0556 -0.7009
vn -0.9881 -0.0057 -0.1539
vn -0.7043 -0.0269 -0.7093
vn -0.9999 -0.0003 -0.0120
vn -0.9999 -0.0000 -0.0118
vn -0.9886 -0.0002 -0.1509
vn -0.7027 -0.0011 -0.7115
vn -0.9881 0.0052 -0.1539
vn -0.7043 0.0248 -0.7094
vn -0.9999 0.0003 -0.0120
vn -0.9999 0.0006 -0.0128
vn -0.9865 0.0122 -0.1632
vn -0.7111 0.0536 -0.7011
vn -0.7447 -0.0817 0.6624
vn -0.9732 -0.0283 0.2281
vn -0.9763 -0.0070 0.2163
vn -0.7449 -0.0201 0.6668
vn -0.9998 -0.0026 0.0189
vn -0.9999 -0.0010 0.0171
vn -0.9999 -0.0001 0.0157
vn -0.9783 0.0038 0.2069
vn -0.7437 0.0136 0.6683
vn -0.9726 -0.0520 0.2266
vn -0.9998 -0.0045 0.0189
vn -0.7443 -0.1482 0.6512
vn -0.7439 -0.2418 0.6230
vn -0.9717 -0.0864 0.2198
vn -0.9998 -0.0075 0.0185
vn -0.9803 0.0023 0.1975
vn -0.7437 0.0085 0.6685
vn -0.9999 -0.0000 0.0146
vn -0.9999 -0.0000 0.0143
vn -0.9809 0.0003 0.1943
vn -0.7437 0.0010 0.6686
vn -0.9803 -0.0017 0.1976
vn -0.7437 -0.0065 0.6685
vn -0.9999 0.0001 0.0146
vn -0.9999 0.0002 0.0157
vn -0.9783 -0.0032 0.2070
vn -0.7437 -0.0116 0.6684
vn -0.9763 0.0076 0.2163
vn -0.7449 0.0221 0.6668
vn -0.9999 0.0010 0.0171
vn -0.9998 0.0027 0.0188
vn -0.9732 0.0290 0.2280
vn -0.7446 0.0837 0.6622
vn -0.9726 0.0527 0.2265
vn -0.7443 0.1502 0.6508
vn -0.9998 0.0046 0.0189
vn -0.9998 0.0076 0.0185
vn -0.9717 0.0871 0.2196
vn -0.7438 0.2438 0.6224
vn -0.9715 0.1302 0.1983
vn -0.7517 0.3593 0.5531
vn -0.9998 0.0115 0.0170
vn -0.8023 -0.4917 0.3385
vn -0.9712 -0.1964 0.1353
vn -0.9737 -0.2174 0.0687
vn -0.8652 -0.4776 0.1527
vn -0.9998 -0.0163 0.0104
vn -0.9998 -0.0180 0.0049
vn -0.9998 -0.0182 -0.0009
vn -0.9752 -0.2212 -0.0003
vn -0.8920 -0.4521 -0.0001
vn -0.9747 -0.1425 0.1721
vn -0.9999 -0.0113 0.0131
vn -0.7510 -0.4212 0.5085
vn -0.7362 -0.3045 0.6044
vn -0.9786 -0.0926 0.1837
vn -0.9999 -0.0070 0.0136
vn -0.9821 -0.0437 0.1830
vn -0.9999 -0.0030 0.0132
vn -0.7234 -0.1615 0.6713
vn -0.7097 -0.0712 0.7009
vn -0.9864 -0.0164 0.1633
vn -0.9999 -0.0010 0.0114
vn -0.9706 -0.2246 -0.0863
vn -0.8653 -0.4677 -0.1803
vn -0.9998 -0.0193 -0.0085
vn -0.9997 -0.0185 -0.0173
vn -0.9622 -0.2041 -0.1802
vn -0.7969 -0.4539 -0.3987
vn -0.9881 -0.0085 0.1539
vn -0.9999 -0.0005 0.0105
vn -0.7047 -0.0372 0.7086
vn -0.7036 0.0011 0.7106
vn -0.9885 0.0003 0.1511
vn -0.9999 -0.0000 0.0102
vn -0.9880 0.0090 0.1539
vn -0.9999 0.0005 0.0105
vn -0.7047 0.0393 0.7084
vn -0.7099 0.0734 0.7005
vn -0.9864 0.0169 0.1633
vn -0.9999 0.0010 0.0115
vn -1.0000 -0.0000 -0.0094
vn -0.9942 -0.0002 -0.1072
vn -0.9910 -0.0191 -0.1324
vn -0.9999 -0.0020 -0.0114
vn -0.9094 -0.0006 -0.4158
vn -0.8671 -0.0802 -0.4917
vn -0.7899 -0.1231 -0.6007
vn -0.9826 -0.0352 -0.1821
vn -0.9999 -0.0030 -0.0156
vn -0.9910 0.0187 -0.1324
vn -0.8670 0.0788 -0.4920
vn -0.9999 0.0020 -0.0114
vn -0.9999 0.0030 -0.0157
vn -0.9826 0.0347 -0.1822
vn -0.7898 0.1214 -0.6012
vn -0.9744 0.0439 -0.2204
vn -0.7483 0.1319 -0.6501
vn -0.9998 0.0035 -0.0195
vn -0.9998 0.0036 -0.0210
vn -0.9715 0.0430 -0.2331
vn -0.7425 0.1221 -0.6586
vn -0.7426 -0.1240 -0.6582
vn -0.9715 -0.0436 -0.2329
vn -0.9744 -0.0445 -0.2203
vn -0.7484 -0.1338 -0.6496
vn -0.9998 -0.0036 -0.0210
vn -0.9998 -0.0035 -0.0195
vn -0.9672 -0.0610 -0.2464
vn -0.9997 -0.0053 -0.0224
vn -0.7424 -0.1625 -0.6500
vn -0.7414 -0.2584 -0.6193
vn -0.9635 -0.1021 -0.2473
vn -0.9997 -0.0093 -0.0231
vn -0.9611 -0.1510 -0.2313
vn -0.9997 -0.0140 -0.0220
vn -0.7492 -0.3644 -0.5531
vn -0.9821 0.0443 0.1829
vn -0.9999 0.0031 0.0132
vn -0.7237 0.1635 0.6705
vn -0.7364 0.3062 0.6032
vn -0.9786 0.0932 0.1833
vn -0.9999 0.0071 0.0136
vn -0.9870 -0.0069 -0.1606
vn -0.7326 -0.0296 -0.6801
vn -0.9999 -0.0010 -0.0130
vn -0.9999 -0.0049 -0.0135
vn -0.9852 -0.0583 -0.1612
vn -0.7448 -0.2296 -0.6265
vn 0.7941 0.4899 -0.3596
vn 0.9817 0.1538 -0.1124
vn 0.9806 0.1877 -0.0557
vn 0.8469 0.5102 -0.1502
vn 0.9999 0.0126 -0.0087
vn 0.9999 0.0155 -0.0041
vn 0.9999 0.0156 0.0009
vn 0.9814 0.1919 0.0014
vn 0.8695 0.4939 0.0016
vn 0.9824 0.1078 -0.1528
vn 0.9999 0.0088 -0.0114
vn 0.7522 0.3790 -0.5390
vn 0.7459 0.2278 -0.6259
vn 0.9855 0.0578 -0.1597
vn 0.9999 0.0049 -0.0116
vn 0.9797 0.1892 0.0660
vn 0.8488 0.5010 0.1691
vn 0.9999 0.0159 0.0066
vn 0.9998 0.0148 0.0135
vn 0.9754 0.1690 0.1413
vn 0.7928 0.4695 0.3887
vn 0.9873 0.0064 -0.1588
vn 0.9999 0.0010 -0.0112
vn 0.7338 0.0275 -0.6788
vn 0.7123 -0.0557 -0.6996
vn 0.9868 -0.0127 -0.1614
vn 0.9999 -0.0007 -0.0110
vn 0.9883 -0.0057 -0.1522
vn 0.9999 -0.0003 -0.0102
vn 0.7056 -0.0269 -0.7081
vn 0.7040 -0.0011 -0.7102
vn 0.9888 -0.0002 -0.1491
vn 1.0000 -0.0000 -0.0100
vn 0.8017 -0.4917 0.3399
vn 0.9709 -0.1964 0.1370
vn 0.9744 -0.1425 0.1738
vn 0.7502 -0.4212 0.5097
vn 0.9998 -0.0163 0.0122
vn 0.9998 -0.0114 0.0149
vn 0.9999 -0.0071 0.0154
vn 0.9783 -0.0926 0.1854
vn 0.7354 -0.3044 0.6055
vn 0.9735 -0.2175 0.0705
vn 0.9998 -0.0181 0.0067
vn 0.8649 -0.4777 0.1543
vn 0.8920 -0.4521 0.0015
vn 0.9752 -0.2213 0.0015
vn 0.9998 -0.0182 0.0009
vn 0.9708 -0.2247 -0.0846
vn 0.9998 -0.0193 -0.0067
vn 0.8656 -0.4677 -0.1788
vn 0.7975 -0.4540 -0.3973
vn 0.9625 -0.2041 -0.1784
vn 0.9997 -0.0186 -0.0155
vn 0.9818 -0.0438 0.1847
vn 0.7225 -0.1615 0.6723
vn 0.9999 -0.0031 0.0150
vn 0.9999 -0.0010 0.0133
vn 0.9861 -0.0164 0.1651
vn 0.7086 -0.0713 0.7020
vn 0.9878 -0.0080 0.1557
vn 0.7035 -0.0372 0.7098
vn 0.9999 -0.0005 0.0123
vn 0.9999 -0.0000 0.0120
vn 0.9882 0.0002 0.1529
vn 0.7023 0.0011 0.7119
vn 0.9883 0.0052 -0.1522
vn 0.9999 0.0002 -0.0102
vn 0.7056 0.0248 -0.7082
vn 0.7124 0.0535 -0.6998
vn 0.9868 0.0122 -0.1614
vn 0.9999 0.0006 -0.0110
vn 0.9878 0.0084 0.1557
vn 0.7034 0.0393 0.7097
vn 0.9999 0.0005 0.0123
vn 0.9999 0.0010 0.0132
vn 0.9861 0.0169 0.1650
vn 0.7085 0.0733 0.7019
vn 0.7435 0.0837 0.6635
vn 0.9728 0.0290 0.2298
vn 0.9759 0.0076 0.2180
vn 0.7437 0.0221 0.6681
vn 0.9998 0.0026 0.0206
vn 0.9998 0.0010 0.0189
vn 0.9998 0.0001 0.0175
vn 0.9780 -0.0032 0.2087
vn 0.7425 -0.0116 0.6697
vn 0.9722 0.0526 0.2282
vn 0.9998 0.0046 0.0207
vn 0.7432 0.1502 0.6520
vn 0.7427 0.2437 0.6236
vn 0.9713 0.0870 0.2213
vn 0.9998 0.0075 0.0203
vn 0.9799 -0.0017 0.1993
vn 0.7425 -0.0065 0.6698
vn 0.9999 0.0001 0.0164
vn 0.9999 -0.0000 0.0161
vn 0.9806 0.0003 0.1960
vn 0.7425 0.0010 0.6699
vn 0.9711 0.1301 0.2000
vn 0.9998 0.0115 0.0188
vn 0.7507 0.3592 0.5544
vn 1.0000 -0.0000 -0.0076
vn 0.9944 -0.0002 -0.1053
vn 0.9913 0.0186 -0.1306
vn 1.0000 0.0019 -0.0096
vn 0.9102 -0.0007 -0.4142
vn 0.8679 0.0787 -0.4905
vn 0.7909 0.1213 -0.5998
vn 0.9830 0.0346 -0.1804
vn 0.9999 0.0030 -0.0138
vn 0.9913 -0.0191 -0.1306
vn 0.8679 -0.0802 -0.4902
vn 1.0000 -0.0020 -0.0096
vn 0.9999 -0.0031 -0.0138
vn 0.9830 -0.0352 -0.1803
vn 0.7910 -0.1231 -0.5993
vn 0.9748 -0.0445 -0.2184
vn 0.7496 -0.1338 -0.6483
vn 0.9998 -0.0036 -0.0177
vn 0.9998 -0.0037 -0.0192
vn 0.9719 -0.0437 -0.2312
vn 0.7437 -0.1241 -0.6569
vn 0.9677 -0.0611 -0.2447
vn 0.7435 -0.1626 -0.6487
vn 0.9998 -0.0054 -0.0206
vn 0.9997 -0.0093 -0.0213
vn 0.9640 -0.1021 -0.2456
vn 0.7425 -0.2585 -0.6180
vn 0.9615 -0.1511 -0.2295
vn 0.7502 -0.3644 -0.5517
vn 0.9997 -0.0140 -0.0202
vn 0.9873 -0.0069 -0.1588
vn 0.9999 -0.0010 -0.0112
vn 0.7339 -0.0296 -0.6786
vn 0.7461 -0.2296 -0.6250
vn 0.9855 -0.0583 -0.1594
vn 0.9999 -0.0050 -0.0117
vn 0.9818 0.0443 0.1847
vn 0.7222 0.1635 0.6721
vn 0.9999 0.0031 0.0150
vn 0.9999 0.0071 0.0154
vn 0.9783 0.0932 0.1852
vn 0.7351 0.3063 0.6048
vn 0.9799 0.0023 0.1993
vn 0.7425 0.0085 0.6698
vn 0.9999 -0.0000 0.0164
vn 0.9998 -0.0001 0.0175
vn 0.9780 0.0038 0.2087
vn 0.7425 0.0136 0.6697
vn 0.9759 -0.0070 0.2180
vn 0.7437 -0.0201 0.6682
vn 0.9998 -0.0010 0.0189
vn 0.9998 -0.0026 0.0206
vn 0.9728 -0.0283 0.2299
vn 0.7434 -0.0817 0.6638
vn 0.7437 0.1221 -0.6573
vn 0.9719 0.0430 -0.2313
vn 0.9748 0.0438 -0.2186
vn 0.7495 0.1319 -0.6487
vn 0.9998 0.0036 -0.0192
vn 0.9998 0.0035 -0.0176
vn 0.9677 0.0603 -0.2449
vn 0.9998 0.0053 -0.0206
vn 0.7435 0.1606 -0.6491
vn 0.7425 0.2566 -0.6187
vn 0.9640 0.1014 -0.2459
vn 0.9997 0.0092 -0.0213
vn -0.7935 -0.4910 -0.3596
vn -0.9815 -0.1541 -0.1137
vn -0.9805 -0.1879 -0.0569
vn -0.8466 -0.5106 -0.1502
vn -0.9999 -0.0127 -0.0105
vn -0.9999 -0.0156 -0.0058
vn -0.9999 -0.0156 -0.0009
vn -0.9814 -0.1919 0.0002
vn -0.8695 -0.4939 0.0016
vn -0.9821 -0.1083 -0.1542
vn -0.9999 -0.0088 -0.0131
vn -0.7512 -0.3806 -0.5392
vn -0.9798 -0.1890 0.0649
vn -0.8491 -0.5005 0.1691
vn -0.9999 -0.0159 0.0048
vn -0.9998 -0.0147 0.0117
vn -0.9757 -0.1686 0.1401
vn -0.7935 -0.4683 0.3887
vn -0.9715 -0.1295 0.1987
vn -0.9998 -0.0115 0.0170
vn -0.7517 -0.3576 0.5541
vn -0.8023 0.4927 0.3370
vn -0.9711 0.1968 0.1347
vn -0.9747 0.1430 0.1716
vn -0.7511 0.4227 0.5071
vn -0.9998 0.0163 0.0103
vn -0.9998 0.0114 0.0130
vn -0.9736 0.2178 0.0681
vn -0.9998 0.0181 0.0048
vn -0.8652 0.4781 0.1513
vn -0.8920 0.4521 -0.0015
vn -0.9752 0.2213 -0.0010
vn -0.9998 0.0182 -0.0010
vn -0.9706 0.2244 -0.0870
vn -0.9998 0.0193 -0.0086
vn -0.8653 0.4672 -0.1818
vn -0.7968 0.4528 -0.4001
vn -0.9622 0.2036 -0.1808
vn -0.9997 0.0185 -0.0174
vn -0.9672 0.0604 -0.2467
vn -0.7423 0.1606 -0.6505
vn -0.9997 0.0053 -0.0224
vn -0.9997 0.0093 -0.0231
vn -0.9635 0.1014 -0.2476
vn -0.7414 0.2566 -0.6201
vn -0.9611 0.1504 -0.2317
vn -0.7492 0.3628 -0.5542
vn -0.9997 0.0140 -0.0221
vn 0.7941 -0.4911 -0.3582
vn 0.9817 -0.1542 -0.1120
vn 0.9824 -0.1083 -0.1524
vn 0.7522 -0.3807 -0.5379
vn 0.9999 -0.0127 -0.0087
vn 0.9999 -0.0089 -0.0113
vn 0.9806 -0.1880 -0.0551
vn 0.9999 -0.0156 -0.0040
vn 0.8468 -0.5107 -0.1487
vn 0.8694 -0.4940 0.0031
vn 0.9814 -0.1920 0.0019
vn 0.9999 -0.0156 0.0009
vn 0.9797 -0.1891 0.0666
vn 0.9999 -0.0159 0.0066
vn 0.8488 -0.5005 0.1706
vn 0.7928 -0.4683 0.3901
vn 0.9754 -0.1686 0.1418
vn 0.9998 -0.0148 0.0135
vn 0.8017 0.4927 0.3384
vn 0.9709 0.1968 0.1364
vn 0.9735 0.2176 0.0698
vn 0.8650 0.4780 0.1528
vn 0.9998 0.0163 0.0121
vn 0.9998 0.0180 0.0066
vn 0.9998 0.0182 0.0008
vn 0.9752 0.2212 0.0008
vn 0.8920 0.4521 0.0001
vn 0.9744 0.1430 0.1734
vn 0.9998 0.0114 0.0148
vn 0.7501 0.4228 0.5085
vn 0.9708 0.2243 -0.0853
vn 0.8656 0.4672 -0.1802
vn 0.9998 0.0193 -0.0068
vn 0.9997 0.0185 -0.0156
vn 0.9625 0.2036 -0.1791
vn 0.7976 0.4527 -0.3986
vn 0.9722 -0.0520 0.2284
vn 0.7431 -0.1483 0.6525
vn 0.9998 -0.0045 0.0207
vn 0.9998 -0.0075 0.0203
vn 0.9713 -0.0864 0.2216
vn 0.7427 -0.2419 0.6244
vn 0.9711 -0.1296 0.2004
vn 0.7507 -0.3576 0.5555
vn 0.9998 -0.0115 0.0188
vn 0.9615 0.1503 -0.2300
vn 0.9997 0.0139 -0.0203
vn 0.7502 0.3627 -0.5528
vn -0.6516 0.6133 -0.4464
vn -0.7288 0.6582 -0.1885
vn -0.7652 0.6438 0.0007
vn -0.5922 0.4640 -0.6588
vn -0.5839 0.2784 -0.7626
vn -0.5668 0.0344 -0.8231
vn -0.5365 -0.0647 -0.8414
vn -0.5281 -0.0317 -0.8486
vn -0.5261 -0.0013 -0.8504
vn -0.5775 0.0012 0.8164
vn -0.5776 0.0104 0.8162
vn -0.5779 0.0166 0.8159
vn -0.5779 -0.0142 0.8160
vn -0.5809 0.0267 0.8135
vn -0.5806 0.1020 0.8077
vn -0.5808 0.1827 0.7933
vn -0.5810 0.2957 0.7583
vn -0.5922 0.4379 0.6764
vn -0.6507 0.5877 0.4809
vn -0.7329 0.6471 0.2100
vn -0.6597 -0.6165 0.4298
vn -0.5908 -0.5140 0.6219
vn -0.5721 -0.3692 0.7323
vn -0.7545 -0.6231 0.2062
vn -0.7952 -0.6063 0.0002
vn -0.5567 -0.1945 0.8076
vn -0.5418 -0.0844 0.8363
vn -0.5355 -0.0442 0.8434
vn -0.5341 0.0013 0.8454
vn -0.9652 -0.0004 -0.2614
vn -0.9042 0.1218 -0.4093
vn -0.7605 0.1760 -0.6251
vn -0.7605 -0.1778 -0.6245
vn -0.6296 -0.1729 -0.7575
vn -0.5866 -0.1505 -0.7958
vn -0.5819 -0.1980 -0.7888
vn -0.5794 -0.3148 -0.7518
vn -0.5886 -0.4450 -0.6749
vn -0.6518 -0.5682 -0.5023
vn -0.7534 -0.6115 -0.2418
vn -0.5355 0.0468 0.8432
vn -0.5418 0.0870 0.8360
vn -0.5281 0.0292 -0.8487
vn -0.5365 0.0622 -0.8416
vn 0.3441 0.7629 -0.5473
vn 0.6660 0.6036 -0.4383
vn 0.7415 0.6453 -0.1836
vn 0.4153 0.8772 -0.2408
vn 0.7766 0.6300 0.0020
vn 0.4547 0.8906 0.0025
vn 0.6077 0.4578 -0.6489
vn 0.2975 0.5513 -0.7795
vn 0.2911 0.3295 -0.8982
vn 0.5995 0.2748 -0.7518
vn 0.5826 0.0340 -0.8120
vn 0.2790 0.0417 -0.9594
vn 0.2586 -0.0721 -0.9633
vn 0.5529 -0.0640 -0.8308
vn 0.6589 -0.6165 0.4310
vn 0.7541 -0.6232 0.2075
vn 0.7952 -0.6064 0.0016
vn 0.5896 -0.5141 0.6230
vn 0.5709 -0.3692 0.7333
vn 0.5553 -0.1946 0.8086
vn 0.5403 -0.0844 0.8372
vn 0.5445 -0.0314 -0.8382
vn 0.2530 -0.0356 -0.9668
vn 0.2517 -0.0015 -0.9678
vn 0.5425 -0.0013 -0.8401
vn 0.5340 -0.0442 0.8443
vn 0.5325 0.0013 0.8464
vn 0.2863 0.1199 0.9506
vn 0.5939 0.1007 0.7982
vn 0.5941 0.0264 0.8040
vn 0.2864 0.0312 0.9576
vn 0.5912 -0.0140 0.8064
vn 0.2841 -0.0166 0.9586
vn 0.5940 0.1803 0.7840
vn 0.2865 0.2144 0.9338
vn 0.2868 0.3468 0.8930
vn 0.5942 0.2919 0.7495
vn 0.6054 0.4323 0.6683
vn 0.2952 0.5188 0.8023
vn 0.3416 0.7297 0.5924
vn 0.6635 0.5783 0.4747
vn 0.5880 -0.1505 -0.7947
vn 0.6309 -0.1729 -0.7563
vn 0.7616 -0.1778 -0.6231
vn 0.5833 -0.1980 -0.7878
vn 0.5807 -0.3148 -0.7508
vn 0.5898 -0.4450 -0.6738
vn 0.6527 -0.5682 -0.5011
vn 0.7447 0.6343 0.2074
vn 0.4188 0.8661 0.2730
vn 0.7538 -0.6115 -0.2404
vn 0.5445 0.0288 -0.8383
vn 0.2530 0.0327 -0.9669
vn 0.2586 0.0692 -0.9635
vn 0.5529 0.0615 -0.8310
vn 0.5340 0.0467 0.8442
vn 0.5403 0.0869 0.8370
vn 0.2838 0.0014 0.9589
vn 0.5909 0.0012 0.8067
vn 0.5910 0.0102 0.8066
vn 0.2839 0.0121 0.9588
vn 0.5912 0.0164 0.8063
vn 0.2841 0.0195 0.9586
vn 0.9657 -0.0004 -0.2597
vn 0.9050 0.1218 -0.4077
vn 0.7616 0.1759 -0.6237
vn -0.6516 -0.6146 -0.4445
vn -0.5923 -0.4659 -0.6574
vn -0.5839 -0.2806 -0.7618
vn -0.7289 -0.6588 -0.1865
vn -0.7652 -0.6438 0.0026
vn -0.5668 -0.0369 -0.8231
vn -0.5806 -0.0996 0.8080
vn -0.5808 -0.1802 0.7938
vn -0.5810 -0.2934 0.7591
vn -0.5923 -0.4361 0.6775
vn -0.6507 -0.5862 0.4827
vn -0.7329 -0.6465 0.2119
vn -0.6597 0.6178 0.4280
vn -0.7544 0.6238 0.2043
vn -0.7952 0.6064 -0.0016
vn -0.5907 0.5159 0.6204
vn -0.5722 0.3714 0.7312
vn -0.5567 0.1970 0.8070
vn -0.5866 0.1482 -0.7962
vn -0.5819 0.1957 -0.7894
vn -0.5794 0.3126 -0.7528
vn -0.5886 0.4430 -0.6762
vn -0.6518 0.5667 -0.5040
vn -0.7534 0.6108 -0.2436
vn 0.6660 -0.6050 -0.4364
vn 0.7415 -0.6459 -0.1817
vn 0.3440 -0.7646 -0.5450
vn 0.4153 -0.8779 -0.2382
vn 0.4547 -0.8906 0.0052
vn 0.7766 -0.6300 0.0039
vn 0.6077 -0.4597 -0.6475
vn 0.2975 -0.5537 -0.7778
vn 0.5995 -0.2770 -0.7509
vn 0.2911 -0.3322 -0.8972
vn 0.5827 -0.0364 -0.8119
vn 0.2790 -0.0446 -0.9593
vn 0.6589 0.6178 0.4291
vn 0.7541 0.6237 0.2056
vn 0.7952 0.6063 -0.0002
vn 0.5896 0.5159 0.6214
vn 0.5708 0.3714 0.7323
vn 0.5552 0.1970 0.8080
vn 0.2863 -0.1171 0.9510
vn 0.5939 -0.0983 0.7985
vn 0.5940 -0.1779 0.7846
vn 0.2864 -0.2116 0.9344
vn 0.5942 -0.2896 0.7504
vn 0.2868 -0.3442 0.8940
vn 0.6054 -0.4303 0.6696
vn 0.2951 -0.5164 0.8039
vn 0.6635 -0.5769 0.4764
vn 0.3415 -0.7279 0.5946
vn 0.5880 0.1481 -0.7952
vn 0.5833 0.1956 -0.7884
vn 0.5807 0.3125 -0.7517
vn 0.5899 0.4430 -0.6751
vn 0.6527 0.5667 -0.5028
vn 0.7447 -0.6337 0.2093
vn 0.4188 -0.8653 0.2756
vn 0.7539 0.6108 -0.2422
vn 1.0000 -0.0002 0.0013
vn 1.0000 -0.0004 0.0012
vn 1.0000 -0.0006 0.0012
vn 1.0000 -0.0002 0.0012
vn 1.0000 -0.0001 0.0009
vn 1.0000 -0.0003 0.0005
vn 1.0000 -0.0001 0.0006
vn 1.0000 -0.0006 0.0003
vn 1.0000 -0.0004 0.0004
vn 1.0000 -0.0004 0.0008
vn 1.0000 -0.0005 0.0005
vn 1.0000 -0.0004 0.0010
vn 1.0000 -0.0000 0.0009
vn 1.0000 -0.0003 0.0009
vn -1.0000 -0.0003 -0.0006
vn -1.0000 -0.0002 -0.0005
vn -1.0000 -0.0006 -0.0006
vn -1.0000 -0.0001 -0.0006
vn -1.0000 -0.0001 -0.0012
vn -1.0000 -0.0003 -0.0013
vn -1.0000 -0.0001 -0.0009
vn -1.0000 -0.0004 -0.0014
vn -1.0000 -0.0005 -0.0015
vn -1.0000 -0.0005 -0.0013
vn -1.0000 -0.0007 -0.0009
vn -1.0000 -0.0003 -0.0008
vn -1.0000 -0.0000 -0.0009
vn -1.0000 -0.0002 -0.0009
vn 1.0000 0.0003 0.0012
vn 1.0000 0.0002 0.0012
vn 1.0000 0.0006 0.0012
vn 1.0000 0.0001 0.0009
vn 1.0000 0.0001 0.0012
vn 1.0000 0.0001 0.0006
vn 1.0000 0.0003 0.0005
vn 1.0000 0.0004 0.0004
vn 1.0000 0.0005 0.0003
vn 1.0000 0.0005 0.0005
vn 1.0000 0.0004 0.0008
vn 1.0000 0.0007 0.0011
vn 1.0000 0.0003 0.0017
vn 1.0000 -0.0000 0.0020
vn -1.0000 0.0002 -0.0005
vn -1.0000 0.0004 -0.0006
vn -1.0000 0.0006 -0.0006
vn -1.0000 0.0002 -0.0006
vn -1.0000 0.0001 -0.0009
vn -1.0000 0.0003 -0.0013
vn -1.0000 0.0001 -0.0012
vn -1.0000 0.0006 -0.0015
vn -1.0000 0.0004 -0.0014
vn -1.0000 0.0007 -0.0009
vn -1.0000 0.0005 -0.0013
vn -1.0000 0.0004 -0.0008
vn -1.0000 0.0003 -0.0001
vn -1.0000 -0.0000 0.0002
vn 0.9050 -0.1231 -0.4073
vn 1.0000 -0.0003 0.0017
vn 0.5910 -0.0078 0.8066
vn 0.2839 -0.0093 0.9588
vn -0.5776 -0.0078 0.8163
vn -1.0000 -0.0003 -0.0001
vn -0.9043 -0.1230 -0.4089
vn 0.6309 0.1706 -0.7569
vn 1.0000 0.0002 0.0009
vn 0.5941 -0.0240 0.8040
vn 0.2864 -0.0284 0.9577
vn -0.5809 -0.0243 0.8136
vn -1.0000 0.0003 -0.0009
vn -0.6295 0.1709 -0.7579
vn -0.0000 1.0000 0.0081
vn 0.3832 0.9236 0.0104
vn 0.3681 0.8892 0.2716
vn -0.0002 0.9624 0.2717
vn 0.7076 0.7065 0.0156
vn 0.6799 0.6802 0.2739
vn 0.6957 0.6961 0.1772
vn 0.3765 0.9095 0.1763
vn -0.0001 0.9844 0.1762
vn -0.7076 0.7065 0.0144
vn -0.3832 0.9236 0.0097
vn -0.3686 0.8892 0.2709
vn -0.6804 0.6802 0.2727
vn -0.3768 0.9095 0.1756
vn -0.6960 0.6961 0.1760
vn -0.9998 0.0001 0.0216
vn -0.9239 0.3821 0.0191
vn -0.8887 0.3683 0.2730
vn -0.9615 0.0004 0.2747
vn -0.9094 0.3769 0.1760
vn -0.9843 0.0003 0.1768
vn -0.7076 -0.7064 0.0165
vn -0.9239 -0.3820 0.0203
vn -0.8888 -0.3674 0.2741
vn -0.6804 -0.6794 0.2748
vn -0.9094 -0.3763 0.1771
vn -0.6960 -0.6956 0.1781
vn -0.0000 -0.9999 0.0111
vn -0.3832 -0.9236 0.0125
vn -0.3686 -0.8884 0.2736
vn -0.0003 -0.9616 0.2746
vn -0.3768 -0.9090 0.1784
vn -0.0002 -0.9838 0.1791
vn 0.7076 -0.7064 0.0178
vn 0.3832 -0.9236 0.0132
vn 0.3681 -0.8884 0.2743
vn 0.6799 -0.6794 0.2759
vn 0.3764 -0.9090 0.1791
vn 0.6957 -0.6956 0.1793
vn 0.9997 -0.0000 0.0234
vn 0.9239 -0.3821 0.0219
vn 0.8882 -0.3675 0.2757
vn 0.9610 0.0004 0.2764
vn 0.9091 -0.3764 0.1787
vn 0.9839 0.0003 0.1785
vn 0.9239 0.3821 0.0208
vn 0.8883 0.3683 0.2746
vn 0.9091 0.3769 0.1776
vn -0.9193 -0.3712 0.1307
vn -0.7116 -0.6936 0.1124
vn -0.9904 0.0002 0.1381
vn -0.9621 -0.0004 -0.2727
vn -0.8885 -0.3674 -0.2749
vn -0.6789 -0.6776 -0.2827
vn -0.3893 -0.9164 0.0928
vn -0.0001 -0.9964 0.0852
vn -0.3669 -0.8840 -0.2897
vn 0.0003 -0.9562 -0.2928
vn 0.3891 -0.9165 0.0935
vn 0.7113 -0.6936 0.1137
vn 0.3674 -0.8840 -0.2890
vn 0.6794 -0.6776 -0.2815
vn 0.9190 -0.3713 0.1324
vn 0.9902 0.0002 0.1399
vn 0.8890 -0.3674 -0.2733
vn 0.9626 -0.0004 -0.2710
vn 0.9190 0.3716 0.1313
vn 0.7114 0.6939 0.1116
vn 0.8890 0.3666 -0.2744
vn 0.6794 0.6768 -0.2835
vn 0.3891 0.9167 0.0907
vn -0.0001 0.9966 0.0822
vn 0.3674 0.8832 -0.2916
vn 0.0003 0.9553 -0.2957
vn -0.3892 0.9167 0.0900
vn -0.7115 0.6939 0.1103
vn -0.3668 0.8832 -0.2923
vn -0.6789 0.6768 -0.2847
vn -0.9193 0.3717 0.1296
vn -0.8885 0.3666 -0.2760
vn -0.9239 -0.3827 -0.0002
vn -0.7071 -0.7071 0.0004
vn -0.9853 -0.0002 -0.1711
vn -0.9103 -0.3774 -0.1701
vn -0.6967 -0.6970 -0.1698
vn -0.3827 -0.9239 0.0011
vn -0.0000 -1.0000 0.0017
vn -0.3770 -0.9107 -0.1688
vn 0.0001 -0.9857 -0.1687
vn 0.3827 -0.9239 0.0018
vn 0.7071 -0.7071 0.0018
vn 0.3773 -0.9107 -0.1681
vn 0.6969 -0.6971 -0.1685
vn 0.9239 -0.3827 0.0014
vn 0.9106 -0.3774 -0.1684
vn 0.9856 -0.0003 -0.1693
vn 0.9239 0.3827 0.0002
vn 0.7071 0.7071 -0.0004
vn 0.9106 0.3769 -0.1696
vn 0.6970 0.6965 -0.1706
vn 0.3827 0.9239 -0.0009
vn 0.3773 0.9102 -0.1709
vn 0.0002 0.9852 -0.1716
vn -0.3827 0.9239 -0.0017
vn -0.7071 0.7071 -0.0017
vn -0.3770 0.9102 -0.1715
vn -0.6966 0.6965 -0.1719
vn -0.9239 0.3827 -0.0013
vn -0.9103 0.3769 -0.1712
vn -0.6701 -0.6708 -0.3178
vn -0.8759 -0.3634 -0.3174
vn -0.9239 -0.3827 0.0049
vn -0.7071 -0.7071 0.0057
vn -0.9477 -0.0005 -0.3191
vn -1.0000 -0.0000 0.0044
vn -0.8909 0.0007 0.4541
vn -0.8239 -0.3404 0.4532
vn -0.6301 -0.6290 0.4553
vn 0.0003 -0.9485 -0.3168
vn -0.3627 -0.8767 -0.3161
vn -0.3827 -0.9239 0.0062
vn -0.0000 -1.0000 0.0068
vn -0.3415 -0.8228 0.4543
vn -0.0004 -0.8898 0.4563
vn 0.6706 -0.6708 -0.3166
vn 0.3632 -0.8767 -0.3155
vn 0.3827 -0.9239 0.0069
vn 0.7071 -0.7071 0.0070
vn 0.3407 -0.8228 0.4550
vn 0.6293 -0.6290 0.4565
vn 0.9483 -0.0005 -0.3173
vn 0.8765 -0.3634 -0.3158
vn 0.9239 -0.3827 0.0066
vn 1.0000 -0.0000 0.0062
vn 0.8230 -0.3404 0.4547
vn 0.8901 0.0007 0.4558
vn 0.6707 0.6699 -0.3186
vn 0.8765 0.3624 -0.3169
vn 0.9239 0.3827 0.0054
vn 0.7071 0.7071 0.0049
vn 0.8231 0.3418 0.4536
vn 0.6293 0.6303 0.4546
vn 0.0003 0.9476 -0.3196
vn 0.3632 0.8757 -0.3181
vn 0.3827 0.9239 0.0041
vn -0.0000 1.0000 0.0038
vn 0.3407 0.8241 0.4525
vn -0.0004 0.8912 0.4537
vn -0.6701 0.6699 -0.3198
vn -0.3626 0.8757 -0.3188
vn -0.3827 0.9239 0.0034
vn -0.7071 0.7071 0.0036
vn -0.3415 0.8241 0.4519
vn -0.6301 0.6304 0.4534
vn -0.8759 0.3625 -0.3185
vn -0.9239 0.3827 0.0038
vn -0.8239 0.3418 0.4522
vn -0.8784 -0.3644 -0.3092
vn -0.6721 -0.6728 -0.3093
vn -0.9506 -0.0004 -0.3105
vn -0.3637 -0.8791 -0.3079
vn 0.0003 -0.9513 -0.3082
vn 0.3642 -0.8792 -0.3073
vn 0.6726 -0.6728 -0.3081
vn 0.8790 -0.3644 -0.3076
vn 0.9511 -0.0005 -0.3088
vn 0.8790 0.3635 -0.3087
vn 0.6726 0.6719 -0.3101
vn 0.3643 0.8782 -0.3099
vn 0.0003 0.9504 -0.3111
vn -0.3637 0.8782 -0.3106
vn -0.6721 0.6719 -0.3113
vn -0.8784 0.3635 -0.3103
vn -0.8766 -0.3628 -0.3162
vn -0.6695 -0.6687 -0.3235
vn -0.9490 -0.0005 -0.3152
vn -0.3618 -0.8725 -0.3285
vn 0.0003 -0.9433 -0.3320
vn 0.3623 -0.8725 -0.3279
vn 0.6700 -0.6687 -0.3223
vn 0.8771 -0.3629 -0.3146
vn 0.9496 -0.0005 -0.3135
vn 0.8771 0.3619 -0.3157
vn 0.6700 0.6677 -0.3243
vn 0.3623 0.8715 -0.3304
vn 0.0003 0.9423 -0.3349
vn -0.3617 0.8715 -0.3311
vn -0.6694 0.6678 -0.3255
vn -0.8765 0.3619 -0.3173
vn -0.7059 0.7060 0.0568
vn -0.6756 0.6759 0.2945
vn -0.3658 0.8830 0.2942
vn -0.3821 0.9224 0.0566
vn -0.6008 0.6011 0.5270
vn -0.3256 0.7857 0.5260
vn -0.0005 0.8498 0.5271
vn -0.0003 0.9556 0.2947
vn -0.0000 0.9984 0.0570
vn -0.8828 0.3660 0.2944
vn -0.7854 0.3259 0.5262
vn -0.9224 0.3821 0.0569
vn -0.9983 0.0001 0.0576
vn -0.9554 0.0005 0.2952
vn -0.8495 0.0008 0.5277
vn -0.8828 -0.3651 0.2956
vn -0.7854 -0.3243 0.5272
vn -0.9224 -0.3819 0.0581
vn -0.7060 -0.7058 0.0589
vn -0.6757 -0.6749 0.2965
vn -0.6008 -0.5995 0.5288
vn -0.3658 -0.8821 0.2968
vn -0.3256 -0.7841 0.5283
vn -0.3821 -0.9222 0.0594
vn -0.0001 -0.9982 0.0600
vn -0.0003 -0.9547 0.2975
vn -0.0005 -0.8482 0.5297
vn 0.3653 -0.8821 0.2974
vn 0.3246 -0.7841 0.5289
vn 0.3820 -0.9222 0.0600
vn 0.7058 -0.7058 0.0602
vn 0.6751 -0.6750 0.2977
vn 0.5998 -0.5995 0.5299
vn 0.8823 -0.3651 0.2972
vn 0.7844 -0.3243 0.5286
vn 0.9222 -0.3820 0.0597
vn 0.9982 0.0001 0.0594
vn 0.9549 0.0004 0.2969
vn 0.8485 0.0008 0.5292
vn 0.8823 0.3660 0.2961
vn 0.7845 0.3259 0.5277
vn 0.9223 0.3821 0.0586
vn 0.7059 0.7060 0.0580
vn 0.6751 0.6758 0.2957
vn 0.5999 0.6011 0.5281
vn 0.3653 0.8830 0.2948
vn 0.3247 0.7857 0.5265
vn 0.3820 0.9224 0.0573
vn -0.5932 0.5929 -0.5446
vn -0.6736 0.6734 -0.3045
vn -0.3644 0.8801 -0.3043
vn -0.3210 0.7754 -0.5437
vn -0.7057 0.7057 -0.0622
vn -0.3819 0.9221 -0.0620
vn 0.0001 0.9981 -0.0620
vn 0.0003 0.9526 -0.3043
vn 0.0005 0.8388 -0.5445
vn -0.8803 0.3643 -0.3039
vn -0.9221 0.3819 -0.0617
vn -0.7758 0.3207 -0.5434
vn -0.8391 -0.0008 -0.5439
vn -0.9528 -0.0004 -0.3037
vn -0.9981 -0.0001 -0.0614
vn -0.8803 -0.3652 -0.3028
vn -0.9222 -0.3821 -0.0606
vn -0.7758 -0.3223 -0.5425
vn -0.5932 -0.5945 -0.5428
vn -0.6736 -0.6743 -0.3025
vn -0.7058 -0.7059 -0.0601
vn -0.3645 -0.8810 -0.3017
vn -0.3820 -0.9223 -0.0593
vn -0.3211 -0.7771 -0.5414
vn 0.0005 -0.8404 -0.5419
vn 0.0003 -0.9535 -0.3014
vn -0.0000 -0.9983 -0.0590
vn 0.3650 -0.8810 -0.3010
vn 0.3820 -0.9223 -0.0586
vn 0.3220 -0.7771 -0.5408
vn 0.5942 -0.5945 -0.5418
vn 0.6742 -0.6744 -0.3012
vn 0.7059 -0.7059 -0.0588
vn 0.8808 -0.3652 -0.3013
vn 0.9222 -0.3821 -0.0589
vn 0.7767 -0.3224 -0.5411
vn 0.8401 -0.0008 -0.5424
vn 0.9533 -0.0005 -0.3021
vn 0.9982 -0.0001 -0.0596
vn 0.8808 0.3643 -0.3024
vn 0.9223 0.3819 -0.0601
vn 0.7767 0.3207 -0.5420
vn 0.5942 0.5929 -0.5435
vn 0.6742 0.6734 -0.3033
vn 0.7059 0.7057 -0.0609
vn 0.3650 0.8801 -0.3037
vn 0.3821 0.9221 -0.0614
vn 0.3220 0.7754 -0.5431
vn 0.3200 0.7745 0.5457
vn -0.0005 0.8372 0.5469
vn 0.5910 0.5923 0.5476
vn -0.3209 0.7745 0.5452
vn -0.5920 0.5924 0.5465
vn -0.7741 0.3213 0.5454
vn -0.8368 0.0008 0.5474
vn -0.7740 -0.3195 0.5467
vn -0.5920 -0.5907 0.5483
vn -0.3210 -0.7728 0.5475
vn -0.0005 -0.8355 0.5495
vn 0.3199 -0.7728 0.5481
vn 0.5909 -0.5906 0.5496
vn 0.7731 -0.3196 0.5478
vn 0.8359 0.0008 0.5490
vn 0.7732 0.3213 0.5468
vn -0.9239 0.3827 -0.0018
vn -1.0000 -0.0000 -0.0013
vn -0.7071 0.7071 -0.0021
vn -0.9239 -0.3827 -0.0006
vn -0.7071 -0.7071 -0.0000
vn -0.3827 -0.9239 0.0007
vn -0.0000 -1.0000 0.0011
vn 0.3827 -0.9239 0.0014
vn 0.7071 -0.7071 0.0013
vn 0.9239 -0.3827 0.0010
vn 1.0000 -0.0000 0.0005
vn 0.9239 0.3827 -0.0001
vn 0.7071 0.7071 -0.0008
vn 0.3827 0.9239 -0.0014
vn -0.0000 1.0000 -0.0019
vn -0.3827 0.9239 -0.0021
vn -0.7601 0.3142 -0.5688
vn -0.8222 -0.0008 -0.5693
vn -0.5812 0.5809 -0.5699
vn -0.6160 0.6157 -0.4913
vn -0.8058 0.3332 -0.4895
vn -0.8714 -0.0007 -0.4906
vn -0.7601 -0.3159 -0.5679
vn -0.5812 -0.5826 -0.5682
vn -0.8058 -0.3347 -0.4885
vn -0.6160 -0.6172 -0.4895
vn -0.3147 -0.7617 -0.5664
vn 0.0005 -0.8233 -0.5676
vn -0.3335 -0.8070 -0.4873
vn 0.0004 -0.8726 -0.4885
vn 0.3156 -0.7615 -0.5661
vn 0.5822 -0.5826 -0.5671
vn 0.3344 -0.8070 -0.4867
vn 0.6169 -0.6172 -0.4883
vn 0.7611 -0.3159 -0.5665
vn 0.8232 -0.0009 -0.5678
vn 0.8067 -0.3347 -0.4870
vn 0.8723 -0.0008 -0.4890
vn 0.7614 0.3143 -0.5670
vn 0.5822 0.5808 -0.5689
vn 0.8067 0.3332 -0.4880
vn 0.6169 0.6157 -0.4902
vn 0.3157 0.7600 -0.5681
vn 0.0005 0.8216 -0.5700
vn 0.3344 0.8055 -0.4892
vn 0.0005 0.8711 -0.4911
vn -0.3146 0.7600 -0.5687
vn -0.3335 0.8055 -0.4898
vn 0.3798 0.9165 -0.1252
vn 0.0001 0.9920 -0.1263
vn 0.7017 0.7014 -0.1252
vn 0.7071 0.7071 -0.0049
vn 0.3827 0.9239 -0.0055
vn -0.0000 1.0000 -0.0059
vn -0.3796 0.9165 -0.1259
vn -0.7015 0.7014 -0.1265
vn -0.3827 0.9239 -0.0062
vn -0.7071 0.7071 -0.0061
vn -0.9166 0.3796 -0.1255
vn -0.9921 -0.0002 -0.1257
vn -0.9239 0.3827 -0.0058
vn -1.0000 -0.0000 -0.0053
vn -0.9166 -0.3799 -0.1244
vn -0.7015 -0.7018 -0.1244
vn -0.9239 -0.3827 -0.0047
vn -0.7071 -0.7071 -0.0040
vn -0.3796 -0.9169 -0.1231
vn 0.0001 -0.9924 -0.1233
vn -0.3827 -0.9239 -0.0034
vn -0.0000 -1.0000 -0.0029
vn 0.3798 -0.9169 -0.1224
vn 0.7017 -0.7018 -0.1231
vn 0.3827 -0.9239 -0.0027
vn 0.7071 -0.7071 -0.0027
vn 0.9168 -0.3799 -0.1228
vn 0.9923 -0.0002 -0.1239
vn 0.9239 -0.3827 -0.0030
vn 1.0000 -0.0000 -0.0035
vn 0.9169 0.3795 -0.1239
vn 0.9239 0.3827 -0.0042
vn -0.0000 1.0000 -0.0060
vn -0.7071 0.7071 -0.0062
vn -0.3826 0.9239 -0.0062
vn -1.0000 -0.0000 -0.0054
vn -0.9239 0.3827 -0.0059
vn -0.7071 -0.7071 -0.0041
vn -0.0000 -1.0000 -0.0030
vn 0.7071 -0.7071 -0.0028
vn 1.0000 -0.0000 -0.0036
vn 0.9239 -0.3827 -0.0031
vn 0.0003 0.9314 -0.3639
vn 0.3570 0.8606 -0.3633
vn 0.3160 0.7609 -0.5667
vn 0.0005 0.8228 -0.5684
vn 0.6593 0.6585 -0.3629
vn 0.5829 0.5815 -0.5675
vn 0.6803 0.6796 -0.2746
vn 0.3684 0.8885 -0.2736
vn 0.0003 0.9613 -0.2756
vn -0.6587 0.6585 -0.3641
vn -0.3563 0.8606 -0.3640
vn -0.3150 0.7609 -0.5673
vn -0.5819 0.5815 -0.5685
vn -0.3679 0.8885 -0.2743
vn -0.6797 0.6796 -0.2758
vn -0.9317 -0.0005 -0.3634
vn -0.8608 0.3561 -0.3637
vn -0.7613 0.3147 -0.5669
vn -0.8231 -0.0008 -0.5679
vn -0.8886 0.3678 -0.2740
vn -0.9614 -0.0004 -0.2750
vn -0.6587 -0.6595 -0.3621
vn -0.8608 -0.3572 -0.3626
vn -0.7612 -0.3163 -0.5661
vn -0.5819 -0.5832 -0.5668
vn -0.8886 -0.3686 -0.2729
vn -0.6798 -0.6804 -0.2738
vn 0.0003 -0.9325 -0.3611
vn -0.3563 -0.8616 -0.3614
vn -0.3150 -0.7626 -0.5650
vn 0.0005 -0.8244 -0.5659
vn -0.3679 -0.8893 -0.2717
vn 0.0002 -0.9621 -0.2727
vn 0.6593 -0.6596 -0.3609
vn 0.3570 -0.8616 -0.3607
vn 0.3160 -0.7626 -0.5644
vn 0.5829 -0.5833 -0.5657
vn 0.3684 -0.8893 -0.2710
vn 0.6803 -0.6804 -0.2725
vn 0.9323 -0.0006 -0.3617
vn 0.8614 -0.3572 -0.3610
vn 0.7622 -0.3164 -0.5647
vn 0.8241 -0.0009 -0.5664
vn 0.8891 -0.3686 -0.2713
vn 0.9619 -0.0004 -0.2733
vn 0.8614 0.3561 -0.3621
vn 0.7622 0.3146 -0.5657
vn 0.8891 0.3678 -0.2724
vn 0.3745 0.9049 0.2021
vn -0.0002 0.9793 0.2026
vn 0.6921 0.6925 0.2036
vn 0.6651 0.6659 0.3379
vn 0.3599 0.8702 0.3363
vn -0.0003 0.9416 0.3368
vn -0.3748 0.9049 0.2015
vn -0.6924 0.6926 0.2024
vn -0.3605 0.8703 0.3357
vn -0.6657 0.6660 0.3366
vn -0.9048 0.3750 0.2018
vn -0.9792 0.0003 0.2031
vn -0.8700 0.3608 0.3360
vn -0.9414 0.0005 0.3374
vn -0.9048 -0.3744 0.2029
vn -0.6924 -0.6919 0.2045
vn -0.8700 -0.3597 0.3371
vn -0.6657 -0.6649 0.3387
vn -0.3749 -0.9043 0.2042
vn -0.0002 -0.9786 0.2055
vn -0.3606 -0.8692 0.3383
vn -0.0003 -0.9405 0.3397
vn 0.3745 -0.9043 0.2049
vn 0.6920 -0.6919 0.2057
vn 0.3599 -0.8692 0.3389
vn 0.6651 -0.6649 0.3398
vn 0.9044 -0.3744 0.2045
vn 0.9788 0.0003 0.2049
vn 0.8694 -0.3598 0.3386
vn 0.9408 0.0005 0.3391
vn 0.9044 0.3750 0.2034
vn 0.8694 0.3608 0.3376
vn -0.0002 0.9831 0.1832
vn 0.3759 0.9083 0.1832
vn 0.3826 0.9238 0.0107
vn -0.0000 0.9999 0.0103
vn 0.6948 0.6952 0.1843
vn 0.7070 0.7071 0.0113
vn 0.3827 0.9239 -0.0011
vn -0.6951 0.6952 0.1830
vn -0.3763 0.9083 0.1826
vn -0.3826 0.9238 0.0100
vn -0.7070 0.7071 0.0101
vn -0.3826 0.9239 -0.0017
vn -0.9830 0.0003 0.1838
vn -0.9082 0.3764 0.1829
vn -0.9238 0.3827 0.0103
vn -0.9999 -0.0000 0.0109
vn -0.9239 0.3827 -0.0014
vn -0.6951 -0.6946 0.1852
vn -0.9082 -0.3758 0.1841
vn -0.9238 -0.3826 0.0115
vn -0.7071 -0.7070 0.0122
vn -0.9239 -0.3827 -0.0003
vn -0.0002 -0.9825 0.1862
vn -0.3763 -0.9078 0.1854
vn -0.3827 -0.9238 0.0128
vn -0.0000 -0.9999 0.0132
vn -0.3827 -0.9239 0.0010
vn 0.6948 -0.6947 0.1864
vn 0.3759 -0.9078 0.1860
vn 0.3826 -0.9238 0.0135
vn 0.7071 -0.7070 0.0135
vn 0.3827 -0.9239 0.0017
vn 0.7071 -0.7071 0.0017
vn 0.9826 0.0003 0.1855
vn 0.9079 -0.3758 0.1857
vn 0.9238 -0.3826 0.0131
vn 0.9999 -0.0000 0.0127
vn 0.9079 0.3764 0.1846
vn 0.9238 0.3827 0.0120
vn 0.9239 0.3827 0.0003
vn -0.3862 0.3858 -0.8379
vn -0.1923 0.4868 -0.8521
vn -0.1277 0.3456 -0.9297
vn -0.2721 0.2715 -0.9232
vn 0.0008 0.5034 -0.8641
vn 0.0008 0.3532 -0.9355
vn 0.0009 0.2519 -0.9678
vn -0.0809 0.2479 -0.9654
vn -0.1910 0.1904 -0.9629
vn -0.5039 -0.0013 -0.8638
vn -0.4872 0.1918 -0.8520
vn -0.3461 0.1272 -0.9295
vn -0.3538 -0.0014 -0.9353
vn -0.2485 0.0804 -0.9653
vn -0.2525 -0.0014 -0.9676
vn -0.3862 -0.3883 -0.8367
vn -0.4872 -0.1943 -0.8514
vn -0.3461 -0.1300 -0.9291
vn -0.2721 -0.2743 -0.9224
vn -0.2485 -0.0833 -0.9650
vn -0.1910 -0.1933 -0.9624
vn 0.0008 -0.5059 -0.8626
vn -0.1923 -0.4893 -0.8507
vn -0.1277 -0.3483 -0.9286
vn 0.0008 -0.3560 -0.9345
vn -0.0809 -0.2508 -0.9646
vn 0.0009 -0.2547 -0.9670
vn 0.3878 -0.3883 -0.8360
vn 0.1938 -0.4893 -0.8503
vn 0.1294 -0.3484 -0.9284
vn 0.2738 -0.2743 -0.9219
vn 0.0827 -0.2508 -0.9645
vn 0.1927 -0.1933 -0.9620
vn 0.5054 -0.0013 -0.8629
vn 0.4888 -0.1943 -0.8505
vn 0.3478 -0.1300 -0.9285
vn 0.3555 -0.0014 -0.9347
vn 0.2502 -0.0833 -0.9646
vn 0.2542 -0.0015 -0.9671
vn 0.3878 0.3857 -0.8372
vn 0.4888 0.1917 -0.8511
vn 0.3478 0.1272 -0.9289
vn 0.2737 0.2715 -0.9227
vn 0.2502 0.0804 -0.9648
vn 0.1928 0.1905 -0.9626
vn 0.1938 0.4867 -0.8518
vn 0.1294 0.3456 -0.9294
vn 0.0827 0.2479 -0.9652
vn -0.0389 0.1468 -0.9884
vn -0.1114 0.1108 -0.9876
vn 0.0009 0.1468 -0.9892
vn -0.1475 0.0383 -0.9883
vn -0.1474 -0.0015 -0.9891
vn -0.1475 -0.0412 -0.9882
vn -0.1114 -0.1138 -0.9872
vn -0.0389 -0.1498 -0.9879
vn 0.0009 -0.1498 -0.9887
vn 0.0407 -0.1498 -0.9879
vn 0.1131 -0.1137 -0.9870
vn 0.1492 -0.0413 -0.9879
vn 0.1492 -0.0015 -0.9888
vn 0.1492 0.0383 -0.9881
vn 0.1132 0.1108 -0.9874
vn 0.0407 0.1469 -0.9883
vn -0.0000 -1.0000 -0.0025
vn -0.3827 -0.9239 -0.0030
vn -0.3817 -0.9219 -0.0667
vn 0.0001 -0.9978 -0.0664
vn -0.7071 -0.7071 -0.0036
vn -0.7054 -0.7056 -0.0675
vn 0.7071 -0.7071 -0.0023
vn 0.3827 -0.9239 -0.0023
vn 0.3818 -0.9219 -0.0660
vn 0.7055 -0.7056 -0.0662
vn 1.0000 -0.0000 -0.0031
vn 0.9239 -0.3827 -0.0026
vn 0.9218 -0.3819 -0.0664
vn 0.9978 -0.0001 -0.0670
vn 0.7071 0.7071 -0.0045
vn 0.9239 0.3827 -0.0038
vn 0.9218 0.3817 -0.0675
vn 0.7055 0.7054 -0.0683
vn -0.0000 1.0000 -0.0055
vn 0.3827 0.9239 -0.0051
vn 0.3819 0.9217 -0.0688
vn 0.0001 0.9976 -0.0694
vn -0.7071 0.7071 -0.0057
vn -0.3826 0.9239 -0.0058
vn -0.3817 0.9217 -0.0695
vn -0.7054 0.7054 -0.0696
vn -1.0000 -0.0000 -0.0049
vn -0.9239 0.3827 -0.0054
vn -0.9217 0.3817 -0.0692
vn -0.9976 -0.0001 -0.0688
vn -0.9239 -0.3827 -0.0043
vn -0.9217 -0.3819 -0.0680
vn -0.3640 -0.8777 0.3118
vn -0.0003 -0.9498 0.3130
vn -0.6722 -0.6714 0.3120
vn 0.3634 -0.8777 0.3124
vn 0.6716 -0.6714 0.3132
vn 0.8778 -0.3633 0.3121
vn 0.9499 0.0005 0.3124
vn 0.8779 0.3642 0.3110
vn 0.6716 0.6724 0.3112
vn 0.3634 0.8786 0.3098
vn -0.0003 0.9507 0.3102
vn -0.3640 0.8786 0.3091
vn -0.6722 0.6724 0.3100
vn -0.8784 0.3642 0.3095
vn -0.9505 0.0005 0.3107
vn -0.8784 -0.3632 0.3106
vn 0.3827 0.9239 -0.0010
vn -0.3760 -0.9129 -0.1590
vn 0.0001 -0.9861 -0.1661
vn -0.6989 -0.6993 -0.1503
vn 0.3764 -0.9128 -0.1583
vn 0.6992 -0.6993 -0.1490
vn 0.9128 -0.3764 -0.1587
vn 0.9860 -0.0003 -0.1667
vn 0.9127 0.3760 -0.1598
vn 0.6992 0.6988 -0.1512
vn 0.3764 0.9124 -0.1611
vn 0.0002 0.9856 -0.1691
vn -0.3761 0.9124 -0.1617
vn -0.6989 0.6988 -0.1524
vn -0.9125 0.3760 -0.1614
vn -0.9857 -0.0002 -0.1685
vn -0.9125 -0.3765 -0.1603
vn 0.0003 -0.9176 -0.3976
vn -0.3869 -0.8709 -0.3030
vn -0.3929 -0.9178 -0.0567
vn 0.0001 -0.9981 -0.0611
vn -0.7364 -0.6686 -0.1033
vn -0.7185 -0.6946 -0.0359
vn -0.7071 -0.7071 -0.0039
vn -0.3827 -0.9239 -0.0033
vn -0.0000 -1.0000 -0.0028
vn 0.7366 -0.6686 -0.1020
vn 0.3874 -0.8709 -0.3023
vn 0.3930 -0.9178 -0.0560
vn 0.7186 -0.6946 -0.0346
vn 0.3827 -0.9239 -0.0026
vn 0.7071 -0.7071 -0.0026
vn 1.0000 -0.0000 -0.0034
vn 0.9296 -0.3673 -0.0294
vn 0.9245 -0.3810 -0.0118
vn 0.9239 -0.3827 -0.0029
vn 0.7071 0.7071 -0.0048
vn 0.9239 0.3827 -0.0041
vn -0.0000 1.0000 -0.0058
vn 0.3827 0.9239 -0.0054
vn -0.7071 0.7071 -0.0060
vn -0.3826 0.9239 -0.0061
vn -1.0000 -0.0000 -0.0052
vn -0.9239 0.3827 -0.0057
vn -0.9296 -0.3673 -0.0311
vn -0.9245 -0.3809 -0.0134
vn -0.9239 -0.3827 -0.0046
vn -0.0008 -0.4710 0.8821
vn -0.0413 -0.4749 0.8790
vn -0.0753 -0.9956 0.0552
vn -0.0000 -0.9983 0.0588
vn -0.1947 -0.4856 0.8522
vn -0.4319 -0.9002 0.0555
vn -0.4278 -0.9039 0.0006
vn -0.0765 -0.9971 0.0014
vn 0.1931 -0.4856 0.8526
vn 0.0397 -0.4750 0.8791
vn 0.0752 -0.9956 0.0553
vn 0.4317 -0.9003 0.0562
vn 0.0765 -0.9971 0.0015
vn 0.4278 -0.9039 0.0014
vn 0.9275 -0.3709 0.0461
vn 0.9423 -0.3342 0.0190
vn 1.0000 -0.0000 -0.0028
vn 0.6951 -0.6981 0.1716
vn 0.8345 -0.5490 0.0464
vn 0.8306 -0.5569 -0.0016
vn 0.9437 -0.3307 -0.0017
vn 1.0000 -0.0000 -0.0021
vn 0.9239 0.3827 -0.0031
vn 0.7071 0.7071 -0.0041
vn 0.9239 0.3827 -0.0028
vn 0.7071 0.7071 -0.0035
vn 0.3827 0.9239 -0.0048
vn -0.0000 1.0000 -0.0052
vn 0.3827 0.9239 -0.0041
vn -0.0000 1.0000 -0.0045
vn -0.3826 0.9239 -0.0051
vn -0.7071 0.7071 -0.0054
vn -0.3826 0.9239 -0.0048
vn -0.7071 0.7071 -0.0047
vn -0.9239 0.3827 -0.0051
vn -1.0000 -0.0000 -0.0043
vn -0.9239 0.3827 -0.0044
vn -1.0000 -0.0000 -0.0039
vn -0.6954 -0.6981 0.1703
vn -0.9276 -0.3709 0.0444
vn -0.9424 -0.3342 0.0173
vn -0.8346 -0.5490 0.0449
vn -0.9437 -0.3307 -0.0034
vn -0.8306 -0.5569 -0.0030
vn -0.0004 -0.8845 0.4665
vn -0.3516 -0.8500 0.3923
vn -0.1091 -0.3355 0.9357
vn -0.0009 -0.2543 0.9671
vn -0.3772 -0.5245 0.7633
vn -0.1775 -0.0967 0.9793
vn -0.0178 -0.0065 0.9998
vn -0.0009 0.0008 1.0000
vn -0.7144 -0.6965 0.0664
vn -0.7191 -0.6949 -0.0027
vn -0.8003 -0.5996 -0.0029
vn -0.7908 -0.6019 0.1110
vn -0.2200 -0.4680 -0.8559
vn -0.5970 -0.6969 -0.3975
vn 0.0009 -0.3119 -0.9501
vn -0.1093 -0.0455 -0.9930
vn -0.6298 -0.4128 -0.6580
vn 0.3509 -0.8500 0.3930
vn 0.1074 -0.3356 0.9359
vn 0.3759 -0.5245 0.7640
vn 0.0160 -0.0065 0.9998
vn 0.1758 -0.0968 0.9797
vn 0.2215 -0.4680 -0.8555
vn 0.5977 -0.6969 -0.3964
vn 0.6310 -0.4128 -0.6568
vn 0.1111 -0.0455 -0.9928
vn 0.7143 -0.6966 0.0676
vn 0.7191 -0.6949 -0.0014
vn 0.7906 -0.6020 0.1124
vn 0.8003 -0.5996 -0.0015
vn -0.0214 0.0004 0.9998
vn -0.0009 0.0014 1.0000
vn -0.1864 -0.0126 0.9824
vn -0.1888 0.0015 0.9820
vn -0.0220 0.0015 0.9998
vn -0.9809 -0.1254 0.1490
vn -0.9924 -0.1226 -0.0037
vn -1.0000 -0.0000 -0.0038
vn -0.9884 0.0002 0.1522
vn -0.1374 -0.0081 -0.9905
vn -0.6865 -0.0730 -0.7234
vn 0.0009 -0.0016 -1.0000
vn -0.1415 -0.0015 -0.9899
vn -0.6861 -0.0011 -0.7275
vn 0.0196 0.0004 0.9998
vn 0.1847 -0.0127 0.9827
vn 0.0202 0.0015 0.9998
vn 0.1870 0.0015 0.9824
vn 0.1392 -0.0081 -0.9902
vn 0.6878 -0.0730 -0.7222
vn 0.6874 -0.0011 -0.7263
vn 0.1433 -0.0015 -0.9897
vn 0.9806 -0.1254 0.1507
vn 0.9924 -0.1226 -0.0020
vn 0.9881 0.0002 0.1540
vn 1.0000 -0.0000 -0.0020
vn -0.3855 -0.9226 0.0149
vn -0.7102 -0.7039 0.0078
vn -0.0000 -0.9999 0.0161
vn 0.3854 -0.9226 0.0156
vn 0.7102 -0.7039 0.0090
vn 0.9239 -0.3825 0.0004
vn -0.9240 -0.3825 -0.0012
vn -0.3827 -0.9239 -0.0032
vn 0.3827 -0.9239 -0.0025
vn 0.9239 0.3827 -0.0040
vn 0.7071 0.7071 -0.0047
vn 0.3827 0.9239 -0.0053
vn -0.3826 0.9239 -0.0060
vn -0.9239 -0.3827 -0.0045
vn -0.0197 0.0015 0.9998
vn -0.0199 0.0015 0.9998
vn -0.1699 0.0015 0.9855
vn -0.1717 0.0015 0.9852
vn -0.1702 0.0015 0.9854
vn -0.9859 0.0003 0.1670
vn -0.9863 0.0002 0.1652
vn -0.9861 0.0002 0.1659
vn -0.6581 -0.0011 -0.7530
vn -0.1299 -0.0015 -0.9915
vn -0.1285 -0.1263 -0.9836
vn -0.6595 -0.1109 -0.7435
vn 0.0009 -0.1375 -0.9905
vn 0.0003 -0.9245 -0.3811
vn -0.0700 -0.9175 -0.3915
vn -0.3032 -0.8839 -0.3562
vn 0.1681 0.0015 0.9858
vn 0.0180 0.0015 0.9998
vn 0.0181 0.0015 0.9998
vn 0.1699 0.0015 0.9855
vn 0.0179 0.0015 0.9998
vn 0.1684 0.0015 0.9857
vn 0.1317 -0.0015 -0.9913
vn 0.1303 -0.1263 -0.9834
vn 0.6594 -0.0011 -0.7518
vn 0.6608 -0.1109 -0.7424
vn 0.3038 -0.8839 -0.3556
vn 0.0707 -0.9175 -0.3914
vn 0.9856 0.0003 0.1688
vn 0.9860 0.0002 0.1670
vn 0.9858 0.0002 0.1677
vn 1.0000 -0.0001 -0.0020
vn 0.0001 -0.9928 -0.1195
vn -0.0850 -0.9913 -0.1009
vn -0.0608 -0.9980 -0.0185
vn -0.0000 -0.9998 -0.0191
vn -0.5179 -0.8399 -0.1622
vn -0.3803 -0.9247 -0.0169
vn -0.3331 -0.9429 -0.0001
vn -0.0504 -0.9987 0.0013
vn 0.5182 -0.8399 -0.1613
vn 0.0851 -0.9913 -0.1007
vn 0.0608 -0.9980 -0.0184
vn 0.3804 -0.9247 -0.0160
vn 0.0504 -0.9987 0.0014
vn 0.3330 -0.9429 0.0005
vn 1.0000 -0.0000 -0.0032
vn 0.9903 -0.1389 -0.0047
vn 0.9885 -0.1514 -0.0028
vn 0.9895 -0.1440 -0.0080
vn 0.8011 -0.5985 -0.0029
vn 0.8011 -0.5986 -0.0027
vn 0.9924 -0.1232 -0.0032
vn 0.9924 -0.1233 -0.0033
vn 0.8010 -0.5986 -0.0027
vn 0.9924 -0.1230 -0.0032
vn 0.8295 -0.5585 -0.0029
vn 0.8296 -0.5583 -0.0029
vn 0.7201 -0.6939 -0.0027
vn 0.7203 -0.6937 -0.0027
vn 0.8297 -0.5582 -0.0029
vn 0.7199 -0.6940 -0.0027
vn 0.9434 -0.3315 -0.0030
vn 0.9434 -0.3317 -0.0030
vn 0.9434 -0.3318 -0.0030
vn -0.8297 -0.5582 -0.0044
vn -0.9434 -0.3315 -0.0047
vn -0.9434 -0.3316 -0.0047
vn -0.8296 -0.5584 -0.0043
vn -0.9434 -0.3317 -0.0047
vn -0.8295 -0.5585 -0.0043
vn -0.8010 -0.5986 -0.0043
vn -0.7199 -0.6940 -0.0040
vn -0.7201 -0.6938 -0.0040
vn -0.8011 -0.5985 -0.0043
vn -0.7203 -0.6936 -0.0040
vn -0.8012 -0.5984 -0.0043
vn -1.0000 -0.0000 -0.0050
vn -0.9924 -0.1230 -0.0050
vn -0.9924 -0.1232 -0.0050
vn -0.9924 -0.1233 -0.0050
vn -0.9895 -0.1440 -0.0098
vn -0.9903 -0.1389 -0.0065
vn -0.9885 -0.1513 -0.0047
vn -0.9861 0.0003 0.1659
vn -0.1099 -0.7688 -0.6299
vn -0.5457 -0.5839 -0.6010
vn 0.0005 -0.7899 -0.6132
vn -0.0541 -0.0015 -0.9985
vn -0.3316 -0.0014 -0.9434
vn 0.0178 0.0015 0.9998
vn 0.1110 -0.7688 -0.6297
vn 0.5468 -0.5839 -0.6000
vn 0.3333 -0.0014 -0.9428
vn 0.0559 -0.0015 -0.9984
vn 0.9858 0.0002 0.1676
vn -0.0196 0.0015 0.9998
vn -0.9861 0.0005 0.1659
vn -1.0000 0.0001 -0.0038
vn -0.0603 0.2349 -0.9702
vn -0.3557 0.2149 -0.9096
vn 0.0009 0.2358 -0.9718
vn 0.0007 0.6326 -0.7745
vn -0.0704 0.6313 -0.7724
vn -0.4563 0.5774 -0.6771
vn 0.0620 0.2349 -0.9700
vn 0.3574 0.2149 -0.9089
vn 0.4576 0.5773 -0.6763
vn 0.0718 0.6313 -0.7722
vn 0.9858 0.0003 0.1676
vn -0.0508 -0.9984 -0.0267
vn -0.0000 -0.9996 -0.0275
vn -0.3415 -0.9392 -0.0362
vn 0.0508 -0.9984 -0.0266
vn 0.3415 -0.9392 -0.0356
vn 0.9965 -0.0001 -0.0837
vn 0.9863 -0.1443 -0.0799
vn 0.7970 -0.6016 -0.0545
vn 0.9889 -0.1269 -0.0777
vn 0.9967 -0.0001 -0.0810
vn 0.8297 -0.5576 -0.0276
vn 0.7167 -0.6964 -0.0369
vn 0.9411 -0.3378 -0.0135
vn -0.9411 -0.3377 -0.0152
vn -0.8296 -0.5575 -0.0291
vn -0.7167 -0.6964 -0.0382
vn -0.7969 -0.6015 -0.0559
vn -0.9887 -0.1269 -0.0795
vn -0.9966 -0.0003 -0.0828
vn -0.9862 -0.1442 -0.0817
vn -0.9963 -0.0001 -0.0854
vn -0.9864 0.0002 0.1645
vn -0.9867 0.0002 0.1624
vn -0.1325 0.7108 -0.6909
vn -0.0378 0.7165 -0.6965
vn -0.0395 0.0943 -0.9948
vn -0.2578 0.1280 -0.9577
vn 0.0006 0.7165 -0.6976
vn 0.0009 0.0964 -0.9953
vn -0.0399 -0.0015 -0.9992
vn -0.2372 -0.0014 -0.9715
vn 0.0390 0.7165 -0.6965
vn 0.0413 0.0943 -0.9947
vn 0.1338 0.7107 -0.6906
vn 0.2596 0.1281 -0.9572
vn 0.2389 -0.0015 -0.9710
vn 0.0417 -0.0015 -0.9991
vn 0.9861 0.0002 0.1662
vn 0.9864 0.0002 0.1641
vn 0.8089 -0.5879 -0.0027
vn 0.1777 -0.9841 0.0011
vn 0.1475 -0.7900 0.5951
vn 0.7788 -0.5152 0.3579
vn -0.0000 -1.0000 0.0025
vn -0.0005 -0.8079 0.5893
vn -0.0008 -0.4596 0.8881
vn 0.0905 -0.4330 0.8969
vn 0.6274 -0.3502 0.6956
vn 1.0000 0.0004 -0.0032
vn 1.0000 0.0003 -0.0032
vn 1.0000 0.0001 -0.0032
vn 1.0000 -0.0004 -0.0032
vn 1.0000 -0.0001 -0.0032
vn 1.0000 -0.0002 -0.0032
vn 0.8005 -0.5994 -0.0029
vn 0.8005 -0.5994 -0.0028
vn 0.9924 -0.1229 -0.0032
vn 0.9924 -0.1229 -0.0033
vn 0.8004 -0.5994 -0.0028
vn 0.9924 -0.1228 -0.0032
vn 0.8303 -0.5574 -0.0029
vn 0.7194 -0.6945 -0.0027
vn 0.7195 -0.6945 -0.0027
vn 0.8303 -0.5573 -0.0029
vn 0.9436 -0.3310 -0.0030
vn -0.8303 -0.5573 -0.0044
vn -0.9436 -0.3309 -0.0047
vn -0.8303 -0.5573 -0.0043
vn -0.9436 -0.3310 -0.0047
vn -0.8005 -0.5994 -0.0043
vn -0.7195 -0.6945 -0.0040
vn -0.8005 -0.5993 -0.0043
vn -0.9924 -0.1228 -0.0050
vn -0.9924 -0.1229 -0.0050
vn -1.0000 -0.0003 -0.0050
vn -1.0000 -0.0001 -0.0050
vn -1.0000 -0.0004 -0.0050
vn -1.0000 0.0004 -0.0050
vn -1.0000 0.0003 -0.0050
vn -1.0000 0.0001 -0.0050
vn -1.0000 0.0002 -0.0050
vn -0.1778 -0.9841 0.0007
vn -0.1485 -0.7900 0.5949
vn -0.8090 -0.5878 -0.0041
vn -0.7795 -0.5151 0.3565
vn -0.6286 -0.3502 0.6944
vn -0.0921 -0.4329 0.8967
vn -0.0008 -0.5324 0.8465
vn -0.0485 -0.5354 0.8432
vn -0.0765 -0.9946 0.0699
vn -0.0001 -0.9973 0.0740
vn -0.2273 -0.5424 0.8088
vn -0.4403 -0.8950 0.0717
vn -0.4353 -0.9003 0.0004
vn -0.0782 -0.9969 0.0014
vn 0.2258 -0.5423 0.8093
vn 0.0470 -0.5354 0.8433
vn 0.0763 -0.9946 0.0700
vn 0.4402 -0.8950 0.0726
vn 0.0781 -0.9969 0.0015
vn 0.4353 -0.9003 0.0012
vn 1.0000 0.0002 -0.0032
vn 1.0000 -0.0005 -0.0032
vn 0.8006 -0.5991 -0.0029
vn 0.8006 -0.5992 -0.0028
vn 0.8301 -0.5576 -0.0029
vn 0.8302 -0.5575 -0.0029
vn 0.7196 -0.6944 -0.0027
vn 0.9436 -0.3311 -0.0030
vn -0.8302 -0.5574 -0.0044
vn -0.9436 -0.3311 -0.0047
vn -0.8301 -0.5576 -0.0043
vn -0.8006 -0.5992 -0.0043
vn -0.7196 -0.6944 -0.0040
vn -0.8007 -0.5991 -0.0043
vn -1.0000 -0.0005 -0.0050
vn -1.0000 0.0005 -0.0050
vn 0.0009 -0.1678 -0.9858
vn -0.0903 -0.1489 -0.9847
vn -0.1609 -0.5963 -0.7865
vn 0.0007 -0.6075 -0.7943
vn -0.5849 -0.1986 -0.7864
vn -0.7908 -0.4249 -0.4406
vn 0.5863 -0.1986 -0.7854
vn 0.0920 -0.1489 -0.9846
vn 0.1623 -0.5963 -0.7862
vn 0.7916 -0.4249 -0.4392
vn 1.0000 -0.0003 -0.0032
vn 0.8005 -0.5994 -0.0027
vn 0.7194 -0.6946 -0.0027
vn 0.9436 -0.3309 -0.0030
vn -0.8303 -0.5572 -0.0044
vn -0.9437 -0.3309 -0.0047
vn -0.8303 -0.5572 -0.0043
vn -0.8004 -0.5994 -0.0043
vn -0.7194 -0.6946 -0.0040
vn -0.9924 -0.1227 -0.0050
vn -0.0009 0.0016 1.0000
vn -0.0212 0.0007 0.9998
vn -0.0229 0.0004 0.9997
vn -0.1843 -0.0073 0.9828
vn -0.1985 -0.0101 0.9800
vn -0.2172 -0.0143 0.9760
vn -0.0251 -0.0000 0.9997
vn -0.0009 0.0017 1.0000
vn -0.9861 -0.0522 0.1580
vn -0.9872 -0.0651 0.1454
vn -0.9986 -0.0533 0.0002
vn -0.9977 -0.0673 0.0006
vn -0.9965 -0.0833 -0.0004
vn -0.9881 -0.0805 0.1313
vn -0.0644 -0.0352 -0.9973
vn -0.3591 -0.0494 -0.9320
vn 0.0009 -0.0335 -0.9994
vn 0.0009 -0.0017 -1.0000
vn -0.0575 -0.0050 -0.9983
vn -0.3330 -0.0278 -0.9425
vn 0.1826 -0.0073 0.9832
vn 0.0194 0.0007 0.9998
vn 0.0211 0.0004 0.9998
vn 0.1968 -0.0101 0.9804
vn 0.0233 -0.0000 0.9997
vn 0.2155 -0.0142 0.9764
vn 0.0662 -0.0352 -0.9972
vn 0.3608 -0.0494 -0.9313
vn 0.3347 -0.0278 -0.9419
vn 0.0593 -0.0050 -0.9982
vn 0.9986 -0.0533 0.0020
vn 0.9858 -0.0522 0.1598
vn 0.9870 -0.0651 0.1471
vn 0.9977 -0.0673 0.0021
vn 0.9878 -0.0806 0.1331
vn 0.9965 -0.0834 0.0014
vn -0.0421 -0.1168 0.9923
vn -0.0009 -0.1217 0.9926
vn -0.2813 -0.1146 0.9528
vn -0.2176 -0.0167 0.9759
vn -0.0262 -0.0003 0.9997
vn -0.9945 -0.0531 0.0897
vn -0.9835 -0.0884 0.1579
vn -0.9992 -0.0378 -0.0085
vn -0.9973 -0.0729 -0.0097
vn -0.9965 -0.0832 -0.0071
vn -0.9791 -0.0883 0.1834
vn -0.2432 -0.0084 -0.9699
vn -0.0409 -0.0024 -0.9992
vn -0.0419 -0.0028 -0.9991
vn -0.2480 -0.0115 -0.9687
vn -0.0429 -0.0029 -0.9991
vn -0.2529 -0.0126 -0.9674
vn 0.0403 -0.1168 0.9923
vn 0.2795 -0.1146 0.9533
vn 0.0244 -0.0003 0.9997
vn 0.2158 -0.0168 0.9763
vn 0.0427 -0.0024 -0.9991
vn 0.0437 -0.0028 -0.9990
vn 0.2450 -0.0084 -0.9695
vn 0.2497 -0.0115 -0.9682
vn 0.2546 -0.0126 -0.9670
vn 0.0447 -0.0030 -0.9990
vn 0.9993 -0.0379 -0.0067
vn 0.9944 -0.0531 0.0915
vn 0.9832 -0.0885 0.1597
vn 0.9973 -0.0730 -0.0080
vn 0.9787 -0.0883 0.1851
vn 0.9965 -0.0833 -0.0053
vn -0.0276 -0.0263 0.9993
vn -0.0009 -0.0247 0.9997
vn -0.2398 -0.0582 0.9691
vn -0.9690 -0.2197 0.1126
vn -0.9734 -0.2290 -0.0011
vn -0.0631 -0.0469 -0.9969
vn -0.3639 -0.0917 -0.9269
vn 0.0009 -0.0435 -0.9991
vn 0.0007 -0.6110 -0.7916
vn -0.0707 -0.6143 -0.7859
vn -0.2780 -0.6152 -0.7377
vn 0.0257 -0.0263 0.9993
vn 0.2380 -0.0582 0.9695
vn 0.0649 -0.0468 -0.9968
vn 0.3656 -0.0918 -0.9262
vn 0.2793 -0.6152 -0.7372
vn 0.0721 -0.6143 -0.7858
vn 0.9688 -0.2197 0.1144
vn 0.9734 -0.2290 0.0006
vn -0.0330 -0.0006 0.9995
vn -0.0353 -0.0436 0.9984
vn -0.0009 -0.0413 0.9991
vn -0.2711 -0.0199 0.9623
vn -0.2915 -0.0887 0.9524
vn -0.9844 -0.0865 0.1534
vn -0.9552 -0.2644 0.1333
vn -0.9961 -0.0882 -0.0027
vn -0.9616 -0.2743 -0.0020
vn -0.4168 -0.0330 -0.9084
vn -0.0726 -0.0058 -0.9973
vn -0.0773 -0.0703 -0.9945
vn -0.4397 -0.1256 -0.8893
vn 0.0009 -0.0663 -0.9978
vn 0.0006 -0.6866 -0.7271
vn -0.0787 -0.6870 -0.7223
vn -0.3160 -0.6784 -0.6633
vn 0.2694 -0.0199 0.9628
vn 0.0312 -0.0006 0.9995
vn 0.0335 -0.0436 0.9985
vn 0.2898 -0.0887 0.9530
vn 0.0744 -0.0058 -0.9972
vn 0.0790 -0.0703 -0.9944
vn 0.4184 -0.0331 -0.9076
vn 0.4413 -0.1256 -0.8885
vn 0.3171 -0.6784 -0.6627
vn 0.0799 -0.6871 -0.7222
vn 0.9961 -0.0883 -0.0010
vn 0.9841 -0.0865 0.1551
vn 0.9549 -0.2644 0.1351
vn 0.9616 -0.2743 -0.0001
vn -0.2426 -0.0124 0.9700
vn -0.9830 -0.0627 0.1726
vn -0.9842 -0.0670 0.1640
vn -0.2548 -0.0140 0.9669
vn -0.9979 -0.0639 -0.0035
vn -0.9977 -0.0682 -0.0032
vn -0.0293 0.0001 0.9996
vn -0.0309 -0.0000 0.9995
vn 0.2408 -0.0124 0.9705
vn 0.0275 0.0001 0.9996
vn 0.0291 -0.0000 0.9996
vn 0.2530 -0.0140 0.9674
vn 0.9979 -0.0643 -0.0019
vn 0.9827 -0.0627 0.1744
vn 0.9839 -0.0661 0.1657
vn 0.9977 -0.0683 -0.0014
vn 0.0009 -0.1990 -0.9800
vn 0.0914 -0.1905 -0.9774
vn 0.0778 -0.0414 -0.9961
vn 0.0009 -0.0388 -0.9992
vn 0.5196 -0.2393 -0.8202
vn 0.4331 -0.0577 -0.8995
vn -0.5181 -0.2392 -0.8212
vn -0.0896 -0.1905 -0.9776
vn -0.0760 -0.0414 -0.9963
vn -0.4315 -0.0577 -0.9003
vn -0.0483 0.9760 -0.2125
vn -0.2813 0.9430 -0.1779
vn 0.0002 0.9748 -0.2232
vn -0.0324 0.9995 -0.0015
vn -0.2218 0.9751 -0.0017
vn -1.0000 -0.0000 -0.0021
vn -0.9701 0.2251 -0.0908
vn -0.9388 0.3419 -0.0406
vn -1.0000 -0.0000 -0.0012
vn -0.9222 0.3866 -0.0014
vn 0.0487 0.9760 -0.2124
vn 0.2817 0.9430 -0.1773
vn 0.2218 0.9751 -0.0025
vn 0.0325 0.9995 -0.0015
vn 0.9703 0.2251 -0.0891
vn 0.9389 0.3419 -0.0389
vn 1.0000 -0.0000 -0.0003
vn 1.0000 -0.0000 0.0006
vn 0.9222 0.3866 0.0002
vn -0.0934 -0.6903 -0.7175
vn 0.0006 -0.6827 -0.7307
vn -0.4823 -0.6548 -0.5819
vn -0.4199 -0.9076 -0.0000
vn -0.0658 -0.9978 0.0018
vn -0.0000 -1.0000 0.0026
vn -0.9977 -0.0653 -0.0179
vn -0.9982 -0.0588 -0.0109
vn -0.9981 -0.0610 -0.0102
vn -0.9974 -0.0693 -0.0183
vn -0.9993 -0.0372 -0.0046
vn -0.9993 -0.0378 -0.0036
vn -0.9993 -0.0380 -0.0009
vn -0.9981 -0.0623 -0.0008
vn -0.9974 -0.0718 -0.0004
vn 0.9993 -0.0371 -0.0028
vn 0.9982 -0.0588 -0.0091
vn 0.9981 -0.0609 -0.0083
vn 0.9993 -0.0376 -0.0017
vn 0.9977 -0.0653 -0.0165
vn 0.9975 -0.0693 -0.0166
vn 0.9974 -0.0718 0.0011
vn 0.9981 -0.0623 0.0010
vn 0.9993 -0.0378 0.0010
vn 0.0947 -0.6903 -0.7173
vn 0.4833 -0.6548 -0.5810
vn 0.0658 -0.9978 0.0020
vn 0.4199 -0.9076 0.0008
vn -0.0765 -0.6568 0.7502
vn -0.0007 -0.6477 0.7619
vn -0.4516 -0.6398 0.6219
vn -0.4384 -0.2274 0.8695
vn -0.0626 -0.1670 0.9840
vn -0.0009 -0.1751 0.9846
vn 0.0751 -0.6567 0.7504
vn 0.4504 -0.6398 0.6227
vn 0.0608 -0.1670 0.9841
vn 0.4368 -0.2274 0.8703
vn 0.9981 -0.0610 0.0111
vn 0.9993 -0.0378 0.0037
vn 0.9974 -0.0692 0.0203
vn 0.9977 -0.0650 0.0213
vn 0.9982 -0.0585 0.0123
vn 0.9993 -0.0371 0.0040
vn 0.9222 0.3867 0.0002
vn 0.2217 0.9751 -0.0013
vn 0.9222 0.3868 0.0002
vn 0.2216 0.9751 -0.0013
vn -0.0325 0.9995 -0.0015
vn -0.2217 0.9751 -0.0017
vn -0.2216 0.9751 -0.0017
vn -0.9222 0.3867 -0.0014
vn -0.9222 0.3868 -0.0014
vn -0.9981 -0.0610 0.0093
vn -0.9974 -0.0692 0.0185
vn -0.9993 -0.0375 0.0018
vn -0.9993 -0.0371 0.0022
vn -0.9982 -0.0585 0.0105
vn -0.9977 -0.0649 0.0198
vn -0.0007 -0.6787 0.7345
vn -0.0592 -0.6768 0.7337
vn -0.0744 -0.9948 0.0701
vn -0.0001 -0.9973 0.0738
vn -0.2703 -0.6911 0.6704
vn -0.4015 -0.9129 0.0737
vn -0.3961 -0.9182 0.0010
vn -0.0766 -0.9971 0.0014
vn 0.2690 -0.6911 0.6708
vn 0.0579 -0.6769 0.7338
vn 0.0742 -0.9948 0.0703
vn 0.4013 -0.9129 0.0745
vn 0.0766 -0.9971 0.0016
vn 0.3960 -0.9183 0.0017
vn 0.9985 -0.0553 0.0058
vn 0.9994 -0.0359 0.0023
vn 0.9981 -0.0615 0.0094
vn 0.9982 -0.0588 0.0068
vn 0.9986 -0.0530 0.0043
vn 0.9994 -0.0350 0.0019
vn 0.9225 0.3861 0.0002
vn 0.2223 0.9750 -0.0013
vn 0.0326 0.9995 -0.0015
vn -0.2223 0.9750 -0.0017
vn -0.9225 0.3861 -0.0014
vn -0.9985 -0.0552 0.0040
vn -0.9981 -0.0615 0.0076
vn -0.9994 -0.0358 0.0005
vn -0.9994 -0.0348 0.0001
vn -0.9986 -0.0529 0.0025
vn -0.9983 -0.0586 0.0050
vn -0.0000 -1.0000 0.0028
vn -0.0662 -0.9978 0.0017
vn -0.0691 -0.6286 0.7747
vn -0.0007 -0.6197 0.7849
vn -0.4290 -0.9033 -0.0005
vn -0.4243 -0.6207 0.6593
vn -0.4044 -0.2263 0.8862
vn -0.0548 -0.1683 0.9842
vn -0.0009 -0.1745 0.9847
vn 0.4289 -0.9033 0.0003
vn 0.0661 -0.9978 0.0018
vn 0.0677 -0.6286 0.7748
vn 0.4231 -0.6207 0.6601
vn 0.0530 -0.1683 0.9843
vn 0.4028 -0.2262 0.8869
vn 0.9994 -0.0341 0.0010
vn 0.9987 -0.0508 0.0010
vn 0.9987 -0.0503 0.0115
vn 0.9994 -0.0340 0.0042
vn 0.9984 -0.0568 0.0008
vn 0.9983 -0.0551 0.0194
vn 0.9984 -0.0526 0.0186
vn 0.9988 -0.0485 0.0112
vn 0.9994 -0.0335 0.0042
vn 0.2219 0.9751 -0.0013
vn 0.9223 0.3865 0.0002
vn 0.2218 0.9751 -0.0013
vn -0.2219 0.9751 -0.0029
vn -0.9223 0.3865 -0.0014
vn -0.9984 -0.0568 -0.0010
vn -0.9987 -0.0511 -0.0009
vn -0.9987 -0.0501 0.0094
vn -0.9983 -0.0551 0.0177
vn -0.9994 -0.0340 -0.0008
vn -0.9994 -0.0340 0.0024
vn -0.9994 -0.0334 0.0024
vn -0.9988 -0.0484 0.0098
vn -0.9985 -0.0526 0.0167
vn 0.0009 -0.1679 -0.9858
vn -0.0566 -0.1596 -0.9856
vn -0.0753 -0.6131 -0.7864
vn 0.0007 -0.6071 -0.7946
vn -0.3261 -0.2131 -0.9210
vn -0.4148 -0.6059 -0.6788
vn 0.3277 -0.2132 -0.9204
vn 0.0583 -0.1596 -0.9855
vn 0.0767 -0.6131 -0.7863
vn 0.4160 -0.6059 -0.6781
vn 0.9994 -0.0336 -0.0027
vn 0.9987 -0.0488 -0.0112
vn 0.9987 -0.0502 -0.0097
vn 0.9994 -0.0340 -0.0024
vn 0.9984 -0.0527 -0.0190
vn 0.9983 -0.0553 -0.0187
vn 0.2222 0.9750 -0.0013
vn 0.9224 0.3862 0.0003
vn 0.9223 0.3864 0.0002
vn 0.2220 0.9750 -0.0013
vn -0.2222 0.9750 -0.0029
vn -0.2219 0.9751 -0.0017
vn -0.9224 0.3862 -0.0014
vn -0.9223 0.3864 -0.0014
vn -0.9984 -0.0529 -0.0210
vn -0.9987 -0.0487 -0.0128
vn -0.9987 -0.0502 -0.0117
vn -0.9983 -0.0552 -0.0205
vn -0.9994 -0.0335 -0.0045
vn -0.9994 -0.0339 -0.0042
vn -0.0007 -0.6341 0.7733
vn -0.0548 -0.6335 0.7718
vn -0.0744 -0.9947 0.0711
vn -0.0001 -0.9972 0.0750
vn -0.2520 -0.6523 0.7148
vn -0.4014 -0.9129 0.0741
vn -0.3960 -0.9182 0.0010
vn 0.2506 -0.6523 0.7153
vn 0.0534 -0.6336 0.7718
vn 0.0742 -0.9947 0.0713
vn 0.4012 -0.9129 0.0748
vn 0.3960 -0.9182 0.0017
vn 0.9989 -0.0469 0.0028
vn 0.9995 -0.0327 0.0015
vn 0.9987 -0.0510 0.0039
vn 0.9987 -0.0508 0.0012
vn 0.9989 -0.0468 0.0011
vn 0.9995 -0.0325 0.0010
vn 0.9225 0.3860 0.0002
vn 0.2224 0.9750 -0.0013
vn -0.2224 0.9750 -0.0017
vn -0.9225 0.3860 -0.0014
vn -0.9989 -0.0468 0.0010
vn -0.9987 -0.0510 0.0022
vn -0.9995 -0.0326 -0.0003
vn -0.9995 -0.0325 -0.0008
vn -0.9989 -0.0468 -0.0007
vn -0.9987 -0.0507 -0.0006
vn -0.0495 -0.0343 0.9982
vn -0.0009 -0.0318 0.9995
vn -0.3581 -0.0538 0.9321
vn -0.3484 -0.0350 0.9367
vn -0.0457 -0.0024 0.9989
vn -0.0009 0.0018 1.0000
vn -0.9790 -0.0854 0.1849
vn -0.9798 -0.0863 0.1803
vn -0.9969 -0.0781 0.0080
vn -0.9962 -0.0871 0.0055
vn -0.9927 -0.1209 0.0030
vn -0.9775 -0.1140 0.1777
vn -0.0433 -0.0349 -0.9985
vn -0.2314 -0.0477 -0.9717
vn 0.0009 -0.0018 -1.0000
vn -0.0392 -0.0051 -0.9992
vn -0.2159 -0.0272 -0.9760
vn 0.0477 -0.0343 0.9983
vn 0.3564 -0.0539 0.9328
vn 0.0440 -0.0024 0.9990
vn 0.3468 -0.0350 0.9373
vn 0.0451 -0.0349 -0.9984
vn 0.2332 -0.0477 -0.9713
vn 0.2176 -0.0272 -0.9757
vn 0.0410 -0.0051 -0.9991
vn 0.9969 -0.0781 0.0098
vn 0.9787 -0.0855 0.1866
vn 0.9795 -0.0863 0.1821
vn 0.9961 -0.0874 0.0074
vn 0.9771 -0.1140 0.1795
vn 0.9926 -0.1210 0.0047
vn -0.0430 -0.0347 0.9985
vn -0.0009 -0.0322 0.9995
vn -0.3215 -0.0558 0.9453
vn -0.3128 -0.0361 0.9491
vn -0.0397 -0.0024 0.9992
vn -0.9807 -0.0947 0.1710
vn -0.9795 -0.0988 0.1757
vn -0.9963 -0.0854 -0.0003
vn -0.9952 -0.0978 -0.0004
vn -0.9909 -0.1345 -0.0005
vn -0.9756 -0.1300 0.1769
vn -0.2840 -0.0229 -0.9586
vn -0.0483 -0.0043 -0.9988
vn -0.0519 -0.0049 -0.9986
vn -0.3015 -0.0275 -0.9531
vn -0.0571 -0.0068 -0.9983
vn -0.3267 -0.0406 -0.9443
vn 0.0412 -0.0347 0.9985
vn 0.3198 -0.0558 0.9458
vn 0.0379 -0.0024 0.9993
vn 0.3111 -0.0362 0.9497
vn 0.0501 -0.0043 -0.9987
vn 0.0538 -0.0049 -0.9985
vn 0.2857 -0.0229 -0.9580
vn 0.3032 -0.0275 -0.9525
vn 0.3283 -0.0406 -0.9437
vn 0.0589 -0.0068 -0.9982
vn 0.9963 -0.0855 0.0015
vn 0.9804 -0.0947 0.1727
vn 0.9792 -0.0989 0.1774
vn 0.9952 -0.0979 0.0014
vn 0.9753 -0.1300 0.1786
vn 0.9909 -0.1345 0.0013
vn -0.0502 -0.0583 0.9970
vn -0.0009 -0.0530 0.9986
vn -0.3737 -0.1300 0.9184
vn -0.9355 -0.3202 0.1495
vn -0.9395 -0.3426 0.0010
vn -0.0433 -0.0395 -0.9983
vn -0.2365 -0.0927 -0.9672
vn 0.0009 -0.0346 -0.9994
vn 0.0008 -0.4467 -0.8947
vn -0.0552 -0.4533 -0.8896
vn -0.2001 -0.4837 -0.8521
vn 0.0484 -0.0584 0.9971
vn 0.3721 -0.1300 0.9191
vn 0.0451 -0.0395 -0.9982
vn 0.2382 -0.0927 -0.9668
vn 0.2016 -0.4836 -0.8517
vn 0.0568 -0.4533 -0.8896
vn 0.9352 -0.3202 0.1512
vn 0.9395 -0.3426 0.0024
vn -0.0435 -0.0571 0.9974
vn -0.0009 -0.0517 0.9987
vn -0.3361 -0.1306 0.9327
vn -0.9261 -0.3471 0.1481
vn -0.9312 -0.3645 -0.0002
vn -0.0627 -0.0613 -0.9961
vn -0.3516 -0.1348 -0.9264
vn 0.0009 -0.0543 -0.9985
vn 0.0007 -0.6227 -0.7825
vn -0.0700 -0.6257 -0.7769
vn -0.2678 -0.6458 -0.7150
vn 0.0417 -0.0571 0.9975
vn 0.3345 -0.1306 0.9333
vn 0.0645 -0.0613 -0.9960
vn 0.3533 -0.1348 -0.9257
vn 0.2690 -0.6458 -0.7146
vn 0.0713 -0.6257 -0.7768
vn 0.9258 -0.3471 0.1497
vn 0.9312 -0.3646 0.0014
vn -0.9964 -0.0853 -0.0003
vn -0.9725 -0.2330 -0.0010
vn -0.9962 -0.0874 -0.0002
vn -0.9714 -0.2374 -0.0010
vn -0.4271 -0.9042 0.0006
vn -0.4275 -0.9040 0.0006
vn -0.0763 -0.9971 0.0013
vn -0.0762 -0.9971 0.0014
vn 0.0763 -0.9971 0.0015
vn 0.4274 -0.9040 0.0014
vn 0.0761 -0.9971 0.0015
vn 0.4271 -0.9042 0.0014
vn 0.9962 -0.0874 0.0016
vn 0.9964 -0.0853 0.0015
vn 0.9725 -0.2331 0.0007
vn 0.9714 -0.2374 0.0005
vn 0.9986 -0.0531 0.0022
vn 0.9986 -0.0532 0.0021
vn 0.9976 -0.0688 0.0024
vn 0.9975 -0.0701 0.0025
vn 1.0000 0.0002 -0.0020
vn 1.0000 0.0001 -0.0019
vn 1.0000 -0.0000 -0.0019
vn 1.0000 0.0001 -0.0020
vn 1.0000 -0.0002 -0.0020
vn 1.0000 -0.0002 -0.0019
vn 1.0000 -0.0001 -0.0019
vn 0.8002 -0.5997 -0.0015
vn 0.8002 -0.5997 -0.0014
vn 0.9924 -0.1228 -0.0019
vn 0.9924 -0.1228 -0.0021
vn 0.8305 -0.5570 -0.0015
vn 0.8305 -0.5569 -0.0015
vn 0.7192 -0.6948 -0.0013
vn 0.7193 -0.6947 -0.0014
vn 0.9437 -0.3308 -0.0016
vn 0.9437 -0.3308 -0.0017
vn 1.0000 -0.0000 -0.0022
vn 0.9239 0.3827 -0.0027
vn 0.7071 0.7071 -0.0034
vn 0.3827 0.9239 -0.0040
vn -0.0000 1.0000 -0.0046
vn -0.3826 0.9239 -0.0047
vn -0.7071 0.7071 -0.0048
vn -0.9239 0.3827 -0.0045
vn -1.0000 -0.0000 -0.0040
vn -0.9437 -0.3307 -0.0033
vn -0.8305 -0.5570 -0.0030
vn -0.9437 -0.3308 -0.0034
vn -0.7192 -0.6948 -0.0026
vn -0.7193 -0.6947 -0.0027
vn -0.8003 -0.5996 -0.0030
vn -0.9924 -0.1227 -0.0037
vn -1.0000 -0.0000 -0.0037
vn -0.9924 -0.1228 -0.0037
vn -1.0000 -0.0001 -0.0037
vn -1.0000 -0.0001 -0.0038
vn -1.0000 -0.0002 -0.0038
vn -1.0000 0.0002 -0.0037
vn -1.0000 0.0002 -0.0038
vn -1.0000 0.0001 -0.0037
vn -0.9976 -0.0688 0.0006
vn -0.9986 -0.0532 0.0003
vn -0.9986 -0.0531 0.0004
vn -0.9975 -0.0701 0.0007
vn -0.9908 -0.1350 -0.0005
vn -0.9751 -0.1313 -0.1789
vn -0.9252 -0.3492 -0.1488
vn -0.9307 -0.3657 -0.0002
vn -0.3998 -0.9138 -0.0717
vn -0.3944 -0.9190 0.0010
vn -0.0761 -0.9971 0.0014
vn -0.0751 -0.9948 -0.0694
vn -0.0000 -0.9972 -0.0744
vn 0.3943 -0.9190 0.0017
vn 0.0760 -0.9971 0.0016
vn 0.0752 -0.9948 -0.0692
vn 0.3999 -0.9138 -0.0710
vn 0.9754 -0.1314 -0.1771
vn 0.9254 -0.3492 -0.1472
vn 0.9908 -0.1351 0.0013
vn 0.9307 -0.3658 0.0014
vn 0.9748 -0.0834 -0.2071
vn 0.9763 -0.0956 -0.1943
vn 0.9963 -0.0858 0.0015
vn 0.9952 -0.0983 0.0014
vn 0.9995 -0.0324 0.0010
vn 0.9989 -0.0466 0.0011
vn 0.9700 -0.0448 -0.2388
vn 0.9694 -0.0292 -0.2438
vn 0.9987 -0.0505 0.0012
vn 0.9710 -0.0488 -0.2339
vn 0.2213 0.9752 -0.0013
vn 0.9220 0.3871 0.0002
vn 0.9113 0.3562 -0.2063
vn 0.2346 0.9691 -0.0760
vn 0.9682 -0.0004 -0.2500
vn 0.0324 0.9995 -0.0015
vn 0.0327 0.9977 -0.0586
vn 0.0001 0.9982 -0.0608
vn -0.2213 0.9752 -0.0029
vn -0.0326 0.9977 -0.0587
vn -0.2344 0.9691 -0.0764
vn -0.9220 0.3871 -0.0014
vn -0.9109 0.3563 -0.2080
vn -0.9678 -0.0004 -0.2517
vn -0.9987 -0.0505 -0.0006
vn -0.9989 -0.0465 -0.0007
vn -0.9696 -0.0448 -0.2406
vn -0.9707 -0.0466 -0.2357
vn -0.9995 -0.0324 -0.0008
vn -0.9689 -0.0314 -0.2456
vn -0.9952 -0.0983 -0.0004
vn -0.9759 -0.0956 -0.1960
vn -0.9963 -0.0857 -0.0003
vn -0.9744 -0.0833 -0.2088
vn -0.9683 -0.0093 -0.2498
vn -0.9999 -0.0113 -0.0009
vn -0.2391 -0.0038 -0.9710
vn -0.9999 -0.0113 -0.0007
vn -0.9999 -0.0112 -0.0009
vn -0.9999 -0.0114 -0.0009
vn -0.9999 -0.0113 -0.0011
vn -0.9999 -0.0112 -0.0008
vn -0.9999 -0.0113 -0.0008
vn -0.9999 -0.0113 -0.0012
vn -0.9999 -0.0113 -0.0023
vn -0.9994 -0.0174 0.0293
vn -0.9900 -0.0834 0.1134
vn -0.9999 -0.0093 -0.0059
vn -0.9921 -0.1119 0.0563
vn -0.9932 -0.1164 -0.0048
vn -0.9911 -0.1093 -0.0762
vn -0.9876 -0.0782 -0.1359
vn -0.9997 -0.0243 -0.0020
vn -0.9997 -0.0257 -0.0020
vn -0.9997 -0.0231 -0.0021
vn -0.9864 -0.0260 0.1625
vn -0.1749 -0.0028 0.9846
vn -0.0201 0.0011 0.9998
vn 0.0183 0.0011 0.9998
vn 0.1731 -0.0028 0.9849
vn 0.9997 -0.0257 -0.0002
vn 0.9861 -0.0260 0.1643
vn 0.9997 -0.0231 -0.0003
vn 0.9997 -0.0244 -0.0002
vn 0.9932 -0.1165 -0.0030
vn 0.9912 -0.1093 -0.0743
vn 0.9879 -0.0783 -0.1341
vn 0.9898 -0.0834 0.1152
vn 0.9920 -0.1120 0.0580
vn 0.9999 -0.0094 -0.0041
vn 0.9994 -0.0174 0.0311
vn 0.9999 -0.0112 0.0009
vn 0.9999 -0.0112 0.0006
vn 0.9999 -0.0112 -0.0005
vn 0.9999 -0.0113 0.0010
vn 0.9999 -0.0112 0.0010
vn 0.9999 -0.0113 0.0009
vn 0.9999 -0.0113 0.0008
vn 0.9999 -0.0114 0.0007
vn 0.9999 -0.0113 0.0011
vn 0.9999 -0.0114 0.0009
vn 0.9687 -0.0112 -0.2481
vn 0.2409 -0.0038 -0.9706
vn 0.0420 -0.0018 -0.9991
vn -0.0402 -0.0018 -0.9992
vn -0.0778 -0.9970 0.0014
vn -0.0774 -0.9952 -0.0595
vn -0.0000 -0.9980 -0.0631
vn -0.4348 -0.9005 0.0004
vn -0.4408 -0.8953 -0.0643
vn 0.4348 -0.9005 0.0012
vn 0.0778 -0.9970 0.0015
vn 0.0775 -0.9952 -0.0593
vn 0.4409 -0.8953 -0.0635
vn 0.9870 -0.0850 -0.1361
vn 0.9579 -0.2617 -0.1180
vn 0.9962 -0.0872 -0.0010
vn 0.9620 -0.2730 -0.0002
vn 0.9893 -0.0719 -0.1270
vn 0.9887 -0.0695 -0.1331
vn 0.9980 -0.0631 -0.0019
vn 0.9977 -0.0674 -0.0014
vn 0.9993 -0.0359 -0.0049
vn 0.9983 -0.0573 -0.0061
vn 0.9993 -0.0358 -0.0060
vn 0.9981 -0.0605 -0.0069
vn 0.9977 -0.0681 -0.0047
vn 0.9979 -0.0639 -0.0058
vn 1.0000 -0.0000 -0.0027
vn 0.9999 -0.0110 -0.0033
vn 0.9999 -0.0103 -0.0040
vn 0.9881 0.0609 -0.1412
vn 0.9990 0.0319 -0.0323
vn 1.0000 0.0006 -0.0032
vn 0.9852 -0.0002 -0.1712
vn 0.9850 0.0344 -0.1689
vn 0.9871 -0.1367 -0.0832
vn 0.9862 -0.0762 -0.1468
vn 1.0000 -0.0006 -0.0032
vn 1.0000 -0.0007 -0.0032
vn 0.9994 -0.0322 -0.0106
vn 0.8009 -0.5988 -0.0027
vn 0.8007 -0.5991 -0.0027
vn 0.9924 -0.1231 -0.0032
vn 0.8299 -0.5580 -0.0029
vn 0.7198 -0.6942 -0.0027
vn 0.8300 -0.5577 -0.0029
vn 0.9435 -0.3313 -0.0030
vn 0.9435 -0.3314 -0.0030
vn -0.8301 -0.5577 -0.0044
vn -0.9435 -0.3312 -0.0047
vn -0.9435 -0.3313 -0.0047
vn -0.8299 -0.5579 -0.0043
vn -0.7198 -0.6942 -0.0040
vn -0.7198 -0.6941 -0.0040
vn -0.8009 -0.5988 -0.0043
vn -0.9924 -0.1231 -0.0050
vn -1.0000 -0.0006 -0.0050
vn -1.0000 -0.0002 -0.0050
vn -0.9994 -0.0321 -0.0124
vn -0.9870 -0.1366 -0.0850
vn -0.9860 -0.0762 -0.1486
vn -0.9849 -0.0019 -0.1730
vn -1.0000 0.0006 -0.0050
vn -0.9847 0.0344 -0.1706
vn -0.9878 0.0610 -0.1430
vn -0.9989 0.0319 -0.0341
vn -1.0000 -0.0000 -0.0042
vn -0.9999 -0.0109 -0.0051
vn -0.9999 -0.0103 -0.0059
vn -0.9993 -0.0358 -0.0067
vn -0.9993 -0.0360 -0.0080
vn -0.9977 -0.0680 -0.0064
vn -0.9981 -0.0604 -0.0085
vn -0.9983 -0.0571 -0.0079
vn -0.9979 -0.0639 -0.0076
vn -0.9962 -0.0871 -0.0027
vn -0.9977 -0.0674 -0.0032
vn -0.9884 -0.0695 -0.1348
vn -0.9868 -0.0850 -0.1379
vn -0.9980 -0.0631 -0.0037
vn -0.9891 -0.0719 -0.1288
vn -0.9620 -0.2730 -0.0020
vn -0.9577 -0.2617 -0.1198
vn -0.0278 0.0001 0.9996
vn -0.2305 -0.0129 0.9730
vn 0.0260 0.0001 0.9997
vn 0.2287 -0.0129 0.9734
vn 0.9808 -0.0701 0.1820
vn 0.9977 -0.0685 -0.0025
vn 0.9963 -0.0762 -0.0401
vn 0.9636 -0.1858 -0.1922
vn 0.9979 -0.0644 -0.0025
vn 0.9566 -0.2575 -0.1368
vn 0.9648 -0.2628 0.0007
vn 0.9538 -0.2598 0.1507
vn 0.9540 -0.1927 0.2298
vn 0.9944 -0.0840 0.0647
vn 0.9977 -0.0677 0.0098
vn 0.9594 -0.2340 -0.1573
vn 0.9760 -0.2178 0.0010
vn 0.9413 -0.1942 -0.2763
vn 0.9610 -0.2317 0.1513
vn 0.9550 -0.1840 0.2328
vn 0.9956 -0.0793 0.0501
vn 0.9978 -0.0656 0.0014
vn 0.9730 -0.0634 -0.2217
vn 0.2680 -0.0168 -0.9633
vn 0.9979 -0.0654 0.0014
vn 0.0469 -0.0035 -0.9989
vn -0.0451 -0.0035 -0.9990
vn -0.2662 -0.0168 -0.9638
vn -0.9979 -0.0655 -0.0004
vn -0.9726 -0.0634 -0.2235
vn -0.9554 -0.1840 0.2311
vn -0.9957 -0.0793 0.0483
vn -0.9978 -0.0656 -0.0004
vn -0.9760 -0.2178 -0.0007
vn -0.9612 -0.2317 0.1496
vn -0.9408 -0.1942 -0.2780
vn -0.9592 -0.2339 -0.1591
vn -0.9544 -0.1926 0.2281
vn -0.9945 -0.0840 0.0629
vn -0.9977 -0.0677 0.0081
vn -0.9649 -0.2628 -0.0010
vn -0.9541 -0.2598 0.1490
vn -0.9633 -0.1857 -0.1939
vn -0.9563 -0.2574 -0.1385
vn -0.9979 -0.0644 -0.0043
vn -0.9962 -0.0762 -0.0419
vn -0.9813 -0.0681 0.1803
vn -0.9976 -0.0684 -0.0043
vn -0.0758 -0.9959 -0.0488
vn -0.0000 -0.9986 -0.0523
vn -0.4319 -0.9005 -0.0515
vn 0.0759 -0.9959 -0.0486
vn 0.4319 -0.9005 -0.0507
vn 0.9891 -0.0880 -0.1180
vn 0.9670 -0.2337 -0.1015
vn 0.9933 -0.0586 -0.0995
vn 0.9909 -0.0726 -0.1136
vn 0.9992 -0.0272 -0.0292
vn 1.0000 -0.0000 -0.0026
vn 1.0000 0.0003 -0.0023
vn 1.0000 0.0001 -0.0026
vn 1.0000 0.0002 -0.0027
vn 1.0000 -0.0003 -0.0023
vn 1.0000 -0.0003 -0.0027
vn 1.0000 -0.0000 -0.0023
vn 1.0000 -0.0001 -0.0023
vn 0.8003 -0.5996 -0.0021
vn 0.9924 -0.1229 -0.0023
vn 0.8304 -0.5571 -0.0019
vn 0.7194 -0.6946 -0.0018
vn 0.9437 -0.3309 -0.0021
vn 1.0000 -0.0000 -0.0025
vn 0.7071 0.7071 -0.0042
vn 0.3827 0.9239 -0.0044
vn -0.0000 1.0000 -0.0049
vn -0.7071 0.7071 -0.0051
vn -1.0000 -0.0000 -0.0046
vn -0.9437 -0.3308 -0.0038
vn -0.8304 -0.5571 -0.0034
vn -0.7194 -0.6946 -0.0031
vn -0.8003 -0.5996 -0.0033
vn -0.9924 -0.1228 -0.0041
vn -1.0000 -0.0000 -0.0041
vn -1.0000 -0.0001 -0.0044
vn -1.0000 -0.0003 -0.0044
vn -1.0000 -0.0002 -0.0041
vn -1.0000 -0.0000 -0.0045
vn -1.0000 0.0003 -0.0045
vn -1.0000 0.0003 -0.0044
vn -1.0000 0.0001 -0.0041
vn -1.0000 -0.0000 -0.0044
vn -0.9991 -0.0272 -0.0310
vn -0.9931 -0.0586 -0.1013
vn -0.9907 -0.0725 -0.1153
vn -0.9887 -0.0902 -0.1197
vn -0.9668 -0.2337 -0.1032
vn -0.0780 -0.9970 0.0013
vn -0.4350 -0.9004 0.0004
vn 0.0779 -0.9970 0.0015
vn 0.4350 -0.9004 0.0012
vn 0.9961 -0.0877 -0.0010
vn 0.9618 -0.2737 -0.0002
vn 0.9980 -0.0637 -0.0019
vn 0.9977 -0.0680 -0.0014
vn 0.9972 -0.0750 -0.0051
vn 0.9978 -0.0664 -0.0025
vn 0.9993 -0.0368 -0.0065
vn 0.9978 -0.0661 -0.0074
vn 0.9999 -0.0098 -0.0041
vn 1.0000 0.0005 -0.0032
vn 0.7197 -0.6943 -0.0027
vn 0.9436 -0.3312 -0.0030
vn -0.9436 -0.3312 -0.0047
vn -0.7197 -0.6943 -0.0040
vn -0.9999 -0.0096 -0.0059
vn -0.9993 -0.0369 -0.0083
vn -0.9978 -0.0660 -0.0092
vn -0.9972 -0.0747 -0.0067
vn -0.9978 -0.0664 -0.0043
vn -0.9980 -0.0636 -0.0037
vn -0.9977 -0.0680 -0.0032
vn -0.9961 -0.0877 -0.0027
vn -0.9618 -0.2737 -0.0020
vn -0.0763 -0.9971 0.0014
vn -0.3952 -0.9186 0.0010
vn -0.3943 -0.9190 0.0010
vn -0.0760 -0.9971 0.0014
vn 0.0763 -0.9971 0.0016
vn 0.3952 -0.9186 0.0017
vn 0.9916 -0.1295 0.0050
vn 0.9921 -0.1252 0.0049
vn 0.9369 -0.3496 0.0027
vn 0.9342 -0.3568 0.0023
vn 0.9965 -0.0828 0.0102
vn 0.9967 -0.0804 0.0100
vn 0.9958 -0.0908 0.0076
vn 0.9955 -0.0940 0.0078
vn 0.9986 -0.0532 0.0063
vn 0.9984 -0.0559 0.0065
vn 0.9977 -0.0672 0.0098
vn 0.9977 -0.0669 0.0097
vn 0.9987 -0.0510 0.0042
vn 0.9994 -0.0342 0.0019
vn 0.9988 -0.0485 0.0040
vn 0.9994 -0.0335 0.0019
vn 0.9999 -0.0114 0.0010
vn 0.9223 0.3866 0.0002
vn -0.2213 0.9752 -0.0017
vn -0.9994 -0.0342 0.0001
vn -0.9994 -0.0335 0.0001
vn -0.9987 -0.0510 0.0024
vn -0.9984 -0.0560 0.0050
vn -0.9988 -0.0485 0.0022
vn -0.9986 -0.0532 0.0045
vn -0.9977 -0.0671 0.0080
vn -0.9967 -0.0802 0.0083
vn -0.9977 -0.0668 0.0079
vn -0.9965 -0.0827 0.0085
vn -0.9959 -0.0907 0.0058
vn -0.9921 -0.1251 0.0031
vn -0.9955 -0.0942 0.0061
vn -0.9916 -0.1295 0.0032
vn -0.9369 -0.3496 0.0010
vn -0.9342 -0.3567 0.0011
vn -0.0750 -0.9937 -0.0829
vn 0.0001 -0.9960 -0.0895
vn -0.3992 -0.9131 -0.0825
vn 0.0751 -0.9937 -0.0827
vn 0.3993 -0.9131 -0.0818
vn 0.9696 -0.1290 -0.2078
vn 0.9222 -0.3455 -0.1738
vn 0.9763 -0.0930 -0.1955
vn 0.9746 -0.0980 -0.2016
vn 0.9987 -0.0517 0.0020
vn 0.9957 -0.0792 -0.0491
vn 0.9989 -0.0476 0.0015
vn 0.9995 -0.0330 0.0011
vn 0.9220 0.3872 0.0002
vn 0.2212 0.9752 -0.0013
vn -0.2212 0.9752 -0.0017
vn -0.9220 0.3872 -0.0014
vn -0.9995 -0.0331 -0.0007
vn -0.9989 -0.0476 -0.0003
vn -0.9987 -0.0517 0.0003
vn -0.9956 -0.0791 -0.0509
vn -0.9759 -0.0930 -0.1972
vn -0.9742 -0.0980 -0.2033
vn -0.9693 -0.1289 -0.2095
vn -0.9219 -0.3454 -0.1754
vn -0.0764 -0.9971 0.0014
vn 0.9909 -0.1348 0.0013
vn 0.9309 -0.3652 0.0014
vn 0.9963 -0.0856 0.0015
vn 0.9952 -0.0981 0.0014
vn 0.9987 -0.0506 0.0012
vn 0.9979 -0.0655 0.0014
vn 0.9989 -0.0467 0.0011
vn 0.9223 0.3866 0.0003
vn -0.9989 -0.0466 -0.0007
vn -0.9987 -0.0506 -0.0006
vn -0.9979 -0.0654 -0.0004
vn -0.9963 -0.0856 -0.0003
vn -0.9952 -0.0981 -0.0004
vn -0.9909 -0.1348 -0.0005
vn -0.9309 -0.3652 -0.0002
vn -0.0201 0.0015 0.9998
vn -0.1724 0.0015 0.9850
vn 0.0183 0.0015 0.9998
vn 0.1706 0.0015 0.9853
vn 0.9860 0.0005 0.1669
vn 0.9965 -0.0001 -0.0833
vn 0.6633 -0.0011 -0.7484
vn 0.1334 -0.0015 -0.9911
vn -0.1316 -0.0015 -0.9913
vn -0.6619 -0.0011 -0.7496
vn -0.9964 -0.0001 -0.0851
vn -0.9863 0.0003 0.1651
vn 0.0582 -0.5793 -0.8130
vn 0.0569 -0.3469 -0.9362
vn 0.0678 -0.8147 -0.5759
vn 0.0545 -0.0479 -0.9974
vn 0.0510 0.0705 -0.9962
vn 0.0498 0.0335 -0.9982
vn 0.0496 -0.0015 -0.9988
vn 0.0498 -0.0365 -0.9981
vn 0.0510 -0.0735 -0.9960
vn 0.0546 0.0449 -0.9975
vn 0.0569 0.3440 -0.9372
vn 0.0583 0.5768 -0.8148
vn 0.0678 0.8130 -0.5784
vn 0.0845 0.9623 -0.2584
vn 0.0943 0.9955 0.0024
vn 0.0848 0.9525 0.2925
vn 0.0665 0.7778 0.6249
vn 0.0567 0.5429 0.8379
vn 0.0550 0.3614 0.9308
vn 0.0551 0.2234 0.9732
vn 0.0551 0.1249 0.9906
vn 0.0551 0.0325 0.9979
vn 0.0549 -0.0173 0.9983
vn 0.0549 -0.0096 0.9984
vn 0.0549 0.0015 0.9985
vn 0.0549 0.0126 0.9984
vn 0.0549 0.0203 0.9983
vn 0.0551 -0.0296 0.9980
vn 0.0551 -0.1220 0.9910
vn 0.0551 -0.2205 0.9738
vn 0.0550 -0.3586 0.9319
vn 0.0566 -0.5403 0.8395
vn 0.0665 -0.7759 0.6273
vn 0.0848 -0.9516 0.2953
vn 0.0942 -0.9955 0.0054
vn 0.0845 -0.9631 -0.2555
vt 0.666254 0.311933
vt 0.660515 0.313969
vt 0.657621 0.310234
vt 0.663302 0.307868
vt 0.655905 0.316382
vt 0.653758 0.313337
vt 0.650127 0.311365
vt 0.652895 0.307640
vt 0.658123 0.304157
vt 0.313753 0.311780
vt 0.308951 0.309874
vt 0.311291 0.305930
vt 0.315386 0.308638
vt 0.303119 0.308448
vt 0.305540 0.304130
vt 0.310168 0.299964
vt 0.315501 0.303000
vt 0.318523 0.306471
vt 0.295951 0.307479
vt 0.297595 0.303249
vt 0.288050 0.306607
vt 0.288542 0.302371
vt 0.288967 0.298773
vt 0.299117 0.299643
vt 0.279501 0.301132
vt 0.278852 0.297260
vt 0.280141 0.305642
vt 0.272893 0.304927
vt 0.271485 0.300114
vt 0.267877 0.294906
vt 0.266842 0.304966
vt 0.265392 0.300492
vt 0.261713 0.305740
vt 0.260752 0.302175
vt 0.258053 0.299150
vt 0.261853 0.296513
vt 0.707268 0.304672
vt 0.702094 0.304495
vt 0.703015 0.299964
vt 0.707795 0.301126
vt 0.696098 0.305122
vt 0.696964 0.300220
vt 0.699968 0.294708
vt 0.706041 0.295746
vt 0.710073 0.297982
vt 0.688984 0.306626
vt 0.689140 0.302080
vt 0.681204 0.308460
vt 0.680264 0.304303
vt 0.679473 0.300771
vt 0.689386 0.298164
vt 0.671269 0.306164
vt 0.673378 0.310197
vt 0.669364 0.302736
vt 0.301265 0.936622
vt 0.303012 0.938197
vt 0.300218 0.940466
vt 0.298906 0.937703
vt 0.305207 0.940764
vt 0.301862 0.943105
vt 0.298256 0.945086
vt 0.296922 0.942092
vt 0.295671 0.939275
vt 0.289978 0.941736
vt 0.292354 0.940672
vt 0.293523 0.943497
vt 0.289972 0.944100
vt 0.294383 0.946486
vt 0.290403 0.947456
vt 0.746848 0.937840
vt 0.746766 0.940185
vt 0.743224 0.939546
vt 0.744496 0.936760
vt 0.746212 0.943517
vt 0.742260 0.942503
vt 0.738414 0.941059
vt 0.739847 0.938110
vt 0.741200 0.935338
vt 0.735627 0.932640
vt 0.737982 0.933742
vt 0.736572 0.936454
vt 0.733812 0.934164
vt 0.734838 0.939038
vt 0.731522 0.936658
vt 0.255776 0.088303
vt 0.256570 0.091888
vt 0.233290 0.100420
vt 0.231484 0.097102
vt 0.257500 0.095995
vt 0.235365 0.104166
vt 0.212651 0.118953
vt 0.209713 0.116022
vt 0.207061 0.113468
vt 0.190343 0.094467
vt 0.187667 0.092037
vt 0.215917 0.070086
vt 0.217897 0.073113
vt 0.184600 0.089136
vt 0.213625 0.066530
vt 0.242487 0.052951
vt 0.244003 0.056900
vt 0.245313 0.060264
vt 0.287350 0.090096
vt 0.286895 0.093937
vt 0.272904 0.091168
vt 0.272942 0.087398
vt 0.286359 0.098346
vt 0.272796 0.095385
vt 0.266258 0.051619
vt 0.266921 0.055164
vt 0.265526 0.047457
vt 0.285859 0.046231
vt 0.286016 0.050473
vt 0.286180 0.054106
vt 0.221428 0.246088
vt 0.223647 0.243079
vt 0.241931 0.253276
vt 0.240221 0.256620
vt 0.226163 0.239619
vt 0.243900 0.249439
vt 0.258811 0.255351
vt 0.257393 0.259413
vt 0.256169 0.262966
vt 0.246607 0.285172
vt 0.244717 0.288280
vt 0.228278 0.281146
vt 0.230099 0.278043
vt 0.242617 0.291993
vt 0.226157 0.284817
vt 0.204851 0.272292
vt 0.207455 0.268952
vt 0.209680 0.266118
vt 0.188447 0.211833
vt 0.191779 0.210370
vt 0.205554 0.228541
vt 0.202773 0.230970
vt 0.195520 0.208684
vt 0.208689 0.225725
vt 0.183912 0.248747
vt 0.186647 0.246397
vt 0.180728 0.251536
vt 0.160314 0.223901
vt 0.164077 0.221983
vt 0.167336 0.220433
vt 0.182937 0.164729
vt 0.186636 0.165377
vt 0.185811 0.189256
vt 0.182098 0.189595
vt 0.190830 0.166102
vt 0.189976 0.188822
vt 0.153159 0.191170
vt 0.156793 0.190721
vt 0.148995 0.191860
vt 0.148620 0.157340
vt 0.152768 0.158082
vt 0.156385 0.158726
vt 0.194352 0.139212
vt 0.190951 0.137630
vt 0.198185 0.141041
vt 0.165141 0.123223
vt 0.168443 0.124829
vt 0.161406 0.121245
vt 0.320283 0.095498
vt 0.319706 0.099359
vt 0.302836 0.096780
vt 0.303355 0.092911
vt 0.319057 0.103817
vt 0.302274 0.101234
vt 0.306309 0.051001
vt 0.306113 0.054621
vt 0.306553 0.046762
vt 0.327447 0.049003
vt 0.326807 0.053175
vt 0.326255 0.056765
vt 0.267152 0.261690
vt 0.266335 0.265485
vt 0.267961 0.257335
vt 0.275290 0.258141
vt 0.274726 0.262681
vt 0.274116 0.266609
vt 0.255463 0.292931
vt 0.258104 0.290205
vt 0.252703 0.296283
vt 0.384590 0.108542
vt 0.405287 0.124720
vt 0.402594 0.127315
vt 0.382742 0.111716
vt 0.423071 0.148165
vt 0.419751 0.149736
vt 0.416039 0.151570
vt 0.399539 0.130239
vt 0.380607 0.115347
vt 0.444961 0.135512
vt 0.425547 0.106207
vt 0.428376 0.103963
vt 0.448272 0.134071
vt 0.403182 0.085128
vt 0.405473 0.082340
vt 0.408143 0.079061
vt 0.431673 0.101314
vt 0.452108 0.132309
vt 0.353571 0.100196
vt 0.368296 0.102201
vt 0.367182 0.105808
vt 0.352836 0.103993
vt 0.365989 0.109865
vt 0.351985 0.108368
vt 0.383908 0.073394
vt 0.385629 0.070227
vt 0.365625 0.066353
vt 0.366886 0.062945
vt 0.368324 0.058953
vt 0.387605 0.066494
vt 0.366245 0.267709
vt 0.346027 0.271163
vt 0.345492 0.267463
vt 0.365112 0.264179
vt 0.329400 0.272062
vt 0.329302 0.268241
vt 0.329240 0.263866
vt 0.344930 0.263222
vt 0.363863 0.260135
vt 0.332323 0.296290
vt 0.349256 0.294613
vt 0.350075 0.298122
vt 0.333280 0.299807
vt 0.371168 0.290261
vt 0.372380 0.293656
vt 0.373781 0.297654
vt 0.351009 0.302261
vt 0.334281 0.303957
vt 0.407781 0.247084
vt 0.387745 0.260083
vt 0.385788 0.256909
vt 0.405122 0.244571
vt 0.383568 0.253269
vt 0.402165 0.241693
vt 0.398206 0.279861
vt 0.400016 0.282985
vt 0.424815 0.262314
vt 0.427360 0.264875
vt 0.430251 0.267956
vt 0.402093 0.286678
vt 0.428980 0.204628
vt 0.421473 0.228388
vt 0.418104 0.226820
vt 0.425272 0.204016
vt 0.414346 0.225008
vt 0.421067 0.203316
vt 0.444893 0.237950
vt 0.448162 0.239594
vt 0.456025 0.207756
vt 0.459649 0.208344
vt 0.463808 0.209016
vt 0.451850 0.241644
vt 0.430379 0.176336
vt 0.426648 0.176724
vt 0.422427 0.177206
vt 0.455829 0.171566
vt 0.459472 0.171124
vt 0.463647 0.170472
vt 0.337276 0.097886
vt 0.336610 0.101710
vt 0.335819 0.106104
vt 0.346226 0.060739
vt 0.347130 0.057232
vt 0.348172 0.053117
vt 0.311091 0.270963
vt 0.302110 0.269928
vt 0.302511 0.265902
vt 0.311415 0.266983
vt 0.292566 0.268815
vt 0.293009 0.264776
vt 0.293491 0.260149
vt 0.302992 0.261287
vt 0.311855 0.262408
vt 0.711882 0.291738
vt 0.714927 0.294831
vt 0.709036 0.289240
vt 0.719711 0.283612
vt 0.721818 0.286589
vt 0.724187 0.290143
vt 0.759239 0.270625
vt 0.739398 0.282770
vt 0.737092 0.279206
vt 0.756544 0.267353
vt 0.735114 0.276193
vt 0.754236 0.264581
vt 0.802187 0.223782
vt 0.782056 0.250736
vt 0.778840 0.247975
vt 0.798420 0.221866
vt 0.776069 0.245655
vt 0.795154 0.220320
vt 0.813872 0.157242
vt 0.813638 0.191861
vt 0.809472 0.191187
vt 0.809730 0.158024
vt 0.805836 0.190750
vt 0.806118 0.158701
vt 0.777328 0.089148
vt 0.800821 0.121203
vt 0.797108 0.123226
vt 0.774309 0.092101
vt 0.793824 0.124871
vt 0.771678 0.094574
vt 0.717620 0.054032
vt 0.747550 0.066777
vt 0.745365 0.070398
vt 0.716265 0.058039
vt 0.743481 0.073476
vt 0.715089 0.061453
vt 0.673429 0.049058
vt 0.694010 0.049424
vt 0.693468 0.053616
vt 0.673478 0.053303
vt 0.692964 0.057188
vt 0.673486 0.056938
vt 0.632160 0.053721
vt 0.652719 0.050545
vt 0.653173 0.054769
vt 0.632998 0.057884
vt 0.653541 0.058375
vt 0.633713 0.061450
vt 0.592733 0.064760
vt 0.612106 0.058556
vt 0.613312 0.062631
vt 0.594299 0.068718
vt 0.614355 0.066108
vt 0.595668 0.072090
vt 0.554448 0.085026
vt 0.574179 0.072452
vt 0.576257 0.076147
vt 0.557184 0.088260
vt 0.578056 0.079274
vt 0.559528 0.091007
vt 0.511966 0.137724
vt 0.531857 0.107077
vt 0.535195 0.109689
vt 0.515821 0.139461
vt 0.538058 0.111902
vt 0.519146 0.140882
vt 0.500421 0.213518
vt 0.500656 0.175435
vt 0.504840 0.176079
vt 0.504587 0.212854
vt 0.508488 0.176517
vt 0.508218 0.212280
vt 0.533178 0.272188
vt 0.512065 0.245816
vt 0.515770 0.243799
vt 0.536103 0.269150
vt 0.519060 0.242186
vt 0.538681 0.266623
vt 0.590830 0.303072
vt 0.561386 0.291433
vt 0.563490 0.287768
vt 0.592221 0.299081
vt 0.565319 0.284657
vt 0.593420 0.295680
vt 0.632946 0.309551
vt 0.614986 0.307986
vt 0.615830 0.303861
vt 0.633766 0.305365
vt 0.616569 0.300336
vt 0.634567 0.301817
vt 0.283537 0.263697
vt 0.283038 0.267704
vt 0.284032 0.259094
vt 0.318954 0.271788
vt 0.319138 0.267873
vt 0.319404 0.263427
vt 0.322277 0.301233
vt 0.324076 0.305179
vt 0.320457 0.297917
vt 0.645577 0.306331
vt 0.647212 0.302905
vt 0.644017 0.310388
vt 0.662125 0.317777
vt 0.657025 0.319621
vt 0.667942 0.315955
vt 0.670655 0.327723
vt 0.664407 0.329108
vt 0.658578 0.330264
vt 0.307855 0.313783
vt 0.301932 0.312605
vt 0.313106 0.315046
vt 0.312919 0.325678
vt 0.307003 0.325209
vt 0.300660 0.324550
vt 0.295046 0.311608
vt 0.287581 0.310709
vt 0.293650 0.323757
vt 0.286213 0.322921
vt 0.280095 0.309884
vt 0.273134 0.309283
vt 0.278774 0.322076
vt 0.271756 0.321289
vt 0.267070 0.309089
vt 0.261659 0.309157
vt 0.265417 0.320531
vt 0.259539 0.319697
vt 0.702341 0.308568
vt 0.696346 0.309450
vt 0.707719 0.307996
vt 0.711038 0.318132
vt 0.705299 0.319663
vt 0.699088 0.321162
vt 0.689495 0.310826
vt 0.682121 0.312484
vt 0.692196 0.322757
vt 0.684881 0.324453
vt 0.674747 0.314207
vt 0.677559 0.326134
vt 0.683199 0.353555
vt 0.675362 0.355089
vt 0.691240 0.351796
vt 0.697302 0.377853
vt 0.688630 0.379750
vt 0.679966 0.381468
vt 0.667861 0.356342
vt 0.660575 0.357345
vt 0.671331 0.383003
vt 0.662687 0.384353
vt 0.306855 0.352595
vt 0.299267 0.352235
vt 0.314205 0.352726
vt 0.315330 0.379788
vt 0.306591 0.379475
vt 0.297838 0.378966
vt 0.291316 0.351630
vt 0.283136 0.350824
vt 0.289036 0.378278
vt 0.280208 0.377410
vt 0.274979 0.349815
vt 0.267086 0.348663
vt 0.271404 0.376321
vt 0.262667 0.375068
vt 0.259601 0.347359
vt 0.252398 0.345891
vt 0.254016 0.373651
vt 0.245417 0.372057
vt 0.714225 0.345578
vt 0.706942 0.347762
vt 0.721204 0.343257
vt 0.731241 0.368429
vt 0.722890 0.371037
vt 0.714461 0.373465
vt 0.699232 0.349836
vt 0.705924 0.375739
vt 0.203637 0.110362
vt 0.202987 0.109770
vt 0.229001 0.092400
vt 0.229389 0.093146
vt 0.201846 0.108178
vt 0.227924 0.090398
vt 0.253785 0.080701
vt 0.254723 0.083107
vt 0.254883 0.083938
vt 0.185074 0.135144
vt 0.183651 0.134080
vt 0.186016 0.135552
vt 0.177144 0.163673
vt 0.176033 0.163469
vt 0.174364 0.163017
vt 0.175731 0.189791
vt 0.174053 0.189914
vt 0.176755 0.189755
vt 0.184130 0.213425
vt 0.183301 0.213722
vt 0.181815 0.214379
vt 0.272902 0.082091
vt 0.272910 0.082934
vt 0.272280 0.079178
vt 0.287721 0.081521
vt 0.287899 0.084895
vt 0.287814 0.085713
vt 0.304102 0.087695
vt 0.303982 0.088514
vt 0.304343 0.084011
vt 0.321639 0.086547
vt 0.321067 0.090293
vt 0.320945 0.091110
vt 0.338127 0.092726
vt 0.337996 0.093537
vt 0.339009 0.089166
vt 0.355822 0.091931
vt 0.354625 0.095080
vt 0.354458 0.095884
vt 0.329544 0.276612
vt 0.329576 0.277464
vt 0.318775 0.277327
vt 0.318801 0.276451
vt 0.329746 0.279346
vt 0.318806 0.279441
vt 0.310554 0.278942
vt 0.310705 0.276568
vt 0.310765 0.275683
vt 0.346859 0.276385
vt 0.347000 0.278187
vt 0.346724 0.275560
vt 0.367696 0.271891
vt 0.367976 0.272675
vt 0.368192 0.274402
vt 0.301576 0.275598
vt 0.301659 0.274704
vt 0.301320 0.278191
vt 0.291594 0.277176
vt 0.291912 0.274504
vt 0.292017 0.273606
vt 0.282247 0.273334
vt 0.282376 0.272447
vt 0.281883 0.275909
vt 0.272693 0.274440
vt 0.273132 0.272113
vt 0.273292 0.271245
vt 0.265074 0.270832
vt 0.265277 0.269988
vt 0.264490 0.272842
vt 0.253754 0.269729
vt 0.254446 0.267999
vt 0.254719 0.267203
vt 0.237793 0.261329
vt 0.238177 0.260586
vt 0.237112 0.263008
vt 0.217447 0.251868
vt 0.218192 0.250275
vt 0.218708 0.249616
vt 0.198647 0.234248
vt 0.199312 0.233738
vt 0.197540 0.235447
vt 0.194048 0.097425
vt 0.194758 0.097991
vt 0.174880 0.127296
vt 0.173845 0.126892
vt 0.195932 0.099581
vt 0.176329 0.128353
vt 0.165735 0.160558
vt 0.164049 0.160108
vt 0.162816 0.159886
vt 0.220920 0.077522
vt 0.222035 0.079530
vt 0.220434 0.076818
vt 0.247019 0.064383
vt 0.247342 0.065167
vt 0.248339 0.067575
vt 0.268107 0.060247
vt 0.268756 0.063133
vt 0.267915 0.059436
vt 0.286557 0.058452
vt 0.286633 0.059275
vt 0.286813 0.062656
vt 0.163668 0.190640
vt 0.162561 0.190658
vt 0.165363 0.190517
vt 0.174159 0.217852
vt 0.172653 0.218519
vt 0.171794 0.218819
vt 0.305925 0.059757
vt 0.305691 0.063415
vt 0.305955 0.058939
vt 0.325596 0.061026
vt 0.325471 0.061832
vt 0.324895 0.065532
vt 0.344853 0.065684
vt 0.343972 0.069227
vt 0.345072 0.064896
vt 0.363943 0.070372
vt 0.363620 0.071133
vt 0.362421 0.074293
vt 0.289828 0.291615
vt 0.289508 0.294253
vt 0.279340 0.292397
vt 0.279765 0.289836
vt 0.289419 0.294995
vt 0.279185 0.293174
vt 0.269361 0.290157
vt 0.269614 0.289330
vt 0.270156 0.287005
vt 0.299790 0.294814
vt 0.299756 0.295604
vt 0.299993 0.292230
vt 0.309874 0.291776
vt 0.309829 0.294158
vt 0.309871 0.295019
vt 0.319373 0.292677
vt 0.319482 0.293526
vt 0.319218 0.290613
vt 0.330955 0.289210
vt 0.331240 0.291071
vt 0.331397 0.291907
vt 0.248703 0.281226
vt 0.249084 0.280469
vt 0.260505 0.285415
vt 0.260181 0.286207
vt 0.249870 0.278769
vt 0.261188 0.283463
vt 0.232842 0.273514
vt 0.233570 0.271850
vt 0.232402 0.274236
vt 0.212479 0.262640
vt 0.213013 0.261981
vt 0.213776 0.260382
vt 0.190822 0.243084
vt 0.191947 0.241870
vt 0.190147 0.243605
vt 0.381215 0.077863
vt 0.379711 0.080409
vt 0.381648 0.077150
vt 0.400281 0.088509
vt 0.399730 0.089155
vt 0.398035 0.091134
vt 0.369953 0.097155
vt 0.369687 0.097955
vt 0.371439 0.094577
vt 0.388808 0.101920
vt 0.387176 0.103917
vt 0.386770 0.104658
vt 0.758655 0.110697
vt 0.759296 0.110096
vt 0.777268 0.135375
vt 0.776328 0.135792
vt 0.760414 0.108486
vt 0.778687 0.134295
vt 0.788154 0.163130
vt 0.786485 0.163595
vt 0.785374 0.163807
vt 0.733114 0.093034
vt 0.734102 0.091008
vt 0.732757 0.093788
vt 0.706491 0.085548
vt 0.706613 0.084708
vt 0.707447 0.082254
vt 0.786899 0.189866
vt 0.785875 0.189832
vt 0.788575 0.189986
vt 0.780633 0.214278
vt 0.779140 0.213621
vt 0.778307 0.213324
vt 0.688154 0.084429
vt 0.688657 0.081474
vt 0.688182 0.085279
vt 0.673282 0.088525
vt 0.673159 0.087713
vt 0.673187 0.084346
vt 0.657043 0.091272
vt 0.656619 0.087613
vt 0.657209 0.092081
vt 0.640589 0.095668
vt 0.640419 0.094855
vt 0.639649 0.091123
vt 0.768028 0.097592
vt 0.767329 0.098169
vt 0.740602 0.077964
vt 0.741065 0.077248
vt 0.766184 0.099781
vt 0.739558 0.080003
vt 0.712355 0.068886
vt 0.713256 0.066437
vt 0.713547 0.065639
vt 0.787413 0.127410
vt 0.785973 0.128484
vt 0.788443 0.126995
vt 0.799693 0.159914
vt 0.798461 0.160146
vt 0.796777 0.160609
vt 0.798959 0.190687
vt 0.797264 0.190568
vt 0.800067 0.190703
vt 0.790686 0.218707
vt 0.789826 0.218407
vt 0.788315 0.217742
vt 0.692004 0.062324
vt 0.692160 0.061504
vt 0.691482 0.065241
vt 0.673253 0.065504
vt 0.673276 0.062120
vt 0.673314 0.061294
vt 0.653969 0.063496
vt 0.653902 0.062680
vt 0.654369 0.067131
vt 0.635448 0.070175
vt 0.634718 0.066489
vt 0.634558 0.065687
vt 0.623698 0.097987
vt 0.622677 0.094430
vt 0.623861 0.098799
vt 0.607762 0.101371
vt 0.607572 0.100571
vt 0.606286 0.097446
vt 0.615919 0.071014
vt 0.615669 0.070232
vt 0.616941 0.074541
vt 0.599123 0.079947
vt 0.597822 0.076818
vt 0.597475 0.076066
vt 0.710374 0.266035
vt 0.710696 0.266827
vt 0.700466 0.270404
vt 0.700192 0.269569
vt 0.711498 0.268541
vt 0.701214 0.272386
vt 0.693259 0.274738
vt 0.692597 0.272447
vt 0.692353 0.271592
vt 0.726604 0.259875
vt 0.727354 0.261522
vt 0.726194 0.259145
vt 0.744672 0.248505
vt 0.745203 0.249147
vt 0.745998 0.250698
vt 0.683657 0.274652
vt 0.683433 0.273780
vt 0.684292 0.277183
vt 0.674772 0.279540
vt 0.674174 0.276915
vt 0.673971 0.276034
vt 0.763766 0.233759
vt 0.764913 0.234926
vt 0.763082 0.233263
vt 0.677911 0.293737
vt 0.678485 0.296330
vt 0.668214 0.297996
vt 0.667769 0.295445
vt 0.678646 0.297059
vt 0.668323 0.298779
vt 0.657963 0.299195
vt 0.657930 0.298334
vt 0.657679 0.295969
vt 0.688417 0.293379
vt 0.688648 0.294136
vt 0.687747 0.290873
vt 0.696948 0.287077
vt 0.697704 0.289341
vt 0.698033 0.290139
vt 0.706238 0.284671
vt 0.706628 0.285435
vt 0.705393 0.282778
vt 0.716003 0.277418
vt 0.716907 0.279072
vt 0.717340 0.279805
vt 0.732146 0.271789
vt 0.732621 0.272492
vt 0.731330 0.270167
vt 0.749964 0.258983
vt 0.750784 0.260541
vt 0.751337 0.261184
vt 0.771835 0.242391
vt 0.772519 0.242903
vt 0.770682 0.241200
vt 0.592585 0.102721
vt 0.591044 0.100176
vt 0.592869 0.103513
vt 0.576343 0.110233
vt 0.575918 0.109501
vt 0.574243 0.107535
vt 0.580856 0.083683
vt 0.580407 0.082980
vt 0.582423 0.086193
vt 0.564789 0.096920
vt 0.563055 0.094972
vt 0.562493 0.094338
vt 0.664656 0.279091
vt 0.664482 0.278213
vt 0.665168 0.281635
vt 0.655960 0.283323
vt 0.655619 0.280994
vt 0.655487 0.280126
vt 0.647508 0.282402
vt 0.647430 0.281545
vt 0.647604 0.284477
vt 0.636309 0.284879
vt 0.636396 0.283011
vt 0.636392 0.282165
vt 0.635281 0.297408
vt 0.635397 0.296568
vt 0.647931 0.297607
vt 0.647882 0.298459
vt 0.635589 0.294705
vt 0.647941 0.295547
vt 0.617717 0.295159
vt 0.617872 0.293347
vt 0.617532 0.295986
vt 0.594952 0.291483
vt 0.595245 0.290687
vt 0.595453 0.288928
vt 0.427297 0.146320
vt 0.428101 0.145967
vt 0.436744 0.175902
vt 0.435721 0.175980
vt 0.429689 0.144823
vt 0.438438 0.175359
vt 0.437640 0.205851
vt 0.435915 0.205726
vt 0.434799 0.205550
vt 0.409057 0.121028
vt 0.410687 0.119463
vt 0.408461 0.121613
vt 0.427389 0.230713
vt 0.426438 0.230335
vt 0.428924 0.231393
vt 0.413200 0.251724
vt 0.412016 0.250604
vt 0.411333 0.250044
vt 0.390691 0.264504
vt 0.391374 0.265988
vt 0.390215 0.263807
vt 0.440506 0.137122
vt 0.439653 0.137430
vt 0.421298 0.109435
vt 0.421979 0.108921
vt 0.438034 0.138562
vt 0.419615 0.110992
vt 0.448942 0.171796
vt 0.447228 0.172324
vt 0.450051 0.171751
vt 0.449573 0.206720
vt 0.448337 0.206521
vt 0.446598 0.206388
vt 0.438449 0.235564
vt 0.436895 0.234877
vt 0.439484 0.235953
vt 0.421160 0.259285
vt 0.420452 0.258712
vt 0.419257 0.257576
vt 0.347984 0.289462
vt 0.348189 0.290284
vt 0.347774 0.287660
vt 0.369079 0.283539
vt 0.369315 0.285284
vt 0.369613 0.286077
vt 0.395340 0.275354
vt 0.395809 0.276068
vt 0.394663 0.273843
vt 0.536940 0.151543
vt 0.536131 0.151196
vt 0.554919 0.126480
vt 0.555535 0.127057
vt 0.534528 0.150067
vt 0.553237 0.124943
vt 0.527608 0.180809
vt 0.525911 0.180273
vt 0.528633 0.180886
vt 0.529475 0.210149
vt 0.528357 0.210321
vt 0.526629 0.210441
vt 0.536669 0.235103
vt 0.535121 0.235769
vt 0.537626 0.234733
vt 0.552282 0.254512
vt 0.551595 0.255064
vt 0.550404 0.256171
vt 0.523617 0.142469
vt 0.524474 0.142772
vt 0.515382 0.176748
vt 0.514271 0.176704
vt 0.526106 0.143889
vt 0.517099 0.177271
vt 0.517660 0.210950
vt 0.515918 0.211077
vt 0.514679 0.211271
vt 0.542362 0.115080
vt 0.544077 0.116612
vt 0.541672 0.114574
vt 0.525535 0.239857
vt 0.524494 0.240237
vt 0.527098 0.239185
vt 0.544293 0.261953
vt 0.543086 0.263075
vt 0.542372 0.263639
vt 0.618468 0.281992
vt 0.618589 0.281161
vt 0.618367 0.283808
vt 0.596174 0.279686
vt 0.596361 0.277937
vt 0.596634 0.277145
vt 0.572728 0.269267
vt 0.573190 0.268566
vt 0.572072 0.270762
vt 0.568196 0.280166
vt 0.568867 0.278653
vt 0.567726 0.280878
vt 0.205077 0.111645
vt 0.188188 0.136445
vt 0.179752 0.164152
vt 0.230239 0.094764
vt 0.255239 0.085732
vt 0.272933 0.084749
vt 0.287634 0.087470
vt 0.303727 0.090270
vt 0.320680 0.092863
vt 0.292244 0.271651
vt 0.301841 0.272755
vt 0.310892 0.273755
vt 0.273638 0.269354
vt 0.265717 0.268150
vt 0.255311 0.265470
vt 0.239014 0.258967
vt 0.219829 0.248181
vt 0.200747 0.232624
vt 0.185949 0.212792
vt 0.179101 0.189718
vt 0.192460 0.096195
vt 0.219374 0.075290
vt 0.246305 0.062685
vt 0.171406 0.125996
vt 0.159848 0.159349
vt 0.267485 0.057688
vt 0.286381 0.056684
vt 0.306010 0.057184
vt 0.325864 0.059297
vt 0.289242 0.296467
vt 0.299669 0.297224
vt 0.309961 0.296871
vt 0.268822 0.291937
vt 0.259476 0.287926
vt 0.247876 0.282875
vt 0.231444 0.275809
vt 0.211316 0.264075
vt 0.188685 0.244745
vt 0.169888 0.219459
vt 0.159970 0.190642
vt 0.345550 0.063210
vt 0.364649 0.068744
vt 0.337713 0.095276
vt 0.354096 0.097610
vt 0.755361 0.113763
vt 0.757236 0.111999
vt 0.774158 0.136708
vt 0.771492 0.137874
vt 0.782763 0.164307
vt 0.779670 0.164893
vt 0.731983 0.095425
vt 0.730908 0.097685
vt 0.705823 0.089857
vt 0.706217 0.087365
vt 0.688235 0.087110
vt 0.688328 0.089664
vt 0.673920 0.092750
vt 0.673541 0.090268
vt 0.769594 0.096336
vt 0.790873 0.126072
vt 0.802658 0.159353
vt 0.742074 0.075692
vt 0.714194 0.063913
vt 0.692512 0.059737
vt 0.673406 0.059521
vt 0.657559 0.093817
vt 0.658053 0.096304
vt 0.641483 0.099903
vt 0.640954 0.097411
vt 0.653765 0.060931
vt 0.634215 0.063967
vt 0.708727 0.261914
vt 0.709679 0.264308
vt 0.699597 0.267752
vt 0.698787 0.265241
vt 0.691818 0.269731
vt 0.691088 0.267153
vt 0.725303 0.257556
vt 0.724087 0.255352
vt 0.741950 0.245161
vt 0.743519 0.247107
vt 0.761601 0.232182
vt 0.759589 0.230659
vt 0.774069 0.211771
vt 0.776478 0.212688
vt 0.718282 0.281400
vt 0.707478 0.287088
vt 0.698738 0.291857
vt 0.733657 0.274021
vt 0.752541 0.262585
vt 0.774002 0.244026
vt 0.792597 0.219347
vt 0.783530 0.189797
vt 0.780638 0.189690
vt 0.802658 0.190680
vt 0.624214 0.100538
vt 0.624726 0.103022
vt 0.608745 0.105531
vt 0.608173 0.103086
vt 0.615126 0.068559
vt 0.596719 0.074456
vt 0.672894 0.271463
vt 0.673523 0.274116
vt 0.664099 0.276300
vt 0.663548 0.273656
vt 0.655199 0.278238
vt 0.654779 0.275628
vt 0.678968 0.298505
vt 0.668566 0.300383
vt 0.658039 0.301049
vt 0.425527 0.147073
vt 0.407167 0.122885
vt 0.385883 0.106258
vt 0.433377 0.176117
vt 0.432178 0.205138
vt 0.369112 0.099678
vt 0.329480 0.274755
vt 0.346432 0.273764
vt 0.367090 0.270185
vt 0.389187 0.262292
vt 0.409824 0.248833
vt 0.424246 0.229511
vt 0.442403 0.136467
vt 0.452648 0.171701
vt 0.452551 0.207197
vt 0.423462 0.107806
vt 0.401486 0.087119
vt 0.382594 0.075620
vt 0.331737 0.293726
vt 0.348636 0.292075
vt 0.370263 0.287805
vt 0.396820 0.277627
vt 0.422740 0.260533
vt 0.441929 0.236808
vt 0.538724 0.152286
vt 0.530984 0.181019
vt 0.541097 0.153311
vt 0.533887 0.181221
vt 0.535211 0.209264
vt 0.532101 0.209748
vt 0.556877 0.128306
vt 0.558745 0.130024
vt 0.577270 0.111810
vt 0.578560 0.113962
vt 0.593485 0.105216
vt 0.594319 0.107593
vt 0.521712 0.141825
vt 0.511671 0.176653
vt 0.511697 0.211735
vt 0.540169 0.113476
vt 0.561260 0.092969
vt 0.579424 0.081471
vt 0.636368 0.277780
vt 0.636382 0.280324
vt 0.618855 0.279351
vt 0.619216 0.276847
vt 0.597226 0.275421
vt 0.598018 0.273032
vt 0.574182 0.267042
vt 0.575500 0.264915
vt 0.553797 0.253317
vt 0.555767 0.251672
vt 0.635031 0.299235
vt 0.617128 0.297786
vt 0.594313 0.293218
vt 0.566713 0.282433
vt 0.540778 0.264867
vt 0.539834 0.233928
vt 0.542537 0.232874
vt 0.522038 0.241070
vt 0.709883 0.075572
vt 0.736810 0.085518
vt 0.763287 0.104139
vt 0.690069 0.073335
vt 0.673250 0.074939
vt 0.747967 0.254836
vt 0.729311 0.265856
vt 0.713714 0.273004
vt 0.784464 0.216005
vt 0.767794 0.238051
vt 0.792458 0.161868
vt 0.792910 0.190277
vt 0.782319 0.131388
vt 0.637527 0.080624
vt 0.655497 0.077358
vt 0.703253 0.277630
vt 0.695057 0.280923
vt 0.224989 0.084975
vt 0.251076 0.074145
vt 0.198904 0.103883
vt 0.287243 0.072097
vt 0.270521 0.071141
vt 0.235361 0.267435
vt 0.215621 0.256122
vt 0.251843 0.274253
vt 0.194755 0.238652
vt 0.177998 0.216110
vt 0.169717 0.190215
vt 0.170058 0.161786
vt 0.180003 0.131214
vt 0.305010 0.073693
vt 0.323266 0.076018
vt 0.262893 0.278191
vt 0.271475 0.280725
vt 0.548666 0.120785
vt 0.569533 0.102228
vt 0.530331 0.146976
vt 0.602690 0.088712
vt 0.586737 0.093170
vt 0.618143 0.288578
vt 0.595824 0.284302
vt 0.635985 0.289788
vt 0.570479 0.274698
vt 0.547357 0.259053
vt 0.531118 0.237474
vt 0.522151 0.210692
vt 0.521515 0.178765
vt 0.619796 0.084468
vt 0.656865 0.289627
vt 0.666497 0.288538
vt 0.676354 0.286663
vt 0.393402 0.096527
vt 0.415129 0.115232
vt 0.433846 0.141690
vt 0.375575 0.087478
vt 0.359142 0.083131
vt 0.368625 0.278962
vt 0.347354 0.282922
vt 0.330308 0.284288
vt 0.416222 0.254641
vt 0.393021 0.269902
vt 0.442112 0.206116
vt 0.432900 0.233131
vt 0.442822 0.173835
vt 0.341504 0.079191
vt 0.300631 0.285218
vt 0.310161 0.285357
vt 0.290710 0.284421
vt 0.689106 0.295694
vt 0.686005 0.284043
vt 0.682943 0.271881
vt 0.682268 0.269251
vt 0.282654 0.270512
vt 0.280850 0.282882
vt 0.278882 0.294772
vt 0.647774 0.300309
vt 0.647831 0.290028
vt 0.647259 0.279680
vt 0.647018 0.277108
vt 0.318858 0.274543
vt 0.318946 0.285054
vt 0.319722 0.295367
vt 0.665250 0.399046
vt 0.674032 0.397275
vt 0.674533 0.399836
vt 0.665618 0.401643
vt 0.682905 0.395455
vt 0.683427 0.397955
vt 0.684077 0.400992
vt 0.675136 0.402901
vt 0.666038 0.404828
vt 0.296568 0.393194
vt 0.305596 0.393976
vt 0.305394 0.396572
vt 0.296335 0.395750
vt 0.314532 0.394700
vt 0.314478 0.397343
vt 0.314434 0.400561
vt 0.305150 0.399687
vt 0.296041 0.398840
vt 0.278651 0.391452
vt 0.287583 0.392410
vt 0.287332 0.394917
vt 0.278371 0.393966
vt 0.287024 0.397944
vt 0.278032 0.397010
vt 0.260795 0.389233
vt 0.269731 0.390422
vt 0.269425 0.392937
vt 0.260457 0.391763
vt 0.269061 0.395954
vt 0.260062 0.394843
vt 0.242957 0.386762
vt 0.251825 0.388006
vt 0.251447 0.390587
vt 0.242441 0.389333
vt 0.250999 0.393677
vt 0.241780 0.392475
vt 0.717984 0.387313
vt 0.726763 0.385052
vt 0.727434 0.387569
vt 0.718612 0.389802
vt 0.735436 0.382768
vt 0.736263 0.385281
vt 0.737289 0.388332
vt 0.728238 0.390590
vt 0.719360 0.392815
vt 0.700495 0.391620
vt 0.709243 0.389557
vt 0.709839 0.392007
vt 0.701066 0.394084
vt 0.710553 0.394964
vt 0.701756 0.397069
vt 0.691734 0.393610
vt 0.692280 0.396085
vt 0.692938 0.399053
vt 0.270335 0.385460
vt 0.261464 0.384219
vt 0.279195 0.386559
vt 0.279096 0.387448
vt 0.270224 0.386356
vt 0.261342 0.385119
vt 0.252538 0.382873
vt 0.243410 0.381478
vt 0.252408 0.383785
vt 0.243279 0.382423
vt 0.725450 0.380030
vt 0.716733 0.382413
vt 0.734357 0.377564
vt 0.734599 0.378488
vt 0.725687 0.380923
vt 0.716960 0.383292
vt 0.708061 0.384694
vt 0.699384 0.386822
vt 0.708277 0.385572
vt 0.699586 0.387694
vt 0.690656 0.388727
vt 0.681871 0.390502
vt 0.690849 0.389609
vt 0.682054 0.391392
vt 0.673000 0.392195
vt 0.663923 0.393909
vt 0.673181 0.393099
vt 0.664113 0.394844
vt 0.306023 0.388805
vt 0.297014 0.388158
vt 0.315240 0.389435
vt 0.315162 0.390386
vt 0.305951 0.389725
vt 0.296936 0.389063
vt 0.288082 0.387432
vt 0.287993 0.388331
vt 0.268640 0.399572
vt 0.259625 0.398463
vt 0.277636 0.400593
vt 0.277232 0.404254
vt 0.268221 0.403274
vt 0.259210 0.402163
vt 0.250526 0.397355
vt 0.241208 0.396229
vt 0.250120 0.401123
vt 0.240855 0.400095
vt 0.729135 0.394197
vt 0.720221 0.396360
vt 0.738270 0.392018
vt 0.739041 0.395817
vt 0.729974 0.397893
vt 0.721068 0.399985
vt 0.711393 0.398511
vt 0.702572 0.400582
vt 0.712238 0.402142
vt 0.703407 0.404171
vt 0.693743 0.402606
vt 0.684866 0.404553
vt 0.694577 0.406238
vt 0.685704 0.408182
vt 0.675912 0.406529
vt 0.666745 0.408560
vt 0.676780 0.410219
vt 0.667695 0.412325
vt 0.304800 0.403386
vt 0.295677 0.402467
vt 0.314137 0.404362
vt 0.313604 0.408201
vt 0.304365 0.407150
vt 0.295274 0.406167
vt 0.286640 0.401567
vt 0.286233 0.405271
vt 0.258592 0.408012
vt 0.267598 0.409028
vt 0.267460 0.410341
vt 0.258459 0.409333
vt 0.276586 0.410039
vt 0.276440 0.411345
vt 0.276325 0.412377
vt 0.267351 0.411378
vt 0.258356 0.410376
vt 0.240732 0.406120
vt 0.249582 0.407021
vt 0.249451 0.408369
vt 0.240669 0.407461
vt 0.249343 0.409433
vt 0.240491 0.408507
vt 0.722355 0.405728
vt 0.731186 0.403699
vt 0.731472 0.405024
vt 0.722640 0.407026
vt 0.739870 0.401788
vt 0.740089 0.403112
vt 0.740389 0.404131
vt 0.731703 0.406069
vt 0.722863 0.408051
vt 0.704717 0.409845
vt 0.713527 0.407789
vt 0.713817 0.409078
vt 0.705013 0.411125
vt 0.714045 0.410096
vt 0.705247 0.412137
vt 0.687063 0.413906
vt 0.695900 0.411874
vt 0.696205 0.413159
vt 0.687376 0.415196
vt 0.696447 0.414174
vt 0.687625 0.416215
vt 0.669581 0.418052
vt 0.678232 0.415963
vt 0.678556 0.417278
vt 0.669967 0.419337
vt 0.678807 0.418318
vt 0.670146 0.420383
vt 0.294582 0.412010
vt 0.303583 0.413027
vt 0.303412 0.414371
vt 0.294420 0.413328
vt 0.312405 0.414106
vt 0.312173 0.415428
vt 0.312117 0.416488
vt 0.303283 0.415433
vt 0.294290 0.414369
vt 0.285574 0.411024
vt 0.285420 0.412335
vt 0.285298 0.413372
vt 0.267866 0.406530
vt 0.258854 0.405471
vt 0.276866 0.407527
vt 0.249815 0.404455
vt 0.240753 0.403519
vt 0.730659 0.401173
vt 0.721802 0.403232
vt 0.739544 0.399207
vt 0.712971 0.405336
vt 0.704148 0.407381
vt 0.695323 0.409428
vt 0.686466 0.411421
vt 0.677599 0.413464
vt 0.668737 0.415590
vt 0.303923 0.410470
vt 0.294889 0.409473
vt 0.312954 0.411564
vt 0.285863 0.408527
vt 0.270002 0.388177
vt 0.261095 0.386962
vt 0.278897 0.389237
vt 0.252148 0.385675
vt 0.243167 0.384389
vt 0.726169 0.382771
vt 0.717421 0.385093
vt 0.734944 0.380431
vt 0.708711 0.387356
vt 0.699992 0.389448
vt 0.691244 0.391401
vt 0.682434 0.393213
vt 0.673562 0.394969
vt 0.664661 0.396737
vt 0.305792 0.391628
vt 0.296774 0.390914
vt 0.314843 0.392333
vt 0.287812 0.390157
vt 0.293609 0.419683
vt 0.293729 0.418767
vt 0.302761 0.419846
vt 0.302639 0.420773
vt 0.293847 0.417859
vt 0.302874 0.418934
vt 0.312117 0.420107
vt 0.312091 0.421062
vt 0.311995 0.422021
vt 0.284778 0.417716
vt 0.284887 0.416810
vt 0.284666 0.418640
vt 0.275734 0.417667
vt 0.275836 0.416752
vt 0.275937 0.415848
vt 0.266902 0.415728
vt 0.266994 0.414821
vt 0.266808 0.416654
vt 0.257847 0.415706
vt 0.257932 0.414786
vt 0.258017 0.413876
vt 0.248876 0.413851
vt 0.248968 0.412936
vt 0.248789 0.414782
vt 0.239398 0.413932
vt 0.239512 0.412973
vt 0.239696 0.412037
vt 0.741591 0.407547
vt 0.741883 0.408456
vt 0.732675 0.410407
vt 0.732478 0.409508
vt 0.742111 0.409394
vt 0.732867 0.411322
vt 0.723984 0.413292
vt 0.723793 0.412387
vt 0.723603 0.411492
vt 0.714997 0.414368
vt 0.714800 0.413476
vt 0.715199 0.415277
vt 0.706446 0.417325
vt 0.706239 0.416428
vt 0.706034 0.415540
vt 0.697467 0.418428
vt 0.697254 0.417541
vt 0.697686 0.419333
vt 0.688915 0.421414
vt 0.688690 0.420517
vt 0.688468 0.419630
vt 0.679834 0.422642
vt 0.679617 0.421748
vt 0.680061 0.423549
vt 0.670917 0.425866
vt 0.670706 0.424923
vt 0.670569 0.423978
vt 0.292885 0.424988
vt 0.293010 0.424098
vt 0.301960 0.425216
vt 0.301803 0.426103
vt 0.293138 0.423182
vt 0.302117 0.424296
vt 0.311409 0.425660
vt 0.311210 0.426602
vt 0.310945 0.427500
vt 0.284120 0.423091
vt 0.284234 0.422167
vt 0.284010 0.423980
vt 0.275145 0.422967
vt 0.275244 0.422078
vt 0.275346 0.421162
vt 0.266360 0.421115
vt 0.266452 0.420188
vt 0.266272 0.422006
vt 0.257390 0.421037
vt 0.257463 0.420143
vt 0.257541 0.419222
vt 0.248478 0.419264
vt 0.248530 0.418333
vt 0.248436 0.420163
vt 0.239184 0.419504
vt 0.239124 0.418569
vt 0.239134 0.417605
vt 0.742766 0.413021
vt 0.742890 0.413977
vt 0.733702 0.415740
vt 0.733544 0.414820
vt 0.742939 0.414912
vt 0.733848 0.416629
vt 0.725062 0.418538
vt 0.724885 0.417657
vt 0.724702 0.416750
vt 0.716161 0.419659
vt 0.715962 0.418749
vt 0.716353 0.420534
vt 0.707650 0.422522
vt 0.707449 0.421650
vt 0.707241 0.420752
vt 0.698745 0.423691
vt 0.698524 0.422786
vt 0.698958 0.424561
vt 0.690254 0.426596
vt 0.690027 0.425728
vt 0.689794 0.424833
vt 0.681256 0.427881
vt 0.680996 0.426986
vt 0.681514 0.428744
vt 0.672565 0.431195
vt 0.672198 0.430332
vt 0.671888 0.429420
vt 0.679216 0.420055
vt 0.670358 0.422187
vt 0.688049 0.417940
vt 0.303077 0.417205
vt 0.294068 0.416131
vt 0.312117 0.418304
vt 0.285092 0.415106
vt 0.276129 0.414127
vt 0.267170 0.413115
vt 0.258183 0.412143
vt 0.249152 0.411206
vt 0.240092 0.410278
vt 0.732096 0.407810
vt 0.723238 0.409788
vt 0.740992 0.405845
vt 0.714427 0.411801
vt 0.705644 0.413853
vt 0.696853 0.415873
vt 0.284451 0.420403
vt 0.275540 0.419414
vt 0.293376 0.421433
vt 0.266629 0.418421
vt 0.257691 0.417463
vt 0.248646 0.416557
vt 0.239236 0.415767
vt 0.733219 0.413069
vt 0.724346 0.415020
vt 0.742469 0.411203
vt 0.715581 0.417012
vt 0.706844 0.419038
vt 0.698104 0.421059
vt 0.689351 0.423124
vt 0.680515 0.425271
vt 0.671373 0.427651
vt 0.302391 0.422537
vt 0.311733 0.423846
vt 0.283805 0.425635
vt 0.274958 0.424640
vt 0.292646 0.426662
vt 0.292405 0.428337
vt 0.283599 0.427288
vt 0.274772 0.426313
vt 0.266110 0.423664
vt 0.257254 0.422721
vt 0.265948 0.425322
vt 0.257122 0.424407
vt 0.248370 0.421845
vt 0.239350 0.421245
vt 0.248313 0.423535
vt 0.239530 0.422959
vt 0.734109 0.418294
vt 0.725393 0.420197
vt 0.742973 0.416660
vt 0.742989 0.418383
vt 0.734364 0.419967
vt 0.725721 0.421858
vt 0.716708 0.422164
vt 0.708030 0.424163
vt 0.717063 0.423792
vt 0.708409 0.425803
vt 0.699355 0.426180
vt 0.690686 0.428230
vt 0.699753 0.427798
vt 0.691121 0.429865
vt 0.682012 0.430353
vt 0.673301 0.432782
vt 0.682519 0.431967
vt 0.674039 0.434340
vt 0.301497 0.427759
vt 0.310398 0.429160
vt 0.309841 0.430790
vt 0.301182 0.429422
vt 0.682797 0.432857
vt 0.674401 0.435190
vt 0.691358 0.430755
vt 0.691786 0.432483
vt 0.683236 0.434579
vt 0.674844 0.436898
vt 0.301010 0.430339
vt 0.292273 0.429249
vt 0.309578 0.431675
vt 0.309336 0.433426
vt 0.300772 0.432102
vt 0.292046 0.431016
vt 0.283485 0.428199
vt 0.274670 0.427223
vt 0.283272 0.429967
vt 0.274472 0.428992
vt 0.265859 0.426235
vt 0.257051 0.425326
vt 0.265674 0.428006
vt 0.256880 0.427096
vt 0.248280 0.424467
vt 0.239589 0.423880
vt 0.248122 0.426237
vt 0.239440 0.425638
vt 0.734506 0.420889
vt 0.725899 0.422763
vt 0.743034 0.419306
vt 0.743388 0.421038
vt 0.734867 0.422633
vt 0.726272 0.424505
vt 0.717258 0.424689
vt 0.708616 0.426696
vt 0.717644 0.426429
vt 0.709016 0.428430
vt 0.699972 0.428689
vt 0.700386 0.430421
vt 0.684362 0.473601
vt 0.692657 0.471590
vt 0.696397 0.487448
vt 0.688126 0.489447
vt 0.700965 0.469602
vt 0.704677 0.485473
vt 0.725298 0.609992
vt 0.733373 0.608128
vt 0.737798 0.627025
vt 0.729754 0.628861
vt 0.717223 0.611879
vt 0.721709 0.630726
vt 0.287183 0.468971
vt 0.295660 0.470003
vt 0.293745 0.486179
vt 0.285296 0.485156
vt 0.304138 0.471058
vt 0.302194 0.487223
vt 0.278943 0.611163
vt 0.287175 0.612112
vt 0.284861 0.631326
vt 0.276662 0.630401
vt 0.270715 0.610236
vt 0.268469 0.629505
vt 0.270208 0.466998
vt 0.278698 0.467969
vt 0.276841 0.484162
vt 0.268381 0.483196
vt 0.262492 0.609327
vt 0.260282 0.628628
vt 0.254274 0.608429
vt 0.252104 0.627759
vt 0.253219 0.465146
vt 0.261713 0.466057
vt 0.259918 0.482258
vt 0.251454 0.481347
vt 0.246059 0.607536
vt 0.243934 0.626887
vt 0.237848 0.606638
vt 0.235772 0.625999
vt 0.236236 0.463409
vt 0.244726 0.464264
vt 0.242991 0.480463
vt 0.234529 0.479603
vt 0.229632 0.605731
vt 0.227604 0.625084
vt 0.221395 0.604820
vt 0.219407 0.624153
vt 0.734286 0.461936
vt 0.742628 0.460096
vt 0.746192 0.475999
vt 0.737880 0.477838
vt 0.750978 0.458276
vt 0.754512 0.474180
vt 0.773715 0.598985
vt 0.781786 0.597151
vt 0.785963 0.616141
vt 0.777941 0.617987
vt 0.765652 0.600810
vt 0.769927 0.619810
vt 0.717611 0.465709
vt 0.725946 0.463808
vt 0.729571 0.479705
vt 0.721266 0.481600
vt 0.757586 0.602632
vt 0.761906 0.621615
vt 0.749518 0.604453
vt 0.753876 0.623411
vt 0.709283 0.467641
vt 0.712967 0.483523
vt 0.741447 0.606284
vt 0.745840 0.625211
vt 0.728939 0.890936
vt 0.736345 0.892585
vt 0.735782 0.894302
vt 0.728632 0.892753
vt 0.743673 0.894364
vt 0.743032 0.896045
vt 0.742451 0.897541
vt 0.735257 0.895848
vt 0.728337 0.894359
vt 0.292998 0.897727
vt 0.300266 0.895611
vt 0.300925 0.897366
vt 0.293723 0.899418
vt 0.307578 0.893597
vt 0.308007 0.895490
vt 0.308409 0.897169
vt 0.301533 0.898949
vt 0.294372 0.900926
vt 0.278712 0.903026
vt 0.285789 0.900196
vt 0.286535 0.901806
vt 0.279509 0.904639
vt 0.287197 0.903238
vt 0.280213 0.906067
vt 0.265516 0.910206
vt 0.271951 0.906414
vt 0.272789 0.908013
vt 0.266429 0.911855
vt 0.273529 0.909435
vt 0.267233 0.913327
vt 0.253513 0.919035
vt 0.259460 0.914450
vt 0.260441 0.916079
vt 0.254711 0.920521
vt 0.261310 0.917555
vt 0.255756 0.921853
vt 0.771549 0.905689
vt 0.777776 0.909708
vt 0.776841 0.911438
vt 0.770693 0.907415
vt 0.783916 0.914056
vt 0.782746 0.915677
vt 0.781722 0.917133
vt 0.776007 0.913005
vt 0.769933 0.908953
vt 0.758106 0.899040
vt 0.764977 0.902148
vt 0.764199 0.903801
vt 0.757378 0.900686
vt 0.763508 0.905268
vt 0.756729 0.902141
vt 0.750947 0.896513
vt 0.750273 0.898135
vt 0.749669 0.899575
vt 0.734702 0.897376
vt 0.727803 0.895876
vt 0.741881 0.898987
vt 0.741351 0.900335
vt 0.734179 0.898779
vt 0.727183 0.897286
vt 0.302158 0.900521
vt 0.295003 0.902388
vt 0.309057 0.898753
vt 0.309769 0.900221
vt 0.302750 0.901957
vt 0.295581 0.903749
vt 0.287846 0.904644
vt 0.280887 0.907440
vt 0.288433 0.905921
vt 0.281507 0.908715
vt 0.274248 0.910830
vt 0.268002 0.914752
vt 0.274898 0.912093
vt 0.268716 0.916073
vt 0.262143 0.919034
vt 0.256582 0.923307
vt 0.262898 0.920396
vt 0.257270 0.924747
vt 0.775194 0.914567
vt 0.769199 0.910439
vt 0.780927 0.918716
vt 0.780260 0.920263
vt 0.774465 0.916004
vt 0.768512 0.911809
vt 0.762830 0.906703
vt 0.756102 0.903538
vt 0.762216 0.908003
vt 0.755519 0.904831
vt 0.749073 0.900986
vt 0.748532 0.902268
vt 0.726657 0.898510
vt 0.733728 0.899976
vt 0.733581 0.900369
vt 0.726502 0.898919
vt 0.740906 0.901474
vt 0.740761 0.901846
vt 0.739739 0.904524
vt 0.732554 0.903211
vt 0.725452 0.901948
vt 0.296065 0.904901
vt 0.303252 0.903182
vt 0.303414 0.903584
vt 0.296221 0.905276
vt 0.310376 0.901496
vt 0.310557 0.901923
vt 0.311777 0.905079
vt 0.304538 0.906507
vt 0.297320 0.907993
vt 0.282027 0.909788
vt 0.288928 0.907016
vt 0.289089 0.907375
vt 0.282196 0.910138
vt 0.290229 0.909963
vt 0.283407 0.912648
vt 0.269318 0.917184
vt 0.275454 0.913171
vt 0.275637 0.913524
vt 0.269515 0.917545
vt 0.276953 0.916048
vt 0.270941 0.920127
vt 0.257877 0.925983
vt 0.263538 0.921557
vt 0.263748 0.921937
vt 0.258093 0.926379
vt 0.265290 0.924646
vt 0.259754 0.929226
vt 0.767929 0.912959
vt 0.773842 0.917224
vt 0.773636 0.917621
vt 0.767738 0.913333
vt 0.779672 0.921592
vt 0.779461 0.922019
vt 0.777821 0.925076
vt 0.772105 0.920459
vt 0.766340 0.916004
vt 0.755027 0.905919
vt 0.761686 0.909107
vt 0.761510 0.909468
vt 0.754867 0.906273
vt 0.760240 0.912050
vt 0.753716 0.908814
vt 0.748071 0.903364
vt 0.747920 0.903724
vt 0.746848 0.906310
vt 0.302003 0.926831
vt 0.307784 0.927358
vt 0.307232 0.929532
vt 0.302015 0.928698
vt 0.313885 0.929216
vt 0.312726 0.931856
vt 0.310675 0.935043
vt 0.306268 0.932408
vt 0.301962 0.931291
vt 0.291272 0.929385
vt 0.296491 0.927598
vt 0.297029 0.929517
vt 0.292155 0.931361
vt 0.297679 0.932103
vt 0.293289 0.933908
vt 0.282250 0.935773
vt 0.286480 0.932133
vt 0.287548 0.933813
vt 0.283619 0.937029
vt 0.289032 0.936022
vt 0.285571 0.938717
vt 0.275872 0.946419
vt 0.278746 0.940496
vt 0.280720 0.941534
vt 0.278658 0.947262
vt 0.283494 0.942720
vt 0.282444 0.947802
vt 0.754843 0.932012
vt 0.758159 0.936734
vt 0.756134 0.937736
vt 0.753416 0.933242
vt 0.760654 0.942591
vt 0.757884 0.943428
vt 0.754121 0.943945
vt 0.753307 0.938882
vt 0.751390 0.934894
vt 0.745944 0.925602
vt 0.750696 0.928359
vt 0.749569 0.930016
vt 0.744999 0.927551
vt 0.748003 0.932190
vt 0.743777 0.930059
vt 0.735182 0.922971
vt 0.740723 0.923792
vt 0.740128 0.925683
vt 0.735109 0.924811
vt 0.739395 0.928229
vt 0.735083 0.927370
vt 0.722896 0.925016
vt 0.729287 0.923379
vt 0.729777 0.925533
vt 0.724060 0.927662
vt 0.730670 0.928388
vt 0.726102 0.930870
vt 0.304964 0.935379
vt 0.301695 0.934129
vt 0.308165 0.938037
vt 0.298208 0.934871
vt 0.294458 0.936540
vt 0.290727 0.938262
vt 0.287847 0.940404
vt 0.286572 0.943707
vt 0.286381 0.947883
vt 0.750187 0.939830
vt 0.749039 0.936541
vt 0.750209 0.943988
vt 0.746219 0.934391
vt 0.742513 0.932649
vt 0.738776 0.930955
vt 0.735267 0.930173
vt 0.731911 0.931345
vt 0.728591 0.933895
vt 0.250536 0.914263
vt 0.256593 0.909619
vt 0.258370 0.912640
vt 0.252332 0.917275
vt 0.262822 0.905382
vt 0.264507 0.908395
vt 0.774031 0.900614
vt 0.780467 0.904557
vt 0.778807 0.907784
vt 0.772485 0.903788
vt 0.786794 0.908914
vt 0.785055 0.912157
vt 0.760222 0.894184
vt 0.767276 0.897180
vt 0.765846 0.900288
vt 0.758904 0.897221
vt 0.745526 0.889459
vt 0.752934 0.891650
vt 0.751698 0.894687
vt 0.744373 0.892517
vt 0.730494 0.885750
vt 0.738040 0.887553
vt 0.736971 0.890681
vt 0.729459 0.888961
vt 0.290856 0.892809
vt 0.298251 0.890482
vt 0.299528 0.893669
vt 0.292197 0.895872
vt 0.305674 0.888227
vt 0.306920 0.891555
vt 0.276350 0.898289
vt 0.283538 0.895388
vt 0.284948 0.898389
vt 0.277830 0.901248
vt 0.269423 0.901628
vt 0.271004 0.904618
vt 0.263309 0.921142
vt 0.257655 0.925543
vt 0.269104 0.916788
vt 0.774066 0.916788
vt 0.768137 0.912550
vt 0.779888 0.921118
vt 0.761877 0.908712
vt 0.755203 0.905532
vt 0.748236 0.902971
vt 0.741064 0.901068
vt 0.733889 0.899548
vt 0.726841 0.898070
vt 0.303073 0.902743
vt 0.295893 0.904490
vt 0.310163 0.901037
vt 0.288752 0.906623
vt 0.281842 0.909406
vt 0.275254 0.912785
vt 0.269891 0.931764
vt 0.264942 0.936929
vt 0.275026 0.926903
vt 0.279699 0.933090
vt 0.275491 0.938068
vt 0.271635 0.943926
vt 0.767389 0.927875
vt 0.762251 0.923010
vt 0.772348 0.933155
vt 0.765029 0.940161
vt 0.761534 0.934328
vt 0.757480 0.929344
vt 0.756673 0.918883
vt 0.750608 0.915632
vt 0.752774 0.925342
vt 0.747511 0.922317
vt 0.744105 0.913305
vt 0.737256 0.911864
vt 0.741747 0.920321
vt 0.735576 0.919326
vt 0.730177 0.911143
vt 0.723015 0.910711
vt 0.729026 0.919370
vt 0.722049 0.920217
vt 0.307055 0.914732
vt 0.299962 0.915491
vt 0.314306 0.914325
vt 0.314872 0.924339
vt 0.308144 0.923264
vt 0.301679 0.923128
vt 0.293124 0.917001
vt 0.286638 0.919406
vt 0.295530 0.924086
vt 0.289765 0.926073
vt 0.280591 0.922727
vt 0.284473 0.929098
vt 0.277954 0.940007
vt 0.274768 0.945997
vt 0.281671 0.935201
vt 0.758976 0.936263
vt 0.755447 0.931453
vt 0.761751 0.942163
vt 0.751165 0.927662
vt 0.746324 0.924818
vt 0.740976 0.922999
vt 0.735243 0.922167
vt 0.729147 0.922468
vt 0.722502 0.923911
vt 0.307955 0.926437
vt 0.301968 0.926015
vt 0.314270 0.928109
vt 0.296262 0.926794
vt 0.290916 0.928589
vt 0.286034 0.931426
vt 0.239703 0.897374
vt 0.244327 0.891359
vt 0.247212 0.894114
vt 0.241792 0.899741
vt 0.251089 0.885983
vt 0.254039 0.889820
vt 0.256768 0.894634
vt 0.250278 0.898861
vt 0.244524 0.903897
vt 0.784378 0.879919
vt 0.791561 0.884676
vt 0.788939 0.887817
vt 0.781775 0.884106
vt 0.796699 0.890170
vt 0.794774 0.892813
vt 0.792383 0.897563
vt 0.786181 0.892974
vt 0.779428 0.889213
vt 0.767959 0.874575
vt 0.775693 0.877061
vt 0.774169 0.881170
vt 0.766555 0.878556
vt 0.772179 0.886101
vt 0.764719 0.883364
vt 0.752520 0.870209
vt 0.760238 0.872300
vt 0.758887 0.876205
vt 0.751203 0.874068
vt 0.757149 0.880936
vt 0.749526 0.878759
vt 0.737195 0.866368
vt 0.744830 0.868257
vt 0.743535 0.872086
vt 0.735917 0.870167
vt 0.741894 0.876764
vt 0.734297 0.874836
vt 0.282257 0.873700
vt 0.289776 0.871064
vt 0.291452 0.874885
vt 0.283942 0.877507
vt 0.297201 0.868410
vt 0.298877 0.872250
vt 0.300963 0.876996
vt 0.293533 0.879573
vt 0.286039 0.882149
vt 0.267121 0.879310
vt 0.274693 0.876425
vt 0.276402 0.880235
vt 0.268877 0.883151
vt 0.278547 0.884860
vt 0.271111 0.887795
vt 0.259551 0.882412
vt 0.261404 0.886320
vt 0.263811 0.891026
vt 0.121576 0.752084
vt 0.123025 0.753714
vt 0.122571 0.754082
vt 0.120964 0.752592
vt 0.123875 0.754563
vt 0.123841 0.755043
vt 0.122395 0.759005
vt 0.120656 0.758354
vt 0.118523 0.757507
vt 0.896885 0.735312
vt 0.897645 0.734382
vt 0.898134 0.734702
vt 0.896967 0.735787
vt 0.898923 0.732613
vt 0.899584 0.733057
vt 0.902514 0.737703
vt 0.900477 0.738761
vt 0.898812 0.739584
vt 0.780887 0.742481
vt 0.789081 0.741569
vt 0.789288 0.743030
vt 0.781090 0.743890
vt 0.798300 0.740868
vt 0.797031 0.742318
vt 0.797563 0.747642
vt 0.789886 0.748119
vt 0.781708 0.748799
vt 0.764686 0.744421
vt 0.772761 0.743417
vt 0.772962 0.744787
vt 0.764888 0.745755
vt 0.773591 0.749556
vt 0.765526 0.750393
vt 0.748701 0.746826
vt 0.756664 0.745540
vt 0.756867 0.746834
vt 0.748891 0.748072
vt 0.757507 0.751332
vt 0.749519 0.752394
vt 0.255416 0.749056
vt 0.263503 0.749162
vt 0.263458 0.750470
vt 0.255378 0.750408
vt 0.271556 0.749408
vt 0.271502 0.750655
vt 0.271385 0.755004
vt 0.263366 0.755011
vt 0.255313 0.755098
vt 0.239129 0.749112
vt 0.247292 0.749053
vt 0.247261 0.750442
vt 0.239103 0.750540
vt 0.247225 0.755266
vt 0.239101 0.755506
vt 0.221690 0.749632
vt 0.230905 0.749204
vt 0.230890 0.750686
vt 0.223132 0.750920
vt 0.230941 0.755831
vt 0.223279 0.756277
vt 0.206524 0.744430
vt 0.213260 0.747926
vt 0.210703 0.748709
vt 0.205724 0.745397
vt 0.215476 0.750393
vt 0.211256 0.750838
vt 0.207929 0.749133
vt 0.204607 0.746289
vt 0.217079 0.751145
vt 0.217407 0.756783
vt 0.213176 0.757412
vt 0.212487 0.751564
vt 0.241510 0.891506
vt 0.244951 0.887687
vt 0.238399 0.896599
vt 0.236894 0.896172
vt 0.238694 0.892305
vt 0.240936 0.889253
vt 0.806518 0.738115
vt 0.809198 0.738588
vt 0.804613 0.740849
vt 0.812907 0.733796
vt 0.813826 0.734693
vt 0.815058 0.735481
vt 0.812047 0.738693
vt 0.808907 0.740783
vt 0.794380 0.884484
vt 0.797951 0.889224
vt 0.790618 0.881010
vt 0.794750 0.882139
vt 0.797266 0.884947
vt 0.799434 0.888603
vt 0.803104 0.741796
vt 0.803483 0.747440
vt 0.807761 0.741656
vt 0.807789 0.747567
vt 0.205830 0.749924
vt 0.203237 0.747072
vt 0.208517 0.751778
vt 0.203198 0.754087
vt 0.201210 0.751792
vt 0.199327 0.748430
vt 0.209493 0.752566
vt 0.210497 0.758047
vt 0.205001 0.759779
vt 0.203886 0.754967
vt 0.236397 0.892512
vt 0.238017 0.889626
vt 0.235218 0.896033
vt 0.230782 0.896513
vt 0.231284 0.892861
vt 0.232239 0.889938
vt 0.814255 0.739255
vt 0.811776 0.741407
vt 0.816535 0.736130
vt 0.820640 0.737083
vt 0.819124 0.740629
vt 0.817391 0.743127
vt 0.799583 0.884877
vt 0.801107 0.888255
vt 0.797694 0.882173
vt 0.803484 0.881821
vt 0.804723 0.884630
vt 0.805588 0.888210
vt 0.810890 0.742305
vt 0.810547 0.747890
vt 0.816803 0.744079
vt 0.816256 0.748995
vt 0.211568 0.700369
vt 0.219613 0.701379
vt 0.217414 0.721355
vt 0.209644 0.719635
vt 0.227587 0.702325
vt 0.225397 0.722355
vt 0.214813 0.744981
vt 0.222806 0.746043
vt 0.207368 0.742421
vt 0.786781 0.694711
vt 0.794601 0.692899
vt 0.799165 0.712362
vt 0.791329 0.714297
vt 0.802428 0.691004
vt 0.806739 0.709714
vt 0.804563 0.735380
vt 0.811838 0.731841
vt 0.796708 0.737461
vt 0.771057 0.698147
vt 0.778933 0.696451
vt 0.783355 0.715760
vt 0.775356 0.717142
vt 0.788585 0.738595
vt 0.780441 0.739606
vt 0.755243 0.701520
vt 0.763159 0.699828
vt 0.767357 0.718517
vt 0.759369 0.719927
vt 0.772323 0.740620
vt 0.764249 0.741697
vt 0.739391 0.705025
vt 0.747318 0.703246
vt 0.751401 0.721412
vt 0.743465 0.723013
vt 0.756229 0.742895
vt 0.748283 0.744288
vt 0.259612 0.705467
vt 0.267669 0.706245
vt 0.265814 0.724681
vt 0.257737 0.724172
vt 0.275739 0.707072
vt 0.273883 0.725303
vt 0.263620 0.746485
vt 0.271688 0.746864
vt 0.255519 0.746293
vt 0.243551 0.703962
vt 0.251571 0.704715
vt 0.249652 0.723729
vt 0.241564 0.723312
vt 0.247383 0.746215
vt 0.239214 0.746195
vt 0.235556 0.703177
vt 0.233476 0.722877
vt 0.231016 0.746176
vt 0.253651 0.904535
vt 0.247666 0.909268
vt 0.259984 0.900317
vt 0.783161 0.899104
vt 0.776589 0.895252
vt 0.789517 0.903492
vt 0.769634 0.891954
vt 0.762391 0.889076
vt 0.754966 0.886577
vt 0.747441 0.884378
vt 0.739869 0.882405
vt 0.732297 0.880515
vt 0.296038 0.885260
vt 0.288581 0.887734
vt 0.303475 0.882816
vt 0.281168 0.890393
vt 0.273861 0.893326
vt 0.266765 0.896618
vt 0.180420 0.751963
vt 0.180956 0.755735
vt 0.176949 0.756091
vt 0.176624 0.752286
vt 0.181419 0.758555
vt 0.177181 0.758950
vt 0.175649 0.759052
vt 0.175446 0.756190
vt 0.175161 0.752385
vt 0.181586 0.759617
vt 0.177265 0.760028
vt 0.182047 0.764587
vt 0.177599 0.765039
vt 0.176013 0.765163
vt 0.175720 0.760131
vt 0.209733 0.894065
vt 0.209606 0.896855
vt 0.205206 0.896640
vt 0.205749 0.894455
vt 0.209269 0.900380
vt 0.204010 0.899501
vt 0.202645 0.898849
vt 0.204193 0.896121
vt 0.204846 0.894518
vt 0.839764 0.745232
vt 0.839910 0.742383
vt 0.843968 0.742308
vt 0.844058 0.745169
vt 0.840026 0.738578
vt 0.843861 0.738498
vt 0.845337 0.738437
vt 0.845486 0.742243
vt 0.845604 0.745107
vt 0.827382 0.889734
vt 0.826692 0.886258
vt 0.831047 0.885588
vt 0.832524 0.888314
vt 0.826285 0.883491
vt 0.830286 0.883466
vt 0.831191 0.883435
vt 0.832002 0.884966
vt 0.833817 0.887525
vt 0.839806 0.751315
vt 0.839717 0.746303
vt 0.844094 0.746246
vt 0.844312 0.751283
vt 0.845653 0.746189
vt 0.845914 0.751234
vt 0.181746 0.853136
vt 0.184426 0.850726
vt 0.192401 0.868872
vt 0.189207 0.870578
vt 0.185598 0.846524
vt 0.194811 0.867636
vt 0.201296 0.886037
vt 0.198887 0.887302
vt 0.195753 0.889080
vt 0.845273 0.833382
vt 0.846879 0.837463
vt 0.840921 0.856491
vt 0.838401 0.855507
vt 0.849787 0.839590
vt 0.844271 0.857865
vt 0.839682 0.877067
vt 0.836385 0.875615
vt 0.833861 0.874602
vt 0.827926 0.872897
vt 0.832581 0.853730
vt 0.837190 0.855086
vt 0.832628 0.874166
vt 0.838120 0.834067
vt 0.842945 0.835329
vt 0.796034 0.869324
vt 0.800449 0.848567
vt 0.803109 0.848948
vt 0.798691 0.869705
vt 0.804543 0.829029
vt 0.807298 0.829369
vt 0.813058 0.830081
vt 0.808656 0.849695
vt 0.804265 0.870251
vt 0.786320 0.867207
vt 0.790743 0.847013
vt 0.796333 0.847940
vt 0.791921 0.868547
vt 0.794556 0.827766
vt 0.800299 0.828500
vt 0.779345 0.825734
vt 0.787196 0.826794
vt 0.783542 0.845714
vt 0.775828 0.844242
vt 0.779086 0.865277
vt 0.771368 0.863216
vt 0.763648 0.823617
vt 0.771497 0.824673
vt 0.768075 0.842766
vt 0.760300 0.841305
vt 0.763620 0.861228
vt 0.755868 0.859337
vt 0.747946 0.821470
vt 0.755798 0.822558
vt 0.752521 0.839866
vt 0.744754 0.838441
vt 0.748138 0.857540
vt 0.740449 0.855820
vt 0.265976 0.827946
vt 0.273637 0.825954
vt 0.278925 0.842998
vt 0.271351 0.845319
vt 0.281276 0.823896
vt 0.286467 0.840638
vt 0.292783 0.857834
vt 0.285321 0.860422
vt 0.277787 0.863006
vt 0.250612 0.831838
vt 0.258299 0.829903
vt 0.263762 0.847620
vt 0.256179 0.849905
vt 0.270210 0.865635
vt 0.262625 0.868338
vt 0.235663 0.835522
vt 0.242914 0.833753
vt 0.248622 0.852156
vt 0.241547 0.854196
vt 0.255066 0.871113
vt 0.247998 0.873712
vt 0.225821 0.837855
vt 0.230004 0.836872
vt 0.236046 0.855700
vt 0.231991 0.856754
vt 0.242514 0.875597
vt 0.238473 0.876792
vt 0.217428 0.839812
vt 0.223105 0.838488
vt 0.229369 0.857412
vt 0.223899 0.858739
vt 0.235854 0.877450
vt 0.230342 0.878586
vt 0.188132 0.848199
vt 0.195975 0.867094
vt 0.192819 0.846437
vt 0.200429 0.865269
vt 0.207031 0.883729
vt 0.202479 0.885476
vt 0.173113 0.756306
vt 0.172882 0.752501
vt 0.173274 0.759172
vt 0.170357 0.759259
vt 0.170240 0.756387
vt 0.170068 0.752579
vt 0.173330 0.760255
vt 0.173559 0.765312
vt 0.170549 0.765424
vt 0.170396 0.760345
vt 0.179356 0.845280
vt 0.180002 0.842465
vt 0.178207 0.848600
vt 0.176400 0.847834
vt 0.176126 0.844690
vt 0.175834 0.842163
vt 0.847838 0.742104
vt 0.847997 0.744973
vt 0.847633 0.738299
vt 0.850465 0.738064
vt 0.850727 0.741871
vt 0.850929 0.744744
vt 0.851291 0.831456
vt 0.852767 0.834647
vt 0.850359 0.828716
vt 0.854435 0.827964
vt 0.854403 0.830513
vt 0.854447 0.833671
vt 0.848060 0.746056
vt 0.848388 0.751117
vt 0.851009 0.745829
vt 0.851412 0.750905
vt 0.167118 0.756398
vt 0.167000 0.752587
vt 0.167193 0.759277
vt 0.164547 0.759231
vt 0.164501 0.756349
vt 0.164422 0.752536
vt 0.167216 0.760366
vt 0.167290 0.765457
vt 0.164566 0.765416
vt 0.164559 0.760322
vt 0.172789 0.845451
vt 0.171646 0.843005
vt 0.174383 0.848434
vt 0.173116 0.849461
vt 0.170420 0.846983
vt 0.167920 0.844909
vt 0.853859 0.741544
vt 0.854101 0.744420
vt 0.853549 0.737736
vt 0.856138 0.737407
vt 0.856478 0.741214
vt 0.856746 0.744091
vt 0.857759 0.830905
vt 0.856473 0.834035
vt 0.858649 0.828354
vt 0.862515 0.829857
vt 0.860237 0.832171
vt 0.857803 0.834908
vt 0.854196 0.745507
vt 0.854675 0.750592
vt 0.856853 0.745178
vt 0.857392 0.750265
vt 0.202579 0.894671
vt 0.200333 0.897147
vt 0.204386 0.893051
vt 0.833461 0.883353
vt 0.831500 0.881925
vt 0.835945 0.885591
vt 0.826289 0.881045
vt 0.830442 0.881445
vt 0.794308 0.879077
vt 0.797213 0.879385
vt 0.803112 0.879313
vt 0.784106 0.876074
vt 0.789914 0.877944
vt 0.776747 0.873710
vt 0.769012 0.871342
vt 0.761270 0.869139
vt 0.753536 0.867096
vt 0.745832 0.865178
vt 0.738186 0.863328
vt 0.288456 0.868000
vt 0.280932 0.870635
vt 0.295888 0.865349
vt 0.273360 0.873344
vt 0.265772 0.876191
vt 0.258194 0.879210
vt 0.251029 0.882201
vt 0.245386 0.884616
vt 0.241102 0.886200
vt 0.238238 0.886826
vt 0.232366 0.887415
vt 0.205390 0.892465
vt 0.209482 0.891637
vt 0.163149 0.756303
vt 0.163086 0.752489
vt 0.163181 0.759186
vt 0.161822 0.759126
vt 0.161800 0.756246
vt 0.161752 0.752432
vt 0.163187 0.760276
vt 0.163161 0.765369
vt 0.161709 0.765306
vt 0.161821 0.760215
vt 0.180086 0.894730
vt 0.181608 0.895243
vt 0.181392 0.895828
vt 0.179447 0.894862
vt 0.184717 0.896276
vt 0.184487 0.897018
vt 0.183741 0.898642
vt 0.180677 0.897061
vt 0.178617 0.895757
vt 0.857829 0.741026
vt 0.858109 0.743901
vt 0.857478 0.737221
vt 0.858814 0.737025
vt 0.859176 0.740828
vt 0.859464 0.743700
vt 0.850209 0.881812
vt 0.853240 0.880716
vt 0.853471 0.881290
vt 0.850482 0.882522
vt 0.854738 0.880161
vt 0.855379 0.880288
vt 0.856203 0.881092
vt 0.854227 0.882511
vt 0.851252 0.884135
vt 0.858222 0.744988
vt 0.858792 0.750072
vt 0.859580 0.744787
vt 0.860236 0.749856
vt 0.873997 0.790113
vt 0.877135 0.789746
vt 0.877814 0.792342
vt 0.874779 0.793465
vt 0.880694 0.789223
vt 0.881017 0.790554
vt 0.882223 0.791606
vt 0.879695 0.794279
vt 0.877028 0.796574
vt 0.862862 0.796574
vt 0.862863 0.794168
vt 0.864569 0.794065
vt 0.864550 0.796489
vt 0.862780 0.791260
vt 0.864491 0.791138
vt 0.866353 0.790986
vt 0.866559 0.793926
vt 0.866719 0.796363
vt 0.855731 0.796779
vt 0.855705 0.794418
vt 0.859586 0.794318
vt 0.859603 0.796701
vt 0.855620 0.791557
vt 0.859498 0.791435
vt 0.849318 0.796738
vt 0.849289 0.794403
vt 0.852158 0.794438
vt 0.852187 0.796784
vt 0.849214 0.791571
vt 0.852078 0.791593
vt 0.842332 0.796449
vt 0.842314 0.794145
vt 0.847446 0.794358
vt 0.847473 0.796684
vt 0.842258 0.791345
vt 0.847375 0.791534
vt 0.808395 0.793503
vt 0.808458 0.791282
vt 0.811229 0.791526
vt 0.811173 0.793754
vt 0.808511 0.788568
vt 0.811274 0.788804
vt 0.817047 0.789322
vt 0.817020 0.792058
vt 0.816979 0.794299
vt 0.798321 0.792674
vt 0.798404 0.790484
vt 0.804196 0.790926
vt 0.804124 0.793135
vt 0.798477 0.787810
vt 0.804261 0.788227
vt 0.783035 0.786974
vt 0.790999 0.787355
vt 0.790919 0.789990
vt 0.782954 0.789560
vt 0.790841 0.792147
vt 0.782872 0.791678
vt 0.767115 0.786512
vt 0.775076 0.786699
vt 0.774997 0.789227
vt 0.767039 0.788977
vt 0.774916 0.791299
vt 0.766961 0.790998
vt 0.751159 0.786340
vt 0.759144 0.786400
vt 0.759070 0.788797
vt 0.751087 0.788675
vt 0.758995 0.790764
vt 0.751013 0.790591
vt 0.258153 0.791261
vt 0.266048 0.790136
vt 0.266405 0.792522
vt 0.258523 0.793711
vt 0.273958 0.789030
vt 0.274299 0.791355
vt 0.274590 0.793262
vt 0.266710 0.794477
vt 0.258842 0.795717
vt 0.242404 0.793657
vt 0.250273 0.792428
vt 0.250655 0.794938
vt 0.242794 0.796221
vt 0.250983 0.796993
vt 0.243129 0.798319
vt 0.227166 0.796281
vt 0.234539 0.794968
vt 0.234933 0.797580
vt 0.227556 0.798930
vt 0.235272 0.799716
vt 0.227894 0.801096
vt 0.217287 0.798167
vt 0.221469 0.797352
vt 0.221849 0.800024
vt 0.217654 0.800855
vt 0.222178 0.802209
vt 0.217974 0.803052
vt 0.208891 0.799859
vt 0.214568 0.798708
vt 0.214927 0.801404
vt 0.209232 0.802570
vt 0.215240 0.803609
vt 0.209529 0.804788
vt 0.177172 0.805537
vt 0.178997 0.805307
vt 0.179235 0.808113
vt 0.177407 0.808351
vt 0.184062 0.804580
vt 0.184315 0.807362
vt 0.184550 0.809648
vt 0.179462 0.810422
vt 0.177633 0.810668
vt 0.170803 0.806190
vt 0.174328 0.805857
vt 0.174558 0.808685
vt 0.171029 0.809034
vt 0.174784 0.811014
vt 0.171259 0.811376
vt 0.163654 0.806632
vt 0.166935 0.806470
vt 0.167160 0.809335
vt 0.163886 0.809522
vt 0.167400 0.811698
vt 0.164146 0.811906
vt 0.160073 0.806725
vt 0.161940 0.806687
vt 0.162180 0.809594
vt 0.160187 0.809658
vt 0.162460 0.811993
vt 0.160291 0.812088
vt 0.145631 0.806421
vt 0.149224 0.806583
vt 0.148843 0.809209
vt 0.145473 0.807756
vt 0.152382 0.806632
vt 0.151974 0.810022
vt 0.150084 0.813316
vt 0.147196 0.811301
vt 0.144407 0.808901
vt 0.117417 0.816405
vt 0.119202 0.817557
vt 0.118825 0.818079
vt 0.116926 0.817099
vt 0.120209 0.818143
vt 0.120282 0.818641
vt 0.119903 0.821633
vt 0.118111 0.821387
vt 0.115900 0.821022
vt 0.907478 0.798553
vt 0.908418 0.797892
vt 0.908839 0.798385
vt 0.907452 0.799057
vt 0.910090 0.796596
vt 0.910643 0.797251
vt 0.911983 0.801113
vt 0.909806 0.801664
vt 0.908033 0.802069
vt 0.862696 0.802110
vt 0.862839 0.797977
vt 0.864514 0.797902
vt 0.864330 0.802100
vt 0.866715 0.797793
vt 0.866401 0.802044
vt 0.855680 0.802054
vt 0.855729 0.798153
vt 0.859594 0.798089
vt 0.859509 0.802087
vt 0.849281 0.802074
vt 0.849322 0.798095
vt 0.852191 0.798149
vt 0.852151 0.802073
vt 0.842281 0.801728
vt 0.842331 0.797787
vt 0.847475 0.798035
vt 0.847433 0.802023
vt 0.808180 0.798547
vt 0.808350 0.794787
vt 0.811132 0.795042
vt 0.810972 0.798814
vt 0.816947 0.795595
vt 0.816811 0.799392
vt 0.798077 0.797649
vt 0.798266 0.793940
vt 0.804074 0.794412
vt 0.803892 0.798153
vt 0.790789 0.793395
vt 0.782817 0.792903
vt 0.790597 0.797054
vt 0.782626 0.796497
vt 0.774862 0.792498
vt 0.766910 0.792168
vt 0.774676 0.796017
vt 0.766732 0.795603
vt 0.758947 0.791902
vt 0.750964 0.791700
vt 0.758780 0.795247
vt 0.750807 0.794951
vt 0.266892 0.795610
vt 0.259032 0.796879
vt 0.274762 0.794365
vt 0.275292 0.797602
vt 0.267454 0.798933
vt 0.259618 0.800286
vt 0.251180 0.798182
vt 0.243330 0.799533
vt 0.251784 0.801667
vt 0.243947 0.803089
vt 0.235475 0.800951
vt 0.228096 0.802347
vt 0.236099 0.804568
vt 0.228720 0.806011
vt 0.222377 0.803471
vt 0.218167 0.804321
vt 0.222991 0.807165
vt 0.218769 0.808033
vt 0.215429 0.804882
vt 0.209708 0.806070
vt 0.216021 0.808607
vt 0.210275 0.809820
vt 0.179608 0.811761
vt 0.177777 0.812015
vt 0.184699 0.810973
vt 0.185181 0.814874
vt 0.180083 0.815710
vt 0.178248 0.815954
vt 0.174928 0.812367
vt 0.171409 0.812738
vt 0.175392 0.816252
vt 0.171877 0.816599
vt 0.167558 0.813073
vt 0.164321 0.813294
vt 0.168071 0.817028
vt 0.164904 0.817376
vt 0.162647 0.813390
vt 0.160449 0.813504
vt 0.163277 0.817532
vt 0.161213 0.817686
vt 0.140618 0.802905
vt 0.143003 0.800324
vt 0.147974 0.803841
vt 0.144868 0.805058
vt 0.146824 0.798872
vt 0.151244 0.803104
vt 0.878666 0.781784
vt 0.882613 0.782842
vt 0.878068 0.786871
vt 0.874738 0.786467
vt 0.885249 0.785172
vt 0.881285 0.787770
vt 0.862593 0.788338
vt 0.864298 0.788204
vt 0.862354 0.785878
vt 0.864036 0.785736
vt 0.866206 0.785508
vt 0.866295 0.788016
vt 0.855471 0.788673
vt 0.859328 0.788533
vt 0.855297 0.786239
vt 0.859123 0.786085
vt 0.849096 0.788714
vt 0.851946 0.788724
vt 0.848963 0.786304
vt 0.851796 0.786302
vt 0.842168 0.788515
vt 0.847263 0.788685
vt 0.842069 0.786126
vt 0.847140 0.786280
vt 0.808541 0.785808
vt 0.811296 0.786036
vt 0.808549 0.783464
vt 0.811296 0.783686
vt 0.817034 0.784185
vt 0.817050 0.786542
vt 0.798529 0.785090
vt 0.804304 0.785482
vt 0.798560 0.782780
vt 0.804323 0.783150
vt 0.783127 0.782122
vt 0.791086 0.782405
vt 0.791059 0.784677
vt 0.783094 0.784349
vt 0.767203 0.781893
vt 0.775167 0.781958
vt 0.775135 0.784133
vt 0.767172 0.784012
vt 0.751249 0.781975
vt 0.759231 0.781909
vt 0.759200 0.783968
vt 0.751215 0.783975
vt 0.257513 0.786667
vt 0.265431 0.785666
vt 0.265706 0.787716
vt 0.257798 0.788775
vt 0.273369 0.784677
vt 0.273631 0.786672
vt 0.241728 0.788838
vt 0.249613 0.787717
vt 0.249907 0.789880
vt 0.242029 0.791050
vt 0.226488 0.791293
vt 0.233855 0.790055
vt 0.234160 0.792311
vt 0.226791 0.793585
vt 0.216655 0.793105
vt 0.220813 0.792317
vt 0.221105 0.794631
vt 0.216936 0.795431
vt 0.208314 0.794762
vt 0.213954 0.793632
vt 0.214227 0.795964
vt 0.208569 0.797103
vt 0.176844 0.800289
vt 0.178652 0.800074
vt 0.178794 0.802471
vt 0.176977 0.802692
vt 0.183672 0.799386
vt 0.183838 0.801765
vt 0.170544 0.800885
vt 0.174029 0.800583
vt 0.174145 0.803000
vt 0.170637 0.803315
vt 0.163493 0.801257
vt 0.166726 0.801129
vt 0.166788 0.803576
vt 0.163522 0.803718
vt 0.159623 0.801285
vt 0.161806 0.801289
vt 0.161813 0.803761
vt 0.159808 0.803779
vt 0.153037 0.751868
vt 0.153034 0.755547
vt 0.140809 0.753974
vt 0.140750 0.750701
vt 0.153034 0.758327
vt 0.140847 0.756446
vt 0.128984 0.754791
vt 0.128702 0.752707
vt 0.128220 0.749961
vt 0.153028 0.759388
vt 0.140850 0.757416
vt 0.152459 0.764426
vt 0.140323 0.762426
vt 0.128531 0.760489
vt 0.129049 0.755649
vt 0.131292 0.796063
vt 0.132498 0.794007
vt 0.129607 0.798801
vt 0.118536 0.794282
vt 0.120243 0.792130
vt 0.121431 0.790445
vt 0.868172 0.742009
vt 0.867884 0.739241
vt 0.879940 0.736437
vt 0.880155 0.738901
vt 0.867507 0.735580
vt 0.879667 0.733174
vt 0.892089 0.731170
vt 0.891886 0.733952
vt 0.891817 0.736055
vt 0.893784 0.777391
vt 0.895739 0.779948
vt 0.892375 0.775466
vt 0.903006 0.770795
vt 0.904359 0.772353
vt 0.906275 0.774323
vt 0.869386 0.748025
vt 0.868289 0.743065
vt 0.880252 0.739868
vt 0.881294 0.744801
vt 0.891840 0.736916
vt 0.892851 0.741680
vt 0.144962 0.812459
vt 0.142809 0.809657
vt 0.146411 0.814710
vt 0.143918 0.815349
vt 0.142737 0.813102
vt 0.141032 0.810162
vt 0.150528 0.814663
vt 0.146904 0.815680
vt 0.151929 0.818713
vt 0.148171 0.819430
vt 0.145386 0.819946
vt 0.144337 0.816293
vt 0.173893 0.899648
vt 0.175807 0.901671
vt 0.171574 0.904910
vt 0.169829 0.902826
vt 0.178360 0.904242
vt 0.173864 0.907589
vt 0.169977 0.910540
vt 0.167837 0.907901
vt 0.166205 0.905850
vt 0.882060 0.795223
vt 0.880850 0.797611
vt 0.883914 0.792215
vt 0.885754 0.792552
vt 0.884357 0.795653
vt 0.883409 0.798009
vt 0.857007 0.889566
vt 0.859389 0.886820
vt 0.863883 0.889724
vt 0.861799 0.892568
vt 0.861179 0.884668
vt 0.865477 0.887516
vt 0.869339 0.890240
vt 0.867862 0.892410
vt 0.865929 0.895207
vt 0.875765 0.802144
vt 0.876730 0.797963
vt 0.880461 0.798627
vt 0.879597 0.802490
vt 0.883088 0.798991
vt 0.882439 0.802732
vt 0.123866 0.753303
vt 0.122609 0.751365
vt 0.124641 0.754757
vt 0.124797 0.755429
vt 0.123616 0.759409
vt 0.116336 0.789700
vt 0.117595 0.788737
vt 0.114389 0.790837
vt 0.113777 0.789733
vt 0.115725 0.788956
vt 0.116813 0.788533
vt 0.896766 0.734057
vt 0.896142 0.735582
vt 0.897821 0.732001
vt 0.907997 0.769538
vt 0.910049 0.770474
vt 0.906647 0.768707
vt 0.907404 0.768425
vt 0.908529 0.768737
vt 0.910547 0.769314
vt 0.896054 0.736267
vt 0.897637 0.740109
vt 0.121647 0.813406
vt 0.122968 0.815699
vt 0.119915 0.816969
vt 0.118208 0.815502
vt 0.123843 0.817468
vt 0.120994 0.818116
vt 0.124141 0.818279
vt 0.121304 0.818754
vt 0.124625 0.821694
vt 0.121163 0.821733
vt 0.124125 0.843040
vt 0.123184 0.844741
vt 0.120125 0.843460
vt 0.121185 0.842316
vt 0.121757 0.846938
vt 0.118417 0.844879
vt 0.117652 0.843971
vt 0.119407 0.842871
vt 0.120383 0.842242
vt 0.903746 0.798239
vt 0.904454 0.796389
vt 0.907653 0.797363
vt 0.906700 0.798585
vt 0.905553 0.793979
vt 0.909214 0.795756
vt 0.908516 0.827476
vt 0.906899 0.825413
vt 0.909824 0.823862
vt 0.911651 0.825126
vt 0.905808 0.823800
vt 0.908666 0.822816
vt 0.909457 0.822670
vt 0.910485 0.823212
vt 0.912330 0.824153
vt 0.903344 0.802505
vt 0.903522 0.799081
vt 0.906467 0.799234
vt 0.906776 0.802287
vt 0.138824 0.816137
vt 0.139154 0.817075
vt 0.131542 0.817611
vt 0.131254 0.816708
vt 0.140067 0.820656
vt 0.132328 0.821186
vt 0.136781 0.810890
vt 0.137950 0.813893
vt 0.130509 0.814595
vt 0.129493 0.811780
vt 0.888597 0.798306
vt 0.889242 0.795984
vt 0.896773 0.795983
vt 0.896234 0.798161
vt 0.890102 0.792876
vt 0.897509 0.793080
vt 0.887829 0.802928
vt 0.888362 0.799272
vt 0.896031 0.799089
vt 0.895619 0.802725
vt 0.894503 0.831999
vt 0.892176 0.829923
vt 0.899451 0.827476
vt 0.901060 0.829943
vt 0.889406 0.828352
vt 0.898323 0.825620
vt 0.140934 0.846037
vt 0.138318 0.847853
vt 0.130812 0.846111
vt 0.131767 0.844163
vt 0.136191 0.850129
vt 0.129433 0.848710
vt 0.169501 0.848661
vt 0.166960 0.847508
vt 0.172593 0.850530
vt 0.172302 0.851906
vt 0.168976 0.850587
vt 0.166424 0.849839
vt 0.164329 0.845177
vt 0.166157 0.845151
vt 0.165779 0.847373
vt 0.164090 0.847315
vt 0.165349 0.849700
vt 0.163776 0.849634
vt 0.861298 0.833735
vt 0.858408 0.835905
vt 0.863706 0.832334
vt 0.864452 0.834588
vt 0.861991 0.835587
vt 0.858814 0.837232
vt 0.864288 0.829920
vt 0.864863 0.832082
vt 0.866091 0.829745
vt 0.866540 0.831848
vt 0.867069 0.834125
vt 0.865505 0.834342
vt 0.140991 0.850089
vt 0.138268 0.851217
vt 0.143474 0.849056
vt 0.144120 0.851739
vt 0.141577 0.852009
vt 0.138450 0.852170
vt 0.146746 0.846600
vt 0.151261 0.846240
vt 0.151733 0.848351
vt 0.147563 0.848797
vt 0.156412 0.845707
vt 0.156472 0.847813
vt 0.156501 0.850136
vt 0.152090 0.850684
vt 0.148198 0.851205
vt 0.874002 0.829498
vt 0.879171 0.829535
vt 0.878905 0.831684
vt 0.874144 0.831601
vt 0.883690 0.829465
vt 0.883092 0.831736
vt 0.882691 0.834200
vt 0.878774 0.834044
vt 0.874338 0.833916
vt 0.889746 0.832415
vt 0.887179 0.831612
vt 0.892561 0.833293
vt 0.892483 0.834273
vt 0.889353 0.834395
vt 0.886797 0.834357
vt 0.141128 0.853923
vt 0.138097 0.853128
vt 0.143682 0.854453
vt 0.141492 0.857954
vt 0.138681 0.856642
vt 0.136236 0.854732
vt 0.889988 0.836275
vt 0.887494 0.837033
vt 0.892936 0.835210
vt 0.894955 0.836665
vt 0.892689 0.838785
vt 0.890006 0.840343
vt 0.879282 0.836317
vt 0.874650 0.836120
vt 0.883407 0.836601
vt 0.884302 0.838731
vt 0.879874 0.838284
vt 0.874913 0.837999
vt 0.865967 0.836449
vt 0.864923 0.836657
vt 0.867483 0.836261
vt 0.867740 0.838062
vt 0.866235 0.838215
vt 0.865187 0.838382
vt 0.862403 0.837406
vt 0.859051 0.838648
vt 0.862619 0.838962
vt 0.859172 0.839921
vt 0.168731 0.852451
vt 0.166146 0.851955
vt 0.172191 0.853353
vt 0.172183 0.854643
vt 0.168658 0.854031
vt 0.166043 0.853706
vt 0.165086 0.851853
vt 0.163560 0.851807
vt 0.164983 0.853643
vt 0.163472 0.853631
vt 0.151800 0.852992
vt 0.147714 0.853654
vt 0.156401 0.852361
vt 0.156317 0.854258
vt 0.151396 0.855003
vt 0.147023 0.855850
vt 0.119431 0.864606
vt 0.121149 0.865216
vt 0.120865 0.865910
vt 0.119091 0.865509
vt 0.122137 0.865561
vt 0.122268 0.866078
vt 0.122417 0.868416
vt 0.120822 0.868534
vt 0.118923 0.868622
vt 0.909988 0.846273
vt 0.910942 0.845843
vt 0.911286 0.846511
vt 0.909903 0.846800
vt 0.912602 0.845087
vt 0.913019 0.845958
vt 0.913458 0.849049
vt 0.911557 0.849125
vt 0.909957 0.849146
vt 0.880082 0.839681
vt 0.875023 0.839334
vt 0.884577 0.840221
vt 0.884557 0.843568
vt 0.880141 0.842884
vt 0.875089 0.842392
vt 0.866361 0.839459
vt 0.865308 0.839595
vt 0.867865 0.839332
vt 0.867999 0.842199
vt 0.866492 0.842255
vt 0.865428 0.842327
vt 0.862715 0.840067
vt 0.859234 0.840840
vt 0.862790 0.842596
vt 0.859231 0.843020
vt 0.168664 0.855147
vt 0.166033 0.854930
vt 0.172205 0.855571
vt 0.172407 0.857759
vt 0.168822 0.857688
vt 0.166165 0.857673
vt 0.164970 0.854896
vt 0.163466 0.854914
vt 0.165095 0.857703
vt 0.163588 0.857785
vt 0.151320 0.856411
vt 0.146888 0.857354
vt 0.156335 0.855598
vt 0.156557 0.858652
vt 0.151560 0.859601
vt 0.147218 0.860676
vt 0.141994 0.888106
vt 0.144859 0.886574
vt 0.145124 0.888468
vt 0.142019 0.889263
vt 0.147273 0.885161
vt 0.147746 0.887715
vt 0.147272 0.891789
vt 0.144242 0.892138
vt 0.141142 0.891876
vt 0.886647 0.868048
vt 0.889167 0.869258
vt 0.889058 0.871184
vt 0.886385 0.870649
vt 0.892150 0.870548
vt 0.892218 0.871720
vt 0.893300 0.874281
vt 0.890230 0.874796
vt 0.887182 0.874694
vt 0.872349 0.862448
vt 0.877525 0.864213
vt 0.877301 0.866072
vt 0.871907 0.864113
vt 0.882278 0.866108
vt 0.882239 0.868257
vt 0.882374 0.870327
vt 0.877219 0.867788
vt 0.871517 0.865590
vt 0.862513 0.859992
vt 0.863618 0.860212
vt 0.863110 0.861718
vt 0.862005 0.861483
vt 0.865169 0.860549
vt 0.864660 0.862077
vt 0.864179 0.863421
vt 0.862631 0.863044
vt 0.861526 0.862798
vt 0.856142 0.858826
vt 0.859767 0.859484
vt 0.859260 0.860939
vt 0.855641 0.860233
vt 0.858783 0.862228
vt 0.855167 0.861488
vt 0.170715 0.875099
vt 0.173408 0.874348
vt 0.174044 0.875765
vt 0.171354 0.876548
vt 0.176957 0.873356
vt 0.177585 0.874731
vt 0.178172 0.875958
vt 0.174636 0.877021
vt 0.171946 0.877825
vt 0.168111 0.875887
vt 0.169631 0.875415
vt 0.170270 0.876878
vt 0.168752 0.877371
vt 0.170864 0.878164
vt 0.169348 0.878673
vt 0.151479 0.882869
vt 0.156074 0.880588
vt 0.156456 0.882417
vt 0.151696 0.884998
vt 0.161101 0.878398
vt 0.161689 0.880021
vt 0.162208 0.881462
vt 0.156680 0.884116
vt 0.151727 0.887063
vt 0.139724 0.886396
vt 0.141208 0.883608
vt 0.143931 0.885110
vt 0.141633 0.887204
vt 0.143195 0.881128
vt 0.146014 0.883135
vt 0.890367 0.863651
vt 0.892556 0.865957
vt 0.889970 0.867707
vt 0.887731 0.865908
vt 0.894272 0.868614
vt 0.892436 0.869604
vt 0.873359 0.859549
vt 0.879153 0.861344
vt 0.878334 0.862619
vt 0.872896 0.860858
vt 0.884505 0.863129
vt 0.883353 0.864452
vt 0.863324 0.857335
vt 0.864429 0.857520
vt 0.864078 0.858737
vt 0.862973 0.858535
vt 0.865979 0.857810
vt 0.865629 0.859049
vt 0.856934 0.856355
vt 0.860575 0.856908
vt 0.860225 0.858069
vt 0.856593 0.857465
vt 0.169670 0.872508
vt 0.172369 0.871831
vt 0.172824 0.872966
vt 0.170127 0.873679
vt 0.175941 0.870937
vt 0.176383 0.872025
vt 0.167065 0.873219
vt 0.168584 0.872792
vt 0.169042 0.873979
vt 0.167521 0.874428
vt 0.149002 0.880102
vt 0.154200 0.877874
vt 0.155129 0.879072
vt 0.150266 0.881317
vt 0.159836 0.875594
vt 0.160414 0.876859
vt 0.134413 0.909223
vt 0.136136 0.908636
vt 0.136308 0.909322
vt 0.134665 0.910093
vt 0.137114 0.908279
vt 0.137506 0.908588
vt 0.139065 0.910477
vt 0.137898 0.911575
vt 0.136470 0.912831
vt 0.898635 0.890400
vt 0.899627 0.890682
vt 0.899504 0.891384
vt 0.898269 0.890741
vt 0.901384 0.891139
vt 0.901195 0.892032
vt 0.899571 0.894911
vt 0.898055 0.893758
vt 0.896806 0.892747
vt 0.876917 0.868928
vt 0.871163 0.866622
vt 0.882041 0.871606
vt 0.880294 0.874394
vt 0.875568 0.871666
vt 0.870045 0.869241
vt 0.862272 0.863988
vt 0.861169 0.863734
vt 0.863818 0.864375
vt 0.862827 0.866844
vt 0.861291 0.866437
vt 0.860191 0.866171
vt 0.858427 0.863149
vt 0.854815 0.862390
vt 0.857450 0.865564
vt 0.853828 0.864780
vt 0.175073 0.877917
vt 0.172383 0.878733
vt 0.178607 0.876840
vt 0.179810 0.879176
vt 0.176262 0.880267
vt 0.173567 0.881093
vt 0.171301 0.879077
vt 0.169789 0.879596
vt 0.172485 0.881444
vt 0.170976 0.881974
vt 0.157076 0.885224
vt 0.152162 0.888305
vt 0.162653 0.882463
vt 0.164007 0.884989
vt 0.158642 0.887834
vt 0.154123 0.890931
vt 0.131598 0.860003
vt 0.129840 0.857729
vt 0.132823 0.861737
vt 0.125524 0.864226
vt 0.124358 0.862823
vt 0.122656 0.861045
vt 0.140907 0.859604
vt 0.133264 0.862616
vt 0.141533 0.862625
vt 0.134132 0.865251
vt 0.126848 0.867477
vt 0.125998 0.865002
vt 0.134686 0.883330
vt 0.135216 0.881256
vt 0.133907 0.886110
vt 0.127147 0.885721
vt 0.128071 0.883452
vt 0.128632 0.881731
vt 0.900065 0.841538
vt 0.898996 0.843375
vt 0.901617 0.839118
vt 0.909076 0.841812
vt 0.907535 0.843732
vt 0.906495 0.845232
vt 0.899028 0.865100
vt 0.900041 0.867805
vt 0.898322 0.863075
vt 0.904921 0.862974
vt 0.905628 0.864641
vt 0.906743 0.866825
vt 0.890392 0.845015
vt 0.890741 0.841941
vt 0.898635 0.844290
vt 0.898004 0.846997
vt 0.906090 0.846048
vt 0.905460 0.848591
vt 0.140548 0.898707
vt 0.137792 0.897938
vt 0.142534 0.899371
vt 0.138815 0.905305
vt 0.137051 0.904929
vt 0.134628 0.904622
vt 0.147632 0.893341
vt 0.143366 0.899773
vt 0.149874 0.895415
vt 0.145652 0.901375
vt 0.141775 0.907148
vt 0.139607 0.905607
vt 0.162333 0.909476
vt 0.163811 0.911450
vt 0.159184 0.915851
vt 0.157937 0.914024
vt 0.165759 0.914000
vt 0.160801 0.918251
vt 0.155188 0.922361
vt 0.154257 0.920090
vt 0.153431 0.918426
vt 0.894430 0.881083
vt 0.892502 0.881906
vt 0.897116 0.880094
vt 0.900798 0.886536
vt 0.898403 0.887035
vt 0.896663 0.887547
vt 0.870423 0.898323
vt 0.872168 0.895628
vt 0.877131 0.899646
vt 0.875705 0.902167
vt 0.873493 0.893544
vt 0.878235 0.897727
vt 0.883064 0.901769
vt 0.882367 0.903483
vt 0.881615 0.905819
vt 0.884872 0.878531
vt 0.886946 0.876277
vt 0.891703 0.882373
vt 0.889549 0.884154
vt 0.895888 0.887909
vt 0.893897 0.889626
vt 0.121685 0.864621
vt 0.119905 0.863710
vt 0.122851 0.865391
vt 0.123275 0.866005
vt 0.123603 0.868263
vt 0.125273 0.882905
vt 0.126016 0.881748
vt 0.124035 0.884445
vt 0.123300 0.883843
vt 0.124556 0.882598
vt 0.125313 0.881924
vt 0.910357 0.845296
vt 0.909261 0.846164
vt 0.912051 0.844234
vt 0.908368 0.863853
vt 0.909734 0.865282
vt 0.907529 0.862763
vt 0.908244 0.862878
vt 0.909057 0.863485
vt 0.910415 0.864618
vt 0.908893 0.846814
vt 0.908763 0.849095
vt 0.136192 0.907806
vt 0.134237 0.908197
vt 0.137576 0.907691
vt 0.138240 0.907896
vt 0.139887 0.909602
vt 0.151753 0.921446
vt 0.151481 0.920077
vt 0.151900 0.923416
vt 0.150890 0.923432
vt 0.150982 0.921663
vt 0.151045 0.920644
vt 0.899509 0.889854
vt 0.898139 0.889846
vt 0.901483 0.890093
vt 0.884959 0.904617
vt 0.884959 0.906601
vt 0.885130 0.903214
vt 0.885604 0.903756
vt 0.885741 0.904777
vt 0.885961 0.906541
vt 0.897512 0.890104
vt 0.895912 0.891936
vt 0.126123 0.772794
vt 0.121192 0.771544
vt 0.123450 0.784980
vt 0.118812 0.783738
vt 0.117519 0.783520
vt 0.119916 0.771237
vt 0.118077 0.770805
vt 0.115815 0.770259
vt 0.115641 0.783291
vt 0.113325 0.783050
vt 0.904326 0.750898
vt 0.902539 0.751513
vt 0.906522 0.750126
vt 0.910317 0.762615
vt 0.908035 0.763087
vt 0.906190 0.763505
vt 0.900438 0.765557
vt 0.896519 0.753689
vt 0.901300 0.751948
vt 0.904926 0.763852
vt 0.877021 0.775222
vt 0.872773 0.761652
vt 0.884883 0.757795
vt 0.889394 0.770166
vt 0.861369 0.778752
vt 0.859166 0.764298
vt 0.860643 0.764106
vt 0.862952 0.778576
vt 0.862338 0.763863
vt 0.864959 0.778312
vt 0.854603 0.779215
vt 0.852843 0.764890
vt 0.856295 0.764612
vt 0.858291 0.779014
vt 0.848438 0.779346
vt 0.847024 0.765137
vt 0.849641 0.765058
vt 0.851202 0.779316
vt 0.841680 0.779236
vt 0.840579 0.765134
vt 0.845330 0.765164
vt 0.846656 0.779345
vt 0.808492 0.776631
vt 0.808131 0.762348
vt 0.810823 0.762565
vt 0.811217 0.776842
vt 0.816432 0.763137
vt 0.816909 0.777334
vt 0.798561 0.776049
vt 0.798248 0.761983
vt 0.803972 0.762119
vt 0.804297 0.776350
vt 0.790758 0.762016
vt 0.782745 0.762226
vt 0.791091 0.775794
vt 0.783136 0.775650
vt 0.774727 0.762580
vt 0.766721 0.763043
vt 0.775170 0.775643
vt 0.767201 0.775745
vt 0.758732 0.763604
vt 0.750749 0.764254
vt 0.759233 0.775937
vt 0.751265 0.776199
vt 0.263682 0.767364
vt 0.255693 0.767831
vt 0.271680 0.766954
vt 0.272682 0.778917
vt 0.264713 0.779711
vt 0.256772 0.780541
vt 0.247702 0.768371
vt 0.239713 0.768998
vt 0.248848 0.781429
vt 0.240938 0.782399
vt 0.231743 0.769745
vt 0.224328 0.770597
vt 0.233049 0.783477
vt 0.225687 0.784605
vt 0.218682 0.771399
vt 0.214595 0.772103
vt 0.220038 0.785563
vt 0.215913 0.786317
vt 0.211958 0.772623
vt 0.206476 0.773819
vt 0.213236 0.786832
vt 0.207649 0.787952
vt 0.178118 0.778934
vt 0.176438 0.779087
vt 0.182816 0.778402
vt 0.183292 0.792513
vt 0.178367 0.793146
vt 0.176599 0.793334
vt 0.173838 0.779284
vt 0.170649 0.779454
vt 0.173853 0.793594
vt 0.170466 0.793850
vt 0.167199 0.779540
vt 0.164319 0.779528
vt 0.166782 0.794034
vt 0.163697 0.794093
vt 0.162834 0.779491
vt 0.161128 0.779425
vt 0.162105 0.794082
vt 0.160083 0.794027
vt 0.138109 0.775699
vt 0.150539 0.778301
vt 0.147760 0.792199
vt 0.134915 0.788441
vt 0.151048 0.915776
vt 0.152944 0.917691
vt 0.151113 0.919477
vt 0.149171 0.917996
vt 0.150646 0.920327
vt 0.148538 0.918983
vt 0.146938 0.922090
vt 0.147788 0.920384
vt 0.150304 0.921630
vt 0.150036 0.923329
vt 0.887975 0.901959
vt 0.888824 0.903296
vt 0.886411 0.904696
vt 0.885977 0.903408
vt 0.889792 0.904938
vt 0.886800 0.906377
vt 0.883494 0.901005
vt 0.885452 0.902570
vt 0.885243 0.898904
vt 0.887270 0.901029
vt 0.874078 0.892644
vt 0.878760 0.896878
vt 0.875873 0.890203
vt 0.880532 0.894530
vt 0.863567 0.881331
vt 0.867913 0.884110
vt 0.866136 0.886581
vt 0.861883 0.883754
vt 0.871754 0.886835
vt 0.869967 0.889315
vt 0.855648 0.877497
vt 0.856666 0.877701
vt 0.855972 0.879687
vt 0.855153 0.879637
vt 0.858028 0.878158
vt 0.856871 0.880361
vt 0.849550 0.877758
vt 0.853054 0.877462
vt 0.853069 0.880106
vt 0.849976 0.881062
vt 0.179047 0.892146
vt 0.181632 0.891964
vt 0.181759 0.894623
vt 0.179655 0.894236
vt 0.185150 0.892081
vt 0.184909 0.895494
vt 0.176762 0.892973
vt 0.178049 0.892419
vt 0.178849 0.894363
vt 0.177904 0.895041
vt 0.163550 0.902642
vt 0.167157 0.899617
vt 0.169106 0.901943
vt 0.165511 0.904976
vt 0.171229 0.896494
vt 0.173135 0.898779
vt 0.155407 0.911023
vt 0.157350 0.913218
vt 0.159713 0.906332
vt 0.161683 0.908624
vt 0.176092 0.896517
vt 0.174453 0.894297
vt 0.176845 0.897327
vt 0.166888 0.880668
vt 0.166438 0.879724
vt 0.168115 0.883099
vt 0.165832 0.878388
vt 0.165187 0.876863
vt 0.164583 0.875357
vt 0.164117 0.874106
vt 0.160497 0.855106
vt 0.160475 0.853799
vt 0.160682 0.858073
vt 0.160503 0.851947
vt 0.160613 0.849760
vt 0.160775 0.847434
vt 0.160912 0.845323
vt 0.155673 0.813796
vt 0.155603 0.812314
vt 0.156808 0.818046
vt 0.156008 0.809766
vt 0.156241 0.806730
vt 0.155553 0.803664
vt 0.154831 0.801057
vt 0.157594 0.779193
vt 0.158846 0.765122
vt 0.155714 0.793712
vt 0.159187 0.760059
vt 0.159190 0.758975
vt 0.159183 0.756104
vt 0.159163 0.752297
vt 0.861785 0.740419
vt 0.862078 0.743282
vt 0.861410 0.736623
vt 0.863078 0.749374
vt 0.862197 0.744362
vt 0.869272 0.777547
vt 0.865836 0.763265
vt 0.870166 0.790600
vt 0.870515 0.787467
vt 0.870948 0.784788
vt 0.871413 0.796118
vt 0.870732 0.793611
vt 0.870827 0.801961
vt 0.871504 0.797605
vt 0.870219 0.833938
vt 0.869834 0.831640
vt 0.869492 0.829553
vt 0.870738 0.837937
vt 0.870535 0.836101
vt 0.870944 0.842194
vt 0.870839 0.839236
vt 0.868156 0.861269
vt 0.868622 0.859720
vt 0.868971 0.858437
vt 0.867160 0.864220
vt 0.867648 0.862841
vt 0.865768 0.867720
vt 0.866792 0.865197
vt 0.858792 0.881662
vt 0.858091 0.882516
vt 0.860315 0.879367
vt 0.856151 0.884436
vt 0.853304 0.886804
vt 0.178887 0.899083
vt 0.181754 0.901240
vt 0.116065 0.838851
vt 0.118321 0.838555
vt 0.118926 0.842128
vt 0.117070 0.842996
vt 0.120160 0.838371
vt 0.120422 0.841596
vt 0.909326 0.818790
vt 0.911173 0.818811
vt 0.910896 0.822428
vt 0.909360 0.822030
vt 0.913446 0.818909
vt 0.912822 0.823130
vt 0.905334 0.822850
vt 0.908254 0.822017
vt 0.904480 0.819341
vt 0.908035 0.818855
vt 0.889916 0.826660
vt 0.897856 0.824608
vt 0.888841 0.822601
vt 0.896726 0.820950
vt 0.873842 0.827938
vt 0.879111 0.827937
vt 0.873745 0.823611
vt 0.878707 0.823544
vt 0.882885 0.823358
vt 0.883682 0.827801
vt 0.865872 0.828168
vt 0.869288 0.828010
vt 0.865687 0.823747
vt 0.869186 0.823678
vt 0.862234 0.828022
vt 0.864063 0.828263
vt 0.862184 0.823559
vt 0.863907 0.823767
vt 0.854512 0.826633
vt 0.858747 0.827074
vt 0.854811 0.822418
vt 0.858831 0.822894
vt 0.847320 0.827583
vt 0.850524 0.827173
vt 0.848043 0.823026
vt 0.851074 0.822672
vt 0.840048 0.826493
vt 0.845317 0.827463
vt 0.840822 0.822253
vt 0.846116 0.823005
vt 0.805782 0.821802
vt 0.808568 0.822130
vt 0.806372 0.817786
vt 0.809166 0.818104
vt 0.815015 0.818787
vt 0.814395 0.822827
vt 0.795703 0.820622
vt 0.801498 0.821302
vt 0.796261 0.816648
vt 0.802075 0.817300
vt 0.780900 0.814946
vt 0.788803 0.815816
vt 0.788278 0.819741
vt 0.780388 0.818806
vt 0.765124 0.813285
vt 0.773008 0.814103
vt 0.772511 0.817887
vt 0.764640 0.816984
vt 0.749355 0.811717
vt 0.757241 0.812490
vt 0.756769 0.816094
vt 0.748889 0.815203
vt 0.263305 0.817770
vt 0.271032 0.816014
vt 0.271922 0.819574
vt 0.264219 0.821416
vt 0.278766 0.814240
vt 0.279615 0.817696
vt 0.247818 0.821265
vt 0.255569 0.819518
vt 0.256505 0.823239
vt 0.248776 0.825053
vt 0.232709 0.824676
vt 0.240043 0.823021
vt 0.241026 0.826864
vt 0.233717 0.828559
vt 0.222752 0.826914
vt 0.226985 0.825963
vt 0.228010 0.829868
vt 0.223788 0.830831
vt 0.214240 0.828844
vt 0.220000 0.827534
vt 0.221043 0.831457
vt 0.215303 0.832778
vt 0.181720 0.836584
vt 0.183645 0.836357
vt 0.184920 0.840681
vt 0.182927 0.841015
vt 0.188855 0.835047
vt 0.190084 0.839157
vt 0.174886 0.836702
vt 0.178651 0.836557
vt 0.179675 0.840956
vt 0.175620 0.840851
vt 0.167628 0.838609
vt 0.170914 0.837598
vt 0.171420 0.841742
vt 0.168021 0.843053
vt 0.164147 0.839157
vt 0.165927 0.838995
vt 0.166214 0.843484
vt 0.164392 0.843580
vt 0.160973 0.843764
vt 0.160649 0.839443
vt 0.156421 0.844140
vt 0.156096 0.839829
vt 0.146960 0.840464
vt 0.151142 0.840246
vt 0.151166 0.844647
vt 0.146594 0.844949
vt 0.125041 0.838488
vt 0.132926 0.839379
vt 0.132139 0.843115
vt 0.124512 0.842052
vt 0.140948 0.840280
vt 0.140263 0.844407
vt 0.121452 0.838322
vt 0.121523 0.841486
vt 0.141156 0.813424
vt 0.139695 0.810449
vt 0.142198 0.815674
vt 0.885975 0.795823
vt 0.885160 0.798169
vt 0.887127 0.792713
vt 0.884878 0.799146
vt 0.884307 0.802839
vt 0.886176 0.827509
vt 0.886223 0.829219
vt 0.885212 0.823141
vt 0.885582 0.831644
vt 0.885156 0.834296
vt 0.885894 0.836887
vt 0.886814 0.839193
vt 0.887041 0.840755
vt 0.886921 0.844093
vt 0.886176 0.865369
vt 0.885041 0.867302
vt 0.887363 0.863775
vt 0.884917 0.869759
vt 0.884921 0.872126
vt 0.884454 0.873471
vt 0.882474 0.876128
vt 0.871876 0.890785
vt 0.871266 0.891700
vt 0.873662 0.888323
vt 0.869853 0.893842
vt 0.867992 0.896608
vt 0.165973 0.909486
vt 0.164404 0.907460
vt 0.168040 0.912099
vt 0.161767 0.904279
vt 0.163728 0.906595
vt 0.149326 0.889058
vt 0.149898 0.890354
vt 0.152080 0.892832
vt 0.148816 0.884287
vt 0.149141 0.886711
vt 0.146202 0.880989
vt 0.147522 0.882468
vt 0.144563 0.856533
vt 0.144483 0.858103
vt 0.144908 0.861406
vt 0.145750 0.851528
vt 0.145262 0.854164
vt 0.144196 0.846595
vt 0.145069 0.848939
vt 0.144619 0.840471
vt 0.144078 0.844895
vt 0.142570 0.816616
vt 0.143554 0.820234
vt 0.115408 0.788240
vt 0.113400 0.788767
vt 0.116962 0.787971
vt 0.908773 0.767992
vt 0.907198 0.767881
vt 0.910824 0.768314
vt 0.902417 0.769989
vt 0.906146 0.768088
vt 0.879167 0.780080
vt 0.891764 0.774590
vt 0.870822 0.783153
vt 0.866026 0.783959
vt 0.862176 0.784352
vt 0.863837 0.784207
vt 0.855170 0.784729
vt 0.858972 0.784567
vt 0.848866 0.784807
vt 0.851687 0.784800
vt 0.841999 0.784645
vt 0.847053 0.784790
vt 0.808546 0.782003
vt 0.811288 0.782221
vt 0.817016 0.782717
vt 0.798572 0.781340
vt 0.804327 0.781696
vt 0.791095 0.780991
vt 0.783140 0.780736
vt 0.775179 0.780604
vt 0.767215 0.780575
vt 0.759244 0.780628
vt 0.751267 0.780734
vt 0.265266 0.784390
vt 0.257343 0.785355
vt 0.273215 0.783439
vt 0.249438 0.786371
vt 0.241548 0.787460
vt 0.233672 0.788648
vt 0.226307 0.789865
vt 0.220638 0.790874
vt 0.216487 0.791655
vt 0.213792 0.792178
vt 0.208163 0.793304
vt 0.178575 0.798587
vt 0.176775 0.798795
vt 0.183577 0.797910
vt 0.173973 0.799082
vt 0.170505 0.799375
vt 0.166710 0.799608
vt 0.163503 0.799727
vt 0.161837 0.799753
vt 0.159634 0.799733
vt 0.154779 0.799425
vt 0.146142 0.797234
vt 0.133014 0.793075
vt 0.121935 0.789584
vt 0.118030 0.788071
vt 0.118191 0.830003
vt 0.115906 0.829976
vt 0.120057 0.830025
vt 0.910513 0.810269
vt 0.908656 0.810453
vt 0.912788 0.810046
vt 0.903695 0.810975
vt 0.907349 0.810594
vt 0.887630 0.812624
vt 0.895589 0.811837
vt 0.881994 0.812878
vt 0.884069 0.812820
vt 0.874275 0.812893
vt 0.878556 0.812910
vt 0.869651 0.812895
vt 0.865801 0.812923
vt 0.862304 0.812817
vt 0.863930 0.812931
vt 0.855332 0.812147
vt 0.859141 0.812452
vt 0.848897 0.812412
vt 0.851789 0.812243
vt 0.841853 0.811935
vt 0.847036 0.812390
vt 0.807486 0.808142
vt 0.810288 0.808435
vt 0.816153 0.809068
vt 0.797352 0.807118
vt 0.803181 0.807699
vt 0.789867 0.806402
vt 0.781921 0.805686
vt 0.773995 0.805023
vt 0.766079 0.804406
vt 0.758162 0.803832
vt 0.750235 0.803298
vt 0.269091 0.807446
vt 0.261310 0.809002
vt 0.276880 0.805900
vt 0.253524 0.810569
vt 0.245726 0.812158
vt 0.237905 0.813780
vt 0.230534 0.815335
vt 0.224794 0.816560
vt 0.220556 0.817474
vt 0.217797 0.818073
vt 0.212023 0.819341
vt 0.181595 0.825941
vt 0.179741 0.826159
vt 0.186716 0.824941
vt 0.176839 0.826295
vt 0.173296 0.826571
vt 0.169530 0.827269
vt 0.166415 0.827956
vt 0.164806 0.828236
vt 0.162942 0.828418
vt 0.159106 0.828779
vt 0.154506 0.829236
vt 0.150250 0.829673
vt 0.146830 0.829975
vt 0.144762 0.830117
vt 0.141201 0.830263
vt 0.133207 0.830230
vt 0.125051 0.830113
vt 0.121371 0.830051
vt 0.121816 0.874437
vt 0.119924 0.874855
vt 0.123421 0.874074
vt 0.124617 0.879610
vt 0.123147 0.880210
vt 0.121413 0.880991
vt 0.911081 0.855103
vt 0.909451 0.854880
vt 0.913003 0.855357
vt 0.912050 0.861610
vt 0.910255 0.860980
vt 0.908738 0.860509
vt 0.904582 0.860034
vt 0.904879 0.854356
vt 0.908228 0.854723
vt 0.907586 0.860266
vt 0.890572 0.859852
vt 0.890166 0.852433
vt 0.897411 0.853494
vt 0.897657 0.859865
vt 0.884752 0.859092
vt 0.884553 0.851321
vt 0.886935 0.851817
vt 0.887340 0.859591
vt 0.879995 0.850352
vt 0.874781 0.849424
vt 0.879679 0.857701
vt 0.874024 0.856199
vt 0.869683 0.855270
vt 0.870605 0.848889
vt 0.866711 0.854757
vt 0.867669 0.848634
vt 0.866148 0.848540
vt 0.865064 0.848496
vt 0.865169 0.854529
vt 0.864068 0.854389
vt 0.862357 0.848433
vt 0.858716 0.848374
vt 0.861325 0.854073
vt 0.857668 0.853678
vt 0.169804 0.863495
vt 0.167113 0.863817
vt 0.173422 0.863080
vt 0.174962 0.868308
vt 0.171361 0.869054
vt 0.168660 0.869625
vt 0.166038 0.863963
vt 0.164529 0.864198
vt 0.167577 0.869865
vt 0.166058 0.870232
vt 0.161624 0.864717
vt 0.157507 0.865629
vt 0.163119 0.871006
vt 0.158872 0.872313
vt 0.152387 0.867016
vt 0.147923 0.868379
vt 0.153356 0.874297
vt 0.148408 0.876117
vt 0.145590 0.869080
vt 0.142422 0.869973
vt 0.145867 0.876836
vt 0.142664 0.877376
vt 0.135294 0.871655
vt 0.127929 0.873158
vt 0.135602 0.878008
vt 0.128717 0.878778
vt 0.124625 0.873813
vt 0.125744 0.879268
vt 0.124193 0.882316
vt 0.122896 0.883433
vt 0.125275 0.881553
vt 0.909393 0.863172
vt 0.908250 0.862505
vt 0.910782 0.864175
vt 0.904718 0.862298
vt 0.907332 0.862249
vt 0.891068 0.862653
vt 0.898096 0.862300
vt 0.884852 0.862218
vt 0.887660 0.862752
vt 0.879453 0.860515
vt 0.873577 0.858750
vt 0.869163 0.857670
vt 0.866174 0.857069
vt 0.864626 0.856794
vt 0.863521 0.856619
vt 0.860772 0.856218
vt 0.857124 0.855699
vt 0.172110 0.871156
vt 0.169409 0.871809
vt 0.175691 0.870293
vt 0.168325 0.872083
vt 0.166803 0.872496
vt 0.163855 0.873356
vt 0.159546 0.874817
vt 0.153828 0.877075
vt 0.148578 0.879228
vt 0.145819 0.880001
vt 0.142410 0.880199
vt 0.135375 0.880465
vt 0.128776 0.881041
vt 0.126167 0.881219
vt 0.142645 0.916162
vt 0.141451 0.917683
vt 0.143648 0.914869
vt 0.893648 0.898697
vt 0.892555 0.897479
vt 0.894946 0.900132
vt 0.889635 0.894231
vt 0.891730 0.896574
vt 0.880269 0.884333
vt 0.884934 0.889186
vt 0.876018 0.880720
vt 0.878000 0.882292
vt 0.871902 0.877973
vt 0.867024 0.875330
vt 0.863118 0.873594
vt 0.860323 0.872614
vt 0.858821 0.872190
vt 0.857734 0.871930
vt 0.854982 0.871401
vt 0.851308 0.870808
vt 0.179234 0.885965
vt 0.176515 0.886692
vt 0.182861 0.885100
vt 0.175442 0.887029
vt 0.173970 0.887570
vt 0.171253 0.888768
vt 0.167469 0.890791
vt 0.162763 0.893810
vt 0.158860 0.896881
vt 0.157004 0.898608
vt 0.154901 0.900825
vt 0.150631 0.906032
vt 0.146330 0.911423
vt 0.144403 0.913907
vt 0.190920 0.754272
vt 0.189822 0.750619
vt 0.192047 0.756929
vt 0.829744 0.742007
vt 0.828911 0.744773
vt 0.830442 0.738256
vt 0.828626 0.745811
vt 0.828399 0.750746
vt 0.828670 0.764446
vt 0.829372 0.778468
vt 0.829570 0.783841
vt 0.829612 0.785311
vt 0.829666 0.787677
vt 0.829706 0.790473
vt 0.829720 0.793232
vt 0.829710 0.795497
vt 0.829697 0.796809
vt 0.829612 0.800661
vt 0.829057 0.810520
vt 0.827918 0.820398
vt 0.827239 0.824483
vt 0.825722 0.831799
vt 0.820802 0.851380
vt 0.816297 0.871304
vt 0.815181 0.880061
vt 0.815268 0.882593
vt 0.815839 0.885469
vt 0.816230 0.889098
vt 0.220323 0.894919
vt 0.220603 0.892001
vt 0.220298 0.898569
vt 0.218454 0.880921
vt 0.220437 0.889480
vt 0.204962 0.842870
vt 0.211940 0.861698
vt 0.201538 0.831830
vt 0.202660 0.835799
vt 0.197675 0.812465
vt 0.199320 0.822173
vt 0.197000 0.807357
vt 0.197161 0.808656
vt 0.196441 0.802376
vt 0.196737 0.805113
vt 0.195953 0.797248
vt 0.196166 0.799600
vt 0.195417 0.790436
vt 0.195828 0.795786
vt 0.193238 0.762833
vt 0.194522 0.776453
vt 0.192443 0.757928
vt 0.582388 0.120103
vt 0.564267 0.134977
vt 0.561256 0.132288
vt 0.580282 0.116758
vt 0.547624 0.156358
vt 0.544090 0.154692
vt 0.610341 0.112973
vt 0.596598 0.114571
vt 0.595376 0.110775
vt 0.609486 0.108886
vt 0.643131 0.107419
vt 0.626304 0.110520
vt 0.625438 0.106422
vt 0.642218 0.103312
vt 0.675132 0.100258
vt 0.659562 0.103851
vt 0.658731 0.099721
vt 0.674467 0.096147
vt 0.704606 0.097028
vt 0.688702 0.097093
vt 0.688494 0.093068
vt 0.705269 0.093111
vt 0.750280 0.118830
vt 0.727744 0.104236
vt 0.729463 0.100679
vt 0.753021 0.116066
vt 0.772419 0.166227
vt 0.764863 0.141052
vt 0.768452 0.139313
vt 0.776351 0.165505
vt 0.767560 0.208825
vt 0.773417 0.188994
vt 0.777319 0.189399
vt 0.771075 0.210453
vt 0.737518 0.239394
vt 0.753897 0.226057
vt 0.756992 0.228578
vt 0.739920 0.242549
vt 0.706004 0.254901
vt 0.720636 0.248864
vt 0.722503 0.252414
vt 0.707474 0.258735
vt 0.689067 0.259537
vt 0.696549 0.257890
vt 0.697748 0.261897
vt 0.690149 0.263710
vt 0.670985 0.263714
vt 0.680319 0.261531
vt 0.681379 0.265749
vt 0.672037 0.267941
vt 0.653260 0.268009
vt 0.661744 0.265945
vt 0.662760 0.270147
vt 0.654145 0.272159
vt 0.636341 0.270298
vt 0.646243 0.269733
vt 0.646699 0.273746
vt 0.636350 0.274375
vt 0.600163 0.266019
vt 0.620245 0.269515
vt 0.619683 0.273518
vt 0.599010 0.269847
vt 0.560933 0.246797
vt 0.579032 0.258603
vt 0.577137 0.262051
vt 0.558161 0.249468
vt 0.542481 0.208073
vt 0.549159 0.229839
vt 0.545585 0.231506
vt 0.538541 0.208726
vt 0.541190 0.181985
vt 0.537235 0.181555
vt 0.309032 0.435628
vt 0.300473 0.434320
vt 0.291762 0.433236
vt 0.283005 0.432191
vt 0.274222 0.431216
vt 0.265443 0.430232
vt 0.256666 0.429323
vt 0.247924 0.428462
vt 0.239252 0.427848
vt 0.743832 0.423217
vt 0.735321 0.424825
vt 0.726741 0.426695
vt 0.718130 0.428616
vt 0.709519 0.430612
vt 0.700907 0.432599
vt 0.692323 0.434655
vt 0.683787 0.436745
vt 0.675401 0.439045
vt 0.307821 0.444393
vt 0.299282 0.443148
vt 0.290629 0.442077
vt 0.281939 0.441042
vt 0.273229 0.440068
vt 0.264520 0.439095
vt 0.255813 0.438185
vt 0.247132 0.437319
vt 0.238506 0.436646
vt 0.745600 0.431891
vt 0.737129 0.433551
vt 0.728607 0.435413
vt 0.720064 0.437322
vt 0.711521 0.439295
vt 0.702979 0.441268
vt 0.694461 0.443300
vt 0.685981 0.445365
vt 0.677618 0.447594
vt 0.287606 0.538030
vt 0.295965 0.539041
vt 0.293127 0.562651
vt 0.284809 0.561655
vt 0.279248 0.537038
vt 0.276493 0.560676
vt 0.270889 0.536067
vt 0.268177 0.559717
vt 0.262527 0.535118
vt 0.259860 0.558775
vt 0.254164 0.534189
vt 0.251542 0.557850
vt 0.245799 0.533278
vt 0.243222 0.556940
vt 0.237431 0.532388
vt 0.234897 0.556046
vt 0.229060 0.531515
vt 0.226568 0.555167
vt 0.757617 0.526977
vt 0.765840 0.525158
vt 0.771002 0.548385
vt 0.762823 0.550204
vt 0.749401 0.528811
vt 0.754651 0.552036
vt 0.741189 0.530665
vt 0.746483 0.553883
vt 0.732981 0.532538
vt 0.738319 0.555747
vt 0.724776 0.534433
vt 0.730157 0.557629
vt 0.716577 0.536347
vt 0.721999 0.559527
vt 0.708382 0.538283
vt 0.713844 0.561445
vt 0.700193 0.540239
vt 0.705692 0.563381
vt 0.274159 0.651509
vt 0.282323 0.652406
vt 0.280079 0.671039
vt 0.271947 0.670165
vt 0.266004 0.650645
vt 0.263825 0.669331
vt 0.257858 0.649803
vt 0.255715 0.668520
vt 0.249724 0.648967
vt 0.247620 0.667712
vt 0.241603 0.648119
vt 0.239542 0.666885
vt 0.233494 0.647241
vt 0.231480 0.666016
vt 0.225380 0.646317
vt 0.223414 0.665085
vt 0.217225 0.645364
vt 0.215297 0.664112
vt 0.782578 0.638835
vt 0.790545 0.636976
vt 0.794595 0.655391
vt 0.786676 0.657263
vt 0.774617 0.640655
vt 0.778763 0.659080
vt 0.766644 0.642442
vt 0.770833 0.660850
vt 0.758658 0.644210
vt 0.762884 0.662594
vt 0.750660 0.645977
vt 0.754920 0.664332
vt 0.742653 0.647757
vt 0.746944 0.666082
vt 0.734642 0.649562
vt 0.738963 0.667860
vt 0.726630 0.651404
vt 0.730979 0.669680
vt 0.297991 0.452718
vt 0.306509 0.453895
vt 0.289401 0.451661
vt 0.280784 0.450638
vt 0.272152 0.449665
vt 0.263520 0.448703
vt 0.254889 0.447793
vt 0.246275 0.446921
vt 0.237697 0.446183
vt 0.739088 0.443010
vt 0.747516 0.441294
vt 0.730631 0.444865
vt 0.722160 0.446761
vt 0.713691 0.448708
vt 0.705225 0.450666
vt 0.696778 0.452673
vt 0.688360 0.454711
vt 0.680021 0.456862
vt 0.291175 0.507884
vt 0.299587 0.508914
vt 0.297743 0.524249
vt 0.289358 0.523228
vt 0.282765 0.506874
vt 0.280975 0.522227
vt 0.274349 0.505889
vt 0.272588 0.521250
vt 0.265931 0.504930
vt 0.264198 0.520296
vt 0.257509 0.503996
vt 0.255806 0.519364
vt 0.249087 0.503085
vt 0.247413 0.518454
vt 0.240663 0.502199
vt 0.239018 0.517565
vt 0.232240 0.501333
vt 0.230621 0.516696
vt 0.750974 0.497338
vt 0.759254 0.495519
vt 0.762607 0.510606
vt 0.754356 0.512425
vt 0.742703 0.499175
vt 0.746112 0.514260
vt 0.734434 0.501037
vt 0.737872 0.516118
vt 0.726170 0.502923
vt 0.729637 0.517997
vt 0.717910 0.504834
vt 0.721405 0.519900
vt 0.709658 0.506769
vt 0.713180 0.521824
vt 0.701414 0.508728
vt 0.704961 0.523772
vt 0.693178 0.510708
vt 0.696749 0.525739
vt 0.269649 0.689550
vt 0.277747 0.690398
vt 0.261561 0.688746
vt 0.253489 0.687967
vt 0.245434 0.687188
vt 0.237400 0.686384
vt 0.229388 0.685524
vt 0.221372 0.684585
vt 0.213293 0.683592
vt 0.790933 0.676410
vt 0.798804 0.674525
vt 0.783071 0.678224
vt 0.775185 0.679978
vt 0.767275 0.681696
vt 0.759346 0.683403
vt 0.751403 0.685122
vt 0.743452 0.686872
vt 0.735499 0.688670
vt 0.776735 0.574184
vt 0.768605 0.576002
vt 0.760481 0.577832
vt 0.752363 0.579673
vt 0.744247 0.581525
vt 0.736133 0.583392
vt 0.728021 0.585274
vt 0.719909 0.587171
vt 0.711798 0.589085
vt 0.289974 0.588874
vt 0.281702 0.587895
vt 0.273432 0.586932
vt 0.265165 0.585985
vt 0.256898 0.585051
vt 0.248630 0.584131
vt 0.240359 0.583221
vt 0.232083 0.582324
vt 0.223800 0.581438
s 1
usemtl blinn6SG
f 1/1/1 1905/2/2 2857/3/3 1908/4/4
f 1905/2/2 2/5/5 1906/6/6 2857/3/3
f 2857/3/3 1906/6/6 10/7/7 1907/8/8
f 1908/4/4 2857/3/3 1907/8/8 9/9/9
f 2/10/5 1909/11/10 2858/12/11 1906/13/6
f 1909/11/10 3/14/12 1910/15/13 2858/12/11
f 2858/12/11 1910/15/13 11/16/14 1911/17/15
f 1906/13/6 2858/12/11 1911/17/15 10/18/7
f 3/14/12 1912/19/16 2859/20/17 1910/15/13
f 1912/19/16 4/21/18 1913/22/19 2859/20/17
f 2859/20/17 1913/22/19 12/23/20 1914/24/21
f 1910/15/13 2859/20/17 1914/24/21 11/16/14
f 12/23/20 1913/22/19 2860/25/22 1917/26/23
f 1913/22/19 4/21/18 1915/27/24 2860/25/22
f 2860/25/22 1915/27/24 5/28/25 1916/29/26
f 1917/26/23 2860/25/22 1916/29/26 13/30/27
f 5/28/25 1918/31/28 2861/32/29 1916/29/26
f 1918/31/28 6/33/30 1919/34/31 2861/32/29
f 2861/32/29 1919/34/31 14/35/32 1920/36/33
f 1916/29/26 2861/32/29 1920/36/33 13/30/27
f 6/37/30 1921/38/34 2862/39/35 1919/40/31
f 1921/38/34 7/41/36 1922/42/37 2862/39/35
f 2862/39/35 1922/42/37 15/43/38 1923/44/39
f 1919/40/31 2862/39/35 1923/44/39 14/45/32
f 7/41/36 1924/46/40 2863/47/41 1922/42/37
f 1924/46/40 8/48/42 1925/49/43 2863/47/41
f 2863/47/41 1925/49/43 16/50/44 1926/51/45
f 1922/42/37 2863/47/41 1926/51/45 15/43/38
f 1/1/1 1908/4/4 2864/52/46 1928/53/47
f 1908/4/4 9/9/9 1927/54/48 2864/52/46
f 2864/52/46 1927/54/48 16/50/44 1925/49/43
f 1928/53/47 2864/52/46 1925/49/43 8/48/42
f 395/55/49 1929/56/50 2865/57/51 1932/58/52
f 1929/56/50 394/59/53 1930/60/54 2865/57/51
f 2865/57/51 1930/60/54 396/61/55 1931/62/56
f 1932/58/52 2865/57/51 1931/62/56 397/63/57
f 398/64/58 1933/65/59 2866/66/60 1935/67/61
f 1933/65/59 397/63/57 1931/62/56 2866/66/60
f 2866/66/60 1931/62/56 396/61/55 1934/68/62
f 1935/67/61 2866/66/60 1934/68/62 399/69/63
f 400/70/64 1936/71/65 2867/72/66 1938/73/67
f 1936/71/65 399/74/63 1934/75/62 2867/72/66
f 2867/72/66 1934/75/62 396/76/55 1937/77/68
f 1938/73/67 2867/72/66 1937/77/68 401/78/69
f 402/79/70 1939/80/71 2868/81/72 1940/82/73
f 1939/80/71 401/78/69 1937/77/68 2868/81/72
f 2868/81/72 1937/77/68 396/76/55 1930/83/54
f 1940/82/73 2868/81/72 1930/83/54 394/84/53
f 18/85/74 1941/86/75 2869/87/76 1944/88/77
f 1941/86/75 940/89/78 1942/90/79 2869/87/76
f 2869/87/76 1942/90/79 941/91/80 1943/92/81
f 1944/88/77 2869/87/76 1943/92/81 17/93/82
f 25/94/83 1945/95/84 2870/96/85 1948/97/86
f 1945/95/84 83/98/87 1946/99/88 2870/96/85
f 2870/96/85 1946/99/88 84/100/89 1947/101/90
f 1948/97/86 2870/96/85 1947/101/90 26/102/91
f 19/103/92 1949/104/93 2871/105/94 1951/106/95
f 1949/104/93 939/107/96 1950/108/97 2871/105/94
f 2871/105/94 1950/108/97 940/89/78 1941/86/75
f 1951/106/95 2871/105/94 1941/86/75 18/85/74
f 26/102/91 1947/101/90 2872/109/98 1954/110/99
f 1947/101/90 84/100/89 1952/111/100 2872/109/98
f 2872/109/98 1952/111/100 85/112/101 1953/113/102
f 1954/110/99 2872/109/98 1953/113/102 27/114/103
f 22/115/104 1955/116/105 2873/117/106 1958/118/107
f 1955/116/105 944/119/108 1956/120/109 2873/117/106
f 2873/117/106 1956/120/109 945/121/110 1957/122/111
f 1958/118/107 2873/117/106 1957/122/111 21/123/112
f 28/124/113 1959/125/114 2874/126/115 1962/127/116
f 1959/125/114 79/128/117 1960/129/118 2874/126/115
f 2874/126/115 1960/129/118 80/130/119 1961/131/120
f 1962/127/116 2874/126/115 1961/131/120 29/132/121
f 23/133/122 1963/134/123 2875/135/124 1965/136/125
f 1963/134/123 943/137/126 1964/138/127 2875/135/124
f 2875/135/124 1964/138/127 944/119/108 1955/116/105
f 1965/136/125 2875/135/124 1955/116/105 22/115/104
f 29/132/121 1961/131/120 2876/139/128 1968/140/129
f 1961/131/120 80/130/119 1966/141/130 2876/139/128
f 2876/139/128 1966/141/130 81/142/131 1967/143/132
f 1968/140/129 2876/139/128 1967/143/132 30/144/133
f 24/145/134 1969/146/135 2877/147/136 1971/148/137
f 1969/146/135 942/149/138 1970/150/139 2877/147/136
f 2877/147/136 1970/150/139 943/137/126 1963/134/123
f 1971/148/137 2877/147/136 1963/134/123 23/133/122
f 30/144/133 1967/143/132 2878/151/140 1974/152/141
f 1967/143/132 81/142/131 1972/153/142 2878/151/140
f 2878/151/140 1972/153/142 82/154/143 1973/155/144
f 1974/152/141 2878/151/140 1973/155/144 31/156/145
f 17/93/82 1943/92/81 2879/157/146 1976/158/147
f 1943/92/81 941/91/80 1975/159/148 2879/157/146
f 2879/157/146 1975/159/148 942/149/138 1969/146/135
f 1976/158/147 2879/157/146 1969/146/135 24/145/134
f 31/156/145 1973/155/144 2880/160/149 1978/161/150
f 1973/155/144 82/154/143 1977/162/151 2880/160/149
f 2880/160/149 1977/162/151 83/98/87 1945/95/84
f 1978/161/150 2880/160/149 1945/95/84 25/94/83
f 33/163/152 1979/164/153 2881/165/154 1981/166/155
f 1979/164/153 938/167/55 1980/168/156 2881/165/154
f 2881/165/154 1980/168/156 939/107/96 1949/104/93
f 1981/166/155 2881/165/154 1949/104/93 19/103/92
f 27/114/103 1953/113/102 2882/169/157 1984/170/158
f 1953/113/102 85/112/101 1982/171/159 2882/169/157
f 2882/169/157 1982/171/159 86/172/160 1983/173/161
f 1984/170/158 2882/169/157 1983/173/161 32/174/162
f 21/123/112 1957/122/111 2883/175/163 1987/176/164
f 1957/122/111 945/121/110 1985/177/165 2883/175/163
f 2883/175/163 1985/177/165 946/178/166 1986/179/167
f 1987/176/164 2883/175/163 1986/179/167 95/180/168
f 13/30/27 1920/36/33 2884/181/169 1989/182/170
f 1920/36/33 14/35/32 1988/183/171 2884/181/169
f 2884/181/169 1988/183/171 79/128/117 1959/125/114
f 1989/182/170 2884/181/169 1959/125/114 28/124/113
f 52/184/172 1990/185/173 2885/186/174 1993/187/175
f 1990/185/173 51/188/176 1991/189/177 2885/186/174
f 2885/186/174 1991/189/177 935/190/178 1992/191/179
f 1993/187/175 2885/186/174 1992/191/179 936/192/180
f 58/193/181 1994/194/182 2886/195/183 1997/196/184
f 1994/194/182 59/197/185 1995/198/186 2886/195/183
f 2886/195/183 1995/198/186 88/199/187 1996/200/188
f 1997/196/184 2886/195/183 1996/200/188 89/201/189
f 53/202/190 1998/203/191 2887/204/192 2000/205/193
f 1998/203/191 52/184/172 1993/187/175 2887/204/192
f 2887/204/192 1993/187/175 936/192/180 1999/206/194
f 2000/205/193 2887/204/192 1999/206/194 937/207/195
f 59/197/185 2001/208/196 2888/209/197 1995/198/186
f 2001/208/196 60/210/198 2002/211/199 2888/209/197
f 2888/209/197 2002/211/199 87/212/200 2003/213/201
f 1995/198/186 2888/209/197 2003/213/201 88/199/187
f 55/214/202 2004/215/203 2889/216/204 2007/217/205
f 2004/215/203 54/218/206 2005/219/207 2889/216/204
f 2889/216/204 2005/219/207 949/220/208 2006/221/209
f 2007/217/205 2889/216/204 2006/221/209 950/222/210
f 61/223/211 2008/224/212 2890/225/213 2011/226/214
f 2008/224/212 62/227/215 2009/228/216 2890/225/213
f 2890/225/213 2009/228/216 92/229/217 2010/230/218
f 2011/226/214 2890/225/213 2010/230/218 93/231/219
f 56/232/220 2012/233/221 2891/234/222 2014/235/223
f 2012/233/221 55/214/202 2007/217/205 2891/234/222
f 2891/234/222 2007/217/205 950/222/210 2013/236/224
f 2014/235/223 2891/234/222 2013/236/224 951/237/225
f 62/227/215 2015/238/226 2892/239/227 2009/228/216
f 2015/238/226 63/240/228 2016/241/229 2892/239/227
f 2892/239/227 2016/241/229 91/242/230 2017/243/231
f 2009/228/216 2892/239/227 2017/243/231 92/229/217
f 57/244/232 2018/245/233 2893/246/234 2020/247/235
f 2018/245/233 56/232/220 2014/235/223 2893/246/234
f 2893/246/234 2014/235/223 951/237/225 2019/248/236
f 2020/247/235 2893/246/234 2019/248/236 952/249/237
f 63/240/228 2021/250/238 2894/251/239 2016/241/229
f 2021/250/238 64/252/240 2022/253/241 2894/251/239
f 2894/251/239 2022/253/241 90/254/242 2023/255/243
f 2016/241/229 2894/251/239 2023/255/243 91/242/230
f 51/188/176 2024/256/244 2895/257/245 1991/189/177
f 2024/256/244 57/244/232 2020/247/235 2895/257/245
f 2895/257/245 2020/247/235 952/249/237 2025/258/246
f 1991/189/177 2895/257/245 2025/258/246 935/190/178
f 64/252/240 2026/259/247 2896/260/248 2022/253/241
f 2026/259/247 58/193/181 1997/196/184 2896/260/248
f 2896/260/248 1997/196/184 89/201/189 2027/261/249
f 2022/253/241 2896/260/248 2027/261/249 90/254/242
f 33/163/152 2028/262/250 2897/263/251 1979/164/153
f 2028/262/250 53/202/190 2000/205/193 2897/263/251
f 2897/263/251 2000/205/193 937/207/195 2029/264/252
f 1979/164/153 2897/263/251 2029/264/252 938/167/55
f 60/210/198 2030/265/253 2898/266/254 2002/211/199
f 2030/265/253 32/174/162 1983/173/161 2898/266/254
f 2898/266/254 1983/173/161 86/172/160 2031/267/255
f 2002/211/199 2898/266/254 2031/267/255 87/212/200
f 97/268/256 2032/269/257 2899/270/258 2035/271/259
f 2032/269/257 20/272/260 2033/273/261 2899/270/258
f 2899/270/258 2033/273/261 947/274/160 2034/275/262
f 2035/271/259 2899/270/258 2034/275/262 948/276/263
f 14/45/32 1923/44/39 2900/277/264 1988/278/171
f 1923/44/39 15/43/38 2036/279/265 2900/277/264
f 2900/277/264 2036/279/265 42/280/266 2037/281/267
f 1988/278/171 2900/277/264 2037/281/267 79/282/117
f 80/283/119 1960/284/118 2901/285/268 2039/286/269
f 1960/284/118 79/282/117 2037/281/267 2901/285/268
f 2901/285/268 2037/281/267 42/280/266 2038/287/270
f 2039/286/269 2901/285/268 2038/287/270 43/288/271
f 81/289/131 1966/290/130 2902/291/272 2041/292/273
f 1966/290/130 80/283/119 2039/286/269 2902/291/272
f 2902/291/272 2039/286/269 43/288/271 2040/293/274
f 2041/292/273 2902/291/272 2040/293/274 45/294/275
f 82/295/143 1972/296/142 2903/297/276 2043/298/277
f 1972/296/142 81/289/131 2041/292/273 2903/297/276
f 2903/297/276 2041/292/273 45/294/275 2042/299/278
f 2043/298/277 2903/297/276 2042/299/278 47/300/279
f 83/301/87 1977/302/151 2904/303/280 2045/304/281
f 1977/302/151 82/295/143 2043/298/277 2904/303/280
f 2904/303/280 2043/298/277 47/300/279 2044/305/282
f 2045/304/281 2904/303/280 2044/305/282 36/306/283
f 84/307/89 1946/308/88 2905/309/284 2047/310/285
f 1946/308/88 83/301/87 2045/304/281 2905/309/284
f 2905/309/284 2045/304/281 36/306/283 2046/311/286
f 2047/310/285 2905/309/284 2046/311/286 37/312/287
f 85/313/101 1952/314/100 2906/315/288 2049/316/289
f 1952/314/100 84/307/89 2047/310/285 2906/315/288
f 2906/315/288 2047/310/285 37/312/287 2048/317/290
f 2049/316/289 2906/315/288 2048/317/290 39/318/291
f 86/319/160 1982/320/159 2907/321/292 2051/322/293
f 1982/320/159 85/313/101 2049/316/289 2907/321/292
f 2907/321/292 2049/316/289 39/318/291 2050/323/294
f 2051/322/293 2907/321/292 2050/323/294 49/324/295
f 87/325/200 2031/326/255 2908/327/296 2053/328/297
f 2031/326/255 86/319/160 2051/322/293 2908/327/296
f 2908/327/296 2051/322/293 49/324/295 2052/329/298
f 2053/328/297 2908/327/296 2052/329/298 70/330/299
f 88/331/187 2003/332/201 2909/333/300 2055/334/301
f 2003/332/201 87/325/200 2053/328/297 2909/333/300
f 2909/333/300 2053/328/297 70/330/299 2054/335/302
f 2055/334/301 2909/333/300 2054/335/302 68/336/303
f 89/337/189 1996/338/188 2910/339/304 2057/340/305
f 1996/338/188 88/331/187 2055/334/301 2910/339/304
f 2910/339/304 2055/334/301 68/336/303 2056/341/306
f 2057/340/305 2910/339/304 2056/341/306 67/342/307
f 90/343/242 2027/344/249 2911/345/308 2059/346/309
f 2027/344/249 89/337/189 2057/340/305 2911/345/308
f 2911/345/308 2057/340/305 67/342/307 2058/347/310
f 2059/346/309 2911/345/308 2058/347/310 78/348/311
f 91/349/230 2023/350/243 2912/351/312 2061/352/313
f 2023/350/243 90/343/242 2059/346/309 2912/351/312
f 2912/351/312 2059/346/309 78/348/311 2060/353/314
f 2061/352/313 2912/351/312 2060/353/314 76/354/315
f 92/355/217 2017/356/231 2913/357/316 2063/358/317
f 2017/356/231 91/349/230 2061/352/313 2913/357/316
f 2913/357/316 2061/352/313 76/354/315 2062/359/318
f 2063/358/317 2913/357/316 2062/359/318 74/360/319
f 93/361/219 2010/362/218 2914/363/320 2065/364/321
f 2010/362/218 92/355/217 2063/358/317 2914/363/320
f 2914/363/320 2063/358/317 74/360/319 2064/365/322
f 2065/364/321 2914/363/320 2064/365/322 73/366/323
f 95/180/168 1986/179/167 2915/367/324 2067/368/325
f 1986/179/167 946/178/166 2066/369/326 2915/367/324
f 2915/367/324 2066/369/326 947/274/160 2033/273/261
f 2067/368/325 2915/367/324 2033/273/261 20/272/260
f 54/218/206 2068/370/327 2916/371/328 2005/219/207
f 2068/370/327 97/268/256 2035/271/259 2916/371/328
f 2916/371/328 2035/271/259 948/276/263 2069/372/329
f 2005/219/207 2916/371/328 2069/372/329 949/220/208
f 10/18/7 1911/17/15 2917/373/330 2071/374/331
f 1911/17/15 11/16/14 2070/375/332 2917/373/330
f 2917/373/330 2070/375/332 61/223/211 2011/226/214
f 2071/374/331 2917/373/330 2011/226/214 93/231/219
f 9/9/9 1907/8/8 2918/376/333 2072/377/334
f 1907/8/8 10/7/7 2071/378/331 2918/376/333
f 2918/376/333 2071/378/331 93/361/219 2065/364/321
f 2072/377/334 2918/376/333 2065/364/321 73/366/323
f 2/5/5 1905/2/2 2919/379/335 2075/380/336
f 1905/2/2 1/1/1 2073/381/337 2919/379/335
f 2919/379/335 2073/381/337 107/382/338 2074/383/339
f 2075/380/336 2919/379/335 2074/383/339 108/384/340
f 3/14/12 1909/11/10 2920/385/341 2077/386/342
f 1909/11/10 2/10/5 2075/387/336 2920/385/341
f 2920/385/341 2075/387/336 108/388/340 2076/389/343
f 2077/386/342 2920/385/341 2076/389/343 109/390/344
f 4/21/18 1912/19/16 2921/391/345 2079/392/346
f 1912/19/16 3/14/12 2077/386/342 2921/391/345
f 2921/391/345 2077/386/342 109/390/344 2078/393/347
f 2079/392/346 2921/391/345 2078/393/347 110/394/348
f 5/28/25 1915/27/24 2922/395/349 2081/396/350
f 1915/27/24 4/21/18 2079/392/346 2922/395/349
f 2922/395/349 2079/392/346 110/394/348 2080/397/351
f 2081/396/350 2922/395/349 2080/397/351 111/398/352
f 6/33/30 1918/31/28 2923/399/353 2083/400/354
f 1918/31/28 5/28/25 2081/396/350 2923/399/353
f 2923/399/353 2081/396/350 111/398/352 2082/401/355
f 2083/400/354 2923/399/353 2082/401/355 112/402/356
f 7/41/36 1921/38/34 2924/403/357 2085/404/358
f 1921/38/34 6/37/30 2083/405/354 2924/403/357
f 2924/403/357 2083/405/354 112/406/356 2084/407/359
f 2085/404/358 2924/403/357 2084/407/359 113/408/360
f 8/48/42 1924/46/40 2925/409/361 2087/410/362
f 1924/46/40 7/41/36 2085/404/358 2925/409/361
f 2925/409/361 2085/404/358 113/408/360 2086/411/363
f 2087/410/362 2925/409/361 2086/411/363 106/412/364
f 1/1/1 1928/53/47 2926/413/365 2073/381/337
f 1928/53/47 8/48/42 2087/410/362 2926/413/365
f 2926/413/365 2087/410/362 106/412/364 2088/414/366
f 2073/381/337 2926/413/365 2088/414/366 107/382/338
f 107/382/338 2088/414/366 2927/415/367 2091/416/368
f 2088/414/366 106/412/364 2089/417/369 2927/415/367
f 2927/415/367 2089/417/369 278/418/370 2090/419/371
f 2091/416/368 2927/415/367 2090/419/371 279/420/372
f 108/384/340 2074/383/339 2928/421/373 2093/422/374
f 2074/383/339 107/382/338 2091/416/368 2928/421/373
f 2928/421/373 2091/416/368 279/420/372 2092/423/375
f 2093/422/374 2928/421/373 2092/423/375 280/424/376
f 109/390/344 2076/389/343 2929/425/377 2095/426/378
f 2076/389/343 108/388/340 2093/427/374 2929/425/377
f 2929/425/377 2093/427/374 280/428/376 2094/429/379
f 2095/426/378 2929/425/377 2094/429/379 281/430/380
f 110/394/348 2078/393/347 2930/431/381 2097/432/382
f 2078/393/347 109/390/344 2095/426/378 2930/431/381
f 2930/431/381 2095/426/378 281/430/380 2096/433/383
f 2097/432/382 2930/431/381 2096/433/383 274/434/384
f 111/398/352 2080/397/351 2931/435/385 2099/436/386
f 2080/397/351 110/394/348 2097/432/382 2931/435/385
f 2931/435/385 2097/432/382 274/434/384 2098/437/387
f 2099/436/386 2931/435/385 2098/437/387 275/438/388
f 112/402/356 2082/401/355 2932/439/389 2101/440/390
f 2082/401/355 111/398/352 2099/436/386 2932/439/389
f 2932/439/389 2099/436/386 275/438/388 2100/441/391
f 2101/440/390 2932/439/389 2100/441/391 276/442/392
f 113/408/360 2084/407/359 2933/443/393 2103/444/394
f 2084/407/359 112/406/356 2101/445/390 2933/443/393
f 2933/443/393 2101/445/390 276/446/392 2102/447/395
f 2103/444/394 2933/443/393 2102/447/395 277/448/396
f 106/412/364 2086/411/363 2934/449/397 2089/417/369
f 2086/411/363 113/408/360 2103/444/394 2934/449/397
f 2934/449/397 2103/444/394 277/448/396 2104/450/398
f 2089/417/369 2934/449/397 2104/450/398 278/418/370
f 114/451/399 2105/452/400 2935/453/401 2108/454/402
f 2105/452/400 115/455/403 2106/456/404 2935/453/401
f 2935/453/401 2106/456/404 119/457/405 2107/458/406
f 2108/454/402 2935/453/401 2107/458/406 118/459/407
f 115/455/403 2105/452/400 2936/460/408 2111/461/409
f 2105/452/400 114/451/399 2109/462/410 2936/460/408
f 2936/460/408 2109/462/410 116/463/411 2110/464/412
f 2111/461/409 2936/460/408 2110/464/412 117/465/413
f 117/465/413 2110/464/412 2937/466/414 2114/467/415
f 2110/464/412 116/463/411 2112/468/416 2937/466/414
f 2937/466/414 2112/468/416 136/469/417 2113/470/418
f 2114/467/415 2937/466/414 2113/470/418 137/471/419
f 118/459/407 2107/458/406 2938/472/420 2117/473/421
f 2107/458/406 119/457/405 2115/474/422 2938/472/420
f 2938/472/420 2115/474/422 121/475/423 2116/476/424
f 2117/473/421 2938/472/420 2116/476/424 120/477/425
f 120/477/425 2116/476/424 2939/478/426 2120/479/427
f 2116/476/424 121/475/423 2118/480/428 2939/478/426
f 2939/478/426 2118/480/428 123/481/429 2119/482/430
f 2120/479/427 2939/478/426 2119/482/430 122/483/431
f 122/483/431 2119/482/430 2940/484/432 2123/485/433
f 2119/482/430 123/481/429 2121/486/434 2940/484/432
f 2940/484/432 2121/486/434 163/487/435 2122/488/436
f 2123/485/433 2940/484/432 2122/488/436 162/489/437
f 124/490/438 2124/491/439 2941/492/440 2127/493/441
f 2124/491/439 125/494/442 2125/495/443 2941/492/440
f 2941/492/440 2125/495/443 127/496/444 2126/497/445
f 2127/493/441 2941/492/440 2126/497/445 126/498/446
f 125/494/442 2124/491/439 2942/499/447 2130/500/448
f 2124/491/439 124/490/438 2128/501/449 2942/499/447
f 2942/499/447 2128/501/449 220/502/450 2129/503/451
f 2130/500/448 2942/499/447 2129/503/451 221/504/452
f 126/498/446 2126/497/445 2943/505/453 2133/506/454
f 2126/497/445 127/496/444 2131/507/455 2943/505/453
f 2943/505/453 2131/507/455 128/508/456 2132/509/457
f 2133/506/454 2943/505/453 2132/509/457 129/510/458
f 129/510/458 2132/509/457 2944/511/459 2136/512/460
f 2132/509/457 128/508/456 2134/513/461 2944/511/459
f 2944/511/459 2134/513/461 131/514/462 2135/515/463
f 2136/512/460 2944/511/459 2135/515/463 130/516/464
f 130/516/464 2135/515/463 2945/517/465 2139/518/466
f 2135/515/463 131/514/462 2137/519/467 2945/517/465
f 2945/517/465 2137/519/467 132/520/468 2138/521/469
f 2139/518/466 2945/517/465 2138/521/469 133/522/470
f 133/522/470 2138/521/469 2946/523/471 2142/524/472
f 2138/521/469 132/520/468 2140/525/473 2946/523/471
f 2946/523/471 2140/525/473 135/526/474 2141/527/475
f 2142/524/472 2946/523/471 2141/527/475 134/528/476
f 134/528/476 2141/527/475 2947/529/477 2144/530/478
f 2141/527/475 135/526/474 2143/531/479 2947/529/477
f 2947/529/477 2143/531/479 137/471/419 2113/470/418
f 2144/530/478 2947/529/477 2113/470/418 136/469/417
f 138/532/480 2145/533/481 2948/534/482 2148/535/483
f 2145/533/481 139/536/484 2146/537/485 2948/534/482
f 2948/534/482 2146/537/485 143/538/486 2147/539/487
f 2148/535/483 2948/534/482 2147/539/487 142/540/488
f 139/536/484 2145/533/481 2949/541/489 2151/542/490
f 2145/533/481 138/532/480 2149/543/491 2949/541/489
f 2949/541/489 2149/543/491 140/544/492 2150/545/493
f 2151/542/490 2949/541/489 2150/545/493 141/546/494
f 141/546/494 2150/545/493 2950/547/495 2154/548/496
f 2150/545/493 140/544/492 2152/549/497 2950/547/495
f 2950/547/495 2152/549/497 144/550/498 2153/551/499
f 2154/548/496 2950/547/495 2153/551/499 145/552/500
f 142/540/488 2147/539/487 2951/553/501 2157/554/502
f 2147/539/487 143/538/486 2155/555/503 2951/553/501
f 2951/553/501 2155/555/503 159/556/504 2156/557/505
f 2157/554/502 2951/553/501 2156/557/505 158/558/506
f 145/552/500 2153/551/499 2952/559/507 2160/560/508
f 2153/551/499 144/550/498 2158/561/509 2952/559/507
f 2952/559/507 2158/561/509 146/562/510 2159/563/511
f 2160/560/508 2952/559/507 2159/563/511 147/564/512
f 147/564/512 2159/563/511 2953/565/513 2163/566/514
f 2159/563/511 146/562/510 2161/567/515 2953/565/513
f 2953/565/513 2161/567/515 160/568/516 2162/569/517
f 2163/566/514 2953/565/513 2162/569/517 161/570/518
f 148/571/519 2164/572/520 2954/573/521 2167/574/522
f 2164/572/520 149/575/523 2165/576/524 2954/573/521
f 2954/573/521 2165/576/524 155/577/525 2166/578/526
f 2167/574/522 2954/573/521 2166/578/526 154/579/527
f 149/575/523 2164/572/520 2955/580/528 2170/581/529
f 2164/572/520 148/571/519 2168/582/530 2955/580/528
f 2955/580/528 2168/582/530 150/583/531 2169/584/532
f 2170/581/529 2955/580/528 2169/584/532 151/585/533
f 151/585/533 2169/584/532 2956/586/534 2173/587/535
f 2169/584/532 150/583/531 2171/588/536 2956/586/534
f 2956/586/534 2171/588/536 230/589/537 2172/590/538
f 2173/587/535 2956/586/534 2172/590/538 231/591/539
f 152/592/540 2174/593/541 2957/594/542 2176/595/543
f 2174/593/541 153/596/544 2175/597/545 2957/594/542
f 2957/594/542 2175/597/545 154/579/527 2166/578/526
f 2176/595/543 2957/594/542 2166/578/526 155/577/525
f 153/596/544 2174/593/541 2958/598/546 2179/599/547
f 2174/593/541 152/592/540 2177/600/548 2958/598/546
f 2958/598/546 2177/600/548 156/601/549 2178/602/550
f 2179/599/547 2958/598/546 2178/602/550 157/603/551
f 157/603/551 2178/602/550 2959/604/552 2181/605/553
f 2178/602/550 156/601/549 2180/606/554 2959/604/552
f 2959/604/552 2180/606/554 158/558/506 2156/557/505
f 2181/605/553 2959/604/552 2156/557/505 159/556/504
f 161/570/518 2162/569/517 2960/607/555 2184/608/556
f 2162/569/517 160/568/516 2182/609/557 2960/607/555
f 2960/607/555 2182/609/557 228/610/558 2183/611/559
f 2184/608/556 2960/607/555 2183/611/559 229/612/560
f 162/489/437 2122/488/436 2961/613/561 2187/614/562
f 2122/488/436 163/487/435 2185/615/563 2961/613/561
f 2961/613/561 2185/615/563 217/616/564 2186/617/565
f 2187/614/562 2961/613/561 2186/617/565 216/618/566
f 164/619/567 2188/620/568 2962/621/569 2191/622/570
f 2188/620/568 165/623/571 2189/624/572 2962/621/569
f 2962/621/569 2189/624/572 167/625/573 2190/626/574
f 2191/622/570 2962/621/569 2190/626/574 166/627/575
f 165/623/571 2188/620/568 2963/628/576 2194/629/577
f 2188/620/568 164/619/567 2192/630/578 2963/628/576
f 2963/628/576 2192/630/578 168/631/579 2193/632/580
f 2194/629/577 2963/628/576 2193/632/580 169/633/581
f 166/627/575 2190/626/574 2964/634/582 2197/635/583
f 2190/626/574 167/625/573 2195/636/584 2964/634/582
f 2964/634/582 2195/636/584 191/637/585 2196/638/586
f 2197/635/583 2964/634/582 2196/638/586 190/639/587
f 169/633/581 2193/632/580 2965/640/588 2200/641/589
f 2193/632/580 168/631/579 2198/642/590 2965/640/588
f 2965/640/588 2198/642/590 170/643/591 2199/644/592
f 2200/641/589 2965/640/588 2199/644/592 171/645/593
f 171/645/593 2199/644/592 2966/646/594 2203/647/595
f 2199/644/592 170/643/591 2201/648/596 2966/646/594
f 2966/646/594 2201/648/596 180/649/597 2202/650/598
f 2203/647/595 2966/646/594 2202/650/598 181/651/599
f 172/652/600 2204/653/601 2967/654/602 2207/655/603
f 2204/653/601 173/656/604 2205/657/605 2967/654/602
f 2967/654/602 2205/657/605 177/658/606 2206/659/607
f 2207/655/603 2967/654/602 2206/659/607 176/660/608
f 173/656/604 2204/653/601 2968/661/609 2210/662/610
f 2204/653/601 172/652/600 2208/663/611 2968/661/609
f 2968/661/609 2208/663/611 174/664/612 2209/665/613
f 2210/662/610 2968/661/609 2209/665/613 175/666/614
f 175/666/614 2209/665/613 2969/667/615 2213/668/616
f 2209/665/613 174/664/612 2211/669/617 2969/667/615
f 2969/667/615 2211/669/617 200/670/618 2212/671/619
f 2213/668/616 2969/667/615 2212/671/619 201/672/620
f 176/660/608 2206/659/607 2970/673/621 2216/674/622
f 2206/659/607 177/658/606 2214/675/623 2970/673/621
f 2970/673/621 2214/675/623 179/676/624 2215/677/625
f 2216/674/622 2970/673/621 2215/677/625 178/678/626
f 178/678/626 2215/677/625 2971/679/627 2219/680/628
f 2215/677/625 179/676/624 2217/681/629 2971/679/627
f 2971/679/627 2217/681/629 183/682/630 2218/683/631
f 2219/680/628 2971/679/627 2218/683/631 182/684/632
f 181/651/599 2202/650/598 2972/685/633 2222/686/634
f 2202/650/598 180/649/597 2220/687/635 2972/685/633
f 2972/685/633 2220/687/635 202/688/636 2221/689/637
f 2222/686/634 2972/685/633 2221/689/637 203/690/638
f 182/684/632 2218/683/631 2973/691/639 2225/692/640
f 2218/683/631 183/682/630 2223/693/641 2973/691/639
f 2973/691/639 2223/693/641 205/694/642 2224/695/643
f 2225/692/640 2973/691/639 2224/695/643 204/696/644
f 184/697/645 2226/698/646 2974/699/647 2229/700/648
f 2226/698/646 185/701/649 2227/702/650 2974/699/647
f 2974/699/647 2227/702/650 186/703/651 2228/704/652
f 2229/700/648 2974/699/647 2228/704/652 187/705/653
f 185/701/649 2226/698/646 2975/706/654 2232/707/655
f 2226/698/646 184/697/645 2230/708/656 2975/706/654
f 2975/706/654 2230/708/656 188/709/657 2231/710/658
f 2232/707/655 2975/706/654 2231/710/658 189/711/659
f 187/705/653 2228/704/652 2976/712/660 2235/713/661
f 2228/704/652 186/703/651 2233/714/662 2976/712/660
f 2976/712/660 2233/714/662 206/715/663 2234/716/664
f 2235/713/661 2976/712/660 2234/716/664 207/717/665
f 189/711/659 2231/710/658 2977/718/666 2237/719/667
f 2231/710/658 188/709/657 2236/720/668 2977/718/666
f 2977/718/666 2236/720/668 190/639/587 2196/638/586
f 2237/719/667 2977/718/666 2196/638/586 191/637/585
f 192/721/669 2238/722/670 2978/723/671 2241/724/672
f 2238/722/670 193/725/673 2239/726/674 2978/723/671
f 2978/723/671 2239/726/674 212/727/675 2240/728/676
f 2241/724/672 2978/723/671 2240/728/676 213/729/677
f 193/725/673 2238/722/670 2979/730/678 2244/731/679
f 2238/722/670 192/721/669 2242/732/680 2979/730/678
f 2979/730/678 2242/732/680 195/733/681 2243/734/682
f 2244/731/679 2979/730/678 2243/734/682 194/735/683
f 194/735/683 2243/734/682 2980/736/684 2247/737/685
f 2243/734/682 195/733/681 2245/738/686 2980/736/684
f 2980/736/684 2245/738/686 196/739/687 2246/740/688
f 2247/737/685 2980/736/684 2246/740/688 197/741/689
f 197/741/689 2246/740/688 2981/742/690 2250/743/691
f 2246/740/688 196/739/687 2248/744/692 2981/742/690
f 2981/742/690 2248/744/692 199/745/693 2249/746/694
f 2250/743/691 2981/742/690 2249/746/694 198/747/695
f 198/747/695 2249/746/694 2982/748/696 2252/749/697
f 2249/746/694 199/745/693 2251/750/698 2982/748/696
f 2982/748/696 2251/750/698 201/672/620 2212/671/619
f 2252/749/697 2982/748/696 2212/671/619 200/670/618
f 203/690/638 2221/689/637 2983/751/699 2255/752/700
f 2221/689/637 202/688/636 2253/753/701 2983/751/699
f 2983/751/699 2253/753/701 240/754/702 2254/755/703
f 2255/752/700 2983/751/699 2254/755/703 241/756/704
f 204/696/644 2224/695/643 2984/757/705 2258/758/706
f 2224/695/643 205/694/642 2256/759/707 2984/757/705
f 2984/757/705 2256/759/707 247/760/708 2257/761/709
f 2258/758/706 2984/757/705 2257/761/709 246/762/710
f 207/717/665 2234/716/664 2985/763/711 2261/764/712
f 2234/716/664 206/715/663 2259/765/713 2985/763/711
f 2985/763/711 2259/765/713 208/766/714 2260/767/715
f 2261/764/712 2985/763/711 2260/767/715 209/768/716
f 209/768/716 2260/767/715 2986/769/717 2264/770/718
f 2260/767/715 208/766/714 2262/771/719 2986/769/717
f 2986/769/717 2262/771/719 248/772/720 2263/773/721
f 2264/770/718 2986/769/717 2263/773/721 249/774/722
f 210/775/723 2265/776/724 2987/777/725 2267/778/726
f 2265/776/724 211/779/727 2266/780/728 2987/777/725
f 2987/777/725 2266/780/728 213/729/677 2240/728/676
f 2267/778/726 2987/777/725 2240/728/676 212/727/675
f 211/779/727 2265/776/724 2988/781/729 2270/782/730
f 2265/776/724 210/775/723 2268/783/731 2988/781/729
f 2988/781/729 2268/783/731 254/784/732 2269/785/733
f 2270/782/730 2988/781/729 2269/785/733 255/786/734
f 214/787/735 2271/788/736 2989/789/737 2274/790/738
f 2271/788/736 215/791/739 2272/792/740 2989/789/737
f 2989/789/737 2272/792/740 219/793/741 2273/794/742
f 2274/790/738 2989/789/737 2273/794/742 218/795/743
f 215/791/739 2271/788/736 2990/796/744 2276/797/745
f 2271/788/736 214/787/735 2275/798/746 2990/796/744
f 2990/796/744 2275/798/746 216/618/566 2186/617/565
f 2276/797/745 2990/796/744 2186/617/565 217/616/564
f 218/795/743 2273/794/742 2991/799/747 2279/800/748
f 2273/794/742 219/793/741 2277/801/749 2991/799/747
f 2991/799/747 2277/801/749 223/802/750 2278/803/751
f 2279/800/748 2991/799/747 2278/803/751 222/804/752
f 221/504/452 2129/503/451 2992/805/753 2281/806/754
f 2129/503/451 220/502/450 2280/807/755 2992/805/753
f 2992/805/753 2280/807/755 222/804/752 2278/803/751
f 2281/806/754 2992/805/753 2278/803/751 223/802/750
f 224/808/756 2282/809/757 2993/810/758 2284/811/759
f 2282/809/757 225/812/760 2283/813/761 2993/810/758
f 2993/810/758 2283/813/761 229/612/560 2183/611/559
f 2284/811/759 2993/810/758 2183/611/559 228/610/558
f 225/812/760 2282/809/757 2994/814/762 2287/815/763
f 2282/809/757 224/808/756 2285/816/764 2994/814/762
f 2994/814/762 2285/816/764 226/817/765 2286/818/766
f 2287/815/763 2994/814/762 2286/818/766 227/819/767
f 227/819/767 2286/818/766 2995/820/768 2290/821/769
f 2286/818/766 226/817/765 2288/822/770 2995/820/768
f 2995/820/768 2288/822/770 234/823/771 2289/824/772
f 2290/821/769 2995/820/768 2289/824/772 235/825/773
f 231/591/539 2172/590/538 2996/826/774 2293/827/775
f 2172/590/538 230/589/537 2291/828/776 2996/826/774
f 2996/826/774 2291/828/776 233/829/777 2292/830/778
f 2293/827/775 2996/826/774 2292/830/778 232/831/779
f 232/831/779 2292/830/778 2997/832/780 2295/833/781
f 2292/830/778 233/829/777 2294/834/782 2997/832/780
f 2997/832/780 2294/834/782 235/825/773 2289/824/772
f 2295/833/781 2997/832/780 2289/824/772 234/823/771
f 236/835/783 2296/836/784 2998/837/785 2298/838/786
f 2296/836/784 237/839/787 2297/840/788 2998/837/785
f 2998/837/785 2297/840/788 241/756/704 2254/755/703
f 2298/838/786 2998/837/785 2254/755/703 240/754/702
f 237/839/787 2296/836/784 2999/841/789 2301/842/790
f 2296/836/784 236/835/783 2299/843/791 2999/841/789
f 2999/841/789 2299/843/791 238/844/792 2300/845/793
f 2301/842/790 2999/841/789 2300/845/793 239/846/794
f 239/846/794 2300/845/793 3000/847/795 2304/848/796
f 2300/845/793 238/844/792 2302/849/797 3000/847/795
f 3000/847/795 2302/849/797 252/850/798 2303/851/799
f 2304/848/796 3000/847/795 2303/851/799 253/852/800
f 242/853/801 2305/854/802 3001/855/803 2308/856/804
f 2305/854/802 243/857/805 2306/858/806 3001/855/803
f 3001/855/803 2306/858/806 245/859/807 2307/860/808
f 2308/856/804 3001/855/803 2307/860/808 244/861/809
f 243/857/805 2305/854/802 3002/862/810 2310/863/811
f 2305/854/802 242/853/801 2309/864/812 3002/862/810
f 3002/862/810 2309/864/812 246/762/710 2257/761/709
f 2310/863/811 3002/862/810 2257/761/709 247/760/708
f 244/861/809 2307/860/808 3003/865/813 2313/866/814
f 2307/860/808 245/859/807 2311/867/815 3003/865/813
f 3003/865/813 2311/867/815 257/868/816 2312/869/817
f 2313/866/814 3003/865/813 2312/869/817 256/870/818
f 249/774/722 2263/773/721 3004/871/819 2316/872/820
f 2263/773/721 248/772/720 2314/873/821 3004/871/819
f 3004/871/819 2314/873/821 251/874/822 2315/875/823
f 2316/872/820 3004/871/819 2315/875/823 250/876/824
f 250/876/824 2315/875/823 3005/877/825 2318/878/826
f 2315/875/823 251/874/822 2317/879/827 3005/877/825
f 3005/877/825 2317/879/827 253/852/800 2303/851/799
f 2318/878/826 3005/877/825 2303/851/799 252/850/798
f 255/786/734 2269/785/733 3006/880/828 2320/881/829
f 2269/785/733 254/784/732 2319/882/830 3006/880/828
f 3006/880/828 2319/882/830 256/870/818 2312/869/817
f 2320/881/829 3006/880/828 2312/869/817 257/868/816
f 114/451/399 2321/883/831 3007/884/832 2109/462/410
f 2321/883/831 17/93/82 1976/158/147 3007/884/832
f 3007/884/832 1976/158/147 24/145/134 2322/885/833
f 2109/462/410 3007/884/832 2322/885/833 116/463/411
f 17/93/82 2321/883/831 3008/886/834 1944/88/77
f 2321/883/831 114/451/399 2108/454/402 3008/886/834
f 3008/886/834 2108/454/402 118/459/407 2323/887/835
f 1944/88/77 3008/886/834 2323/887/835 18/85/74
f 18/85/74 2323/887/835 3009/888/836 1951/106/95
f 2323/887/835 118/459/407 2117/473/421 3009/888/836
f 3009/888/836 2117/473/421 120/477/425 2324/889/837
f 1951/106/95 3009/888/836 2324/889/837 19/103/92
f 19/103/92 2324/889/837 3010/890/838 1981/166/155
f 2324/889/837 120/477/425 2120/479/427 3010/890/838
f 3010/890/838 2120/479/427 122/483/431 2325/891/839
f 1981/166/155 3010/890/838 2325/891/839 33/163/152
f 129/510/458 2326/892/840 3011/893/841 2133/506/454
f 2326/892/840 20/272/260 2032/269/257 3011/893/841
f 3011/893/841 2032/269/257 97/268/256 2327/894/842
f 2133/506/454 3011/893/841 2327/894/842 126/498/446
f 95/180/168 2328/895/843 3012/896/844 1987/176/164
f 2328/895/843 130/516/464 2139/518/466 3012/896/844
f 3012/896/844 2139/518/466 133/522/470 2329/897/845
f 1987/176/164 3012/896/844 2329/897/845 21/123/112
f 21/123/112 2329/897/845 3013/898/846 1958/118/107
f 2329/897/845 133/522/470 2142/524/472 3013/898/846
f 3013/898/846 2142/524/472 134/528/476 2330/899/847
f 1958/118/107 3013/898/846 2330/899/847 22/115/104
f 22/115/104 2330/899/847 3014/900/848 1965/136/125
f 2330/899/847 134/528/476 2144/530/478 3014/900/848
f 3014/900/848 2144/530/478 136/469/417 2331/901/849
f 1965/136/125 3014/900/848 2331/901/849 23/133/122
f 23/133/122 2331/901/849 3015/902/850 1971/148/137
f 2331/901/849 136/469/417 2112/468/416 3015/902/850
f 3015/902/850 2112/468/416 116/463/411 2322/885/833
f 1971/148/137 3015/902/850 2322/885/833 24/145/134
f 138/532/480 2332/903/851 3016/904/852 2149/543/491
f 2332/903/851 25/94/83 1948/97/86 3016/904/852
f 3016/904/852 1948/97/86 26/102/91 2333/905/853
f 2149/543/491 3016/904/852 2333/905/853 140/544/492
f 25/94/83 2332/903/851 3017/906/854 1978/161/150
f 2332/903/851 138/532/480 2148/535/483 3017/906/854
f 3017/906/854 2148/535/483 142/540/488 2334/907/855
f 1978/161/150 3017/906/854 2334/907/855 31/156/145
f 140/544/492 2333/905/853 3018/908/856 2152/549/497
f 2333/905/853 26/102/91 1954/110/99 3018/908/856
f 3018/908/856 1954/110/99 27/114/103 2335/909/857
f 2152/549/497 3018/908/856 2335/909/857 144/550/498
f 144/550/498 2335/909/857 3019/910/858 2158/561/509
f 2335/909/857 27/114/103 1984/170/158 3019/910/858
f 3019/910/858 1984/170/158 32/174/162 2336/911/859
f 2158/561/509 3019/910/858 2336/911/859 146/562/510
f 12/23/20 2337/912/860 3020/913/861 1914/24/21
f 2337/912/860 149/575/523 2170/581/529 3020/913/861
f 3020/913/861 2170/581/529 151/585/533 2338/914/862
f 1914/24/21 3020/913/861 2338/914/862 11/16/14
f 155/577/525 2339/915/863 3021/916/864 2176/595/543
f 2339/915/863 13/30/27 1989/182/170 3021/916/864
f 3021/916/864 1989/182/170 28/124/113 2340/917/865
f 2176/595/543 3021/916/864 2340/917/865 152/592/540
f 152/592/540 2340/917/865 3022/918/866 2177/600/548
f 2340/917/865 28/124/113 1962/127/116 3022/918/866
f 3022/918/866 1962/127/116 29/132/121 2341/919/867
f 2177/600/548 3022/918/866 2341/919/867 156/601/549
f 156/601/549 2341/919/867 3023/920/868 2180/606/554
f 2341/919/867 29/132/121 1968/140/129 3023/920/868
f 3023/920/868 1968/140/129 30/144/133 2342/921/869
f 2180/606/554 3023/920/868 2342/921/869 158/558/506
f 158/558/506 2342/921/869 3024/922/870 2157/554/502
f 2342/921/869 30/144/133 1974/152/141 3024/922/870
f 3024/922/870 1974/152/141 31/156/145 2334/907/855
f 2157/554/502 3024/922/870 2334/907/855 142/540/488
f 146/562/510 2336/911/859 3025/923/871 2161/567/515
f 2336/911/859 32/174/162 2030/265/253 3025/923/871
f 3025/923/871 2030/265/253 60/210/198 2343/924/872
f 2161/567/515 3025/923/871 2343/924/872 160/568/516
f 33/163/152 2325/891/839 3026/925/873 2028/262/250
f 2325/891/839 122/483/431 2123/485/433 3026/925/873
f 3026/925/873 2123/485/433 162/489/437 2344/926/874
f 2028/262/250 3026/925/873 2344/926/874 53/202/190
f 34/927/875 2345/928/876 3027/929/877 2347/930/878
f 2345/928/876 164/619/567 2191/622/570 3027/929/877
f 3027/929/877 2191/622/570 166/627/575 2346/931/879
f 2347/930/878 3027/929/877 2346/931/879 46/932/880
f 164/619/567 2345/928/876 3028/933/881 2192/630/578
f 2345/928/876 34/927/875 2348/934/882 3028/933/881
f 3028/933/881 2348/934/882 35/935/883 2349/936/884
f 2192/630/578 3028/933/881 2349/936/884 168/631/579
f 168/631/579 2349/936/884 3029/937/885 2198/642/590
f 2349/936/884 35/935/883 2350/938/886 3029/937/885
f 3029/937/885 2350/938/886 38/939/887 2351/940/888
f 2198/642/590 3029/937/885 2351/940/888 170/643/591
f 172/652/600 2352/941/889 3030/942/890 2208/663/611
f 2352/941/889 36/306/283 2044/305/282 3030/942/890
f 3030/942/890 2044/305/282 47/300/279 2353/943/891
f 2208/663/611 3030/942/890 2353/943/891 174/664/612
f 36/306/283 2352/941/889 3031/944/892 2046/311/286
f 2352/941/889 172/652/600 2207/655/603 3031/944/892
f 3031/944/892 2207/655/603 176/660/608 2354/945/893
f 2046/311/286 3031/944/892 2354/945/893 37/312/287
f 37/312/287 2354/945/893 3032/946/894 2048/317/290
f 2354/945/893 176/660/608 2216/674/622 3032/946/894
f 3032/946/894 2216/674/622 178/678/626 2355/947/895
f 2048/317/290 3032/946/894 2355/947/895 39/318/291
f 170/643/591 2351/940/888 3033/948/896 2201/648/596
f 2351/940/888 38/939/887 2356/949/897 3033/948/896
f 3033/948/896 2356/949/897 48/950/898 2357/951/899
f 2201/648/596 3033/948/896 2357/951/899 180/649/597
f 39/318/291 2355/947/895 3034/952/900 2050/323/294
f 2355/947/895 178/678/626 2219/680/628 3034/952/900
f 3034/952/900 2219/680/628 182/684/632 2358/953/901
f 2050/323/294 3034/952/900 2358/953/901 49/324/295
f 40/954/902 2359/955/903 3035/956/904 2361/957/905
f 2359/955/903 184/697/645 2229/700/648 3035/956/904
f 3035/956/904 2229/700/648 187/705/653 2360/958/906
f 2361/957/905 3035/956/904 2360/958/906 94/959/907
f 184/697/645 2359/955/903 3036/960/908 2230/708/656
f 2359/955/903 40/954/902 2362/961/909 3036/960/908
f 3036/960/908 2362/961/909 41/962/910 2363/963/911
f 2230/708/656 3036/960/908 2363/963/911 188/709/657
f 188/709/657 2363/963/911 3037/964/912 2236/720/668
f 2363/963/911 41/962/910 2364/965/913 3037/964/912
f 3037/964/912 2364/965/913 44/966/914 2365/967/915
f 2236/720/668 3037/964/912 2365/967/915 190/639/587
f 197/741/689 2366/968/916 3038/969/917 2247/737/685
f 2366/968/916 42/280/266 2036/279/265 3038/969/917
f 3038/969/917 2036/279/265 15/43/38 2367/970/918
f 2247/737/685 3038/969/917 2367/970/918 194/735/683
f 42/280/266 2366/968/916 3039/971/919 2038/287/270
f 2366/968/916 197/741/689 2250/743/691 3039/971/919
f 3039/971/919 2250/743/691 198/747/695 2368/972/920
f 2038/287/270 3039/971/919 2368/972/920 43/288/271
f 43/288/271 2368/972/920 3040/973/921 2040/293/274
f 2368/972/920 198/747/695 2252/749/697 3040/973/921
f 3040/973/921 2252/749/697 200/670/618 2369/974/922
f 2040/293/274 3040/973/921 2369/974/922 45/294/275
f 190/639/587 2365/967/915 3041/975/923 2197/635/583
f 2365/967/915 44/966/914 2370/976/924 3041/975/923
f 3041/975/923 2370/976/924 46/932/880 2346/931/879
f 2197/635/583 3041/975/923 2346/931/879 166/627/575
f 45/294/275 2369/974/922 3042/977/925 2042/299/278
f 2369/974/922 200/670/618 2211/669/617 3042/977/925
f 3042/977/925 2211/669/617 174/664/612 2353/943/891
f 2042/299/278 3042/977/925 2353/943/891 47/300/279
f 180/649/597 2357/951/899 3043/978/926 2220/687/635
f 2357/951/899 48/950/898 2371/979/927 3043/978/926
f 3043/978/926 2371/979/927 69/980/928 2372/981/929
f 2220/687/635 3043/978/926 2372/981/929 202/688/636
f 49/324/295 2358/953/901 3044/982/930 2052/329/298
f 2358/953/901 182/684/632 2225/692/640 3044/982/930
f 3044/982/930 2225/692/640 204/696/644 2373/983/931
f 2052/329/298 3044/982/930 2373/983/931 70/330/299
f 50/984/932 2374/985/933 3045/986/934 2376/987/935
f 2374/985/933 207/717/665 2261/764/712 3045/986/934
f 3045/986/934 2261/764/712 209/768/716 2375/988/936
f 2376/987/935 3045/986/934 2375/988/936 96/989/937
f 193/725/673 2377/990/938 3046/991/939 2239/726/674
f 2377/990/938 16/50/44 1927/54/48 3046/991/939
f 3046/991/939 1927/54/48 9/9/9 2378/992/940
f 2239/726/674 3046/991/939 2378/992/940 212/727/675
f 214/787/735 2379/993/941 3047/994/942 2275/798/746
f 2379/993/941 51/188/176 1990/185/173 3047/994/942
f 3047/994/942 1990/185/173 52/184/172 2380/995/943
f 2275/798/746 3047/994/942 2380/995/943 216/618/566
f 51/188/176 2379/993/941 3048/996/944 2024/256/244
f 2379/993/941 214/787/735 2274/790/738 3048/996/944
f 3048/996/944 2274/790/738 218/795/743 2381/997/945
f 2024/256/244 3048/996/944 2381/997/945 57/244/232
f 216/618/566 2380/995/943 3049/998/946 2187/614/562
f 2380/995/943 52/184/172 1998/203/191 3049/998/946
f 3049/998/946 1998/203/191 53/202/190 2344/926/874
f 2187/614/562 3049/998/946 2344/926/874 162/489/437
f 124/490/438 2382/999/947 3050/1000/948 2128/501/449
f 2382/999/947 54/218/206 2004/215/203 3050/1000/948
f 3050/1000/948 2004/215/203 55/214/202 2383/1001/949
f 2128/501/449 3050/1000/948 2383/1001/949 220/502/450
f 220/502/450 2383/1001/949 3051/1002/950 2280/807/755
f 2383/1001/949 55/214/202 2012/233/221 3051/1002/950
f 3051/1002/950 2012/233/221 56/232/220 2384/1003/951
f 2280/807/755 3051/1002/950 2384/1003/951 222/804/752
f 222/804/752 2384/1003/951 3052/1004/952 2279/800/748
f 2384/1003/951 56/232/220 2018/245/233 3052/1004/952
f 3052/1004/952 2018/245/233 57/244/232 2381/997/945
f 2279/800/748 3052/1004/952 2381/997/945 218/795/743
f 224/808/756 2385/1005/953 3053/1006/954 2285/816/764
f 2385/1005/953 58/193/181 2026/259/247 3053/1006/954
f 3053/1006/954 2026/259/247 64/252/240 2386/1007/955
f 2285/816/764 3053/1006/954 2386/1007/955 226/817/765
f 58/193/181 2385/1005/953 3054/1008/956 1994/194/182
f 2385/1005/953 224/808/756 2284/811/759 3054/1008/956
f 3054/1008/956 2284/811/759 228/610/558 2387/1009/957
f 1994/194/182 3054/1008/956 2387/1009/957 59/197/185
f 59/197/185 2387/1009/957 3055/1010/958 2001/208/196
f 2387/1009/957 228/610/558 2182/609/557 3055/1010/958
f 3055/1010/958 2182/609/557 160/568/516 2343/924/872
f 2001/208/196 3055/1010/958 2343/924/872 60/210/198
f 61/223/211 2388/1011/959 3056/1012/960 2008/224/212
f 2388/1011/959 231/591/539 2293/827/775 3056/1012/960
f 3056/1012/960 2293/827/775 232/831/779 2389/1013/961
f 2008/224/212 3056/1012/960 2389/1013/961 62/227/215
f 62/227/215 2389/1013/961 3057/1014/962 2015/238/226
f 2389/1013/961 232/831/779 2295/833/781 3057/1014/962
f 3057/1014/962 2295/833/781 234/823/771 2390/1015/963
f 2015/238/226 3057/1014/962 2390/1015/963 63/240/228
f 63/240/228 2390/1015/963 3058/1016/964 2021/250/238
f 2390/1015/963 234/823/771 2288/822/770 3058/1016/964
f 3058/1016/964 2288/822/770 226/817/765 2386/1007/955
f 2021/250/238 3058/1016/964 2386/1007/955 64/252/240
f 236/835/783 2391/1017/965 3059/1018/966 2299/843/791
f 2391/1017/965 65/1019/967 2392/1020/968 3059/1018/966
f 3059/1018/966 2392/1020/968 77/1021/969 2393/1022/970
f 2299/843/791 3059/1018/966 2393/1022/970 238/844/792
f 65/1019/967 2391/1017/965 3060/1023/971 2395/1024/972
f 2391/1017/965 236/835/783 2298/838/786 3060/1023/971
f 3060/1023/971 2298/838/786 240/754/702 2394/1025/973
f 2395/1024/972 3060/1023/971 2394/1025/973 66/1026/974
f 66/1026/974 2394/1025/973 3061/1027/975 2396/1028/976
f 2394/1025/973 240/754/702 2253/753/701 3061/1027/975
f 3061/1027/975 2253/753/701 202/688/636 2372/981/929
f 2396/1028/976 3061/1027/975 2372/981/929 69/980/928
f 67/342/307 2397/1029/977 3062/1030/978 2058/347/310
f 2397/1029/977 242/853/801 2308/856/804 3062/1030/978
f 3062/1030/978 2308/856/804 244/861/809 2398/1031/979
f 2058/347/310 3062/1030/978 2398/1031/979 78/348/311
f 242/853/801 2397/1029/977 3063/1032/980 2309/864/812
f 2397/1029/977 67/342/307 2056/341/306 3063/1032/980
f 3063/1032/980 2056/341/306 68/336/303 2399/1033/981
f 2309/864/812 3063/1032/980 2399/1033/981 246/762/710
f 246/762/710 2399/1033/981 3064/1034/982 2258/758/706
f 2399/1033/981 68/336/303 2054/335/302 3064/1034/982
f 3064/1034/982 2054/335/302 70/330/299 2373/983/931
f 2258/758/706 3064/1034/982 2373/983/931 204/696/644
f 71/1035/983 2400/1036/984 3065/1037/985 2402/1038/986
f 2400/1036/984 249/774/722 2316/872/820 3065/1037/985
f 3065/1037/985 2316/872/820 250/876/824 2401/1039/987
f 2402/1038/986 3065/1037/985 2401/1039/987 72/1040/988
f 72/1040/988 2401/1039/987 3066/1041/989 2404/1042/990
f 2401/1039/987 250/876/824 2318/878/826 3066/1041/989
f 3066/1041/989 2318/878/826 252/850/798 2403/1043/991
f 2404/1042/990 3066/1041/989 2403/1043/991 75/1044/992
f 210/775/723 2405/1045/993 3067/1046/994 2268/783/731
f 2405/1045/993 73/366/323 2064/365/322 3067/1046/994
f 3067/1046/994 2064/365/322 74/360/319 2406/1047/995
f 2268/783/731 3067/1046/994 2406/1047/995 254/784/732
f 254/784/732 2406/1047/995 3068/1048/996 2319/882/830
f 2406/1047/995 74/360/319 2062/359/318 3068/1048/996
f 3068/1048/996 2062/359/318 76/354/315 2407/1049/997
f 2319/882/830 3068/1048/996 2407/1049/997 256/870/818
f 75/1044/992 2403/1043/991 3069/1050/998 2408/1051/999
f 2403/1043/991 252/850/798 2302/849/797 3069/1050/998
f 3069/1050/998 2302/849/797 238/844/792 2393/1022/970
f 2408/1051/999 3069/1050/998 2393/1022/970 77/1021/969
f 256/870/818 2407/1049/997 3070/1052/1000 2313/866/814
f 2407/1049/997 76/354/315 2060/353/314 3070/1052/1000
f 3070/1052/1000 2060/353/314 78/348/311 2398/1031/979
f 2313/866/814 3070/1052/1000 2398/1031/979 244/861/809
f 169/633/581 2409/1053/1001 3071/1054/1002 2194/629/577
f 2409/1053/1001 177/658/606 2205/657/605 3071/1054/1002
f 3071/1054/1002 2205/657/605 173/656/604 2410/1055/1003
f 2194/629/577 3071/1054/1002 2410/1055/1003 165/623/571
f 179/676/624 2214/675/623 3072/1056/1004 2411/1057/1005
f 2214/675/623 177/658/606 2409/1053/1001 3072/1056/1004
f 3072/1056/1004 2409/1053/1001 169/633/581 2200/641/589
f 2411/1057/1005 3072/1056/1004 2200/641/589 171/645/593
f 189/711/659 2412/1058/1006 3073/1059/1007 2232/707/655
f 2412/1058/1006 199/745/693 2248/744/692 3073/1059/1007
f 3073/1059/1007 2248/744/692 196/739/687 2413/1060/1005
f 2232/707/655 3073/1059/1007 2413/1060/1005 185/701/649
f 191/637/585 2414/1061/1008 3074/1062/1009 2237/719/667
f 2414/1061/1008 201/672/620 2251/750/698 3074/1062/1009
f 3074/1062/1009 2251/750/698 199/745/693 2412/1058/1006
f 2237/719/667 3074/1062/1009 2412/1058/1006 189/711/659
f 167/625/573 2415/1063/1010 3075/1064/1011 2195/636/584
f 2415/1063/1010 175/666/614 2213/668/616 3075/1064/1011
f 3075/1064/1011 2213/668/616 201/672/620 2414/1061/1008
f 2195/636/584 3075/1064/1011 2414/1061/1008 191/637/585
f 165/623/571 2410/1055/1003 3076/1065/1012 2189/624/572
f 2410/1055/1003 173/656/604 2210/662/610 3076/1065/1012
f 3076/1065/1012 2210/662/610 175/666/614 2415/1063/1010
f 2189/624/572 3076/1065/1012 2415/1063/1010 167/625/573
f 181/651/599 2416/1066/1013 3077/1067/1005 2203/647/595
f 2416/1066/1013 183/682/630 2217/681/629 3077/1067/1005
f 3077/1067/1005 2217/681/629 179/676/624 2411/1057/1005
f 2203/647/595 3077/1067/1005 2411/1057/1005 171/645/593
f 196/739/687 2245/738/686 3078/1068/1014 2413/1060/1005
f 2245/738/686 195/733/681 2417/1069/1002 3078/1068/1014
f 3078/1068/1014 2417/1069/1002 186/703/651 2227/702/650
f 2413/1060/1005 3078/1068/1014 2227/702/650 185/701/649
f 119/457/405 2106/456/404 3079/1070/1015 2419/1071/1016
f 2106/456/404 115/455/403 2418/1072/1017 3079/1070/1015
f 3079/1070/1015 2418/1072/1017 139/536/484 2151/542/490
f 2419/1071/1016 3079/1070/1015 2151/542/490 141/546/494
f 145/552/500 2420/1073/1018 3080/1074/1018 2154/548/496
f 2420/1073/1018 121/475/423 2115/474/422 3080/1074/1018
f 3080/1074/1018 2115/474/422 119/457/405 2419/1071/1016
f 2154/548/496 3080/1074/1018 2419/1071/1016 141/546/494
f 135/526/474 2140/525/473 3081/1075/1019 2422/1076/1020
f 2140/525/473 132/520/468 2421/1077/1021 3081/1075/1019
f 3081/1075/1019 2421/1077/1021 153/596/544 2179/599/547
f 2422/1076/1020 3081/1075/1019 2179/599/547 157/603/551
f 137/471/419 2143/531/479 3082/1078/1022 2423/1079/1023
f 2143/531/479 135/526/474 2422/1076/1020 3082/1078/1022
f 3082/1078/1022 2422/1076/1020 157/603/551 2181/605/553
f 2423/1079/1023 3082/1078/1022 2181/605/553 159/556/504
f 117/465/413 2114/467/415 3083/1080/1024 2424/1081/1025
f 2114/467/415 137/471/419 2423/1079/1023 3083/1080/1024
f 3083/1080/1024 2423/1079/1023 159/556/504 2155/555/503
f 2424/1081/1025 3083/1080/1024 2155/555/503 143/538/486
f 115/455/403 2111/461/409 3084/1082/1026 2418/1072/1017
f 2111/461/409 117/465/413 2424/1081/1025 3084/1082/1026
f 3084/1082/1026 2424/1081/1025 143/538/486 2146/537/485
f 2418/1072/1017 3084/1082/1026 2146/537/485 139/536/484
f 123/481/429 2118/480/428 3085/1083/1027 2425/1084/1027
f 2118/480/428 121/475/423 2420/1073/1018 3085/1083/1027
f 3085/1083/1027 2420/1073/1018 145/552/500 2160/560/508
f 2425/1084/1027 3085/1083/1027 2160/560/508 147/564/512
f 153/596/544 2421/1077/1021 3086/1085/1028 2175/597/545
f 2421/1077/1021 132/520/468 2137/519/467 3086/1085/1028
f 3086/1085/1028 2137/519/467 131/514/462 2426/1086/1015
f 2175/597/545 3086/1085/1028 2426/1086/1015 154/579/527
f 241/756/704 2297/840/788 3087/1087/1029 2428/1088/1030
f 2297/840/788 237/839/787 2427/1089/1031 3087/1087/1029
f 3087/1087/1029 2427/1089/1031 243/857/805 2310/863/811
f 2428/1088/1030 3087/1087/1029 2310/863/811 247/760/708
f 205/694/642 2429/1090/1032 3088/1091/1033 2256/759/707
f 2429/1090/1032 203/690/638 2255/752/700 3088/1091/1033
f 3088/1091/1033 2255/752/700 241/756/704 2428/1088/1030
f 2256/759/707 3088/1091/1033 2428/1088/1030 247/760/708
f 251/874/822 2314/873/821 3089/1092/1034 2431/1093/1035
f 2314/873/821 248/772/720 2430/1094/1032 3089/1092/1034
f 3089/1092/1034 2430/1094/1032 211/779/727 2270/782/730
f 2431/1093/1035 3089/1092/1034 2270/782/730 255/786/734
f 253/852/800 2317/879/827 3090/1095/1036 2432/1096/1037
f 2317/879/827 251/874/822 2431/1093/1035 3090/1095/1036
f 3090/1095/1036 2431/1093/1035 255/786/734 2320/881/829
f 2432/1096/1037 3090/1095/1036 2320/881/829 257/868/816
f 239/846/794 2304/848/796 3091/1097/1038 2433/1098/1039
f 2304/848/796 253/852/800 2432/1096/1037 3091/1097/1038
f 3091/1097/1038 2432/1096/1037 257/868/816 2311/867/815
f 2433/1098/1039 3091/1097/1038 2311/867/815 245/859/807
f 237/839/787 2301/842/790 3092/1099/1040 2427/1089/1031
f 2301/842/790 239/846/794 2433/1098/1039 3092/1099/1040
f 3092/1099/1040 2433/1098/1039 245/859/807 2306/858/806
f 2427/1089/1031 3092/1099/1040 2306/858/806 243/857/805
f 181/651/599 2222/686/634 3093/1100/1013 2416/1066/1013
f 2222/686/634 203/690/638 2429/1090/1032 3093/1100/1013
f 3093/1100/1013 2429/1090/1032 205/694/642 2223/693/641
f 2416/1066/1013 3093/1100/1013 2223/693/641 183/682/630
f 213/729/677 2434/1101/1029 3094/1102/1041 2241/724/672
f 2434/1101/1029 208/766/714 2259/765/713 3094/1102/1041
f 3094/1102/1041 2259/765/713 206/715/663 2435/1103/1042
f 2241/724/672 3094/1102/1041 2435/1103/1042 192/721/669
f 217/616/564 2436/1104/1043 3095/1105/1044 2276/797/745
f 2436/1104/1043 229/612/560 2283/813/761 3095/1105/1044
f 3095/1105/1044 2283/813/761 225/812/760 2437/1106/1045
f 2276/797/745 3095/1105/1044 2437/1106/1045 215/791/739
f 161/570/518 2184/608/556 3096/1107/1046 2438/1108/1047
f 2184/608/556 229/612/560 2436/1104/1043 3096/1107/1046
f 3096/1107/1046 2436/1104/1043 217/616/564 2185/615/563
f 2438/1108/1047 3096/1107/1046 2185/615/563 163/487/435
f 221/504/452 2439/1109/1048 3097/1110/1049 2130/500/448
f 2439/1109/1048 233/829/777 2291/828/776 3097/1110/1049
f 3097/1110/1049 2291/828/776 230/589/537 2440/1111/1047
f 2130/500/448 3097/1110/1049 2440/1111/1047 125/494/442
f 223/802/750 2441/1112/1050 3098/1113/1051 2281/806/754
f 2441/1112/1050 235/825/773 2294/834/782 3098/1113/1051
f 3098/1113/1051 2294/834/782 233/829/777 2439/1109/1048
f 2281/806/754 3098/1113/1051 2439/1109/1048 221/504/452
f 219/793/741 2442/1114/1052 3099/1115/1053 2277/801/749
f 2442/1114/1052 227/819/767 2290/821/769 3099/1115/1053
f 3099/1115/1053 2290/821/769 235/825/773 2441/1112/1050
f 2277/801/749 3099/1115/1053 2441/1112/1050 223/802/750
f 215/791/739 2437/1106/1045 3100/1116/1054 2272/792/740
f 2437/1106/1045 225/812/760 2287/815/763 3100/1116/1054
f 3100/1116/1054 2287/815/763 227/819/767 2442/1114/1052
f 2272/792/740 3100/1116/1054 2442/1114/1052 219/793/741
f 123/481/429 2425/1084/1027 3101/1117/1047 2121/486/434
f 2425/1084/1027 147/564/512 2163/566/514 3101/1117/1047
f 3101/1117/1047 2163/566/514 161/570/518 2438/1108/1047
f 2121/486/434 3101/1117/1047 2438/1108/1047 163/487/435
f 150/583/531 2168/582/530 3102/1118/1055 2444/1119/1044
f 2168/582/530 148/571/519 2443/1120/1056 3102/1118/1055
f 3102/1118/1055 2443/1120/1056 128/508/456 2131/507/455
f 2444/1119/1044 3102/1118/1055 2131/507/455 127/496/444
f 194/735/683 2367/970/918 3103/1121/1057 2244/731/679
f 2367/970/918 15/43/38 1926/51/45 3103/1121/1057
f 3103/1121/1057 1926/51/45 16/50/44 2377/990/938
f 2244/731/679 3103/1121/1057 2377/990/938 193/725/673
f 186/703/651 2417/1069/1002 3104/1122/1058 2233/714/662
f 2417/1069/1002 195/733/681 2242/732/680 3104/1122/1058
f 3104/1122/1058 2242/732/680 192/721/669 2435/1103/1042
f 2233/714/662 3104/1122/1058 2435/1103/1042 206/715/663
f 94/959/907 2360/958/906 3105/1123/1059 2445/1124/1060
f 2360/958/906 187/705/653 2235/713/661 3105/1123/1059
f 3105/1123/1059 2235/713/661 207/717/665 2374/985/933
f 2445/1124/1060 3105/1123/1059 2374/985/933 50/984/932
f 20/272/260 2326/892/840 3106/1125/1061 2067/368/325
f 2326/892/840 129/510/458 2136/512/460 3106/1125/1061
f 3106/1125/1061 2136/512/460 130/516/464 2328/895/843
f 2067/368/325 3106/1125/1061 2328/895/843 95/180/168
f 154/579/527 2426/1086/1015 3107/1126/1062 2167/574/522
f 2426/1086/1015 131/514/462 2134/513/461 3107/1126/1062
f 3107/1126/1062 2134/513/461 128/508/456 2443/1120/1056
f 2167/574/522 3107/1126/1062 2443/1120/1056 148/571/519
f 149/575/523 2337/912/860 3108/1127/1063 2165/576/524
f 2337/912/860 12/23/20 1917/26/23 3108/1127/1063
f 3108/1127/1063 1917/26/23 13/30/27 2339/915/863
f 2165/576/524 3108/1127/1063 2339/915/863 155/577/525
f 212/727/675 2378/992/940 3109/1128/1064 2267/778/726
f 2378/992/940 9/9/9 2072/377/334 3109/1128/1064
f 3109/1128/1064 2072/377/334 73/366/323 2405/1045/993
f 2267/778/726 3109/1128/1064 2405/1045/993 210/775/723
f 211/779/727 2430/1094/1032 3110/1129/1065 2266/780/728
f 2430/1094/1032 248/772/720 2262/771/719 3110/1129/1065
f 3110/1129/1065 2262/771/719 208/766/714 2434/1101/1029
f 2266/780/728 3110/1129/1065 2434/1101/1029 213/729/677
f 96/989/937 2375/988/936 3111/1130/1066 2446/1131/1067
f 2375/988/936 209/768/716 2264/770/718 3111/1130/1066
f 3111/1130/1066 2264/770/718 249/774/722 2400/1036/984
f 2446/1131/1067 3111/1130/1066 2400/1036/984 71/1035/983
f 126/498/446 2327/894/842 3112/1132/1068 2127/493/441
f 2327/894/842 97/268/256 2068/370/327 3112/1132/1068
f 3112/1132/1068 2068/370/327 54/218/206 2382/999/947
f 2127/493/441 3112/1132/1068 2382/999/947 124/490/438
f 230/589/537 2171/588/536 3113/1133/1069 2440/1111/1047
f 2171/588/536 150/583/531 2444/1119/1044 3113/1133/1069
f 3113/1133/1069 2444/1119/1044 127/496/444 2125/495/443
f 2440/1111/1047 3113/1133/1069 2125/495/443 125/494/442
f 11/16/14 2338/914/862 3114/1134/1070 2070/375/332
f 2338/914/862 151/585/533 2173/587/535 3114/1134/1070
f 3114/1134/1070 2173/587/535 231/591/539 2388/1011/959
f 2070/375/332 3114/1134/1070 2388/1011/959 61/223/211
f 99/1135/1071 2447/1136/1072 3115/1137/1073 2450/1138/1074
f 2447/1136/1072 98/1139/1075 2448/1140/1076 3115/1137/1073
f 3115/1137/1073 2448/1140/1076 287/1141/1077 2449/1142/1078
f 2450/1138/1074 3115/1137/1073 2449/1142/1078 288/1143/1079
f 100/1144/1080 2451/1145/1081 3116/1146/1082 2453/1147/1083
f 2451/1145/1081 99/1148/1071 2450/1149/1074 3116/1146/1082
f 3116/1146/1082 2450/1149/1074 288/1150/1079 2452/1151/1084
f 2453/1147/1083 3116/1146/1082 2452/1151/1084 289/1152/1085
f 101/1153/1086 2454/1154/1087 3117/1155/1088 2456/1156/1089
f 2454/1154/1087 100/1144/1080 2453/1147/1083 3117/1155/1088
f 3117/1155/1088 2453/1147/1083 289/1152/1085 2455/1157/1090
f 2456/1156/1089 3117/1155/1088 2455/1157/1090 282/1158/1091
f 102/1159/1092 2457/1160/1093 3118/1161/1094 2459/1162/1095
f 2457/1160/1093 101/1153/1086 2456/1156/1089 3118/1161/1094
f 3118/1161/1094 2456/1156/1089 282/1158/1091 2458/1163/1096
f 2459/1162/1095 3118/1161/1094 2458/1163/1096 283/1164/1097
f 103/1165/1098 2460/1166/1099 3119/1167/1100 2462/1168/1101
f 2460/1166/1099 102/1159/1092 2459/1162/1095 3119/1167/1100
f 3119/1167/1100 2459/1162/1095 283/1164/1097 2461/1169/1102
f 2462/1168/1101 3119/1167/1100 2461/1169/1102 284/1170/1103
f 104/1171/1104 2463/1172/1105 3120/1173/1106 2465/1174/1107
f 2463/1172/1105 103/1175/1098 2462/1176/1101 3120/1173/1106
f 3120/1173/1106 2462/1176/1101 284/1177/1103 2464/1178/1108
f 2465/1174/1107 3120/1173/1106 2464/1178/1108 285/1179/1109
f 105/1180/1110 2466/1181/1111 3121/1182/1112 2468/1183/1113
f 2466/1181/1111 104/1171/1104 2465/1174/1107 3121/1182/1112
f 3121/1182/1112 2465/1174/1107 285/1179/1109 2467/1184/1114
f 2468/1183/1113 3121/1182/1112 2467/1184/1114 286/1185/1115
f 98/1139/1075 2469/1186/1116 3122/1187/1117 2448/1140/1076
f 2469/1186/1116 105/1180/1110 2468/1183/1113 3122/1187/1117
f 3122/1187/1117 2468/1183/1113 286/1185/1115 2470/1188/1118
f 2448/1140/1076 3122/1187/1117 2470/1188/1118 287/1141/1077
f 275/438/388 2098/437/387 3123/1189/1119 2473/1190/1120
f 2098/437/387 274/434/384 2471/1191/1121 3123/1189/1119
f 3123/1189/1119 2471/1191/1121 306/1192/1122 2472/1193/1123
f 2473/1190/1120 3123/1189/1119 2472/1193/1123 307/1194/1124
f 276/442/392 2100/441/391 3124/1195/1125 2475/1196/1126
f 2100/441/391 275/438/388 2473/1190/1120 3124/1195/1125
f 3124/1195/1125 2473/1190/1120 307/1194/1124 2474/1197/1127
f 2475/1196/1126 3124/1195/1125 2474/1197/1127 308/1198/1128
f 277/448/396 2102/447/395 3125/1199/1129 2477/1200/1130
f 2102/447/395 276/446/392 2475/1201/1126 3125/1199/1129
f 3125/1199/1129 2475/1201/1126 308/1202/1128 2476/1203/1131
f 2477/1200/1130 3125/1199/1129 2476/1203/1131 309/1204/1132
f 278/418/370 2104/450/398 3126/1205/1133 2479/1206/1134
f 2104/450/398 277/448/396 2477/1200/1130 3126/1205/1133
f 3126/1205/1133 2477/1200/1130 309/1204/1132 2478/1207/1135
f 2479/1206/1134 3126/1205/1133 2478/1207/1135 310/1208/1136
f 279/420/372 2090/419/371 3127/1209/1137 2481/1210/1138
f 2090/419/371 278/418/370 2479/1206/1134 3127/1209/1137
f 3127/1209/1137 2479/1206/1134 310/1208/1136 2480/1211/1139
f 2481/1210/1138 3127/1209/1137 2480/1211/1139 311/1212/1140
f 280/424/376 2092/423/375 3128/1213/1141 2483/1214/1142
f 2092/423/375 279/420/372 2481/1210/1138 3128/1213/1141
f 3128/1213/1141 2481/1210/1138 311/1212/1140 2482/1215/1143
f 2483/1214/1142 3128/1213/1141 2482/1215/1143 312/1216/1144
f 281/430/380 2094/429/379 3129/1217/1145 2485/1218/1146
f 2094/429/379 280/428/376 2483/1219/1142 3129/1217/1145
f 3129/1217/1145 2483/1219/1142 312/1220/1144 2484/1221/1147
f 2485/1218/1146 3129/1217/1145 2484/1221/1147 313/1222/1148
f 274/434/384 2096/433/383 3130/1223/1149 2471/1191/1121
f 2096/433/383 281/430/380 2485/1218/1146 3130/1223/1149
f 3130/1223/1149 2485/1218/1146 313/1222/1148 2486/1224/1150
f 2471/1191/1121 3130/1223/1149 2486/1224/1150 306/1192/1122
f 283/1164/1097 2458/1163/1096 3131/1225/1151 2489/1226/1152
f 2458/1163/1096 282/1158/1091 2487/1227/1027 3131/1225/1151
f 3131/1225/1151 2487/1227/1027 298/1228/1153 2488/1229/1154
f 2489/1226/1152 3131/1225/1151 2488/1229/1154 299/1230/1155
f 284/1170/1103 2461/1169/1102 3132/1231/1156 2491/1232/1157
f 2461/1169/1102 283/1164/1097 2489/1226/1152 3132/1231/1156
f 3132/1231/1156 2489/1226/1152 299/1230/1155 2490/1233/1158
f 2491/1232/1157 3132/1231/1156 2490/1233/1158 300/1234/1159
f 285/1179/1109 2464/1178/1108 3133/1235/1160 2493/1236/1161
f 2464/1178/1108 284/1177/1103 2491/1237/1157 3133/1235/1160
f 3133/1235/1160 2491/1237/1157 300/1238/1159 2492/1239/1162
f 2493/1236/1161 3133/1235/1160 2492/1239/1162 301/1240/1163
f 286/1185/1115 2467/1184/1114 3134/1241/1164 2495/1242/1013
f 2467/1184/1114 285/1179/1109 2493/1236/1161 3134/1241/1164
f 3134/1241/1164 2493/1236/1161 301/1240/1163 2494/1243/1165
f 2495/1242/1013 3134/1241/1164 2494/1243/1165 302/1244/1166
f 287/1141/1077 2470/1188/1118 3135/1245/1167 2497/1246/1168
f 2470/1188/1118 286/1185/1115 2495/1242/1013 3135/1245/1167
f 3135/1245/1167 2495/1242/1013 302/1244/1166 2496/1247/1169
f 2497/1246/1168 3135/1245/1167 2496/1247/1169 303/1248/1170
f 288/1143/1079 2449/1142/1078 3136/1249/1171 2499/1250/242
f 2449/1142/1078 287/1141/1077 2497/1246/1168 3136/1249/1171
f 3136/1249/1171 2497/1246/1168 303/1248/1170 2498/1251/1172
f 2499/1250/242 3136/1249/1171 2498/1251/1172 304/1252/1173
f 289/1152/1085 2452/1151/1084 3137/1253/1174 2501/1254/1175
f 2452/1151/1084 288/1150/1079 2499/1255/242 3137/1253/1174
f 3137/1253/1174 2499/1255/242 304/1256/1173 2500/1257/1176
f 2501/1254/1175 3137/1253/1174 2500/1257/1176 305/1258/1177
f 282/1158/1091 2455/1157/1090 3138/1259/1178 2487/1227/1027
f 2455/1157/1090 289/1152/1085 2501/1254/1175 3138/1259/1178
f 3138/1259/1178 2501/1254/1175 305/1258/1177 2502/1260/1179
f 2487/1227/1027 3138/1259/1178 2502/1260/1179 298/1228/1153
f 291/1261/1180 2503/1262/1181 3139/1263/1182 2506/1264/1183
f 2503/1262/1181 290/1265/1184 2504/1266/1185 3139/1263/1182
f 3139/1263/1182 2504/1266/1185 261/1267/1186 2505/1268/1187
f 2506/1264/1183 3139/1263/1182 2505/1268/1187 262/1269/1188
f 292/1270/1189 2507/1271/1190 3140/1272/1191 2509/1273/1192
f 2507/1271/1190 291/1261/1180 2506/1264/1183 3140/1272/1191
f 3140/1272/1191 2506/1264/1183 262/1269/1188 2508/1274/1193
f 2509/1273/1192 3140/1272/1191 2508/1274/1193 263/1275/1194
f 293/1276/1195 2510/1277/1196 3141/1278/1197 2512/1279/1198
f 2510/1277/1196 292/1280/1189 2509/1281/1192 3141/1278/1197
f 3141/1278/1197 2509/1281/1192 263/1282/1194 2511/1283/1199
f 2512/1279/1198 3141/1278/1197 2511/1283/1199 264/1284/1200
f 294/1285/1201 2513/1286/1202 3142/1287/1203 2515/1288/1204
f 2513/1286/1202 293/1276/1195 2512/1279/1198 3142/1287/1203
f 3142/1287/1203 2512/1279/1198 264/1284/1200 2514/1289/1205
f 2515/1288/1204 3142/1287/1203 2514/1289/1205 265/1290/1206
f 295/1291/1207 2516/1292/1208 3143/1293/1209 2518/1294/1210
f 2516/1292/1208 294/1285/1201 2515/1288/1204 3143/1293/1209
f 3143/1293/1209 2515/1288/1204 265/1290/1206 2517/1295/1211
f 2518/1294/1210 3143/1293/1209 2517/1295/1211 258/1296/1212
f 296/1297/1213 2519/1298/1214 3144/1299/1215 2521/1300/1216
f 2519/1298/1214 295/1291/1207 2518/1294/1210 3144/1299/1215
f 3144/1299/1215 2518/1294/1210 258/1296/1212 2520/1301/1217
f 2521/1300/1216 3144/1299/1215 2520/1301/1217 259/1302/1218
f 297/1303/1219 2522/1304/1220 3145/1305/1221 2524/1306/1222
f 2522/1304/1220 296/1307/1213 2521/1308/1216 3145/1305/1221
f 3145/1305/1221 2521/1308/1216 259/1309/1218 2523/1310/1223
f 2524/1306/1222 3145/1305/1221 2523/1310/1223 260/1311/1224
f 290/1265/1184 2525/1312/1225 3146/1313/1226 2504/1266/1185
f 2525/1312/1225 297/1303/1219 2524/1306/1222 3146/1313/1226
f 3146/1313/1226 2524/1306/1222 260/1311/1224 2526/1314/1227
f 2504/1266/1185 3146/1313/1226 2526/1314/1227 261/1267/1186
f 299/1230/1155 2488/1229/1154 3147/1315/1228 2528/1316/1229
f 2488/1229/1154 298/1228/1153 2527/1317/1230 3147/1315/1228
f 3147/1315/1228 2527/1317/1230 290/1265/1184 2503/1262/1181
f 2528/1316/1229 3147/1315/1228 2503/1262/1181 291/1261/1180
f 300/1234/1159 2490/1233/1158 3148/1318/1231 2529/1319/1232
f 2490/1233/1158 299/1230/1155 2528/1316/1229 3148/1318/1231
f 3148/1318/1231 2528/1316/1229 291/1261/1180 2507/1271/1190
f 2529/1319/1232 3148/1318/1231 2507/1271/1190 292/1270/1189
f 301/1240/1163 2492/1239/1162 3149/1320/1233 2530/1321/1234
f 2492/1239/1162 300/1238/1159 2529/1322/1232 3149/1320/1233
f 3149/1320/1233 2529/1322/1232 292/1280/1189 2510/1277/1196
f 2530/1321/1234 3149/1320/1233 2510/1277/1196 293/1276/1195
f 302/1244/1166 2494/1243/1165 3150/1323/1235 2531/1324/1236
f 2494/1243/1165 301/1240/1163 2530/1321/1234 3150/1323/1235
f 3150/1323/1235 2530/1321/1234 293/1276/1195 2513/1286/1202
f 2531/1324/1236 3150/1323/1235 2513/1286/1202 294/1285/1201
f 303/1248/1170 2496/1247/1169 3151/1325/1237 2532/1326/1238
f 2496/1247/1169 302/1244/1166 2531/1324/1236 3151/1325/1237
f 3151/1325/1237 2531/1324/1236 294/1285/1201 2516/1292/1208
f 2532/1326/1238 3151/1325/1237 2516/1292/1208 295/1291/1207
f 304/1252/1173 2498/1251/1172 3152/1327/1239 2533/1328/1240
f 2498/1251/1172 303/1248/1170 2532/1326/1238 3152/1327/1239
f 3152/1327/1239 2532/1326/1238 295/1291/1207 2519/1298/1214
f 2533/1328/1240 3152/1327/1239 2519/1298/1214 296/1297/1213
f 305/1258/1177 2500/1257/1176 3153/1329/1241 2534/1330/1242
f 2500/1257/1176 304/1256/1173 2533/1331/1240 3153/1329/1241
f 3153/1329/1241 2533/1331/1240 296/1307/1213 2522/1304/1220
f 2534/1330/1242 3153/1329/1241 2522/1304/1220 297/1303/1219
f 298/1228/1153 2502/1260/1179 3154/1332/1243 2527/1317/1230
f 2502/1260/1179 305/1258/1177 2534/1330/1242 3154/1332/1243
f 3154/1332/1243 2534/1330/1242 297/1303/1219 2525/1312/1225
f 2527/1317/1230 3154/1332/1243 2525/1312/1225 290/1265/1184
f 307/1194/1124 2472/1193/1123 3155/1333/1244 2536/1334/1245
f 2472/1193/1123 306/1192/1122 2535/1335/1246 3155/1333/1244
f 3155/1333/1244 2535/1335/1246 101/1153/1086 2457/1160/1093
f 2536/1334/1245 3155/1333/1244 2457/1160/1093 102/1159/1092
f 308/1198/1128 2474/1197/1127 3156/1336/1247 2537/1337/1248
f 2474/1197/1127 307/1194/1124 2536/1334/1245 3156/1336/1247
f 3156/1336/1247 2536/1334/1245 102/1159/1092 2460/1166/1099
f 2537/1337/1248 3156/1336/1247 2460/1166/1099 103/1165/1098
f 309/1204/1132 2476/1203/1131 3157/1338/1249 2538/1339/1250
f 2476/1203/1131 308/1202/1128 2537/1340/1248 3157/1338/1249
f 3157/1338/1249 2537/1340/1248 103/1175/1098 2463/1172/1105
f 2538/1339/1250 3157/1338/1249 2463/1172/1105 104/1171/1104
f 310/1208/1136 2478/1207/1135 3158/1341/1251 2539/1342/1252
f 2478/1207/1135 309/1204/1132 2538/1339/1250 3158/1341/1251
f 3158/1341/1251 2538/1339/1250 104/1171/1104 2466/1181/1111
f 2539/1342/1252 3158/1341/1251 2466/1181/1111 105/1180/1110
f 311/1212/1140 2480/1211/1139 3159/1343/1253 2540/1344/1254
f 2480/1211/1139 310/1208/1136 2539/1342/1252 3159/1343/1253
f 3159/1343/1253 2539/1342/1252 105/1180/1110 2469/1186/1116
f 2540/1344/1254 3159/1343/1253 2469/1186/1116 98/1139/1075
f 312/1216/1144 2482/1215/1143 3160/1345/1255 2541/1346/1256
f 2482/1215/1143 311/1212/1140 2540/1344/1254 3160/1345/1255
f 3160/1345/1255 2540/1344/1254 98/1139/1075 2447/1136/1072
f 2541/1346/1256 3160/1345/1255 2447/1136/1072 99/1135/1071
f 313/1222/1148 2484/1221/1147 3161/1347/1257 2542/1348/1258
f 2484/1221/1147 312/1220/1144 2541/1349/1256 3161/1347/1257
f 3161/1347/1257 2541/1349/1256 99/1148/1071 2451/1145/1081
f 2542/1348/1258 3161/1347/1257 2451/1145/1081 100/1144/1080
f 306/1192/1122 2486/1224/1150 3162/1350/1259 2535/1335/1246
f 2486/1224/1150 313/1222/1148 2542/1348/1258 3162/1350/1259
f 3162/1350/1259 2542/1348/1258 100/1144/1080 2454/1154/1087
f 2535/1335/1246 3162/1350/1259 2454/1154/1087 101/1153/1086
f 314/1351/1260 2543/1352/1261 3163/1353/1262 2546/1354/1263
f 2543/1352/1261 315/1355/1264 2544/1356/1265 3163/1353/1262
f 3163/1353/1262 2544/1356/1265 328/1357/1266 2545/1358/1267
f 2546/1354/1263 3163/1353/1262 2545/1358/1267 329/1359/1268
f 315/1355/1264 2543/1352/1261 3164/1360/1269 2549/1361/1270
f 2543/1352/1261 314/1351/1260 2547/1362/1271 3164/1360/1269
f 3164/1360/1269 2547/1362/1271 317/1363/1272 2548/1364/1273
f 2549/1361/1270 3164/1360/1269 2548/1364/1273 316/1365/1274
f 316/1365/1274 2548/1364/1273 3165/1366/1275 2552/1367/1276
f 2548/1364/1273 317/1363/1272 2550/1368/1277 3165/1366/1275
f 3165/1366/1275 2550/1368/1277 319/1369/1278 2551/1370/1279
f 2552/1367/1276 3165/1366/1275 2551/1370/1279 318/1371/1280
f 318/1371/1280 2551/1370/1279 3166/1372/1281 2555/1373/1282
f 2551/1370/1279 319/1369/1278 2553/1374/1283 3166/1372/1281
f 3166/1372/1281 2553/1374/1283 321/1375/1284 2554/1376/1285
f 2555/1373/1282 3166/1372/1281 2554/1376/1285 320/1377/1286
f 320/1378/1286 2554/1379/1285 3167/1380/1287 2558/1381/1288
f 2554/1379/1285 321/1382/1284 2556/1383/1289 3167/1380/1287
f 3167/1380/1287 2556/1383/1289 323/1384/1290 2557/1385/1291
f 2558/1381/1288 3167/1380/1287 2557/1385/1291 322/1386/1292
f 322/1386/1292 2557/1385/1291 3168/1387/1293 2561/1388/1294
f 2557/1385/1291 323/1384/1290 2559/1389/1295 3168/1387/1293
f 3168/1387/1293 2559/1389/1295 325/1390/1296 2560/1391/1297
f 2561/1388/1294 3168/1387/1293 2560/1391/1297 324/1392/1298
f 324/1392/1298 2560/1391/1297 3169/1393/1299 2564/1394/1300
f 2560/1391/1297 325/1390/1296 2562/1395/1301 3169/1393/1299
f 3169/1393/1299 2562/1395/1301 327/1396/1302 2563/1397/1303
f 2564/1394/1300 3169/1393/1299 2563/1397/1303 326/1398/1304
f 326/1398/1304 2563/1397/1303 3170/1399/1305 2566/1400/1306
f 2563/1397/1303 327/1396/1302 2565/1401/1307 3170/1399/1305
f 3170/1399/1305 2565/1401/1307 329/1402/1268 2545/1403/1267
f 2566/1400/1306 3170/1399/1305 2545/1403/1267 328/1404/1266
f 330/1405/1308 2567/1406/1309 3171/1407/1310 2570/1408/1311
f 2567/1406/1309 331/1409/1312 2568/1410/1313 3171/1407/1310
f 3171/1407/1310 2568/1410/1313 344/1411/1314 2569/1412/1315
f 2570/1408/1311 3171/1407/1310 2569/1412/1315 345/1413/1316
f 331/1409/1312 2567/1406/1309 3172/1414/1317 2573/1415/1318
f 2567/1406/1309 330/1405/1308 2571/1416/1319 3172/1414/1317
f 3172/1414/1317 2571/1416/1319 333/1417/1320 2572/1418/1321
f 2573/1415/1318 3172/1414/1317 2572/1418/1321 332/1419/1322
f 332/1419/1322 2572/1418/1321 3173/1420/1323 2576/1421/1324
f 2572/1418/1321 333/1417/1320 2574/1422/1325 3173/1420/1323
f 3173/1420/1323 2574/1422/1325 335/1423/1326 2575/1424/1327
f 2576/1421/1324 3173/1420/1323 2575/1424/1327 334/1425/1328
f 334/1425/1328 2575/1424/1327 3174/1426/1329 2579/1427/1330
f 2575/1424/1327 335/1423/1326 2577/1428/1331 3174/1426/1329
f 3174/1426/1329 2577/1428/1331 337/1429/1332 2578/1430/1333
f 2579/1427/1330 3174/1426/1329 2578/1430/1333 336/1431/1334
f 336/1432/1334 2578/1433/1333 3175/1434/1335 2582/1435/1336
f 2578/1433/1333 337/1436/1332 2580/1437/1337 3175/1434/1335
f 3175/1434/1335 2580/1437/1337 339/1438/1338 2581/1439/1339
f 2582/1435/1336 3175/1434/1335 2581/1439/1339 338/1440/1340
f 338/1440/1340 2581/1439/1339 3176/1441/1341 2585/1442/1342
f 2581/1439/1339 339/1438/1338 2583/1443/1343 3176/1441/1341
f 3176/1441/1341 2583/1443/1343 341/1444/1344 2584/1445/1345
f 2585/1442/1342 3176/1441/1341 2584/1445/1345 340/1446/1346
f 340/1446/1346 2584/1445/1345 3177/1447/1347 2588/1448/1348
f 2584/1445/1345 341/1444/1344 2586/1449/1349 3177/1447/1347
f 3177/1447/1347 2586/1449/1349 343/1450/1350 2587/1451/1351
f 2588/1448/1348 3177/1447/1347 2587/1451/1351 342/1452/1352
f 342/1452/1352 2587/1451/1351 3178/1453/1353 2590/1454/1354
f 2587/1451/1351 343/1450/1350 2589/1455/1355 3178/1453/1353
f 3178/1453/1353 2589/1455/1355 345/1456/1316 2569/1457/1315
f 2590/1454/1354 3178/1453/1353 2569/1457/1315 344/1458/1314
f 259/1302/1218 2520/1301/1217 3179/1459/1356 2592/1460/1357
f 2520/1301/1217 258/1296/1212 2591/1461/1358 3179/1459/1356
f 3179/1459/1356 2591/1461/1358 326/1398/1304 2566/1400/1306
f 2592/1460/1357 3179/1459/1356 2566/1400/1306 328/1404/1266
f 260/1311/1224 2523/1310/1223 3180/1462/1359 2593/1463/1360
f 2523/1310/1223 259/1309/1218 2592/1464/1357 3180/1462/1359
f 3180/1462/1359 2592/1464/1357 328/1357/1266 2544/1356/1265
f 2593/1463/1360 3180/1462/1359 2544/1356/1265 315/1355/1264
f 261/1267/1186 2526/1314/1227 3181/1465/1361 2594/1466/1362
f 2526/1314/1227 260/1311/1224 2593/1463/1360 3181/1465/1361
f 3181/1465/1361 2593/1463/1360 315/1355/1264 2549/1361/1270
f 2594/1466/1362 3181/1465/1361 2549/1361/1270 316/1365/1274
f 262/1269/1188 2505/1268/1187 3182/1467/1363 2595/1468/1364
f 2505/1268/1187 261/1267/1186 2594/1466/1362 3182/1467/1363
f 3182/1467/1363 2594/1466/1362 316/1365/1274 2552/1367/1276
f 2595/1468/1364 3182/1467/1363 2552/1367/1276 318/1371/1280
f 263/1275/1194 2508/1274/1193 3183/1469/1365 2596/1470/1366
f 2508/1274/1193 262/1269/1188 2595/1468/1364 3183/1469/1365
f 3183/1469/1365 2595/1468/1364 318/1371/1280 2555/1373/1282
f 2596/1470/1366 3183/1469/1365 2555/1373/1282 320/1377/1286
f 264/1284/1200 2511/1283/1199 3184/1471/1367 2597/1472/1368
f 2511/1283/1199 263/1282/1194 2596/1473/1366 3184/1471/1367
f 3184/1471/1367 2596/1473/1366 320/1378/1286 2558/1381/1288
f 2597/1472/1368 3184/1471/1367 2558/1381/1288 322/1386/1292
f 265/1290/1206 2514/1289/1205 3185/1474/1369 2598/1475/1370
f 2514/1289/1205 264/1284/1200 2597/1472/1368 3185/1474/1369
f 3185/1474/1369 2597/1472/1368 322/1386/1292 2561/1388/1294
f 2598/1475/1370 3185/1474/1369 2561/1388/1294 324/1392/1298
f 258/1296/1212 2517/1295/1211 3186/1476/1371 2591/1461/1358
f 2517/1295/1211 265/1290/1206 2598/1475/1370 3186/1476/1371
f 3186/1476/1371 2598/1475/1370 324/1392/1298 2564/1394/1300
f 2591/1461/1358 3186/1476/1371 2564/1394/1300 326/1398/1304
f 317/1363/1272 2547/1362/1271 3187/1477/1372 2600/1478/1373
f 2547/1362/1271 314/1351/1260 2599/1479/1374 3187/1477/1372
f 3187/1477/1372 2599/1479/1374 331/1409/1312 2573/1415/1318
f 2600/1478/1373 3187/1477/1372 2573/1415/1318 332/1419/1322
f 319/1369/1278 2550/1368/1277 3188/1480/1375 2601/1481/1376
f 2550/1368/1277 317/1363/1272 2600/1478/1373 3188/1480/1375
f 3188/1480/1375 2600/1478/1373 332/1419/1322 2576/1421/1324
f 2601/1481/1376 3188/1480/1375 2576/1421/1324 334/1425/1328
f 321/1375/1284 2553/1374/1283 3189/1482/1377 2602/1483/1378
f 2553/1374/1283 319/1369/1278 2601/1481/1376 3189/1482/1377
f 3189/1482/1377 2601/1481/1376 334/1425/1328 2579/1427/1330
f 2602/1483/1378 3189/1482/1377 2579/1427/1330 336/1431/1334
f 323/1384/1290 2556/1383/1289 3190/1484/1379 2603/1485/1380
f 2556/1383/1289 321/1382/1284 2602/1486/1378 3190/1484/1379
f 3190/1484/1379 2602/1486/1378 336/1432/1334 2582/1435/1336
f 2603/1485/1380 3190/1484/1379 2582/1435/1336 338/1440/1340
f 325/1390/1296 2559/1389/1295 3191/1487/1381 2604/1488/1382
f 2559/1389/1295 323/1384/1290 2603/1485/1380 3191/1487/1381
f 3191/1487/1381 2603/1485/1380 338/1440/1340 2585/1442/1342
f 2604/1488/1382 3191/1487/1381 2585/1442/1342 340/1446/1346
f 327/1396/1302 2562/1395/1301 3192/1489/1383 2605/1490/1384
f 2562/1395/1301 325/1390/1296 2604/1488/1382 3192/1489/1383
f 3192/1489/1383 2604/1488/1382 340/1446/1346 2588/1448/1348
f 2605/1490/1384 3192/1489/1383 2588/1448/1348 342/1452/1352
f 329/1402/1268 2565/1401/1307 3193/1491/1385 2606/1492/1386
f 2565/1401/1307 327/1396/1302 2605/1490/1384 3193/1491/1385
f 3193/1491/1385 2605/1490/1384 342/1452/1352 2590/1454/1354
f 2606/1492/1386 3193/1491/1385 2590/1454/1354 344/1458/1314
f 314/1351/1260 2546/1354/1263 3194/1493/1387 2599/1479/1374
f 2546/1354/1263 329/1359/1268 2606/1494/1386 3194/1493/1387
f 3194/1493/1387 2606/1494/1386 344/1411/1314 2568/1410/1313
f 2599/1479/1374 3194/1493/1387 2568/1410/1313 331/1409/1312
f 333/1417/1320 2571/1416/1319 3195/1495/1388 2609/1496/1389
f 2571/1416/1319 330/1405/1308 2607/1497/1390 3195/1495/1388
f 3195/1495/1388 2607/1497/1390 268/1498/1391 2608/1499/1392
f 2609/1496/1389 3195/1495/1388 2608/1499/1392 269/1500/1393
f 335/1423/1326 2574/1422/1325 3196/1501/1394 2611/1502/1395
f 2574/1422/1325 333/1417/1320 2609/1496/1389 3196/1501/1394
f 3196/1501/1394 2609/1496/1389 269/1500/1393 2610/1503/1396
f 2611/1502/1395 3196/1501/1394 2610/1503/1396 270/1504/1397
f 337/1429/1332 2577/1428/1331 3197/1505/1398 2613/1506/1399
f 2577/1428/1331 335/1423/1326 2611/1502/1395 3197/1505/1398
f 3197/1505/1398 2611/1502/1395 270/1504/1397 2612/1507/1400
f 2613/1506/1399 3197/1505/1398 2612/1507/1400 271/1508/1401
f 339/1438/1338 2580/1437/1337 3198/1509/1402 2615/1510/1403
f 2580/1437/1337 337/1436/1332 2613/1511/1399 3198/1509/1402
f 3198/1509/1402 2613/1511/1399 271/1512/1401 2614/1513/1404
f 2615/1510/1403 3198/1509/1402 2614/1513/1404 272/1514/1405
f 341/1444/1344 2583/1443/1343 3199/1515/1406 2617/1516/1407
f 2583/1443/1343 339/1438/1338 2615/1510/1403 3199/1515/1406
f 3199/1515/1406 2615/1510/1403 272/1514/1405 2616/1517/1408
f 2617/1516/1407 3199/1515/1406 2616/1517/1408 273/1518/1409
f 343/1450/1350 2586/1449/1349 3200/1519/1410 2619/1520/1411
f 2586/1449/1349 341/1444/1344 2617/1516/1407 3200/1519/1410
f 3200/1519/1410 2617/1516/1407 273/1518/1409 2618/1521/1412
f 2619/1520/1411 3200/1519/1410 2618/1521/1412 266/1522/1413
f 345/1456/1316 2589/1455/1355 3201/1523/1414 2621/1524/1415
f 2589/1455/1355 343/1450/1350 2619/1520/1411 3201/1523/1414
f 3201/1523/1414 2619/1520/1411 266/1522/1413 2620/1525/1416
f 2621/1524/1415 3201/1523/1414 2620/1525/1416 267/1526/1417
f 330/1405/1308 2570/1408/1311 3202/1527/1418 2607/1497/1390
f 2570/1408/1311 345/1413/1316 2621/1528/1415 3202/1527/1418
f 3202/1527/1418 2621/1528/1415 267/1529/1417 2622/1530/1419
f 2607/1497/1390 3202/1527/1418 2622/1530/1419 268/1498/1391
f 267/1526/1417 2620/1525/1416 3203/1531/1420 2625/1532/1421
f 2620/1525/1416 266/1522/1413 2623/1533/1422 3203/1531/1420
f 3203/1531/1420 2623/1533/1422 3823/1534/1423 3824/1535/1424
f 2625/1532/1421 3203/1531/1420 3824/1535/1424 3809/1536/1425
f 268/1498/1391 2622/1530/1419 3204/1537/1426 2627/1538/1427
f 2622/1530/1419 267/1529/1417 2625/1539/1421 3204/1537/1426
f 3204/1537/1426 2625/1539/1421 3809/1540/1425 3810/1541/1428
f 2627/1538/1427 3204/1537/1426 3810/1541/1428 3811/1542/1429
f 269/1500/1393 2608/1499/1392 3205/1543/1430 2629/1544/1431
f 2608/1499/1392 268/1498/1391 2627/1538/1427 3205/1543/1430
f 3205/1543/1430 2627/1538/1427 3811/1542/1429 3812/1545/1432
f 2629/1544/1431 3205/1543/1430 3812/1545/1432 3813/1546/1433
f 270/1504/1397 2610/1503/1396 3206/1547/1434 2631/1548/1435
f 2610/1503/1396 269/1500/1393 2629/1544/1431 3206/1547/1434
f 3206/1547/1434 2629/1544/1431 3813/1546/1433 3814/1549/1436
f 2631/1548/1435 3206/1547/1434 3814/1549/1436 3815/1550/1437
f 271/1508/1401 2612/1507/1400 3207/1551/1438 2633/1552/1439
f 2612/1507/1400 270/1504/1397 2631/1548/1435 3207/1551/1438
f 3207/1551/1438 2631/1548/1435 3815/1550/1437 3816/1553/1440
f 2633/1552/1439 3207/1551/1438 3816/1553/1440 3817/1554/1441
f 272/1514/1405 2614/1513/1404 3208/1555/1442 2635/1556/1443
f 2614/1513/1404 271/1512/1401 2633/1557/1439 3208/1555/1442
f 3208/1555/1442 2633/1557/1439 3817/1558/1441 3818/1559/1444
f 2635/1556/1443 3208/1555/1442 3818/1559/1444 3819/1560/1445
f 273/1518/1409 2616/1517/1408 3209/1561/1446 2637/1562/1447
f 2616/1517/1408 272/1514/1405 2635/1556/1443 3209/1561/1446
f 3209/1561/1446 2635/1556/1443 3819/1560/1445 3820/1563/1448
f 2637/1562/1447 3209/1561/1446 3820/1563/1448 3821/1564/1449
f 266/1522/1413 2618/1521/1412 3210/1565/1450 2623/1533/1422
f 2618/1521/1412 273/1518/1409 2637/1562/1447 3210/1565/1450
f 3210/1565/1450 2637/1562/1447 3821/1564/1449 3822/1566/1451
f 2623/1533/1422 3210/1565/1450 3822/1566/1451 3823/1534/1423
f 347/1567/1452 2624/1568/1424 3960/1569/1424 3961/1570/1452
f 2624/1568/1424 346/1571/1423 3959/1572/1423 3960/1569/1424
f 4011/1573/1424 4012/1574/1423 3871/1575/1423 3872/1576/1424
f 4010/1577/1452 4011/1573/1424 3872/1576/1424 3857/1578/1452
f 348/1579/1453 2626/1580/1428 3962/1581/1428 3963/1582/1453
f 2626/1580/1428 347/1583/1452 3961/1584/1452 3962/1581/1428
f 4009/1585/1454 4010/1586/1452 3857/1587/1452 3858/1588/1454
f 4008/1589/1453 4009/1585/1454 3858/1588/1454 3859/1590/1453
f 349/1591/1455 2628/1592/1432 3964/1593/1456 3965/1594/1455
f 2628/1592/1432 348/1579/1453 3963/1582/1453 3964/1593/1456
f 4007/1595/1456 4008/1589/1453 3859/1590/1453 3860/1596/1456
f 4006/1597/1455 4007/1595/1456 3860/1596/1456 3861/1598/1455
f 350/1599/1437 2630/1600/1436 3966/1601/1436 3967/1602/1437
f 2630/1600/1436 349/1591/1455 3965/1594/1455 3966/1601/1436
f 4005/1603/1436 4006/1597/1455 3861/1598/1455 3862/1604/1436
f 4004/1605/1457 4005/1603/1436 3862/1604/1436 3863/1606/1457
f 351/1607/1441 2632/1608/1440 3968/1609/1440 3953/1610/1458
f 2632/1608/1440 350/1599/1437 3967/1602/1437 3968/1609/1440
f 4003/1611/1440 4004/1605/1457 3863/1606/1457 3864/1612/1440
f 4002/1613/1458 4003/1611/1440 3864/1612/1440 3865/1614/1458
f 352/1615/1459 2634/1616/1444 3954/1617/1444 3955/1618/1459
f 2634/1616/1444 351/1619/1441 3953/1620/1458 3954/1617/1444
f 4001/1621/1444 4002/1622/1458 3865/1623/1458 3866/1624/1444
f 4016/1625/1459 4001/1621/1444 3866/1624/1444 3867/1626/1459
f 353/1627/1460 2636/1628/1448 3956/1629/1461 3957/1630/1460
f 2636/1628/1448 352/1615/1459 3955/1618/1459 3956/1629/1461
f 4015/1631/1461 4016/1625/1459 3867/1626/1459 3868/1632/1461
f 4014/1633/1460 4015/1631/1461 3868/1632/1461 3869/1634/1460
f 346/1571/1423 2638/1635/1451 3958/1636/1451 3959/1572/1423
f 2638/1635/1451 353/1627/1460 3957/1630/1460 3958/1636/1451
f 4013/1637/1451 4014/1633/1460 3869/1634/1460 3870/1638/1451
f 4012/1574/1423 4013/1637/1451 3870/1638/1451 3871/1575/1423
f 355/1639/1462 2655/1640/1463 3219/1641/1464 2658/1642/1465
f 2655/1640/1463 354/1643/1466 2656/1644/1467 3219/1641/1464
f 3219/1641/1464 2656/1644/1467 362/1645/1468 2657/1646/1469
f 2658/1642/1465 3219/1641/1464 2657/1646/1469 363/1647/1470
f 356/1648/1471 2659/1649/1472 3220/1650/1473 2661/1651/1474
f 2659/1649/1472 355/1652/1462 2658/1653/1465 3220/1650/1473
f 3220/1650/1473 2658/1653/1465 363/1654/1470 2660/1655/1475
f 2661/1651/1474 3220/1650/1473 2660/1655/1475 364/1656/1476
f 357/1657/1477 2662/1658/1478 3221/1659/1479 2664/1660/1480
f 2662/1658/1478 356/1648/1471 2661/1651/1474 3221/1659/1479
f 3221/1659/1479 2661/1651/1474 364/1656/1476 2663/1661/1481
f 2664/1660/1480 3221/1659/1479 2663/1661/1481 365/1662/1482
f 358/1663/1483 2665/1664/1484 3222/1665/1485 2667/1666/1486
f 2665/1664/1484 357/1657/1477 2664/1660/1480 3222/1665/1485
f 3222/1665/1485 2664/1660/1480 365/1662/1482 2666/1667/1487
f 2667/1666/1486 3222/1665/1485 2666/1667/1487 366/1668/1488
f 359/1669/1489 2668/1670/1490 3223/1671/1491 2670/1672/1492
f 2668/1670/1490 358/1663/1483 2667/1666/1486 3223/1671/1491
f 3223/1671/1491 2667/1666/1486 366/1668/1488 2669/1673/1493
f 2670/1672/1492 3223/1671/1491 2669/1673/1493 367/1674/1494
f 360/1675/1495 2671/1676/1496 3224/1677/1497 2673/1678/1498
f 2671/1676/1496 359/1679/1489 2670/1680/1492 3224/1677/1497
f 3224/1677/1497 2670/1680/1492 367/1681/1494 2672/1682/1499
f 2673/1678/1498 3224/1677/1497 2672/1682/1499 368/1683/1500
f 361/1684/1501 2674/1685/1502 3225/1686/1503 2676/1687/1504
f 2674/1685/1502 360/1675/1495 2673/1678/1498 3225/1686/1503
f 3225/1686/1503 2673/1678/1498 368/1683/1500 2675/1688/1505
f 2676/1687/1504 3225/1686/1503 2675/1688/1505 369/1689/1506
f 354/1643/1466 2677/1690/1507 3226/1691/1508 2656/1644/1467
f 2677/1690/1507 361/1684/1501 2676/1687/1504 3226/1691/1508
f 3226/1691/1508 2676/1687/1504 369/1689/1506 2678/1692/1509
f 2656/1644/1467 3226/1691/1508 2678/1692/1509 362/1645/1468
f 363/1647/1470 2657/1646/1469 3227/1693/1510 2681/1694/1511
f 2657/1646/1469 362/1645/1468 2679/1695/1512 3227/1693/1510
f 3227/1693/1510 2679/1695/1512 415/1696/1513 2680/1697/1514
f 2681/1694/1511 3227/1693/1510 2680/1697/1514 416/1698/1515
f 364/1656/1476 2660/1655/1475 3228/1699/1516 2683/1700/1517
f 2660/1655/1475 363/1654/1470 2681/1701/1511 3228/1699/1516
f 3228/1699/1516 2681/1701/1511 416/1702/1515 2682/1703/1518
f 2683/1700/1517 3228/1699/1516 2682/1703/1518 417/1704/1519
f 365/1662/1482 2663/1661/1481 3229/1705/1520 2685/1706/1521
f 2663/1661/1481 364/1656/1476 2683/1700/1517 3229/1705/1520
f 3229/1705/1520 2683/1700/1517 417/1704/1519 2684/1707/1522
f 2685/1706/1521 3229/1705/1520 2684/1707/1522 418/1708/1523
f 366/1668/1488 2666/1667/1487 3230/1709/1524 2687/1710/1525
f 2666/1667/1487 365/1662/1482 2685/1706/1521 3230/1709/1524
f 3230/1709/1524 2685/1706/1521 418/1708/1523 2686/1711/1526
f 2687/1710/1525 3230/1709/1524 2686/1711/1526 411/1712/1527
f 367/1674/1494 2669/1673/1493 3231/1713/1528 2689/1714/1529
f 2669/1673/1493 366/1668/1488 2687/1710/1525 3231/1713/1528
f 3231/1713/1528 2687/1710/1525 411/1712/1527 2688/1715/1530
f 2689/1714/1529 3231/1713/1528 2688/1715/1530 412/1716/1531
f 368/1683/1500 2672/1682/1499 3232/1717/1532 2691/1718/1533
f 2672/1682/1499 367/1681/1494 2689/1719/1529 3232/1717/1532
f 3232/1717/1532 2689/1719/1529 412/1720/1531 2690/1721/1534
f 2691/1718/1533 3232/1717/1532 2690/1721/1534 413/1722/1535
f 369/1689/1506 2675/1688/1505 3233/1723/1536 2693/1724/1537
f 2675/1688/1505 368/1683/1500 2691/1718/1533 3233/1723/1536
f 3233/1723/1536 2691/1718/1533 413/1722/1535 2692/1725/1538
f 2693/1724/1537 3233/1723/1536 2692/1725/1538 414/1726/1539
f 362/1645/1468 2678/1692/1509 3234/1727/1540 2679/1695/1512
f 2678/1692/1509 369/1689/1506 2693/1724/1537 3234/1727/1540
f 3234/1727/1540 2693/1724/1537 414/1726/1539 2694/1728/1541
f 2679/1695/1512 3234/1727/1540 2694/1728/1541 415/1696/1513
f 371/1729/1542 2695/1730/1543 3235/1731/1544 2698/1732/1545
f 2695/1730/1543 370/1733/1546 2696/1734/1547 3235/1731/1544
f 3235/1731/1544 2696/1734/1547 423/1735/1168 2697/1736/1548
f 2698/1732/1545 3235/1731/1544 2697/1736/1548 424/1737/242
f 372/1738/1549 2699/1739/1550 3236/1740/1551 2701/1741/1552
f 2699/1739/1550 371/1742/1542 2698/1743/1545 3236/1740/1551
f 3236/1740/1551 2698/1743/1545 424/1744/242 2700/1745/1553
f 2701/1741/1552 3236/1740/1551 2700/1745/1553 425/1746/1175
f 373/1747/1554 2702/1748/1555 3237/1749/1556 2704/1750/1557
f 2702/1748/1555 372/1738/1549 2701/1741/1552 3237/1749/1556
f 3237/1749/1556 2701/1741/1552 425/1746/1175 2703/1751/1558
f 2704/1750/1557 3237/1749/1556 2703/1751/1558 426/1752/1027
f 374/1753/1559 2705/1754/1560 3238/1755/1561 2707/1756/1562
f 2705/1754/1560 373/1747/1554 2704/1750/1557 3238/1755/1561
f 3238/1755/1561 2704/1750/1557 426/1752/1027 2706/1757/1563
f 2707/1756/1562 3238/1755/1561 2706/1757/1563 419/1758/1152
f 375/1759/1564 2708/1760/1565 3239/1761/1566 2710/1762/1567
f 2708/1760/1565 374/1753/1559 2707/1756/1562 3239/1761/1566
f 3239/1761/1566 2707/1756/1562 419/1758/1152 2709/1763/1568
f 2710/1762/1567 3239/1761/1566 2709/1763/1568 420/1764/143
f 376/1765/1569 2711/1766/1570 3240/1767/1571 2713/1768/1572
f 2711/1766/1570 375/1769/1564 2710/1770/1567 3240/1767/1571
f 3240/1767/1571 2710/1770/1567 420/1771/143 2712/1772/1573
f 2713/1768/1572 3240/1767/1571 2712/1772/1573 421/1773/1574
f 377/1774/1575 2714/1775/1576 3241/1776/1577 2716/1777/1578
f 2714/1775/1576 376/1765/1569 2713/1768/1572 3241/1776/1577
f 3241/1776/1577 2713/1768/1572 421/1773/1574 2715/1778/1164
f 2716/1777/1578 3241/1776/1577 2715/1778/1164 422/1779/1013
f 370/1733/1546 2717/1780/1579 3242/1781/1580 2696/1734/1547
f 2717/1780/1579 377/1774/1575 2716/1777/1578 3242/1781/1580
f 3242/1781/1580 2716/1777/1578 422/1779/1013 2718/1782/1581
f 2696/1734/1547 3242/1781/1580 2718/1782/1581 423/1735/1168
f 380/1783/1582 2719/1784/1583 3243/1785/1584 2722/1786/1585
f 2719/1784/1583 379/1787/1586 2720/1788/1587 3243/1785/1584
f 3243/1785/1584 2720/1788/1587 386/1789/1588 2721/1790/1589
f 2722/1786/1585 3243/1785/1584 2721/1790/1589 387/1791/1590
f 381/1792/1591 2723/1793/1592 3244/1794/1593 2725/1795/1594
f 2723/1793/1592 380/1783/1582 2722/1786/1585 3244/1794/1593
f 3244/1794/1593 2722/1786/1585 387/1791/1590 2724/1796/1595
f 2725/1795/1594 3244/1794/1593 2724/1796/1595 388/1797/1596
f 382/1798/1597 2726/1799/1598 3245/1800/1599 2728/1801/1600
f 2726/1799/1598 381/1792/1591 2725/1795/1594 3245/1800/1599
f 3245/1800/1599 2725/1795/1594 388/1797/1596 2727/1802/1601
f 2728/1801/1600 3245/1800/1599 2727/1802/1601 389/1803/1602
f 383/1804/1603 2729/1805/1604 3246/1806/1605 2731/1807/1606
f 2729/1805/1604 382/1798/1597 2728/1801/1600 3246/1806/1605
f 3246/1806/1605 2728/1801/1600 389/1803/1602 2730/1808/1607
f 2731/1807/1606 3246/1806/1605 2730/1808/1607 390/1809/1608
f 384/1810/1609 2732/1811/1610 3247/1812/1611 2734/1813/1612
f 2732/1811/1610 383/1814/1603 2731/1815/1606 3247/1812/1611
f 3247/1812/1611 2731/1815/1606 390/1816/1608 2733/1817/1613
f 2734/1813/1612 3247/1812/1611 2733/1817/1613 391/1818/1614
f 385/1819/1615 2735/1820/1616 3248/1821/1617 2737/1822/1618
f 2735/1820/1616 384/1810/1609 2734/1813/1612 3248/1821/1617
f 3248/1821/1617 2734/1813/1612 391/1818/1614 2736/1823/1619
f 2737/1822/1618 3248/1821/1617 2736/1823/1619 392/1824/1620
f 378/1825/1621 2738/1826/1622 3249/1827/1623 2740/1828/1624
f 2738/1826/1622 385/1819/1615 2737/1822/1618 3249/1827/1623
f 3249/1827/1623 2737/1822/1618 392/1824/1620 2739/1829/1625
f 2740/1828/1624 3249/1827/1623 2739/1829/1625 393/1830/1626
f 379/1831/1586 2741/1832/1627 3250/1833/1628 2720/1834/1587
f 2741/1832/1627 378/1825/1621 2740/1828/1624 3250/1833/1628
f 3250/1833/1628 2740/1828/1624 393/1830/1626 2742/1835/1629
f 2720/1834/1587 3250/1833/1628 2742/1835/1629 386/1836/1588
f 387/1791/1590 2721/1790/1589 3251/1837/1630 2744/1838/1631
f 2721/1790/1589 386/1789/1588 2743/1839/1632 3251/1837/1630
f 3251/1837/1630 2743/1839/1632 394/59/53 1929/56/50
f 2744/1838/1631 3251/1837/1630 1929/56/50 395/55/49
f 388/1797/1596 2724/1796/1595 3252/1840/1633 2745/1841/1634
f 2724/1796/1595 387/1791/1590 2744/1838/1631 3252/1840/1633
f 3252/1840/1633 2744/1838/1631 395/55/49 1932/58/52
f 2745/1841/1634 3252/1840/1633 1932/58/52 397/63/57
f 389/1803/1602 2727/1802/1601 3253/1842/1635 2746/1843/1636
f 2727/1802/1601 388/1797/1596 2745/1841/1634 3253/1842/1635
f 3253/1842/1635 2745/1841/1634 397/63/57 1933/65/59
f 2746/1843/1636 3253/1842/1635 1933/65/59 398/64/58
f 390/1809/1608 2730/1808/1607 3254/1844/1637 2747/1845/1638
f 2730/1808/1607 389/1803/1602 2746/1843/1636 3254/1844/1637
f 3254/1844/1637 2746/1843/1636 398/64/58 1935/67/61
f 2747/1845/1638 3254/1844/1637 1935/67/61 399/69/63
f 391/1818/1614 2733/1817/1613 3255/1846/1639 2748/1847/1640
f 2733/1817/1613 390/1816/1608 2747/1848/1638 3255/1846/1639
f 3255/1846/1639 2747/1848/1638 399/74/63 1936/71/65
f 2748/1847/1640 3255/1846/1639 1936/71/65 400/70/64
f 392/1824/1620 2736/1823/1619 3256/1849/1641 2749/1850/1642
f 2736/1823/1619 391/1818/1614 2748/1847/1640 3256/1849/1641
f 3256/1849/1641 2748/1847/1640 400/70/64 1938/73/67
f 2749/1850/1642 3256/1849/1641 1938/73/67 401/78/69
f 393/1830/1626 2739/1829/1625 3257/1851/1643 2750/1852/1644
f 2739/1829/1625 392/1824/1620 2749/1850/1642 3257/1851/1643
f 3257/1851/1643 2749/1850/1642 401/78/69 1939/80/71
f 2750/1852/1644 3257/1851/1643 1939/80/71 402/79/70
f 386/1836/1588 2742/1835/1629 3258/1853/1645 2743/1854/1632
f 2742/1835/1629 393/1830/1626 2750/1852/1644 3258/1853/1645
f 3258/1853/1645 2750/1852/1644 402/79/70 1940/82/73
f 2743/1854/1632 3258/1853/1645 1940/82/73 394/84/53
f 404/1855/1646 2751/1856/1647 3259/1857/1648 2753/1858/1649
f 2751/1856/1647 403/1859/1650 2752/1860/1651 3259/1857/1648
f 3259/1857/1648 2752/1860/1651 358/1663/1483 2668/1670/1490
f 2753/1858/1649 3259/1857/1648 2668/1670/1490 359/1669/1489
f 405/1861/1652 2754/1862/1653 3260/1863/1654 2755/1864/1655
f 2754/1862/1653 404/1865/1646 2753/1866/1649 3260/1863/1654
f 3260/1863/1654 2753/1866/1649 359/1679/1489 2671/1676/1496
f 2755/1864/1655 3260/1863/1654 2671/1676/1496 360/1675/1495
f 406/1867/1656 2756/1868/1657 3261/1869/1658 2757/1870/1659
f 2756/1868/1657 405/1861/1652 2755/1864/1655 3261/1869/1658
f 3261/1869/1658 2755/1864/1655 360/1675/1495 2674/1685/1502
f 2757/1870/1659 3261/1869/1658 2674/1685/1502 361/1684/1501
f 407/1871/1660 2758/1872/1661 3262/1873/1662 2759/1874/1663
f 2758/1872/1661 406/1867/1656 2757/1870/1659 3262/1873/1662
f 3262/1873/1662 2757/1870/1659 361/1684/1501 2677/1690/1507
f 2759/1874/1663 3262/1873/1662 2677/1690/1507 354/1643/1466
f 408/1875/1664 2760/1876/1665 3263/1877/1666 2761/1878/1667
f 2760/1876/1665 407/1871/1660 2759/1874/1663 3263/1877/1666
f 3263/1877/1666 2759/1874/1663 354/1643/1466 2655/1640/1463
f 2761/1878/1667 3263/1877/1666 2655/1640/1463 355/1639/1462
f 409/1879/1668 2762/1880/1669 3264/1881/1670 2763/1882/1671
f 2762/1880/1669 408/1883/1664 2761/1884/1667 3264/1881/1670
f 3264/1881/1670 2761/1884/1667 355/1652/1462 2659/1649/1472
f 2763/1882/1671 3264/1881/1670 2659/1649/1472 356/1648/1471
f 410/1885/1672 2764/1886/1673 3265/1887/1674 2765/1888/1675
f 2764/1886/1673 409/1879/1668 2763/1882/1671 3265/1887/1674
f 3265/1887/1674 2763/1882/1671 356/1648/1471 2662/1658/1478
f 2765/1888/1675 3265/1887/1674 2662/1658/1478 357/1657/1477
f 403/1859/1650 2766/1889/1676 3266/1890/1677 2752/1860/1651
f 2766/1889/1676 410/1885/1672 2765/1888/1675 3266/1890/1677
f 3266/1890/1677 2765/1888/1675 357/1657/1477 2665/1664/1484
f 2752/1860/1651 3266/1890/1677 2665/1664/1484 358/1663/1483
f 412/1716/1531 2688/1715/1530 3267/1891/1678 2768/1892/1679
f 2688/1715/1530 411/1712/1527 2767/1893/1680 3267/1891/1678
f 3267/1891/1678 2767/1893/1680 374/1753/1559 2708/1760/1565
f 2768/1892/1679 3267/1891/1678 2708/1760/1565 375/1759/1564
f 413/1722/1535 2690/1721/1534 3268/1894/1681 2769/1895/1682
f 2690/1721/1534 412/1720/1531 2768/1896/1679 3268/1894/1681
f 3268/1894/1681 2768/1896/1679 375/1769/1564 2711/1766/1570
f 2769/1895/1682 3268/1894/1681 2711/1766/1570 376/1765/1569
f 414/1726/1539 2692/1725/1538 3269/1897/1683 2770/1898/1684
f 2692/1725/1538 413/1722/1535 2769/1895/1682 3269/1897/1683
f 3269/1897/1683 2769/1895/1682 376/1765/1569 2714/1775/1576
f 2770/1898/1684 3269/1897/1683 2714/1775/1576 377/1774/1575
f 415/1696/1513 2694/1728/1541 3270/1899/1685 2771/1900/1686
f 2694/1728/1541 414/1726/1539 2770/1898/1684 3270/1899/1685
f 3270/1899/1685 2770/1898/1684 377/1774/1575 2717/1780/1579
f 2771/1900/1686 3270/1899/1685 2717/1780/1579 370/1733/1546
f 416/1698/1515 2680/1697/1514 3271/1901/1687 2772/1902/1688
f 2680/1697/1514 415/1696/1513 2771/1900/1686 3271/1901/1687
f 3271/1901/1687 2771/1900/1686 370/1733/1546 2695/1730/1543
f 2772/1902/1688 3271/1901/1687 2695/1730/1543 371/1729/1542
f 417/1704/1519 2682/1703/1518 3272/1903/1689 2773/1904/1690
f 2682/1703/1518 416/1702/1515 2772/1905/1688 3272/1903/1689
f 3272/1903/1689 2772/1905/1688 371/1742/1542 2699/1739/1550
f 2773/1904/1690 3272/1903/1689 2699/1739/1550 372/1738/1549
f 418/1708/1523 2684/1707/1522 3273/1906/1691 2774/1907/1692
f 2684/1707/1522 417/1704/1519 2773/1904/1690 3273/1906/1691
f 3273/1906/1691 2773/1904/1690 372/1738/1549 2702/1748/1555
f 2774/1907/1692 3273/1906/1691 2702/1748/1555 373/1747/1554
f 411/1712/1527 2686/1711/1526 3274/1908/1693 2767/1893/1680
f 2686/1711/1526 418/1708/1523 2774/1907/1692 3274/1908/1693
f 3274/1908/1693 2774/1907/1692 373/1747/1554 2705/1754/1560
f 2767/1893/1680 3274/1908/1693 2705/1754/1560 374/1753/1559
f 420/1764/143 2709/1763/1568 3275/1909/1568 2777/1910/143
f 2709/1763/1568 419/1758/1152 2775/1911/1152 3275/1909/1568
f 3275/1909/1568 2775/1911/1152 427/1912/1152 2776/1913/1568
f 2777/1910/143 3275/1909/1568 2776/1913/1568 428/1914/143
f 421/1773/1574 2712/1772/1573 3276/1915/1573 2779/1916/1574
f 2712/1772/1573 420/1771/143 2777/1917/143 3276/1915/1573
f 3276/1915/1573 2777/1917/143 428/1918/143 2778/1919/1573
f 2779/1916/1574 3276/1915/1573 2778/1919/1573 429/1920/1574
f 422/1779/1013 2715/1778/1164 3277/1921/1164 2781/1922/1013
f 2715/1778/1164 421/1773/1574 2779/1916/1574 3277/1921/1164
f 3277/1921/1164 2779/1916/1574 429/1920/1574 2780/1923/1164
f 2781/1922/1013 3277/1921/1164 2780/1923/1164 430/1924/1013
f 423/1735/1168 2718/1782/1581 3278/1925/1581 2783/1926/1168
f 2718/1782/1581 422/1779/1013 2781/1922/1013 3278/1925/1581
f 3278/1925/1581 2781/1922/1013 430/1924/1013 2782/1927/1581
f 2783/1926/1168 3278/1925/1581 2782/1927/1581 431/1928/1168
f 424/1737/242 2697/1736/1548 3279/1929/1694 2785/1930/242
f 2697/1736/1548 423/1735/1168 2783/1926/1168 3279/1929/1694
f 3279/1929/1694 2783/1926/1168 431/1928/1168 2784/1931/1694
f 2785/1930/242 3279/1929/1694 2784/1931/1694 432/1932/242
f 425/1746/1175 2700/1745/1553 3280/1933/1553 2787/1934/1175
f 2700/1745/1553 424/1744/242 2785/1935/242 3280/1933/1553
f 3280/1933/1553 2785/1935/242 432/1936/242 2786/1937/1553
f 2787/1934/1175 3280/1933/1553 2786/1937/1553 433/1938/1175
f 426/1752/1027 2703/1751/1558 3281/1939/1558 2789/1940/1027
f 2703/1751/1558 425/1746/1175 2787/1934/1175 3281/1939/1558
f 3281/1939/1558 2787/1934/1175 433/1938/1175 2788/1941/1558
f 2789/1940/1027 3281/1939/1558 2788/1941/1558 434/1942/1027
f 419/1758/1152 2706/1757/1563 3282/1943/1563 2775/1911/1152
f 2706/1757/1563 426/1752/1027 2789/1940/1027 3282/1943/1563
f 3282/1943/1563 2789/1940/1027 434/1942/1027 2790/1944/1563
f 2775/1911/1152 3282/1943/1563 2790/1944/1563 427/1912/1152
f 428/1914/143 2776/1913/1568 3283/1945/1695 2792/1946/1696
f 2776/1913/1568 427/1912/1152 2791/1947/1697 3283/1945/1695
f 3283/1945/1695 2791/1947/1697 382/1798/1597 2729/1805/1604
f 2792/1946/1696 3283/1945/1695 2729/1805/1604 383/1804/1603
f 429/1920/1574 2778/1919/1573 3284/1948/1698 2793/1949/1699
f 2778/1919/1573 428/1918/143 2792/1950/1696 3284/1948/1698
f 3284/1948/1698 2792/1950/1696 383/1814/1603 2732/1811/1610
f 2793/1949/1699 3284/1948/1698 2732/1811/1610 384/1810/1609
f 430/1924/1013 2780/1923/1164 3285/1951/1700 2794/1952/1701
f 2780/1923/1164 429/1920/1574 2793/1949/1699 3285/1951/1700
f 3285/1951/1700 2793/1949/1699 384/1810/1609 2735/1820/1616
f 2794/1952/1701 3285/1951/1700 2735/1820/1616 385/1819/1615
f 431/1928/1168 2782/1927/1581 3286/1953/1702 2795/1954/1703
f 2782/1927/1581 430/1924/1013 2794/1952/1701 3286/1953/1702
f 3286/1953/1702 2794/1952/1701 385/1819/1615 2738/1826/1622
f 2795/1954/1703 3286/1953/1702 2738/1826/1622 378/1825/1621
f 432/1932/242 2784/1931/1694 3287/1955/1704 2796/1956/1705
f 2784/1931/1694 431/1928/1168 2795/1954/1703 3287/1955/1704
f 3287/1955/1704 2795/1954/1703 378/1825/1621 2741/1832/1627
f 2796/1956/1705 3287/1955/1704 2741/1832/1627 379/1831/1586
f 433/1938/1175 2786/1937/1553 3288/1957/1706 2797/1958/1707
f 2786/1937/1553 432/1936/242 2796/1959/1705 3288/1957/1706
f 3288/1957/1706 2796/1959/1705 379/1787/1586 2719/1784/1583
f 2797/1958/1707 3288/1957/1706 2719/1784/1583 380/1783/1582
f 434/1942/1027 2788/1941/1558 3289/1960/1708 2798/1961/1709
f 2788/1941/1558 433/1938/1175 2797/1958/1707 3289/1960/1708
f 3289/1960/1708 2797/1958/1707 380/1783/1582 2723/1793/1592
f 2798/1961/1709 3289/1960/1708 2723/1793/1592 381/1792/1591
f 427/1912/1152 2790/1944/1563 3290/1962/1710 2791/1947/1697
f 2790/1944/1563 434/1942/1027 2798/1961/1709 3290/1962/1710
f 3290/1962/1710 2798/1961/1709 381/1792/1591 2726/1799/1598
f 2791/1947/1697 3290/1962/1710 2726/1799/1598 382/1798/1597
f 436/1963/1711 2799/1964/1712 3291/1965/1713 2802/1966/1714
f 2799/1964/1712 435/1967/1715 2800/1968/1716 3291/1965/1713
f 3291/1965/1713 2800/1968/1716 471/1969/1717 2801/1970/1718
f 2802/1966/1714 3291/1965/1713 2801/1970/1718 472/1971/1719
f 437/1972/1720 2803/1973/1721 3292/1974/1722 2805/1975/1723
f 2803/1973/1721 436/1976/1711 2802/1977/1714 3292/1974/1722
f 3292/1974/1722 2802/1977/1714 472/1978/1719 2804/1979/1724
f 2805/1975/1723 3292/1974/1722 2804/1979/1724 473/1980/1725
f 438/1981/1726 2806/1982/1727 3293/1983/1728 2808/1984/1726
f 2806/1982/1727 437/1972/1720 2805/1975/1723 3293/1983/1728
f 3293/1983/1728 2805/1975/1723 473/1980/1725 2807/1985/1729
f 2808/1984/1726 3293/1983/1728 2807/1985/1729 474/1986/1726
f 439/1987/1730 2809/1988/1731 3294/1989/1731 2811/1990/1730
f 2809/1988/1731 438/1981/1726 2808/1984/1726 3294/1989/1731
f 3294/1989/1731 2808/1984/1726 474/1986/1726 2810/1991/1731
f 2811/1990/1730 3294/1989/1731 2810/1991/1731 475/1992/1730
f 440/1993/1732 2812/1994/1733 3295/1995/1733 2814/1996/1732
f 2812/1994/1733 439/1987/1730 2811/1990/1730 3295/1995/1733
f 3295/1995/1733 2811/1990/1730 475/1992/1730 2813/1997/1733
f 2814/1996/1732 3295/1995/1733 2813/1997/1733 476/1998/1732
f 441/1999/1734 2815/2000/1735 3296/2001/1735 2817/2002/1734
f 2815/2000/1735 440/2003/1732 2814/2004/1732 3296/2001/1735
f 3296/2001/1735 2814/2004/1732 476/2005/1732 2816/2006/1735
f 2817/2002/1734 3296/2001/1735 2816/2006/1735 477/2007/1734
f 442/2008/1736 2818/2009/1737 3297/2010/1737 2820/2011/1736
f 2818/2009/1737 441/1999/1734 2817/2002/1734 3297/2010/1737
f 3297/2010/1737 2817/2002/1734 477/2007/1734 2819/2012/1737
f 2820/2011/1736 3297/2010/1737 2819/2012/1737 478/2013/1736
f 435/1967/1715 2821/2014/1738 3298/2015/1739 2800/1968/1716
f 2821/2014/1738 442/2008/1736 2820/2011/1736 3298/2015/1739
f 3298/2015/1739 2820/2011/1736 478/2013/1736 2822/2016/1740
f 2800/1968/1716 3298/2015/1739 2822/2016/1740 471/1969/1717
f 603/2017/1741 2823/2018/1742 3299/2019/1743 2826/2020/1744
f 2823/2018/1742 602/2021/1745 2824/2022/1746 3299/2019/1743
f 3299/2019/1743 2824/2022/1746 694/2023/1747 2825/2024/1748
f 2826/2020/1744 3299/2019/1743 2825/2024/1748 695/2025/143
f 606/2026/1749 2827/2027/1750 3300/2028/1751 2829/2029/1752
f 2827/2027/1750 603/2030/1741 2826/2031/1744 3300/2028/1751
f 3300/2028/1751 2826/2031/1744 695/2032/143 2828/2033/1753
f 2829/2029/1752 3300/2028/1751 2828/2033/1753 696/2034/1754
f 446/2035/1726 2830/2036/1755 3301/2037/1756 2833/2038/1757
f 2830/2036/1755 445/2039/1758 2831/2040/1759 3301/2037/1756
f 3301/2037/1756 2831/2040/1759 704/2041/1760 2832/2042/1761
f 2833/2038/1757 3301/2037/1756 2832/2042/1761 705/2043/1762
f 447/2044/1730 2834/2045/1731 3302/2046/1763 2836/2047/1764
f 2834/2045/1731 446/2035/1726 2833/2038/1757 3302/2046/1763
f 3302/2046/1763 2833/2038/1757 705/2043/1762 2835/2048/1765
f 2836/2047/1764 3302/2046/1763 2835/2048/1765 706/2049/1766
f 448/2050/1732 2837/2051/1733 3303/2052/1767 2839/2053/1768
f 2837/2051/1733 447/2044/1730 2836/2047/1764 3303/2052/1767
f 3303/2052/1767 2836/2047/1764 706/2049/1766 2838/2054/1769
f 2839/2053/1768 3303/2052/1767 2838/2054/1769 707/2055/1770
f 449/2056/1734 2840/2057/1735 3304/2058/1771 2842/2059/1772
f 2840/2057/1735 448/2060/1732 2839/2061/1768 3304/2058/1771
f 3304/2058/1771 2839/2061/1768 707/2062/1770 2841/2063/1773
f 2842/2059/1772 3304/2058/1771 2841/2063/1773 708/2064/1774
f 450/2065/1736 2843/2066/1737 3305/2067/1775 2845/2068/1776
f 2843/2066/1737 449/2056/1734 2842/2059/1772 3305/2067/1775
f 3305/2067/1775 2842/2059/1772 708/2064/1774 2844/2069/1777
f 2845/2068/1776 3305/2067/1775 2844/2069/1777 709/2070/1778
f 443/2071/1779 2846/2072/1780 3306/2073/1781 2848/2074/1782
f 2846/2072/1780 450/2065/1736 2845/2068/1776 3306/2073/1781
f 3306/2073/1781 2845/2068/1776 709/2070/1778 2847/2075/1783
f 2848/2074/1782 3306/2073/1781 2847/2075/1783 710/2076/1784
f 444/2077/1785 2849/2078/1786 3307/2079/1787 2852/2080/1788
f 2849/2078/1786 443/2071/1779 2850/2081/1789 3307/2079/1787
f 3307/2079/1787 2850/2081/1789 451/2082/1790 2851/2083/1791
f 2852/2080/1788 3307/2079/1787 2851/2083/1791 452/2084/1792
f 443/2071/1779 2848/2074/1782 3308/2085/1793 2850/2081/1789
f 2848/2074/1782 710/2076/1784 2853/2086/1794 3308/2085/1793
f 3308/2085/1793 2853/2086/1794 711/2087/1795 2854/2088/1796
f 2850/2081/1789 3308/2085/1793 2854/2088/1796 451/2082/1790
f 435/1967/1715 2799/1964/1712 3309/2089/1797 953/2090/1798
f 2799/1964/1712 436/1963/1711 2855/2091/1799 3309/2089/1797
f 3309/2089/1797 2855/2091/1799 454/2092/55 2856/2093/1800
f 953/2090/1798 3309/2089/1797 2856/2093/1800 453/2094/1801
f 445/2039/1758 954/2095/1802 3310/2096/1803 956/2097/1804
f 954/2095/1802 444/2098/1785 2852/2099/1788 3310/2096/1803
f 3310/2096/1803 2852/2099/1788 452/2100/1792 955/2101/1805
f 956/2097/1804 3310/2096/1803 955/2101/1805 455/2102/1806
f 436/1976/1711 2803/1973/1721 3311/2103/1807 2855/2104/1799
f 2803/1973/1721 437/1972/1720 957/2105/1808 3311/2103/1807
f 3311/2103/1807 957/2105/1808 456/2106/1809 958/2107/1810
f 2855/2104/1799 3311/2103/1807 958/2107/1810 454/2108/55
f 704/2041/1760 2831/2040/1759 3312/2109/1811 960/2110/1812
f 2831/2040/1759 445/2039/1758 956/2097/1804 3312/2109/1811
f 3312/2109/1811 956/2097/1804 455/2102/1806 959/2111/1813
f 960/2110/1812 3312/2109/1811 959/2111/1813 703/2112/1814
f 452/2084/1792 2851/2083/1791 3313/2113/1815 963/2114/1816
f 2851/2083/1791 451/2082/1790 961/2115/1817 3313/2113/1815
f 3313/2113/1815 961/2115/1817 911/2116/1818 962/2117/1819
f 963/2114/1816 3313/2113/1815 962/2117/1819 912/2118/160
f 451/2082/1790 2854/2088/1796 3314/2119/1820 961/2115/1817
f 2854/2088/1796 711/2087/1795 964/2120/1821 3314/2119/1820
f 3314/2119/1820 964/2120/1821 934/2121/1822 965/2122/1823
f 961/2115/1817 3314/2119/1820 965/2122/1823 911/2116/1818
f 453/2094/1801 2856/2093/1800 3315/2123/1824 968/2124/1825
f 2856/2093/1800 454/2092/55 966/2125/1826 3315/2123/1824
f 3315/2123/1824 966/2125/1826 924/2126/55 967/2127/1827
f 968/2124/1825 3315/2123/1824 967/2127/1827 925/2128/1828
f 455/2102/1806 955/2101/1805 3316/2129/1829 970/2130/1830
f 955/2101/1805 452/2100/1792 963/2131/1816 3316/2129/1829
f 3316/2129/1829 963/2131/1816 912/2132/160 969/2133/1831
f 970/2130/1830 3316/2129/1829 969/2133/1831 913/2134/1832
f 454/2108/55 958/2107/1810 3317/2135/1833 966/2136/1826
f 958/2107/1810 456/2106/1809 971/2137/1834 3317/2135/1833
f 3317/2135/1833 971/2137/1834 923/2138/1835 972/2139/1836
f 966/2136/1826 3317/2135/1833 972/2139/1836 924/2140/55
f 703/2112/1814 959/2111/1813 3318/2141/1837 974/2142/1838
f 959/2111/1813 455/2102/1806 970/2130/1830 3318/2141/1837
f 3318/2141/1837 970/2130/1830 913/2134/1832 973/2143/1839
f 974/2142/1838 3318/2141/1837 973/2143/1839 914/2144/1840
f 464/2145/1458 2648/2146/1440 3928/2147/1440 3929/2148/1458
f 2648/2146/1440 463/2149/1437 3927/2150/1437 3928/2147/1440
f 3319/2151/1841 975/2152/1842 443/2071/1779 2849/2078/1786
f 976/2153/1843 3319/2151/1841 2849/2078/1786 444/2077/1785
f 465/2154/1459 2650/2155/1444 3930/2156/1444 3931/2157/1459
f 2650/2155/1444 464/2158/1458 3929/2159/1458 3930/2156/1444
f 3320/2160/1844 976/2161/1843 444/2098/1785 954/2095/1802
f 977/2162/1845 3320/2160/1844 954/2095/1802 445/2039/1758
f 466/2163/1460 2652/2164/1461 3932/2165/1461 3933/2166/1460
f 2652/2164/1461 465/2154/1459 3931/2157/1459 3932/2165/1461
f 3321/2167/1846 977/2162/1845 445/2039/1758 2830/2036/1755
f 978/2168/1449 3321/2167/1846 2830/2036/1755 446/2035/1726
f 467/2169/1423 2654/2170/1451 3934/2171/1451 3935/2172/1423
f 2654/2170/1451 466/2163/1460 3933/2166/1460 3934/2171/1451
f 3322/2173/1731 978/2168/1449 446/2035/1726 2834/2045/1731
f 979/2174/1730 3322/2173/1731 2834/2045/1731 447/2044/1730
f 468/2175/1452 2640/2176/1424 3936/2177/1424 3921/2178/1452
f 2640/2176/1424 467/2169/1423 3935/2172/1423 3936/2177/1424
f 3323/2179/1733 979/2174/1730 447/2044/1730 2837/2051/1733
f 980/2180/1425 3323/2179/1733 2837/2051/1733 448/2050/1732
f 469/2181/1453 2642/2182/1454 3922/2183/1454 3923/2184/1453
f 2642/2182/1454 468/2185/1452 3921/2186/1452 3922/2183/1454
f 3324/2187/1735 980/2188/1425 448/2060/1732 2840/2057/1735
f 981/2189/1429 3324/2187/1735 2840/2057/1735 449/2056/1734
f 470/2190/1455 2644/2191/1456 3924/2192/1456 3925/2193/1455
f 2644/2191/1456 469/2181/1453 3923/2184/1453 3924/2192/1456
f 3325/2194/1432 981/2189/1429 449/2056/1734 2843/2066/1737
f 982/2195/1433 3325/2194/1432 2843/2066/1737 450/2065/1736
f 463/2149/1437 2646/2196/1436 3926/2197/1436 3927/2150/1437
f 2646/2196/1436 470/2190/1455 3925/2193/1455 3926/2197/1436
f 3326/2198/1847 982/2195/1433 450/2065/1736 2846/2072/1780
f 975/2152/1842 3326/2198/1847 2846/2072/1780 443/2071/1779
f 472/1971/1719 2801/1970/1718 3327/2199/1848 984/2200/1719
f 2801/1970/1718 471/1969/1717 983/2201/1717 3327/2199/1848
f 3327/2199/1848 983/2201/1717 403/1859/1650 2751/1856/1647
f 984/2200/1719 3327/2199/1848 2751/1856/1647 404/1855/1646
f 473/1980/1725 2804/1979/1724 3328/2202/1849 985/2203/1725
f 2804/1979/1724 472/1978/1719 984/2204/1719 3328/2202/1849
f 3328/2202/1849 984/2204/1719 404/1865/1646 2754/1862/1653
f 985/2203/1725 3328/2202/1849 2754/1862/1653 405/1861/1652
f 474/1986/1726 2807/1985/1729 3329/2205/1729 986/2206/1726
f 2807/1985/1729 473/1980/1725 985/2203/1725 3329/2205/1729
f 3329/2205/1729 985/2203/1725 405/1861/1652 2756/1868/1657
f 986/2206/1726 3329/2205/1729 2756/1868/1657 406/1867/1656
f 475/1992/1730 2810/1991/1731 3330/2207/1850 987/2208/1851
f 2810/1991/1731 474/1986/1726 986/2206/1726 3330/2207/1850
f 3330/2207/1850 986/2206/1726 406/1867/1656 2758/1872/1661
f 987/2208/1851 3330/2207/1850 2758/1872/1661 407/1871/1660
f 476/1998/1732 2813/1997/1733 3331/2209/1852 988/2210/1732
f 2813/1997/1733 475/1992/1730 987/2208/1851 3331/2209/1852
f 3331/2209/1852 987/2208/1851 407/1871/1660 2760/1876/1665
f 988/2210/1732 3331/2209/1852 2760/1876/1665 408/1875/1664
f 477/2007/1734 2816/2006/1735 3332/2211/1853 989/2212/1734
f 2816/2006/1735 476/2005/1732 988/2213/1732 3332/2211/1853
f 3332/2211/1853 988/2213/1732 408/1883/1664 2762/1880/1669
f 989/2212/1734 3332/2211/1853 2762/1880/1669 409/1879/1668
f 478/2013/1736 2819/2012/1737 3333/2214/1737 990/2215/1736
f 2819/2012/1737 477/2007/1734 989/2212/1734 3333/2214/1737
f 3333/2214/1737 989/2212/1734 409/1879/1668 2764/1886/1673
f 990/2215/1736 3333/2214/1737 2764/1886/1673 410/1885/1672
f 471/1969/1717 2822/2016/1740 3334/2216/1854 983/2201/1717
f 2822/2016/1740 478/2013/1736 990/2215/1736 3334/2216/1854
f 3334/2216/1854 990/2215/1736 410/1885/1672 2766/1889/1676
f 983/2201/1717 3334/2216/1854 2766/1889/1676 403/1859/1650
f 458/2217/160 991/2218/1855 3335/2219/1856 994/2220/160
f 991/2218/1855 457/2221/1857 992/2222/1858 3335/2219/1856
f 3335/2219/1856 992/2222/1858 479/2223/1859 993/2224/1855
f 994/2220/160 3335/2219/1856 993/2224/1855 480/2225/160
f 457/2221/1857 995/2226/1860 3336/2227/1861 992/2222/1858
f 995/2226/1860 712/2228/1822 996/2229/1822 3336/2227/1861
f 3336/2227/1861 996/2229/1822 713/2230/1822 997/2231/1862
f 992/2222/1858 3336/2227/1861 997/2231/1862 479/2223/1859
f 459/2232/1863 998/2233/1864 3337/2234/1865 1001/2235/1866
f 998/2233/1864 460/2236/55 999/2237/1867 3337/2234/1865
f 3337/2234/1865 999/2237/1867 482/2238/1868 1000/2239/1869
f 1001/2235/1866 3337/2234/1865 1000/2239/1869 481/2240/1870
f 461/2241/1871 1002/2242/1872 3338/2243/1873 1004/2244/1874
f 1002/2242/1872 458/2245/160 994/2246/160 3338/2243/1873
f 3338/2243/1873 994/2246/160 480/2247/160 1003/2248/1875
f 1004/2244/1874 3338/2243/1873 1003/2248/1875 483/2249/1876
f 460/2250/55 1005/2251/1877 3339/2252/1878 999/2253/1867
f 1005/2251/1877 462/2254/1879 1006/2255/1880 3339/2252/1878
f 3339/2252/1878 1006/2255/1880 484/2256/1881 1007/2257/1882
f 999/2253/1867 3339/2252/1878 1007/2257/1882 482/2258/1868
f 702/2259/1840 1008/2260/1883 3340/2261/1884 1010/2262/1840
f 1008/2260/1883 461/2241/1871 1004/2244/1874 3340/2261/1884
f 3340/2261/1884 1004/2244/1874 483/2249/1876 1009/2263/1885
f 1010/2262/1840 3340/2261/1884 1009/2263/1885 701/2264/1886
f 486/2265/1887 1011/2266/1888 3341/2267/1889 1014/2268/1890
f 1011/2266/1888 485/2269/1891 1012/2270/1892 3341/2267/1889
f 3341/2267/1889 1012/2270/1892 511/2271/1893 1013/2272/1894
f 1014/2268/1890 3341/2267/1889 1013/2272/1894 512/2273/143
f 487/2274/1895 1015/2275/1896 3342/2276/1897 1017/2277/1898
f 1015/2275/1896 486/2278/1887 1014/2279/1890 3342/2276/1897
f 3342/2276/1897 1014/2279/1890 512/2280/143 1016/2281/1899
f 1017/2277/1898 3342/2276/1897 1016/2281/1899 513/2282/1900
f 514/2283/1901 1018/2284/1901 3343/2285/1902 1020/2286/1903
f 1018/2284/1901 488/2287/1901 1019/2288/1904 3343/2285/1902
f 3343/2285/1902 1019/2288/1904 487/2274/1895 1017/2277/1898
f 1020/2286/1903 3343/2285/1902 1017/2277/1898 513/2282/1900
f 515/2289/1905 1021/2290/1906 3344/2291/1907 1024/2292/1908
f 1021/2290/1906 489/2293/1909 1022/2294/1910 3344/2291/1907
f 3344/2291/1907 1022/2294/1910 921/2295/1901 1023/2296/1901
f 1024/2292/1908 3344/2291/1907 1023/2296/1901 922/2297/1901
f 516/2298/1911 1025/2299/1912 3345/2300/1913 1027/2301/1914
f 1025/2299/1912 490/2302/1915 1026/2303/1916 3345/2300/1913
f 3345/2300/1913 1026/2303/1916 489/2293/1909 1021/2290/1906
f 1027/2301/1914 3345/2300/1913 1021/2290/1906 515/2289/1905
f 491/2304/1726 1028/2305/1917 3346/2306/1918 1030/2307/1726
f 1028/2305/1917 490/2302/1915 1025/2299/1912 3346/2306/1918
f 3346/2306/1918 1025/2299/1912 516/2298/1911 1029/2308/1919
f 1030/2307/1726 3346/2306/1918 1029/2308/1919 517/2309/1726
f 492/2310/1730 1031/2311/1731 3347/2312/1731 1033/2313/1730
f 1031/2311/1731 491/2304/1726 1030/2307/1726 3347/2312/1731
f 3347/2312/1731 1030/2307/1726 517/2309/1726 1032/2314/1731
f 1033/2313/1730 3347/2312/1731 1032/2314/1731 518/2315/1730
f 493/2316/1732 1034/2317/1733 3348/2318/1733 1036/2319/1732
f 1034/2317/1733 492/2310/1730 1033/2313/1730 3348/2318/1733
f 3348/2318/1733 1033/2313/1730 518/2315/1730 1035/2320/1733
f 1036/2319/1732 3348/2318/1733 1035/2320/1733 519/2321/1732
f 494/2322/1734 1037/2323/1735 3349/2324/1735 1039/2325/1734
f 1037/2323/1735 493/2326/1732 1036/2327/1732 3349/2324/1735
f 3349/2324/1735 1036/2327/1732 519/2328/1732 1038/2329/1735
f 1039/2325/1734 3349/2324/1735 1038/2329/1735 520/2330/1734
f 495/2331/1736 1040/2332/1737 3350/2333/1737 1042/2334/1736
f 1040/2332/1737 494/2322/1734 1039/2325/1734 3350/2333/1737
f 3350/2333/1737 1039/2325/1734 520/2330/1734 1041/2335/1737
f 1042/2334/1736 3350/2333/1737 1041/2335/1737 521/2336/1736
f 496/2337/1920 1043/2338/1921 3351/2339/1922 1045/2340/1923
f 1043/2338/1921 495/2331/1736 1042/2334/1736 3351/2339/1922
f 3351/2339/1922 1042/2334/1736 521/2336/1736 1044/2341/1924
f 1045/2340/1923 3351/2339/1922 1044/2341/1924 522/2342/1925
f 497/2343/1926 1046/2344/1927 3352/2345/1928 1048/2346/1929
f 1046/2344/1927 496/2337/1920 1045/2340/1923 3352/2345/1928
f 3352/2345/1928 1045/2340/1923 522/2342/1925 1047/2347/1930
f 1048/2346/1929 3352/2345/1928 1047/2347/1930 523/2348/1931
f 927/2349/1932 1049/2350/1933 3353/2351/1934 1051/2352/1932
f 1049/2350/1933 497/2343/1926 1048/2346/1929 3353/2351/1934
f 3353/2351/1934 1048/2346/1929 523/2348/1931 1050/2353/1935
f 1051/2352/1932 3353/2351/1934 1050/2353/1935 926/2354/1932
f 485/2269/1891 1052/2355/1936 3354/2356/1937 1012/2270/1892
f 1052/2355/1936 498/2357/1932 1053/2358/1932 3354/2356/1937
f 3354/2356/1937 1053/2358/1932 524/2359/1932 1054/2360/1938
f 1012/2270/1892 3354/2356/1937 1054/2360/1938 511/2271/1893
f 480/2225/160 993/2224/1855 3355/2361/1855 1057/2362/160
f 993/2224/1855 479/2223/1859 1055/2363/1859 3355/2361/1855
f 3355/2361/1855 1055/2363/1859 499/2364/1859 1056/2365/1855
f 1057/2362/160 3355/2361/1855 1056/2365/1855 500/2366/160
f 479/2223/1859 997/2231/1862 3356/2367/1862 1055/2363/1859
f 997/2231/1862 713/2230/1822 1058/2368/1822 3356/2367/1862
f 3356/2367/1862 1058/2368/1822 714/2369/1822 1059/2370/1939
f 1055/2363/1859 3356/2367/1862 1059/2370/1939 499/2364/1859
f 485/2269/1891 1011/2266/1888 3357/2371/1940 1062/2372/1941
f 1011/2266/1888 486/2265/1887 1060/2373/1942 3357/2371/1940
f 3357/2371/1940 1060/2373/1942 502/2374/55 1061/2375/1943
f 1062/2372/1941 3357/2371/1940 1061/2375/1943 501/2376/1944
f 483/2249/1876 1003/2248/1875 3358/2377/1945 1064/2378/1876
f 1003/2248/1875 480/2247/160 1057/2379/160 3358/2377/1945
f 3358/2377/1945 1057/2379/160 500/2380/160 1063/2381/1875
f 1064/2378/1876 3358/2377/1945 1063/2381/1875 503/2382/1876
f 486/2278/1887 1015/2275/1896 3359/2383/1946 1060/2384/1942
f 1015/2275/1896 487/2274/1895 1065/2385/1947 3359/2383/1946
f 3359/2383/1946 1065/2385/1947 504/2386/1948 1066/2387/1949
f 1060/2384/1942 3359/2383/1946 1066/2387/1949 502/2388/55
f 701/2264/1886 1009/2263/1885 3360/2389/1885 1068/2390/1886
f 1009/2263/1885 483/2249/1876 1064/2378/1876 3360/2389/1885
f 3360/2389/1885 1064/2378/1876 503/2382/1876 1067/2391/1950
f 1068/2390/1886 3360/2389/1885 1067/2391/1950 700/2392/1840
f 500/2366/160 1056/2365/1855 3361/2393/1951 1071/2394/160
f 1056/2365/1855 499/2364/1859 1069/2395/1859 3361/2393/1951
f 3361/2393/1951 1069/2395/1859 505/2396/1859 1070/2397/1951
f 1071/2394/160 3361/2393/1951 1070/2397/1951 506/2398/160
f 499/2364/1859 1059/2370/1939 3362/2399/1952 1069/2395/1859
f 1059/2370/1939 714/2369/1822 1072/2400/1953 3362/2399/1952
f 3362/2399/1952 1072/2400/1953 715/2401/1953 1073/2402/1939
f 1069/2395/1859 3362/2399/1952 1073/2402/1939 505/2396/1859
f 501/2376/1944 1061/2375/1943 3363/2403/1954 1076/2404/1955
f 1061/2375/1943 502/2374/55 1074/2405/1956 3363/2403/1954
f 3363/2403/1954 1074/2405/1956 508/2406/1957 1075/2407/1958
f 1076/2404/1955 3363/2403/1954 1075/2407/1958 507/2408/1959
f 503/2382/1876 1063/2381/1875 3364/2409/1875 1078/2410/1876
f 1063/2381/1875 500/2380/160 1071/2411/160 3364/2409/1875
f 3364/2409/1875 1071/2411/160 506/2412/160 1077/2413/1945
f 1078/2410/1876 3364/2409/1875 1077/2413/1945 509/2414/1876
f 502/2388/55 1066/2387/1949 3365/2415/1960 1074/2416/1956
f 1066/2387/1949 504/2386/1948 1079/2417/1961 3365/2415/1960
f 3365/2415/1960 1079/2417/1961 510/2418/1962 1080/2419/1963
f 1074/2416/1956 3365/2415/1960 1080/2419/1963 508/2420/1957
f 700/2392/1840 1067/2391/1950 3366/2421/1964 1082/2422/1840
f 1067/2391/1950 503/2382/1876 1078/2410/1876 3366/2421/1964
f 3366/2421/1964 1078/2410/1876 509/2414/1876 1081/2423/1885
f 1082/2422/1840 3366/2421/1964 1081/2423/1885 699/2424/1840
f 512/2273/143 1013/2272/1894 3367/2425/1965 1084/2426/1966
f 1013/2272/1894 511/2271/1893 1083/2427/1967 3367/2425/1965
f 3367/2425/1965 1083/2427/1967 481/2240/1870 1000/2239/1869
f 1084/2426/1966 3367/2425/1965 1000/2239/1869 482/2238/1868
f 513/2282/1900 1016/2281/1899 3368/2428/1968 1085/2429/1969
f 1016/2281/1899 512/2280/143 1084/2430/1966 3368/2428/1968
f 3368/2428/1968 1084/2430/1966 482/2258/1868 1007/2257/1882
f 1085/2429/1969 3368/2428/1968 1007/2257/1882 484/2256/1881
f 462/2254/1879 1086/2431/1970 3369/2432/1971 1006/2255/1880
f 1086/2431/1970 514/2283/1901 1020/2286/1903 3369/2432/1971
f 3369/2432/1971 1020/2286/1903 513/2282/1900 1085/2429/1969
f 1006/2255/1880 3369/2432/1971 1085/2429/1969 484/2256/1881
f 456/2106/1809 1087/2433/1972 3370/2434/1973 971/2137/1834
f 1087/2433/1972 515/2289/1905 1024/2292/1908 3370/2434/1973
f 3370/2434/1973 1024/2292/1908 922/2297/1901 1088/2435/1974
f 971/2137/1834 3370/2434/1973 1088/2435/1974 923/2138/1835
f 437/1972/1720 1089/2436/1975 3371/2437/1976 957/2105/1808
f 1089/2436/1975 516/2298/1911 1027/2301/1914 3371/2437/1976
f 3371/2437/1976 1027/2301/1914 515/2289/1905 1087/2433/1972
f 957/2105/1808 3371/2437/1976 1087/2433/1972 456/2106/1809
f 517/2309/1726 1029/2308/1919 3372/2438/1977 1090/2439/1726
f 1029/2308/1919 516/2298/1911 1089/2436/1975 3372/2438/1977
f 3372/2438/1977 1089/2436/1975 437/1972/1720 2806/1982/1727
f 1090/2439/1726 3372/2438/1977 2806/1982/1727 438/1981/1726
f 518/2315/1730 1032/2314/1731 3373/2440/1731 1091/2441/1730
f 1032/2314/1731 517/2309/1726 1090/2439/1726 3373/2440/1731
f 3373/2440/1731 1090/2439/1726 438/1981/1726 2809/1988/1731
f 1091/2441/1730 3373/2440/1731 2809/1988/1731 439/1987/1730
f 519/2321/1732 1035/2320/1733 3374/2442/1733 1092/2443/1732
f 1035/2320/1733 518/2315/1730 1091/2441/1730 3374/2442/1733
f 3374/2442/1733 1091/2441/1730 439/1987/1730 2812/1994/1733
f 1092/2443/1732 3374/2442/1733 2812/1994/1733 440/1993/1732
f 520/2330/1734 1038/2329/1735 3375/2444/1735 1093/2445/1734
f 1038/2329/1735 519/2328/1732 1092/2446/1732 3375/2444/1735
f 3375/2444/1735 1092/2446/1732 440/2003/1732 2815/2000/1735
f 1093/2445/1734 3375/2444/1735 2815/2000/1735 441/1999/1734
f 521/2336/1736 1041/2335/1737 3376/2447/1737 1094/2448/1736
f 1041/2335/1737 520/2330/1734 1093/2445/1734 3376/2447/1737
f 3376/2447/1737 1093/2445/1734 441/1999/1734 2818/2009/1737
f 1094/2448/1736 3376/2447/1737 2818/2009/1737 442/2008/1736
f 522/2342/1925 1044/2341/1924 3377/2449/1978 1095/2450/1979
f 1044/2341/1924 521/2336/1736 1094/2448/1736 3377/2449/1978
f 3377/2449/1978 1094/2448/1736 442/2008/1736 2821/2014/1738
f 1095/2450/1979 3377/2449/1978 2821/2014/1738 435/1967/1715
f 523/2348/1931 1047/2347/1930 3378/2451/1980 1096/2452/1981
f 1047/2347/1930 522/2342/1925 1095/2450/1979 3378/2451/1980
f 3378/2451/1980 1095/2450/1979 435/1967/1715 953/2090/1798
f 1096/2452/1981 3378/2451/1980 953/2090/1798 453/2094/1801
f 926/2354/1932 1050/2353/1935 3379/2453/1982 1097/2454/1983
f 1050/2353/1935 523/2348/1931 1096/2452/1981 3379/2453/1982
f 3379/2453/1982 1096/2452/1981 453/2094/1801 968/2124/1825
f 1097/2454/1983 3379/2453/1982 968/2124/1825 925/2128/1828
f 511/2271/1893 1054/2360/1938 3380/2455/1984 1083/2427/1967
f 1054/2360/1938 524/2359/1932 1098/2456/1985 3380/2455/1984
f 3380/2455/1984 1098/2456/1985 459/2232/1863 1001/2235/1866
f 1083/2427/1967 3380/2455/1984 1001/2235/1866 481/2240/1870
f 506/2398/160 1070/2397/1951 3381/2457/1855 1101/2458/160
f 1070/2397/1951 505/2396/1859 1099/2459/1859 3381/2457/1855
f 3381/2457/1855 1099/2459/1859 741/2460/1859 1100/2461/1855
f 1101/2458/160 3381/2457/1855 1100/2461/1855 742/2462/160
f 505/2396/1859 1073/2402/1939 3382/2463/1986 1099/2459/1859
f 1073/2402/1939 715/2401/1953 1102/2464/1822 3382/2463/1986
f 3382/2463/1986 1102/2464/1822 740/2465/1822 1103/2466/1987
f 1099/2459/1859 3382/2463/1986 1103/2466/1987 741/2460/1859
f 620/2467/1988 1104/2468/1989 3383/2469/1990 1107/2470/1991
f 1104/2468/1989 621/2471/1992 1105/2472/1993 3383/2469/1990
f 3383/2469/1990 1105/2472/1993 756/2473/55 1106/2474/1994
f 1107/2470/1991 3383/2469/1990 1106/2474/1994 729/2475/1995
f 509/2414/1876 1077/2413/1945 3384/2476/1875 1109/2477/1876
f 1077/2413/1945 506/2412/160 1101/2478/160 3384/2476/1875
f 3384/2476/1875 1101/2478/160 742/2479/160 1108/2480/1945
f 1109/2477/1876 3384/2476/1875 1108/2480/1945 743/2481/1876
f 621/2482/1992 1110/2483/1996 3385/2484/1997 1105/2485/1993
f 1110/2483/1996 624/2486/1998 1111/2487/1999 3385/2484/1997
f 3385/2484/1997 1111/2487/1999 755/2488/2000 1112/2489/2001
f 1105/2485/1993 3385/2484/1997 1112/2489/2001 756/2490/55
f 699/2424/1840 1081/2423/1885 3386/2491/2002 1114/2492/1840
f 1081/2423/1885 509/2414/1876 1109/2477/1876 3386/2491/2002
f 3386/2491/2002 1109/2477/1876 743/2481/1876 1113/2493/2003
f 1114/2492/1840 3386/2491/2002 1113/2493/2003 744/2494/1840
f 531/2495/2004 1115/2496/2005 3387/2497/2006 1118/2498/2007
f 1115/2496/2005 530/2499/2008 1116/2500/2009 3387/2497/2006
f 3387/2497/2006 1116/2500/2009 551/2501/2010 1117/2502/2011
f 1118/2498/2007 3387/2497/2006 1117/2502/2011 552/2503/2012
f 553/2504/2013 1119/2505/2014 3388/2506/2015 1122/2507/2015
f 1119/2505/2014 532/2508/2014 1120/2509/2015 3388/2506/2015
f 3388/2506/2015 1120/2509/2015 746/2510/1901 1121/2511/1901
f 1122/2507/2015 3388/2506/2015 1121/2511/1901 747/2512/1901
f 554/2513/1901 1123/2514/1901 3389/2515/2014 1125/2516/2014
f 1123/2514/1901 533/2517/1901 1124/2518/2014 3389/2515/2014
f 3389/2515/2014 1124/2518/2014 532/2508/2014 1119/2505/2014
f 1125/2516/2014 3389/2515/2014 1119/2505/2014 553/2504/2013
f 555/2519/2016 1126/2520/2016 3390/2521/2016 1128/2522/2016
f 1126/2520/2016 534/2523/2016 1127/2524/2016 3390/2521/2016
f 3390/2521/2016 1127/2524/2016 533/2517/1901 1123/2514/1901
f 1128/2522/2016 3390/2521/2016 1123/2514/1901 554/2513/1901
f 556/2525/1901 1129/2526/1901 3391/2527/2017 1131/2528/2018
f 1129/2526/1901 535/2529/1901 1130/2530/2017 3391/2527/2017
f 3391/2527/2017 1130/2530/2017 534/2523/2016 1126/2520/2016
f 1131/2528/2018 3391/2527/2017 1126/2520/2016 555/2519/2016
f 557/2531/2019 1132/2532/2020 3392/2533/2021 1135/2534/2022
f 1132/2532/2020 536/2535/2023 1133/2536/2024 3392/2533/2021
f 3392/2533/2021 1133/2536/2024 917/2537/1901 1134/2538/1901
f 1135/2534/2022 3392/2533/2021 1134/2538/1901 918/2539/1901
f 558/2540/2025 1136/2541/2025 3393/2542/2026 1138/2543/2027
f 1136/2541/2025 537/2544/2028 1137/2545/2026 3393/2542/2026
f 3393/2542/2026 1137/2545/2026 536/2535/2023 1132/2532/2020
f 1138/2543/2027 3393/2542/2026 1132/2532/2020 557/2531/2019
f 538/2546/1726 1139/2547/2029 3394/2548/2029 1141/2549/1726
f 1139/2547/2029 537/2544/2028 1136/2541/2025 3394/2548/2029
f 3394/2548/2029 1136/2541/2025 558/2540/2025 1140/2550/2029
f 1141/2549/1726 3394/2548/2029 1140/2550/2029 559/2551/1726
f 539/2552/1730 1142/2553/1731 3395/2554/1731 1144/2555/1730
f 1142/2553/1731 538/2546/1726 1141/2549/1726 3395/2554/1731
f 3395/2554/1731 1141/2549/1726 559/2551/1726 1143/2556/1731
f 1144/2555/1730 3395/2554/1731 1143/2556/1731 560/2557/1730
f 540/2558/1732 1145/2559/1733 3396/2560/1733 1147/2561/1732
f 1145/2559/1733 539/2552/1730 1144/2555/1730 3396/2560/1733
f 3396/2560/1733 1144/2555/1730 560/2557/1730 1146/2562/1733
f 1147/2561/1732 3396/2560/1733 1146/2562/1733 561/2563/1732
f 541/2564/1734 1148/2565/1735 3397/2566/1735 1150/2567/1734
f 1148/2565/1735 540/2568/1732 1147/2569/1732 3397/2566/1735
f 3397/2566/1735 1147/2569/1732 561/2570/1732 1149/2571/1853
f 1150/2567/1734 3397/2566/1735 1149/2571/1853 562/2572/1734
f 542/2573/1736 1151/2574/1737 3398/2575/1737 1153/2576/1736
f 1151/2574/1737 541/2564/1734 1150/2567/1734 3398/2575/1737
f 3398/2575/1737 1150/2567/1734 562/2572/1734 1152/2577/1737
f 1153/2576/1736 3398/2575/1737 1152/2577/1737 563/2578/1736
f 543/2579/2030 1154/2580/2031 3399/2581/2031 1156/2582/2032
f 1154/2580/2031 542/2573/1736 1153/2576/1736 3399/2581/2031
f 3399/2581/2031 1153/2576/1736 563/2578/1736 1155/2583/2033
f 1156/2582/2032 3399/2581/2031 1155/2583/2033 564/2584/2032
f 544/2585/2034 1157/2586/2035 3400/2587/2035 1159/2588/2036
f 1157/2586/2035 543/2579/2030 1156/2582/2032 3400/2587/2035
f 3400/2587/2035 1156/2582/2032 564/2584/2032 1158/2589/2035
f 1159/2588/2036 3400/2587/2035 1158/2589/2035 565/2590/2034
f 931/2591/1932 1160/2592/2037 3401/2593/2038 1162/2594/1932
f 1160/2592/2037 544/2585/2034 1159/2588/2036 3401/2593/2038
f 3401/2593/2038 1159/2588/2036 565/2590/2034 1161/2595/2038
f 1162/2594/1932 3401/2593/2038 1161/2595/2038 930/2596/1932
f 546/2597/2039 1163/2598/2040 3402/2599/2040 1166/2600/2041
f 1163/2598/2040 545/2601/1932 1164/2602/1932 3402/2599/2040
f 3402/2599/2040 1164/2602/1932 566/2603/1932 1165/2604/2040
f 1166/2600/2041 3402/2599/2040 1165/2604/2040 567/2605/2041
f 547/2606/1932 1167/2607/2039 3403/2608/2041 1169/2609/1932
f 1167/2607/2039 546/2597/2039 1166/2600/2041 3403/2608/2041
f 3403/2608/2041 1166/2600/2041 567/2605/2041 1168/2610/2041
f 1169/2609/1932 3403/2608/2041 1168/2610/2041 568/2611/1932
f 548/2612/2042 1170/2613/2043 3404/2614/2042 1172/2615/2042
f 1170/2613/2043 547/2606/1932 1169/2609/1932 3404/2614/2042
f 3404/2614/2042 1169/2609/1932 568/2611/1932 1171/2616/2042
f 1172/2615/2042 3404/2614/2042 1171/2616/2042 569/2617/2042
f 738/2618/1932 1173/2619/2044 3405/2620/2045 1175/2621/1932
f 1173/2619/2044 548/2612/2042 1172/2615/2042 3405/2620/2045
f 3405/2620/2045 1172/2615/2042 569/2617/2042 1174/2622/2045
f 1175/2621/1932 3405/2620/2045 1174/2622/2045 737/2623/1932
f 530/2624/2008 1176/2625/2046 3406/2626/2047 1116/2627/2009
f 1176/2625/2046 549/2628/2048 1177/2629/2049 3406/2626/2047
f 3406/2626/2047 1177/2629/2049 550/2630/2050 1178/2631/2051
f 1116/2627/2009 3406/2626/2047 1178/2631/2051 551/2632/2010
f 609/2633/2052 1179/2634/2053 3407/2635/2054 1182/2636/2055
f 1179/2634/2053 608/2637/2056 1180/2638/2057 3407/2635/2054
f 3407/2635/2054 1180/2638/2057 833/2639/2058 1181/2640/2059
f 1182/2636/2055 3407/2635/2054 1181/2640/2059 834/2641/143
f 612/2642/2060 1183/2643/2061 3408/2644/2062 1185/2645/2063
f 1183/2643/2061 609/2646/2052 1182/2647/2055 3408/2644/2062
f 3408/2644/2062 1182/2647/2055 834/2648/143 1184/2649/2064
f 1185/2645/2063 3408/2644/2062 1184/2649/2064 835/2650/2065
f 841/2651/2013 1186/2652/2013 3409/2653/2015 1188/2654/2066
f 1186/2652/2013 553/2504/2013 1122/2507/2015 3409/2653/2015
f 3409/2653/2015 1122/2507/2015 747/2512/1901 1187/2655/1901
f 1188/2654/2066 3409/2653/2015 1187/2655/1901 840/2656/1901
f 842/2657/1901 1189/2658/1901 3410/2659/2013 1190/2660/2013
f 1189/2658/1901 554/2513/1901 1125/2516/2014 3410/2659/2013
f 3410/2659/2013 1125/2516/2014 553/2504/2013 1186/2652/2013
f 1190/2660/2013 3410/2659/2013 1186/2652/2013 841/2651/2013
f 843/2661/2067 1191/2662/2016 3411/2663/2016 1192/2664/2067
f 1191/2662/2016 555/2519/2016 1128/2522/2016 3411/2663/2016
f 3411/2663/2016 1128/2522/2016 554/2513/1901 1189/2658/1901
f 1192/2664/2067 3411/2663/2016 1189/2658/1901 842/2657/1901
f 844/2665/1901 1193/2666/1901 3412/2667/2018 1194/2668/2018
f 1193/2666/1901 556/2525/1901 1131/2528/2018 3412/2667/2018
f 3412/2667/2018 1131/2528/2018 555/2519/2016 1191/2662/2016
f 1194/2668/2018 3412/2667/2018 1191/2662/2016 843/2661/2067
f 845/2669/2068 1195/2670/2069 3413/2671/2024 1197/2672/2022
f 1195/2670/2069 557/2531/2019 1135/2534/2022 3413/2671/2024
f 3413/2671/2024 1135/2534/2022 918/2539/1901 1196/2673/1901
f 1197/2672/2022 3413/2671/2024 1196/2673/1901 919/2674/1901
f 846/2675/2070 1198/2676/2071 3414/2677/2027 1199/2678/2072
f 1198/2676/2071 558/2540/2025 1138/2543/2027 3414/2677/2027
f 3414/2677/2027 1138/2543/2027 557/2531/2019 1195/2670/2069
f 1199/2678/2072 3414/2677/2027 1195/2670/2069 845/2669/2068
f 559/2551/1726 1140/2550/2029 3415/2679/2073 1201/2680/1726
f 1140/2550/2029 558/2540/2025 1198/2676/2071 3415/2679/2073
f 3415/2679/2073 1198/2676/2071 846/2675/2070 1200/2681/2073
f 1201/2680/1726 3415/2679/2073 1200/2681/2073 847/2682/1726
f 560/2557/1730 1143/2556/1731 3416/2683/1731 1203/2684/1730
f 1143/2556/1731 559/2551/1726 1201/2680/1726 3416/2683/1731
f 3416/2683/1731 1201/2680/1726 847/2682/1726 1202/2685/1731
f 1203/2684/1730 3416/2683/1731 1202/2685/1731 848/2686/1730
f 561/2563/1732 1146/2562/1733 3417/2687/1733 1205/2688/1732
f 1146/2562/1733 560/2557/1730 1203/2684/1730 3417/2687/1733
f 3417/2687/1733 1203/2684/1730 848/2686/1730 1204/2689/1733
f 1205/2688/1732 3417/2687/1733 1204/2689/1733 849/2690/1732
f 562/2572/1734 1149/2571/1853 3418/2691/1853 1207/2692/1734
f 1149/2571/1853 561/2570/1732 1205/2693/1732 3418/2691/1853
f 3418/2691/1853 1205/2693/1732 849/2694/1732 1206/2695/1735
f 1207/2692/1734 3418/2691/1853 1206/2695/1735 850/2696/1734
f 563/2578/1736 1152/2577/1737 3419/2697/1737 1209/2698/1736
f 1152/2577/1737 562/2572/1734 1207/2692/1734 3419/2697/1737
f 3419/2697/1737 1207/2692/1734 850/2696/1734 1208/2699/1737
f 1209/2698/1736 3419/2697/1737 1208/2699/1737 851/2700/1736
f 564/2584/2032 1155/2583/2033 3420/2701/2033 1211/2702/2074
f 1155/2583/2033 563/2578/1736 1209/2698/1736 3420/2701/2033
f 3420/2701/2033 1209/2698/1736 851/2700/1736 1210/2703/2075
f 1211/2702/2074 3420/2701/2033 1210/2703/2075 852/2704/2076
f 565/2590/2034 1158/2589/2035 3421/2705/2035 1213/2706/2077
f 1158/2589/2035 564/2584/2032 1211/2702/2074 3421/2705/2035
f 3421/2705/2035 1211/2702/2074 852/2704/2076 1212/2707/2078
f 1213/2706/2077 3421/2705/2035 1212/2707/2078 853/2708/2079
f 930/2596/1932 1161/2595/2038 3422/2709/2037 1215/2710/1932
f 1161/2595/2038 565/2590/2034 1213/2706/2077 3422/2709/2037
f 3422/2709/2037 1213/2706/2077 853/2708/2079 1214/2711/2037
f 1215/2710/1932 3422/2709/2037 1214/2711/2037 929/2712/1932
f 567/2605/2041 1165/2604/2040 3423/2713/2040 1218/2714/2041
f 1165/2604/2040 566/2603/1932 1216/2715/1932 3423/2713/2040
f 3423/2713/2040 1216/2715/1932 854/2716/1932 1217/2717/2040
f 1218/2714/2041 3423/2713/2040 1217/2717/2040 855/2718/2041
f 568/2611/1932 1168/2610/2041 3424/2719/2041 1220/2720/1932
f 1168/2610/2041 567/2605/2041 1218/2714/2041 3424/2719/2041
f 3424/2719/2041 1218/2714/2041 855/2718/2041 1219/2721/2080
f 1220/2720/1932 3424/2719/2041 1219/2721/2080 856/2722/1932
f 569/2617/2042 1171/2616/2042 3425/2723/2042 1222/2724/2042
f 1171/2616/2042 568/2611/1932 1220/2720/1932 3425/2723/2042
f 3425/2723/2042 1220/2720/1932 856/2722/1932 1221/2725/2042
f 1222/2724/2042 3425/2723/2042 1221/2725/2042 857/2726/2081
f 737/2623/1932 1174/2622/2045 3426/2727/2045 1224/2728/1932
f 1174/2622/2045 569/2617/2042 1222/2724/2042 3426/2727/2045
f 3426/2727/2045 1222/2724/2042 857/2726/2081 1223/2729/2045
f 1224/2728/1932 3426/2727/2045 1223/2729/2045 858/2730/1932
f 571/2731/2082 1225/2732/2083 3427/2733/2084 1227/2734/2085
f 1225/2732/2083 570/2735/2086 1226/2736/2087 3427/2733/2084
f 3427/2733/2084 1226/2736/2087 549/2628/2048 1176/2625/2046
f 1227/2734/2085 3427/2733/2084 1176/2625/2046 530/2624/2008
f 572/2737/2088 1228/2738/2089 3428/2739/2090 1229/2740/2091
f 1228/2738/2089 571/2741/2082 1227/2742/2085 3428/2739/2090
f 3428/2739/2090 1227/2742/2085 530/2499/2008 1115/2496/2005
f 1229/2740/2091 3428/2739/2090 1115/2496/2005 531/2495/2004
f 532/2508/2014 1230/2743/2014 3429/2744/2015 1120/2509/2015
f 1230/2743/2014 573/2745/2014 1231/2746/2015 3429/2744/2015
f 3429/2744/2015 1231/2746/2015 745/2747/1901 1232/2748/1901
f 1120/2509/2015 3429/2744/2015 1232/2748/1901 746/2510/1901
f 533/2517/1901 1233/2749/1901 3430/2750/2014 1124/2518/2014
f 1233/2749/1901 574/2751/1901 1234/2752/2014 3430/2750/2014
f 3430/2750/2014 1234/2752/2014 573/2745/2014 1230/2743/2014
f 1124/2518/2014 3430/2750/2014 1230/2743/2014 532/2508/2014
f 534/2523/2016 1235/2753/2092 3431/2754/2092 1127/2524/2016
f 1235/2753/2092 575/2755/2092 1236/2756/2092 3431/2754/2092
f 3431/2754/2092 1236/2756/2092 574/2751/1901 1233/2749/1901
f 1127/2524/2016 3431/2754/2092 1233/2749/1901 533/2517/1901
f 535/2529/1901 1237/2757/1901 3432/2758/2017 1130/2530/2017
f 1237/2757/1901 576/2759/1901 1238/2760/2017 3432/2758/2017
f 3432/2758/2017 1238/2760/2017 575/2755/2092 1235/2753/2092
f 1130/2530/2017 3432/2758/2017 1235/2753/2092 534/2523/2016
f 536/2535/2023 1239/2761/2023 3433/2762/2024 1133/2536/2024
f 1239/2761/2023 577/2763/2093 1240/2764/2024 3433/2762/2024
f 3433/2762/2024 1240/2764/2024 916/2765/1901 1241/2766/1901
f 1133/2536/2024 3433/2762/2024 1241/2766/1901 917/2537/1901
f 537/2544/2028 1242/2767/2028 3434/2768/2094 1137/2545/2026
f 1242/2767/2028 578/2769/2028 1243/2770/2094 3434/2768/2094
f 3434/2768/2094 1243/2770/2094 577/2763/2093 1239/2761/2023
f 1137/2545/2026 3434/2768/2094 1239/2761/2023 536/2535/2023
f 579/2771/1726 1244/2772/2029 3435/2773/2095 1245/2774/1726
f 1244/2772/2029 578/2769/2028 1242/2767/2028 3435/2773/2095
f 3435/2773/2095 1242/2767/2028 537/2544/2028 1139/2547/2029
f 1245/2774/1726 3435/2773/2095 1139/2547/2029 538/2546/1726
f 580/2775/1730 1246/2776/1731 3436/2777/1731 1247/2778/1730
f 1246/2776/1731 579/2771/1726 1245/2774/1726 3436/2777/1731
f 3436/2777/1731 1245/2774/1726 538/2546/1726 1142/2553/1731
f 1247/2778/1730 3436/2777/1731 1142/2553/1731 539/2552/1730
f 581/2779/1732 1248/2780/1733 3437/2781/1733 1249/2782/1732
f 1248/2780/1733 580/2775/1730 1247/2778/1730 3437/2781/1733
f 3437/2781/1733 1247/2778/1730 539/2552/1730 1145/2559/1733
f 1249/2782/1732 3437/2781/1733 1145/2559/1733 540/2558/1732
f 582/2783/1734 1250/2784/1735 3438/2785/1735 1251/2786/1734
f 1250/2784/1735 581/2787/1732 1249/2788/1732 3438/2785/1735
f 3438/2785/1735 1249/2788/1732 540/2568/1732 1148/2565/1735
f 1251/2786/1734 3438/2785/1735 1148/2565/1735 541/2564/1734
f 583/2789/1736 1252/2790/1737 3439/2791/1737 1253/2792/1736
f 1252/2790/1737 582/2783/1734 1251/2786/1734 3439/2791/1737
f 3439/2791/1737 1251/2786/1734 541/2564/1734 1151/2574/1737
f 1253/2792/1736 3439/2791/1737 1151/2574/1737 542/2573/1736
f 584/2793/2096 1254/2794/2097 3440/2795/2097 1255/2796/2098
f 1254/2794/2097 583/2789/1736 1253/2792/1736 3440/2795/2097
f 3440/2795/2097 1253/2792/1736 542/2573/1736 1154/2580/2031
f 1255/2796/2098 3440/2795/2097 1154/2580/2031 543/2579/2030
f 585/2797/2099 1256/2798/2100 3441/2799/2100 1257/2800/2034
f 1256/2798/2100 584/2793/2096 1255/2796/2098 3441/2799/2100
f 3441/2799/2100 1255/2796/2098 543/2579/2030 1157/2586/2035
f 1257/2800/2034 3441/2799/2100 1157/2586/2035 544/2585/2034
f 932/2801/1932 1258/2802/2101 3442/2803/2037 1259/2804/1932
f 1258/2802/2101 585/2797/2099 1257/2800/2034 3442/2803/2037
f 3442/2803/2037 1257/2800/2034 544/2585/2034 1160/2592/2037
f 1259/2804/1932 3442/2803/2037 1160/2592/2037 931/2591/1932
f 587/2805/2039 1260/2806/2040 3443/2807/2040 1262/2808/2039
f 1260/2806/2040 586/2809/1932 1261/2810/1932 3443/2807/2040
f 3443/2807/2040 1261/2810/1932 545/2601/1932 1163/2598/2040
f 1262/2808/2039 3443/2807/2040 1163/2598/2040 546/2597/2039
f 588/2811/1932 1263/2812/2039 3444/2813/2039 1264/2814/1932
f 1263/2812/2039 587/2805/2039 1262/2808/2039 3444/2813/2039
f 3444/2813/2039 1262/2808/2039 546/2597/2039 1167/2607/2039
f 1264/2814/1932 3444/2813/2039 1167/2607/2039 547/2606/1932
f 589/2815/2043 1265/2816/2043 3445/2817/2043 1266/2818/2043
f 1265/2816/2043 588/2811/1932 1264/2814/1932 3445/2817/2043
f 3445/2817/2043 1264/2814/1932 547/2606/1932 1170/2613/2043
f 1266/2818/2043 3445/2817/2043 1170/2613/2043 548/2612/2042
f 739/2819/1932 1267/2820/2044 3446/2821/2044 1268/2822/1932
f 1267/2820/2044 589/2815/2043 1266/2818/2043 3446/2821/2044
f 3446/2821/2044 1266/2818/2043 548/2612/2042 1173/2619/2044
f 1268/2822/1932 3446/2821/2044 1173/2619/2044 738/2618/1932
f 526/2823/2102 1269/2824/2103 3447/2825/2104 1272/2826/2102
f 1269/2824/2103 525/2827/2105 1270/2828/2106 3447/2825/2104
f 3447/2825/2104 1270/2828/2106 590/2829/2107 1271/2830/2108
f 1272/2826/2102 3447/2825/2104 1271/2830/2108 591/2831/2109
f 525/2827/2105 1273/2832/2110 3448/2833/2111 1270/2828/2106
f 1273/2832/2110 716/2834/2112 1274/2835/2113 3448/2833/2111
f 3448/2833/2111 1274/2835/2113 693/2836/2114 1275/2837/2115
f 1270/2828/2106 3448/2833/2111 1275/2837/2115 590/2829/2107
f 570/2735/2086 1225/2732/2083 3449/2838/2116 1278/2839/2117
f 1225/2732/2083 571/2731/2082 1276/2840/2118 3449/2838/2116
f 3449/2838/2116 1276/2840/2118 593/2841/2119 1277/2842/2120
f 1278/2839/2117 3449/2838/2116 1277/2842/2120 592/2843/2121
f 528/2844/2122 1279/2845/2123 3450/2846/2124 1281/2847/2125
f 1279/2845/2123 526/2848/2102 1272/2849/2102 3450/2846/2124
f 3450/2846/2124 1272/2849/2102 591/2850/2109 1280/2851/2126
f 1281/2847/2125 3450/2846/2124 1280/2851/2126 594/2852/2127
f 571/2741/2082 1228/2738/2089 3451/2853/2128 1276/2854/2118
f 1228/2738/2089 572/2737/2088 1282/2855/2129 3451/2853/2128
f 3451/2853/2128 1282/2855/2129 595/2856/2130 1283/2857/2131
f 1276/2854/2118 3451/2853/2128 1283/2857/2131 593/2858/2119
f 698/2859/2132 1284/2860/2133 3452/2861/2134 1286/2862/2135
f 1284/2860/2133 528/2844/2122 1281/2847/2125 3452/2861/2134
f 3452/2861/2134 1281/2847/2125 594/2852/2127 1285/2863/2136
f 1286/2862/2135 3452/2861/2134 1285/2863/2136 697/2864/2137
f 551/2632/2010 1178/2631/2051 3453/2865/2138 1289/2866/2139
f 1178/2631/2051 550/2630/2050 1287/2867/2140 3453/2865/2138
f 3453/2865/2138 1287/2867/2140 785/2868/2141 1288/2869/2142
f 1289/2866/2139 3453/2865/2138 1288/2869/2142 786/2870/2102
f 550/2630/2050 1290/2871/2143 3454/2872/2144 1287/2867/2140
f 1290/2871/2143 859/2873/2145 1291/2874/2146 3454/2872/2144
f 3454/2872/2144 1291/2874/2146 860/2875/2147 1292/2876/2148
f 1287/2867/2140 3454/2872/2144 1292/2876/2148 785/2868/2141
f 623/2877/2149 1293/2878/2150 3455/2879/2151 1296/2880/2152
f 1293/2878/2150 622/2881/55 1294/2882/1826 3455/2879/2151
f 3455/2879/2151 1294/2882/1826 797/2883/1826 1295/2884/2153
f 1296/2880/2152 3455/2879/2151 1295/2884/2153 798/2885/2154
f 552/2503/2012 1117/2502/2011 3456/2886/2155 1298/2887/2156
f 1117/2502/2011 551/2501/2010 1289/2888/2139 3456/2886/2155
f 3456/2886/2155 1289/2888/2139 786/2889/2102 1297/2890/2157
f 1298/2887/2156 3456/2886/2155 1297/2890/2157 787/2891/2158
f 622/2892/55 1299/2893/2159 3457/2894/2160 1294/2895/1826
f 1299/2893/2159 625/2896/2161 1300/2897/2162 3457/2894/2160
f 3457/2894/2160 1300/2897/2162 796/2898/2163 1301/2899/2164
f 1294/2895/1826 3457/2894/2160 1301/2899/2164 797/2900/1826
f 839/2901/2165 1302/2902/2166 3458/2903/2167 1304/2904/2168
f 1302/2902/2166 552/2503/2012 1298/2887/2156 3458/2903/2167
f 3458/2903/2167 1298/2887/2156 787/2891/2158 1303/2905/2169
f 1304/2904/2168 3458/2903/2167 1303/2905/2169 838/2906/2170
f 591/2831/2109 1271/2830/2108 3459/2907/2171 1306/2908/2172
f 1271/2830/2108 590/2829/2107 1305/2909/2173 3459/2907/2171
f 3459/2907/2171 1305/2909/2173 602/2021/1745 2823/2018/1742
f 1306/2908/2172 3459/2907/2171 2823/2018/1742 603/2017/1741
f 590/2829/2107 1275/2837/2115 3460/2910/2174 1305/2909/2173
f 1275/2837/2115 693/2836/2114 1307/2911/2175 3460/2910/2174
f 3460/2910/2174 1307/2911/2175 694/2023/1747 2824/2022/1746
f 1305/2909/2173 3460/2910/2174 2824/2022/1746 602/2021/1745
f 592/2843/2121 1277/2842/2120 3461/2912/2176 1310/2913/2177
f 1277/2842/2120 593/2841/2119 1308/2914/2178 3461/2912/2176
f 3461/2912/2176 1308/2914/2178 605/2915/2179 1309/2916/2180
f 1310/2913/2177 3461/2912/2176 1309/2916/2180 604/2917/2181
f 594/2852/2127 1280/2851/2126 3462/2918/2182 1311/2919/2183
f 1280/2851/2126 591/2850/2109 1306/2920/2172 3462/2918/2182
f 3462/2918/2182 1306/2920/2172 603/2030/1741 2827/2027/1750
f 1311/2919/2183 3462/2918/2182 2827/2027/1750 606/2026/1749
f 593/2858/2119 1283/2857/2131 3463/2921/2184 1308/2922/2178
f 1283/2857/2131 595/2856/2130 1312/2923/2185 3463/2921/2184
f 3463/2921/2184 1312/2923/2185 607/2924/2186 1313/2925/2187
f 1308/2922/2178 3463/2921/2184 1313/2925/2187 605/2926/2179
f 697/2864/2137 1285/2863/2136 3464/2927/2188 1314/2928/2189
f 1285/2863/2136 594/2852/2127 1311/2919/2183 3464/2927/2188
f 3464/2927/2188 1311/2919/2183 606/2026/1749 2829/2029/1752
f 1314/2928/2189 3464/2927/2188 2829/2029/1752 696/2034/1754
f 597/2929/2109 1315/2930/2190 3465/2931/2191 1317/2932/2192
f 1315/2930/2190 596/2933/2193 1316/2934/2194 3465/2931/2191
f 3465/2931/2191 1316/2934/2194 608/2637/2056 1179/2634/2053
f 1317/2932/2192 3465/2931/2191 1179/2634/2053 609/2633/2052
f 596/2933/2193 1318/2935/2195 3466/2936/2196 1316/2934/2194
f 1318/2935/2195 862/2937/2197 1319/2938/2198 3466/2936/2196
f 3466/2936/2196 1319/2938/2198 833/2639/2058 1180/2638/2057
f 1316/2934/2194 3466/2936/2196 1180/2638/2057 608/2637/2056
f 598/2939/2199 1320/2940/2200 3467/2941/2201 1323/2942/2202
f 1320/2940/2200 599/2943/2119 1321/2944/2203 3467/2941/2201
f 3467/2941/2201 1321/2944/2203 611/2945/2204 1322/2946/2205
f 1323/2942/2202 3467/2941/2201 1322/2946/2205 610/2947/2206
f 600/2948/2207 1324/2949/2208 3468/2950/2209 1325/2951/2210
f 1324/2949/2208 597/2952/2109 1317/2953/2192 3468/2950/2209
f 3468/2950/2209 1317/2953/2192 609/2646/2052 1183/2643/2061
f 1325/2951/2210 3468/2950/2209 1183/2643/2061 612/2642/2060
f 599/2954/2119 1326/2955/2211 3469/2956/2212 1321/2957/2203
f 1326/2955/2211 601/2958/2213 1327/2959/2214 3469/2956/2212
f 3469/2956/2212 1327/2959/2214 613/2960/2215 1328/2961/2216
f 1321/2957/2203 3469/2956/2212 1328/2961/2216 611/2962/2204
f 836/2963/2217 1329/2964/2218 3470/2965/2219 1330/2966/2220
f 1329/2964/2218 600/2948/2207 1325/2951/2210 3470/2965/2219
f 3470/2965/2219 1325/2951/2210 612/2642/2060 1185/2645/2063
f 1330/2966/2220 3470/2965/2219 1185/2645/2063 835/2650/2065
f 615/2967/2221 1331/2968/2222 3471/2969/2223 1333/2970/2224
f 1331/2968/2222 861/2971/2225 1332/2972/2226 3471/2969/2223
f 3471/2969/2223 1332/2972/2226 862/2937/2197 1318/2935/2195
f 1333/2970/2224 3471/2969/2223 1318/2935/2195 596/2933/2193
f 616/2973/2102 1334/2974/2227 3472/2975/2228 1335/2976/2102
f 1334/2974/2227 615/2967/2221 1333/2970/2224 3472/2975/2228
f 3472/2975/2228 1333/2970/2224 596/2933/2193 1315/2930/2190
f 1335/2976/2102 3472/2975/2228 1315/2930/2190 597/2929/2109
f 617/2977/2229 1336/2978/2230 3473/2979/2231 1337/2980/2232
f 1336/2978/2230 616/2981/2102 1335/2982/2102 3473/2979/2231
f 3473/2979/2231 1335/2982/2102 597/2952/2109 1324/2949/2208
f 1337/2980/2232 3473/2979/2231 1324/2949/2208 600/2948/2207
f 837/2983/2233 1338/2984/2234 3474/2985/2235 1339/2986/2236
f 1338/2984/2234 617/2977/2229 1337/2980/2232 3474/2985/2235
f 3474/2985/2235 1337/2980/2232 600/2948/2207 1329/2964/2218
f 1339/2986/2236 3474/2985/2235 1329/2964/2218 836/2963/2217
f 619/2987/2237 1340/2988/2238 3475/2989/2239 1342/2990/2240
f 1340/2988/2238 618/2991/2241 1341/2992/2242 3475/2989/2239
f 3475/2989/2239 1341/2992/2242 601/2958/2213 1326/2955/2211
f 1342/2990/2240 3475/2989/2239 1326/2955/2211 599/2954/2119
f 614/2993/2243 1343/2994/2244 3476/2995/2245 1344/2996/2246
f 1343/2994/2244 619/2997/2237 1342/2998/2240 3476/2995/2245
f 3476/2995/2245 1342/2998/2240 599/2943/2119 1320/2940/2200
f 1344/2996/2246 3476/2995/2245 1320/2940/2200 598/2939/2199
f 507/2408/1959 1075/2407/1958 3477/2999/2247 1347/3000/2248
f 1075/2407/1958 508/2406/1957 1345/3001/2249 3477/2999/2247
f 3477/2999/2247 1345/3001/2249 634/3002/242 1346/3003/2250
f 1347/3000/2248 3477/2999/2247 1346/3003/2250 635/3004/2251
f 736/3005/2252 1348/3006/2253 3478/3007/2254 1350/3008/2255
f 1348/3006/2253 507/2408/1959 1347/3000/2248 3478/3007/2254
f 3478/3007/2254 1347/3000/2248 635/3004/2251 1349/3009/2256
f 1350/3008/2255 3478/3007/2254 1349/3009/2256 735/3010/1027
f 508/2420/1957 1080/2419/1963 3479/3011/2257 1345/3012/2249
f 1080/2419/1963 510/2418/1962 1351/3013/2258 3479/3011/2257
f 3479/3011/2257 1351/3013/2258 633/3014/2259 1352/3015/2260
f 1345/3012/2249 3479/3011/2257 1352/3015/2260 634/3016/242
f 510/2418/1962 1353/3017/2261 3480/3018/2262 1351/3013/2258
f 1353/3017/2261 748/3019/2263 1354/3020/2264 3480/3018/2262
f 3480/3018/2262 1354/3020/2264 749/3021/1013 1355/3022/2265
f 1351/3013/2258 3480/3018/2262 1355/3022/2265 633/3014/2259
f 619/2997/2237 1343/2994/2244 3481/3023/2266 1358/3024/2267
f 1343/2994/2244 614/2993/2243 1356/3025/2268 3481/3023/2266
f 3481/3023/2266 1356/3025/2268 629/3026/2269 1357/3027/2270
f 1358/3024/2267 3481/3023/2266 1357/3027/2270 630/3028/2271
f 805/3029/2272 1359/3030/2273 3482/3031/2274 1362/3032/2275
f 1359/3030/2273 527/3033/2276 1360/3034/2277 3482/3031/2274
f 3482/3031/2274 1360/3034/2277 636/3035/2278 1361/3036/2279
f 1362/3032/2275 3482/3031/2274 1361/3036/2279 804/3037/2280
f 529/3038/2281 1363/3039/2282 3483/3040/2283 1366/3041/2284
f 1363/3039/2282 789/3042/2285 1364/3043/2286 3483/3040/2283
f 3483/3040/2283 1364/3043/2286 790/3044/2287 1365/3045/2288
f 1366/3041/2284 3483/3040/2283 1365/3045/2288 632/3046/2289
f 618/2991/2241 1340/2988/2238 3484/3047/2290 1368/3048/2291
f 1340/2988/2238 619/2987/2237 1358/3049/2267 3484/3047/2290
f 3484/3047/2290 1358/3049/2267 630/3050/2271 1367/3051/2292
f 1368/3048/2291 3484/3047/2290 1367/3051/2292 631/3052/2293
f 630/3028/2271 1357/3027/2270 3485/3053/2294 1371/3054/2295
f 1357/3027/2270 629/3026/2269 1369/3055/2296 3485/3053/2294
f 3485/3053/2294 1369/3055/2296 637/3056/2297 1370/3057/2298
f 1371/3054/2295 3485/3053/2294 1370/3057/2298 638/3058/2299
f 631/3052/2293 1367/3051/2292 3486/3059/2300 1373/3060/2301
f 1367/3051/2292 630/3050/2271 1371/3061/2295 3486/3059/2300
f 3486/3059/2300 1371/3061/2295 638/3062/2299 1372/3063/2302
f 1373/3060/2301 3486/3059/2300 1372/3063/2302 639/3064/2303
f 632/3046/2289 1365/3045/2288 3487/3065/2304 1376/3066/2305
f 1365/3045/2288 790/3044/2287 1374/3067/2306 3487/3065/2304
f 3487/3065/2304 1374/3067/2306 791/3068/2307 1375/3069/2308
f 1376/3066/2305 3487/3065/2304 1375/3069/2308 640/3070/2309
f 633/3014/2259 1355/3022/2265 3488/3071/2310 1379/3072/2311
f 1355/3022/2265 749/3021/1013 1377/3073/1013 3488/3071/2310
f 3488/3071/2310 1377/3073/1013 750/3074/1013 1378/3075/2312
f 1379/3072/2311 3488/3071/2310 1378/3075/2312 641/3076/2313
f 634/3016/242 1352/3015/2260 3489/3077/2260 1381/3078/242
f 1352/3015/2260 633/3014/2259 1379/3072/2311 3489/3077/2260
f 3489/3077/2260 1379/3072/2311 641/3076/2313 1380/3079/2260
f 1381/3078/242 3489/3077/2260 1380/3079/2260 642/3080/242
f 635/3004/2251 1346/3003/2250 3490/3081/2314 1383/3082/2315
f 1346/3003/2250 634/3002/242 1381/3083/242 3490/3081/2314
f 3490/3081/2314 1381/3083/242 642/3084/242 1382/3085/2250
f 1383/3082/2315 3490/3081/2314 1382/3085/2250 643/3086/2316
f 735/3010/1027 1349/3009/2256 3491/3087/2317 1385/3088/1027
f 1349/3009/2256 635/3004/2251 1383/3082/2315 3491/3087/2317
f 3491/3087/2317 1383/3082/2315 643/3086/2316 1384/3089/2318
f 1385/3088/1027 3491/3087/2317 1384/3089/2318 734/3090/1027
f 804/3037/2280 1361/3036/2279 3492/3091/2319 1388/3092/2320
f 1361/3036/2279 636/3035/2278 1386/3093/2321 3492/3091/2319
f 3492/3091/2319 1386/3093/2321 644/3094/2322 1387/3095/2323
f 1388/3092/2320 3492/3091/2319 1387/3095/2323 803/3096/2324
f 682/3097/2325 1389/3098/2326 3493/3099/2327 1392/3100/2328
f 1389/3098/2326 681/3101/2329 1390/3102/2330 3493/3099/2327
f 3493/3099/2327 1390/3102/2330 863/3103/2331 1391/3104/2332
f 1392/3100/2328 3493/3099/2327 1391/3104/2332 864/3105/143
f 685/3106/2333 1393/3107/2334 3494/3108/2335 1395/3109/2336
f 1393/3107/2334 682/3110/2325 1392/3111/2328 3494/3108/2335
f 3494/3108/2335 1392/3111/2328 864/3112/143 1394/3113/2337
f 1395/3109/2336 3494/3108/2335 1394/3113/2337 865/3114/2338
f 640/3070/2309 1375/3069/2308 3495/3115/2339 1398/3116/2340
f 1375/3069/2308 791/3068/2307 1396/3117/2341 3495/3115/2339
f 3495/3115/2339 1396/3117/2341 868/3118/2342 1397/3119/2343
f 1398/3116/2340 3495/3115/2339 1397/3119/2343 869/3120/2344
f 641/3076/2313 1378/3075/2312 3496/3121/2345 1401/3122/2346
f 1378/3075/2312 750/3074/1013 1399/3123/1013 3496/3121/2345
f 3496/3121/2345 1399/3123/1013 870/3124/1013 1400/3125/2345
f 1401/3122/2346 3496/3121/2345 1400/3125/2345 871/3126/2346
f 642/3080/242 1380/3079/2260 3497/3127/2347 1403/3128/242
f 1380/3079/2260 641/3076/2313 1401/3122/2346 3497/3127/2347
f 3497/3127/2347 1401/3122/2346 871/3126/2346 1402/3129/2347
f 1403/3128/242 3497/3127/2347 1402/3129/2347 872/3130/242
f 643/3086/2316 1382/3085/2250 3498/3131/2314 1405/3132/2348
f 1382/3085/2250 642/3084/242 1403/3133/242 3498/3131/2314
f 3498/3131/2314 1403/3133/242 872/3134/242 1404/3135/2314
f 1405/3132/2348 3498/3131/2314 1404/3135/2314 873/3136/2348
f 734/3090/1027 1384/3089/2318 3499/3137/2349 1407/3138/1027
f 1384/3089/2318 643/3086/2316 1405/3132/2348 3499/3137/2349
f 3499/3137/2349 1405/3132/2348 873/3136/2348 1406/3139/2349
f 1407/3138/1027 3499/3137/2349 1406/3139/2349 874/3140/1027
f 803/3096/2324 1387/3095/2323 3500/3141/2350 1410/3142/2351
f 1387/3095/2323 644/3094/2322 1408/3143/2352 3500/3141/2350
f 3500/3141/2350 1408/3143/2352 875/3144/2353 1409/3145/2354
f 1410/3142/2351 3500/3141/2350 1409/3145/2354 876/3146/2355
f 646/3147/2356 1411/3148/2357 3501/3149/2358 1414/3150/2359
f 1411/3148/2357 645/3151/2360 1412/3152/2361 3501/3149/2358
f 3501/3149/2358 1412/3152/2361 661/3153/2362 1413/3154/2363
f 1414/3150/2359 3501/3149/2358 1413/3154/2363 662/3155/2364
f 647/3156/2365 1415/3157/2366 3502/3158/2367 1417/3159/2368
f 1415/3157/2366 646/3160/2356 1414/3161/2359 3502/3158/2367
f 3502/3158/2367 1414/3161/2359 662/3162/2364 1416/3163/2369
f 1417/3159/2368 3502/3158/2367 1416/3163/2369 663/3164/2370
f 648/3165/2371 1418/3166/2372 3503/3167/2373 1421/3168/2374
f 1418/3166/2372 793/3169/2375 1419/3170/2376 3503/3167/2373
f 3503/3167/2373 1419/3170/2376 794/3171/2377 1420/3172/2378
f 1421/3168/2374 3503/3167/2373 1420/3172/2378 664/3173/2379
f 649/3174/2380 1422/3175/2381 3504/3176/2265 1425/3177/2382
f 1422/3175/2381 752/3178/1013 1423/3179/1013 3504/3176/2265
f 3504/3176/2265 1423/3179/1013 753/3180/1013 1424/3181/2312
f 1425/3177/2382 3504/3176/2265 1424/3181/2312 665/3182/2313
f 650/3183/242 1426/3184/2260 3505/3185/2260 1428/3186/242
f 1426/3184/2260 649/3174/2380 1425/3177/2382 3505/3185/2260
f 3505/3185/2260 1425/3177/2382 665/3182/2313 1427/3187/2260
f 1428/3186/242 3505/3185/2260 1427/3187/2260 666/3188/242
f 651/3189/2383 1429/3190/2314 3506/3191/2250 1431/3192/2315
f 1429/3190/2314 650/3193/242 1428/3194/242 3506/3191/2250
f 3506/3191/2250 1428/3194/242 666/3195/242 1430/3196/2250
f 1431/3192/2315 3506/3191/2250 1430/3196/2250 667/3197/2316
f 732/3198/1027 1432/3199/2384 3507/3200/2317 1434/3201/1027
f 1432/3199/2384 651/3189/2383 1431/3192/2315 3507/3200/2317
f 3507/3200/2317 1431/3192/2315 667/3197/2316 1433/3202/2318
f 1434/3201/1027 3507/3200/2317 1433/3202/2318 731/3203/1027
f 801/3204/2385 1435/3205/2386 3508/3206/2387 1438/3207/2388
f 1435/3205/2386 652/3208/2389 1436/3209/2390 3508/3206/2387
f 3508/3206/2387 1436/3209/2390 668/3210/2391 1437/3211/2392
f 1438/3207/2388 3508/3206/2387 1437/3211/2392 800/3212/2393
f 654/3213/2394 1439/3214/2395 3509/3215/2396 1441/3216/2397
f 1439/3214/2395 653/3217/2398 1440/3218/2399 3509/3215/2396
f 3509/3215/2396 1440/3218/2399 645/3151/2360 1411/3148/2357
f 1441/3216/2397 3509/3215/2396 1411/3148/2357 646/3147/2356
f 655/3219/2400 1442/3220/2401 3510/3221/2402 1443/3222/2403
f 1442/3220/2401 654/3223/2394 1441/3224/2397 3510/3221/2402
f 3510/3221/2402 1441/3224/2397 646/3160/2356 1415/3157/2366
f 1443/3222/2403 3510/3221/2402 1415/3157/2366 647/3156/2365
f 656/3225/2404 1444/3226/2405 3511/3227/2406 1446/3228/2407
f 1444/3226/2405 792/3229/2408 1445/3230/2409 3511/3227/2406
f 3511/3227/2406 1445/3230/2409 793/3169/2375 1418/3166/2372
f 1446/3228/2407 3511/3227/2406 1418/3166/2372 648/3165/2371
f 657/3231/2410 1447/3232/2411 3512/3233/2412 1449/3234/2413
f 1447/3232/2411 751/3235/1013 1448/3236/1013 3512/3233/2412
f 3512/3233/2412 1448/3236/1013 752/3178/1013 1422/3175/2381
f 1449/3234/2413 3512/3233/2412 1422/3175/2381 649/3174/2380
f 658/3237/242 1450/3238/2347 3513/3239/2260 1451/3240/242
f 1450/3238/2347 657/3231/2410 1449/3234/2413 3513/3239/2260
f 3513/3239/2260 1449/3234/2413 649/3174/2380 1426/3184/2260
f 1451/3240/242 3513/3239/2260 1426/3184/2260 650/3183/242
f 659/3241/2414 1452/3242/2314 3514/3243/2314 1453/3244/2415
f 1452/3242/2314 658/3245/242 1451/3246/242 3514/3243/2314
f 3514/3243/2314 1451/3246/242 650/3193/242 1429/3190/2314
f 1453/3244/2415 3514/3243/2314 1429/3190/2314 651/3189/2383
f 733/3247/1027 1454/3248/2416 3515/3249/2417 1455/3250/1027
f 1454/3248/2416 659/3241/2414 1453/3244/2415 3515/3249/2417
f 3515/3249/2417 1453/3244/2415 651/3189/2383 1432/3199/2384
f 1455/3250/1027 3515/3249/2417 1432/3199/2384 732/3198/1027
f 802/3251/2418 1456/3252/2419 3516/3253/2420 1458/3254/2421
f 1456/3252/2419 660/3255/2422 1457/3256/2423 3516/3253/2420
f 3516/3253/2420 1457/3256/2423 652/3208/2389 1435/3205/2386
f 1458/3254/2421 3516/3253/2420 1435/3205/2386 801/3204/2385
f 688/3257/2424 1459/3258/2425 3517/3259/2426 1462/3260/2427
f 1459/3258/2425 687/3261/2428 1460/3262/2429 3517/3259/2426
f 3517/3259/2426 1460/3262/2429 895/3263/2430 1461/3264/2332
f 1462/3260/2427 3517/3259/2426 1461/3264/2332 896/3265/143
f 691/3266/2431 1463/3267/2432 3518/3268/2433 1465/3269/2434
f 1463/3267/2432 688/3270/2424 1462/3271/2427 3518/3268/2433
f 3518/3268/2433 1462/3271/2427 896/3272/143 1464/3273/2337
f 1465/3269/2434 3518/3268/2433 1464/3273/2337 897/3274/2435
f 664/3173/2379 1420/3172/2378 3519/3275/2436 1468/3276/2437
f 1420/3172/2378 794/3171/2377 1466/3277/2438 3519/3275/2436
f 3519/3275/2436 1466/3277/2438 900/3278/2439 1467/3279/2440
f 1468/3276/2437 3519/3275/2436 1467/3279/2440 901/3280/2441
f 665/3182/2313 1424/3181/2312 3520/3281/2442 1471/3282/2443
f 1424/3181/2312 753/3180/1013 1469/3283/1013 3520/3281/2442
f 3520/3281/2442 1469/3283/1013 902/3284/1013 1470/3285/2345
f 1471/3282/2443 3520/3281/2442 1470/3285/2345 903/3286/2346
f 666/3188/242 1427/3187/2260 3521/3287/2347 1473/3288/242
f 1427/3187/2260 665/3182/2313 1471/3282/2443 3521/3287/2347
f 3521/3287/2347 1471/3282/2443 903/3286/2346 1472/3289/2347
f 1473/3288/242 3521/3287/2347 1472/3289/2347 904/3290/242
f 667/3197/2316 1430/3196/2250 3522/3291/2314 1475/3292/2444
f 1430/3196/2250 666/3195/242 1473/3293/242 3522/3291/2314
f 3522/3291/2314 1473/3293/242 904/3294/242 1474/3295/2314
f 1475/3292/2444 3522/3291/2314 1474/3295/2314 905/3296/2348
f 731/3203/1027 1433/3202/2318 3523/3297/2445 1477/3298/1027
f 1433/3202/2318 667/3197/2316 1475/3292/2444 3523/3297/2445
f 3523/3297/2445 1475/3292/2444 905/3296/2348 1476/3299/2349
f 1477/3298/1027 3523/3297/2445 1476/3299/2349 906/3300/1027
f 800/3212/2393 1437/3211/2392 3524/3301/2446 1480/3302/2447
f 1437/3211/2392 668/3210/2391 1478/3303/2448 3524/3301/2446
f 3524/3301/2446 1478/3303/2448 907/3304/2449 1479/3305/2450
f 1480/3302/2447 3524/3301/2446 1479/3305/2450 908/3306/2451
f 638/3058/2299 1370/3057/2298 3525/3307/2452 1483/3308/2453
f 1370/3057/2298 637/3056/2297 1481/3309/2454 3525/3307/2452
f 3525/3307/2452 1481/3309/2454 669/3310/2455 1482/3311/2456
f 1483/3308/2453 3525/3307/2452 1482/3311/2456 670/3312/2457
f 637/3056/2297 1484/3313/2458 3526/3314/2459 1481/3309/2454
f 1484/3313/2458 877/3315/2460 1485/3316/2461 3526/3314/2459
f 3526/3314/2459 1485/3316/2461 878/3317/2462 1486/3318/2463
f 1481/3309/2454 3526/3314/2459 1486/3318/2463 669/3310/2455
f 653/3217/2398 1439/3214/2395 3527/3319/2464 1489/3320/2465
f 1439/3214/2395 654/3213/2394 1487/3321/2118 3527/3319/2464
f 3527/3319/2464 1487/3321/2118 672/3322/2466 1488/3323/2467
f 1489/3320/2465 3527/3319/2464 1488/3323/2467 671/3324/2468
f 639/3064/2303 1372/3063/2302 3528/3325/2469 1491/3326/2470
f 1372/3063/2302 638/3062/2299 1483/3327/2453 3528/3325/2469
f 3528/3325/2469 1483/3327/2453 670/3328/2457 1490/3329/2471
f 1491/3326/2470 3528/3325/2469 1490/3329/2471 673/3330/2472
f 654/3223/2394 1442/3220/2401 3529/3331/2473 1487/3332/2118
f 1442/3220/2401 655/3219/2400 1492/3333/2474 3529/3331/2473
f 3529/3331/2473 1492/3333/2474 674/3334/2475 1493/3335/2476
f 1487/3332/2118 3529/3331/2473 1493/3335/2476 672/3336/2466
f 867/3337/2477 1494/3338/2478 3530/3339/2479 1496/3340/2480
f 1494/3338/2478 639/3064/2303 1491/3326/2470 3530/3339/2479
f 3530/3339/2479 1491/3326/2470 673/3330/2472 1495/3341/2481
f 1496/3340/2480 3530/3339/2479 1495/3341/2481 866/3342/2482
f 662/3155/2364 1413/3154/2363 3531/3343/2483 1499/3344/2484
f 1413/3154/2363 661/3153/2362 1497/3345/2485 3531/3343/2483
f 3531/3343/2483 1497/3345/2485 675/3346/2486 1498/3347/2487
f 1499/3344/2484 3531/3343/2483 1498/3347/2487 676/3348/2457
f 661/3153/2362 1500/3349/2488 3532/3350/2489 1497/3345/2485
f 1500/3349/2488 909/3351/2490 1501/3352/2491 3532/3350/2489
f 3532/3350/2489 1501/3352/2491 910/3353/2492 1502/3354/2493
f 1497/3345/2485 3532/3350/2489 1502/3354/2493 675/3346/2486
f 627/3355/2494 1503/3356/2495 3533/3357/2496 1506/3358/2497
f 1503/3356/2495 626/3359/1826 1504/3360/2119 3533/3357/2496
f 3533/3357/2496 1504/3360/2119 678/3361/2466 1505/3362/2498
f 1506/3358/2497 3533/3357/2496 1505/3362/2498 677/3363/2499
f 663/3164/2370 1416/3163/2369 3534/3364/2500 1508/3365/2501
f 1416/3163/2369 662/3162/2364 1499/3366/2484 3534/3364/2500
f 3534/3364/2500 1499/3366/2484 676/3367/2457 1507/3368/2502
f 1508/3365/2501 3534/3364/2500 1507/3368/2502 679/3369/2503
f 626/3370/1826 1509/3371/2504 3535/3372/2505 1504/3373/2119
f 1509/3371/2504 628/3374/2506 1510/3375/2507 3535/3372/2505
f 3535/3372/2505 1510/3375/2507 680/3376/2508 1511/3377/2509
f 1504/3373/2119 3535/3372/2505 1511/3377/2509 678/3378/2466
f 899/3379/2510 1512/3380/2511 3536/3381/2512 1514/3382/2513
f 1512/3380/2511 663/3164/2370 1508/3365/2501 3536/3381/2512
f 3536/3381/2512 1508/3365/2501 679/3369/2503 1513/3383/2514
f 1514/3382/2513 3536/3381/2512 1513/3383/2514 898/3384/2515
f 670/3312/2457 1482/3311/2456 3537/3385/2516 1516/3386/2517
f 1482/3311/2456 669/3310/2455 1515/3387/2518 3537/3385/2516
f 3537/3385/2516 1515/3387/2518 681/3101/2329 1389/3098/2326
f 1516/3386/2517 3537/3385/2516 1389/3098/2326 682/3097/2325
f 669/3310/2455 1486/3318/2463 3538/3388/2519 1515/3387/2518
f 1486/3318/2463 878/3317/2462 1517/3389/2520 3538/3388/2519
f 3538/3388/2519 1517/3389/2520 863/3103/2331 1390/3102/2330
f 1515/3387/2518 3538/3388/2519 1390/3102/2330 681/3101/2329
f 671/3324/2468 1488/3323/2467 3539/3390/2521 1520/3391/2522
f 1488/3323/2467 672/3322/2466 1518/3392/2523 3539/3390/2521
f 3539/3390/2521 1518/3392/2523 684/3393/2524 1519/3394/2525
f 1520/3391/2522 3539/3390/2521 1519/3394/2525 683/3395/2526
f 673/3330/2472 1490/3329/2471 3540/3396/2527 1521/3397/2528
f 1490/3329/2471 670/3328/2457 1516/3398/2517 3540/3396/2527
f 3540/3396/2527 1516/3398/2517 682/3110/2325 1393/3107/2334
f 1521/3397/2528 3540/3396/2527 1393/3107/2334 685/3106/2333
f 672/3336/2466 1493/3335/2476 3541/3399/2529 1518/3400/2523
f 1493/3335/2476 674/3334/2475 1522/3401/2530 3541/3399/2529
f 3541/3399/2529 1522/3401/2530 686/3402/2531 1523/3403/2532
f 1518/3400/2523 3541/3399/2529 1523/3403/2532 684/3404/2524
f 866/3342/2482 1495/3341/2481 3542/3405/2533 1524/3406/2534
f 1495/3341/2481 673/3330/2472 1521/3397/2528 3542/3405/2533
f 3542/3405/2533 1521/3397/2528 685/3106/2333 1395/3109/2336
f 1524/3406/2534 3542/3405/2533 1395/3109/2336 865/3114/2338
f 676/3348/2457 1498/3347/2487 3543/3407/2535 1526/3408/2536
f 1498/3347/2487 675/3346/2486 1525/3409/2537 3543/3407/2535
f 3543/3407/2535 1525/3409/2537 687/3261/2428 1459/3258/2425
f 1526/3408/2536 3543/3407/2535 1459/3258/2425 688/3257/2424
f 675/3346/2486 1502/3354/2493 3544/3410/2538 1525/3409/2537
f 1502/3354/2493 910/3353/2492 1527/3411/2539 3544/3410/2538
f 3544/3410/2538 1527/3411/2539 895/3263/2430 1460/3262/2429
f 1525/3409/2537 3544/3410/2538 1460/3262/2429 687/3261/2428
f 677/3363/2499 1505/3362/2498 3545/3412/2540 1530/3413/2541
f 1505/3362/2498 678/3361/2466 1528/3414/2542 3545/3412/2540
f 3545/3412/2540 1528/3414/2542 690/3415/2543 1529/3416/2544
f 1530/3413/2541 3545/3412/2540 1529/3416/2544 689/3417/2545
f 679/3369/2503 1507/3368/2502 3546/3418/2546 1531/3419/2547
f 1507/3368/2502 676/3367/2457 1526/3420/2536 3546/3418/2546
f 3546/3418/2546 1526/3420/2536 688/3270/2424 1463/3267/2432
f 1531/3419/2547 3546/3418/2546 1463/3267/2432 691/3266/2431
f 678/3378/2466 1511/3377/2509 3547/3421/2548 1528/3422/2542
f 1511/3377/2509 680/3376/2508 1532/3423/2549 3547/3421/2548
f 3547/3421/2548 1532/3423/2549 692/3424/2550 1533/3425/2551
f 1528/3422/2542 3547/3421/2548 1533/3425/2551 690/3426/2543
f 898/3384/2515 1513/3383/2514 3548/3427/2552 1534/3428/2553
f 1513/3383/2514 679/3369/2503 1531/3419/2547 3548/3427/2552
f 3548/3427/2552 1531/3419/2547 691/3266/2431 1465/3269/2434
f 1534/3428/2553 3548/3427/2552 1465/3269/2434 897/3274/2435
f 693/2836/2114 1535/3429/2554 3549/3430/2555 1307/2911/2175
f 1535/3429/2554 832/3431/2556 1536/3432/2557 3549/3430/2555
f 3549/3430/2555 1536/3432/2557 807/3433/2558 1537/3434/2559
f 1307/2911/2175 3549/3430/2555 1537/3434/2559 694/2023/1747
f 695/2025/143 2825/2024/1748 3550/3435/2560 1539/3436/143
f 2825/2024/1748 694/2023/1747 1537/3434/2559 3550/3435/2560
f 3550/3435/2560 1537/3434/2559 807/3433/2558 1538/3437/2561
f 1539/3436/143 3550/3435/2560 1538/3437/2561 808/3438/143
f 696/2034/1754 2828/2033/1753 3551/3439/2562 1541/3440/2563
f 2828/2033/1753 695/2032/143 1539/3441/143 3551/3439/2562
f 3551/3439/2562 1539/3441/143 808/3442/143 1540/3443/2564
f 1541/3440/2563 3551/3439/2562 1540/3443/2564 809/3444/2565
f 810/3445/2566 1542/3446/2567 3552/3447/2568 1543/3448/2569
f 1542/3446/2567 697/2864/2137 1314/2928/2189 3552/3447/2568
f 3552/3447/2568 1314/2928/2189 696/2034/1754 1541/3440/2563
f 1543/3448/2569 3552/3447/2568 1541/3440/2563 809/3444/2565
f 811/3449/2570 1544/3450/2571 3553/3451/2572 1545/3452/2573
f 1544/3450/2571 698/2859/2132 1286/2862/2135 3553/3451/2572
f 3553/3451/2572 1286/2862/2135 697/2864/2137 1542/3446/2567
f 1545/3452/2573 3553/3451/2572 1542/3446/2567 810/3445/2566
f 813/3453/2574 1546/3454/2575 3554/3455/2576 1548/3456/2577
f 1546/3454/2575 699/2424/1840 1114/2492/1840 3554/3455/2576
f 3554/3455/2576 1114/2492/1840 744/2494/1840 1547/3457/2576
f 1548/3456/2577 3554/3455/2576 1547/3457/2576 812/3458/1840
f 814/3459/1840 1549/3460/1840 3555/3461/2575 1550/3462/2574
f 1549/3460/1840 700/2392/1840 1082/2422/1840 3555/3461/2575
f 3555/3461/2575 1082/2422/1840 699/2424/1840 1546/3454/2575
f 1550/3462/2574 3555/3461/2575 1546/3454/2575 813/3453/2574
f 815/3463/2578 1551/3464/2579 3556/3465/2579 1552/3466/2578
f 1551/3464/2579 701/2264/1886 1068/2390/1886 3556/3465/2579
f 3556/3465/2579 1068/2390/1886 700/2392/1840 1549/3460/1840
f 1552/3466/2578 3556/3465/2579 1549/3460/1840 814/3459/1840
f 816/3467/1840 1553/3468/2576 3557/3469/2580 1554/3470/1886
f 1553/3468/2576 702/2259/1840 1010/2262/1840 3557/3469/2580
f 3557/3469/2580 1010/2262/1840 701/2264/1886 1551/3464/2579
f 1554/3470/1886 3557/3469/2580 1551/3464/2579 815/3463/2578
f 817/3471/2581 1555/3472/2582 3558/3473/2583 1557/3474/2584
f 1555/3472/2582 703/2112/1814 974/2142/1838 3558/3473/2583
f 3558/3473/2583 974/2142/1838 914/2144/1840 1556/3475/2576
f 1557/3474/2584 3558/3473/2583 1556/3475/2576 915/3476/1840
f 818/3477/2585 1558/3478/2586 3559/3479/2587 1559/3480/2588
f 1558/3478/2586 704/2041/1760 960/2110/1812 3559/3479/2587
f 3559/3479/2587 960/2110/1812 703/2112/1814 1555/3472/2582
f 1559/3480/2588 3559/3479/2587 1555/3472/2582 817/3471/2581
f 705/2043/1762 2832/2042/1761 3560/3481/2589 1561/3482/1762
f 2832/2042/1761 704/2041/1760 1558/3478/2586 3560/3481/2589
f 3560/3481/2589 1558/3478/2586 818/3477/2585 1560/3483/2590
f 1561/3482/1762 3560/3481/2589 1560/3483/2590 819/3484/2591
f 706/2049/1766 2835/2048/1765 3561/3485/2592 1563/3486/2593
f 2835/2048/1765 705/2043/1762 1561/3482/1762 3561/3485/2592
f 3561/3485/2592 1561/3482/1762 819/3484/2591 1562/3487/1765
f 1563/3486/2593 3561/3485/2592 1562/3487/1765 820/3488/1766
f 707/2055/1770 2838/2054/1769 3562/3489/2594 1565/3490/1770
f 2838/2054/1769 706/2049/1766 1563/3486/2593 3562/3489/2594
f 3562/3489/2594 1563/3486/2593 820/3488/1766 1564/3491/1769
f 1565/3490/1770 3562/3489/2594 1564/3491/1769 821/3492/2595
f 708/2064/1774 2841/2063/1773 3563/3493/2596 1567/3494/1774
f 2841/2063/1773 707/2062/1770 1565/3495/1770 3563/3493/2596
f 3563/3493/2596 1565/3495/1770 821/3496/2595 1566/3497/1773
f 1567/3494/1774 3563/3493/2596 1566/3497/1773 822/3498/2597
f 709/2070/1778 2844/2069/1777 3564/3499/1777 1569/3500/1778
f 2844/2069/1777 708/2064/1774 1567/3494/1774 3564/3499/1777
f 3564/3499/1777 1567/3494/1774 822/3498/2597 1568/3501/2598
f 1569/3500/1778 3564/3499/1777 1568/3501/2598 823/3502/2599
f 710/2076/1784 2847/2075/1783 3565/3503/2600 1571/3504/2601
f 2847/2075/1783 709/2070/1778 1569/3500/1778 3565/3503/2600
f 3565/3503/2600 1569/3500/1778 823/3502/2599 1570/3505/2602
f 1571/3504/2601 3565/3503/2600 1570/3505/2602 824/3506/2601
f 711/2087/1795 2853/2086/1794 3566/3507/2603 1573/3508/1795
f 2853/2086/1794 710/2076/1784 1571/3504/2601 3566/3507/2603
f 3566/3507/2603 1571/3504/2601 824/3506/2601 1572/3509/2604
f 1573/3508/1795 3566/3507/2603 1572/3509/2604 825/3510/2605
f 934/2121/1822 964/2120/1821 3567/3511/2606 1575/3512/2607
f 964/2120/1821 711/2087/1795 1573/3508/1795 3567/3511/2606
f 3567/3511/2606 1573/3508/1795 825/3510/2605 1574/3513/2608
f 1575/3512/2607 3567/3511/2606 1574/3513/2608 933/3514/1822
f 713/2230/1822 996/2229/1822 3568/3515/2607 1578/3516/2609
f 996/2229/1822 712/2228/1822 1576/3517/2607 3568/3515/2607
f 3568/3515/2607 1576/3517/2607 826/3518/1822 1577/3519/2610
f 1578/3516/2609 3568/3515/2607 1577/3519/2610 827/3520/2611
f 714/2369/1822 1058/2368/1822 3569/3521/2609 1580/3522/1822
f 1058/2368/1822 713/2230/1822 1578/3516/2609 3569/3521/2609
f 3569/3521/2609 1578/3516/2609 827/3520/2611 1579/3523/2611
f 1580/3522/1822 3569/3521/2609 1579/3523/2611 828/3524/1822
f 715/2401/1953 1072/2400/1953 3570/3525/2612 1582/3526/2612
f 1072/2400/1953 714/2369/1822 1580/3522/1822 3570/3525/2612
f 3570/3525/2612 1580/3522/1822 828/3524/1822 1581/3527/2613
f 1582/3526/2612 3570/3525/2612 1581/3527/2613 829/3528/2613
f 740/2465/1822 1102/2464/1822 3571/3529/2614 1584/3530/2607
f 1102/2464/1822 715/2401/1953 1582/3526/2612 3571/3529/2614
f 3571/3529/2614 1582/3526/2612 829/3528/2613 1583/3531/1953
f 1584/3530/2607 3571/3529/2614 1583/3531/1953 830/3532/1822
f 693/2836/2114 1274/2835/2113 3572/3533/2615 1535/3429/2554
f 1274/2835/2113 716/2834/2112 1585/3534/2616 3572/3533/2615
f 3572/3533/2615 1585/3534/2616 831/3535/2617 1586/3536/2618
f 1535/3429/2554 3572/3533/2615 1586/3536/2618 832/3431/2556
f 717/3537/2619 1587/3538/2620 3573/3539/2621 1589/3540/2622
f 1587/3538/2620 677/3363/2499 1530/3413/2541 3573/3539/2621
f 3573/3539/2621 1530/3413/2541 689/3417/2545 1588/3541/2623
f 1589/3540/2622 3573/3539/2621 1588/3541/2623 718/3542/2624
f 719/3543/143 1590/3544/2625 3574/3545/2626 1591/3546/2627
f 1590/3544/2625 718/3542/2624 1588/3541/2623 3574/3545/2626
f 3574/3545/2626 1588/3541/2623 689/3417/2545 1529/3416/2544
f 1591/3546/2627 3574/3545/2626 1529/3416/2544 690/3415/2543
f 720/3547/2628 1592/3548/2629 3575/3549/2630 1593/3550/2631
f 1592/3548/2629 719/3551/143 1591/3552/2627 3575/3549/2630
f 3575/3549/2630 1591/3552/2627 690/3426/2543 1533/3425/2551
f 1593/3550/2631 3575/3549/2630 1533/3425/2551 692/3424/2550
f 680/3376/2508 1594/3553/2632 3576/3554/2633 1532/3423/2549
f 1594/3553/2632 721/3555/2634 1595/3556/2635 3576/3554/2633
f 3576/3554/2633 1595/3556/2635 720/3547/2628 1593/3550/2631
f 1532/3423/2549 3576/3554/2633 1593/3550/2631 692/3424/2550
f 628/3374/2506 1596/3557/2636 3577/3558/2637 1510/3375/2507
f 1596/3557/2636 722/3559/2638 1597/3560/2639 3577/3558/2637
f 3577/3558/2637 1597/3560/2639 721/3555/2634 1594/3553/2632
f 1510/3375/2507 3577/3558/2637 1594/3553/2632 680/3376/2508
f 723/3561/2640 1598/3562/2641 3578/3563/2642 1600/3564/2643
f 1598/3562/2641 795/3565/2644 1599/3566/2645 3578/3563/2642
f 3578/3563/2642 1599/3566/2645 796/2898/2163 1300/2897/2162
f 1600/3564/2643 3578/3563/2642 1300/2897/2162 625/2896/2161
f 724/3567/2646 1601/3568/2647 3579/3569/2648 1603/3570/2649
f 1601/3568/2647 754/3571/1013 1602/3572/2650 3579/3569/2648
f 3579/3569/2648 1602/3572/2650 755/2488/2000 1111/2487/1999
f 1603/3570/2649 3579/3569/2648 1111/2487/1999 624/2486/1998
f 725/3573/242 1604/3574/2651 3580/3575/2652 1605/3576/2653
f 1604/3574/2651 724/3567/2646 1603/3570/2649 3580/3575/2652
f 3580/3575/2652 1603/3570/2649 624/2486/1998 1110/2483/1996
f 1605/3576/2653 3580/3575/2652 1110/2483/1996 621/2482/1992
f 726/3577/2654 1606/3578/2250 3581/3579/2655 1607/3580/2656
f 1606/3578/2250 725/3581/242 1605/3582/2653 3581/3579/2655
f 3581/3579/2655 1605/3582/2653 621/2471/1992 1104/2468/1989
f 1607/3580/2656 3581/3579/2655 1104/2468/1989 620/2467/1988
f 730/3583/1027 1608/3584/2657 3582/3585/2658 1609/3586/2659
f 1608/3584/2657 726/3577/2654 1607/3580/2656 3582/3585/2658
f 3582/3585/2658 1607/3580/2656 620/2467/1988 1107/2470/1991
f 1609/3586/2659 3582/3585/2658 1107/2470/1991 729/2475/1995
f 799/3587/2660 1610/3588/2661 3583/3589/2662 1612/3590/2663
f 1610/3588/2661 727/3591/2664 1611/3592/2665 3583/3589/2662
f 3583/3589/2662 1611/3592/2665 623/2877/2149 1296/2880/2152
f 1612/3590/2663 3583/3589/2662 1296/2880/2152 798/2885/2154
f 717/3537/2619 1613/3593/2666 3584/3594/2667 1587/3538/2620
f 1613/3593/2666 728/3595/2668 1614/3596/2669 3584/3594/2667
f 3584/3594/2667 1614/3596/2669 627/3355/2494 1506/3358/2497
f 1587/3538/2620 3584/3594/2667 1506/3358/2497 677/3363/2499
f 730/3583/1027 1609/3586/2659 3585/3597/2670 1616/3598/2671
f 1609/3586/2659 729/2475/1995 1615/3599/2672 3585/3597/2670
f 3585/3597/2670 1615/3599/2672 623/2877/2149 1611/3592/2665
f 1616/3598/2671 3585/3597/2670 1611/3592/2665 727/3591/2664
f 731/3203/1027 1477/3298/1027 3586/3600/2671 1618/3601/2673
f 1477/3298/1027 906/3300/1027 1617/3602/2674 3586/3600/2671
f 3586/3600/2671 1617/3602/2674 907/3304/2449 1478/3303/2448
f 1618/3601/2673 3586/3600/2671 1478/3303/2448 668/3210/2391
f 732/3198/1027 1434/3201/1027 3587/3603/2673 1619/3604/2675
f 1434/3201/1027 731/3203/1027 1618/3601/2673 3587/3603/2673
f 3587/3603/2673 1618/3601/2673 668/3210/2391 1436/3209/2390
f 1619/3604/2675 3587/3603/2673 1436/3209/2390 652/3208/2389
f 733/3247/1027 1455/3250/1027 3588/3605/2676 1620/3606/2676
f 1455/3250/1027 732/3198/1027 1619/3604/2675 3588/3605/2676
f 3588/3605/2676 1619/3604/2675 652/3208/2389 1457/3256/2423
f 1620/3606/2676 3588/3605/2676 1457/3256/2423 660/3255/2422
f 734/3090/1027 1407/3138/1027 3589/3607/2677 1622/3608/2678
f 1407/3138/1027 874/3140/1027 1621/3609/2678 3589/3607/2677
f 3589/3607/2677 1621/3609/2678 875/3144/2353 1408/3143/2352
f 1622/3608/2678 3589/3607/2677 1408/3143/2352 644/3094/2322
f 735/3010/1027 1385/3088/1027 3590/3610/2677 1623/3611/2674
f 1385/3088/1027 734/3090/1027 1622/3608/2678 3590/3610/2677
f 3590/3610/2677 1622/3608/2678 644/3094/2322 1386/3093/2321
f 1623/3611/2674 3590/3610/2677 1386/3093/2321 636/3035/2278
f 736/3005/2252 1350/3008/2255 3591/3612/2679 1624/3613/2680
f 1350/3008/2255 735/3010/1027 1623/3611/2674 3591/3612/2679
f 3591/3612/2679 1623/3611/2674 636/3035/2278 1360/3034/2277
f 1624/3613/2680 3591/3612/2679 1360/3034/2277 527/3033/2276
f 737/2623/1932 1224/2728/1932 3592/3614/2681 1626/3615/2682
f 1224/2728/1932 858/2730/1932 1625/3616/2683 3592/3614/2681
f 3592/3614/2681 1625/3616/2683 859/2873/2145 1290/2871/2143
f 1626/3615/2682 3592/3614/2681 1290/2871/2143 550/2630/2050
f 738/2618/1932 1175/2621/1932 3593/3617/2684 1627/3618/2685
f 1175/2621/1932 737/2623/1932 1626/3615/2682 3593/3617/2684
f 3593/3617/2684 1626/3615/2682 550/2630/2050 1177/2629/2049
f 1627/3618/2685 3593/3617/2684 1177/2629/2049 549/2628/2048
f 739/2819/1932 1268/2822/1932 3594/3619/2686 1628/3620/2687
f 1268/2822/1932 738/2618/1932 1627/3618/2685 3594/3619/2686
f 3594/3619/2686 1627/3618/2685 549/2628/2048 1226/2736/2087
f 1628/3620/2687 3594/3619/2686 1226/2736/2087 570/2735/2086
f 740/2465/1822 1584/3530/2607 3595/3621/2688 1630/3622/2689
f 1584/3530/2607 830/3532/1822 1629/3623/2690 3595/3621/2688
f 3595/3621/2688 1629/3623/2690 831/3535/2617 1585/3534/2616
f 1630/3622/2689 3595/3621/2688 1585/3534/2616 716/2834/2112
f 741/2460/1859 1103/2466/1987 3596/3624/2691 1631/3625/2692
f 1103/2466/1987 740/2465/1822 1630/3622/2689 3596/3624/2691
f 3596/3624/2691 1630/3622/2689 716/2834/2112 1273/2832/2110
f 1631/3625/2692 3596/3624/2691 1273/2832/2110 525/2827/2105
f 742/2462/160 1100/2461/1855 3597/3626/2693 1632/3627/160
f 1100/2461/1855 741/2460/1859 1631/3625/2692 3597/3626/2693
f 3597/3626/2693 1631/3625/2692 525/2827/2105 1269/2824/2103
f 1632/3627/160 3597/3626/2693 1269/2824/2103 526/2823/2102
f 743/2481/1876 1108/2480/1945 3598/3628/2694 1633/3629/2695
f 1108/2480/1945 742/2479/160 1632/3630/160 3598/3628/2694
f 3598/3628/2694 1632/3630/160 526/2848/2102 1279/2845/2123
f 1633/3629/2695 3598/3628/2694 1279/2845/2123 528/2844/2122
f 698/2859/2132 1634/3631/2696 3599/3632/2697 1284/2860/2133
f 1634/3631/2696 744/2494/1840 1113/2493/2003 3599/3632/2697
f 3599/3632/2697 1113/2493/2003 743/2481/1876 1633/3629/2695
f 1284/2860/2133 3599/3632/2697 1633/3629/2695 528/2844/2122
f 811/3449/2570 1635/3633/2698 3600/3634/2699 1544/3450/2571
f 1635/3633/2698 812/3458/1840 1547/3457/2576 3600/3634/2699
f 3600/3634/2699 1547/3457/2576 744/2494/1840 1634/3631/2696
f 1544/3450/2571 3600/3634/2699 1634/3631/2696 698/2859/2132
f 531/2495/2004 1636/3635/2700 3601/3636/2701 1229/2740/2091
f 1636/3635/2700 746/2510/1901 1232/2748/1901 3601/3636/2701
f 3601/3636/2701 1232/2748/1901 745/2747/1901 1637/3637/2702
f 1229/2740/2091 3601/3636/2701 1637/3637/2702 572/2737/2088
f 552/2503/2012 1638/3638/2703 3602/3639/2704 1118/2498/2007
f 1638/3638/2703 747/2512/1901 1121/2511/1901 3602/3639/2704
f 3602/3639/2704 1121/2511/1901 746/2510/1901 1636/3635/2700
f 1118/2498/2007 3602/3639/2704 1636/3635/2700 531/2495/2004
f 839/2901/2165 1639/3640/2705 3603/3641/2706 1302/2902/2166
f 1639/3640/2705 840/2656/1901 1187/2655/1901 3603/3641/2706
f 3603/3641/2706 1187/2655/1901 747/2512/1901 1638/3638/2703
f 1302/2902/2166 3603/3641/2706 1638/3638/2703 552/2503/2012
f 632/3046/2289 1640/3642/2707 3604/3643/2708 1366/3041/2284
f 1640/3642/2707 749/3021/1013 1354/3020/2264 3604/3643/2708
f 3604/3643/2708 1354/3020/2264 748/3019/2263 1641/3644/2709
f 1366/3041/2284 3604/3643/2708 1641/3644/2709 529/3038/2281
f 640/3070/2309 1642/3645/2710 3605/3646/2711 1376/3066/2305
f 1642/3645/2710 750/3074/1013 1377/3073/1013 3605/3646/2711
f 3605/3646/2711 1377/3073/1013 749/3021/1013 1640/3642/2707
f 1376/3066/2305 3605/3646/2711 1640/3642/2707 632/3046/2289
f 869/3120/2344 1643/3647/2710 3606/3648/2710 1398/3116/2340
f 1643/3647/2710 870/3124/1013 1399/3123/1013 3606/3648/2710
f 3606/3648/2710 1399/3123/1013 750/3074/1013 1642/3645/2710
f 1398/3116/2340 3606/3648/2710 1642/3645/2710 640/3070/2309
f 648/3165/2371 1644/3649/2712 3607/3650/2713 1446/3228/2407
f 1644/3649/2712 752/3178/1013 1448/3236/1013 3607/3650/2713
f 3607/3650/2713 1448/3236/1013 751/3235/1013 1645/3651/2714
f 1446/3228/2407 3607/3650/2713 1645/3651/2714 656/3225/2404
f 664/3173/2379 1646/3652/2715 3608/3653/2715 1421/3168/2374
f 1646/3652/2715 753/3180/1013 1423/3179/1013 3608/3653/2715
f 3608/3653/2715 1423/3179/1013 752/3178/1013 1644/3649/2712
f 1421/3168/2374 3608/3653/2715 1644/3649/2712 648/3165/2371
f 901/3280/2441 1647/3654/2716 3609/3655/2710 1468/3276/2437
f 1647/3654/2716 902/3284/1013 1469/3283/1013 3609/3655/2710
f 3609/3655/2710 1469/3283/1013 753/3180/1013 1646/3652/2715
f 1468/3276/2437 3609/3655/2710 1646/3652/2715 664/3173/2379
f 755/2488/2000 1602/3572/2650 3610/3656/2717 1649/3657/2718
f 1602/3572/2650 754/3571/1013 1648/3658/2712 3610/3656/2717
f 3610/3656/2717 1648/3658/2712 723/3561/2640 1600/3564/2643
f 1649/3657/2718 3610/3656/2717 1600/3564/2643 625/2896/2161
f 756/2490/55 1112/2489/2001 3611/3659/2719 1650/3660/55
f 1112/2489/2001 755/2488/2000 1649/3657/2718 3611/3659/2719
f 3611/3659/2719 1649/3657/2718 625/2896/2161 1299/2893/2159
f 1650/3660/55 3611/3659/2719 1299/2893/2159 622/2892/55
f 729/2475/1995 1106/2474/1994 3612/3661/2720 1615/3599/2672
f 1106/2474/1994 756/2473/55 1650/3662/55 3612/3661/2720
f 3612/3661/2720 1650/3662/55 622/2881/55 1293/2878/2150
f 1615/3599/2672 3612/3661/2720 1293/2878/2150 623/2877/2149
f 758/3663/143 1651/3664/2721 3613/3665/2722 1653/3666/2723
f 1651/3664/2721 757/3667/2724 1652/3668/2725 3613/3665/2722
f 3613/3665/2722 1652/3668/2725 610/2947/2206 1322/2946/2205
f 1653/3666/2723 3613/3665/2722 1322/2946/2205 611/2945/2204
f 759/3669/2726 1654/3670/2727 3614/3671/2728 1655/3672/2729
f 1654/3670/2727 758/3673/143 1653/3674/2723 3614/3671/2728
f 3614/3671/2728 1653/3674/2723 611/2962/2204 1328/2961/2216
f 1655/3672/2729 3614/3671/2728 1328/2961/2216 613/2960/2215
f 601/2958/2213 1656/3675/2730 3615/3676/2731 1327/2959/2214
f 1656/3675/2730 760/3677/2732 1657/3678/2733 3615/3676/2731
f 3615/3676/2731 1657/3678/2733 759/3669/2726 1655/3672/2729
f 1327/2959/2214 3615/3676/2731 1655/3672/2729 613/2960/2215
f 618/2991/2241 1658/3679/2734 3616/3680/2735 1341/2992/2242
f 1658/3679/2734 761/3681/2736 1659/3682/2737 3616/3680/2735
f 3616/3680/2735 1659/3682/2737 760/3677/2732 1656/3675/2730
f 1341/2992/2242 3616/3680/2735 1656/3675/2730 601/2958/2213
f 529/3038/2281 1660/3683/2738 3617/3684/2739 1363/3039/2282
f 1660/3683/2738 762/3685/2740 1661/3686/2741 3617/3684/2739
f 3617/3684/2739 1661/3686/2741 788/3687/2742 1662/3688/2743
f 1363/3039/2282 3617/3684/2739 1662/3688/2743 789/3042/2285
f 748/3019/2263 1663/3689/2744 3618/3690/2745 1641/3644/2709
f 1663/3689/2744 763/3691/1901 1664/3692/2746 3618/3690/2745
f 3618/3690/2745 1664/3692/2746 762/3685/2740 1660/3683/2738
f 1641/3644/2709 3618/3690/2745 1660/3683/2738 529/3038/2281
f 510/2418/1962 1665/3693/2747 3619/3694/2748 1353/3017/2261
f 1665/3693/2747 764/3695/2749 1666/3696/2066 3619/3694/2748
f 3619/3694/2748 1666/3696/2066 763/3691/1901 1663/3689/2744
f 1353/3017/2261 3619/3694/2748 1663/3689/2744 748/3019/2263
f 504/2386/1948 1667/3697/2750 3620/3698/2751 1079/2417/1961
f 1667/3697/2750 765/3699/1901 1668/3700/2749 3620/3698/2751
f 3620/3698/2751 1668/3700/2749 764/3695/2749 1665/3693/2747
f 1079/2417/1961 3620/3698/2751 1665/3693/2747 510/2418/1962
f 487/2274/1895 1669/3701/2752 3621/3702/2753 1065/2385/1947
f 1669/3701/2752 766/3703/2754 1670/3704/2755 3621/3702/2753
f 3621/3702/2753 1670/3704/2755 765/3699/1901 1667/3697/2750
f 1065/2385/1947 3621/3702/2753 1667/3697/2750 504/2386/1948
f 488/2287/1901 1671/3705/1901 3622/3706/2756 1019/2288/1904
f 1671/3705/1901 767/3707/1901 1672/3708/2018 3622/3706/2756
f 3622/3706/2756 1672/3708/2018 766/3703/2754 1669/3701/2752
f 1019/2288/1904 3622/3706/2756 1669/3701/2752 487/2274/1895
f 489/2293/1909 1673/3709/2757 3623/3710/1910 1022/2294/1910
f 1673/3709/2757 768/3711/2758 1674/3712/2759 3623/3710/1910
f 3623/3710/1910 1674/3712/2759 920/3713/1901 1675/3714/1901
f 1022/2294/1910 3623/3710/1910 1675/3714/1901 921/2295/1901
f 490/2302/1915 1676/3715/2760 3624/3716/2761 1026/2303/1916
f 1676/3715/2760 769/3717/2762 1677/3718/2761 3624/3716/2761
f 3624/3716/2761 1677/3718/2761 768/3711/2758 1673/3709/2757
f 1026/2303/1916 3624/3716/2761 1673/3709/2757 489/2293/1909
f 770/3719/1726 1678/3720/2763 3625/3721/2764 1679/3722/1726
f 1678/3720/2763 769/3717/2762 1676/3715/2760 3625/3721/2764
f 3625/3721/2764 1676/3715/2760 490/2302/1915 1028/2305/1917
f 1679/3722/1726 3625/3721/2764 1028/2305/1917 491/2304/1726
f 771/3723/1730 1680/3724/1731 3626/3725/1731 1681/3726/1730
f 1680/3724/1731 770/3719/1726 1679/3722/1726 3626/3725/1731
f 3626/3725/1731 1679/3722/1726 491/2304/1726 1031/2311/1731
f 1681/3726/1730 3626/3725/1731 1031/2311/1731 492/2310/1730
f 772/3727/1732 1682/3728/1733 3627/3729/1733 1683/3730/1732
f 1682/3728/1733 771/3723/1730 1681/3726/1730 3627/3729/1733
f 3627/3729/1733 1681/3726/1730 492/2310/1730 1034/2317/1733
f 1683/3730/1732 3627/3729/1733 1034/2317/1733 493/2316/1732
f 773/3731/1734 1684/3732/1735 3628/3733/1735 1685/3734/1734
f 1684/3732/1735 772/3735/1732 1683/3736/1732 3628/3733/1735
f 3628/3733/1735 1683/3736/1732 493/2326/1732 1037/2323/1735
f 1685/3734/1734 3628/3733/1735 1037/2323/1735 494/2322/1734
f 774/3737/1736 1686/3738/1737 3629/3739/1737 1687/3740/1736
f 1686/3738/1737 773/3731/1734 1685/3734/1734 3629/3739/1737
f 3629/3739/1737 1685/3734/1734 494/2322/1734 1040/2332/1737
f 1687/3740/1736 3629/3739/1737 1040/2332/1737 495/2331/1736
f 775/3741/2765 1688/3742/2766 3630/3743/2767 1689/3744/2768
f 1688/3742/2766 774/3737/1736 1687/3740/1736 3630/3743/2767
f 3630/3743/2767 1687/3740/1736 495/2331/1736 1043/2338/1921
f 1689/3744/2768 3630/3743/2767 1043/2338/1921 496/2337/1920
f 776/3745/2079 1690/3746/2769 3631/3747/2770 1691/3748/2771
f 1690/3746/2769 775/3741/2765 1689/3744/2768 3631/3747/2770
f 3631/3747/2770 1689/3744/2768 496/2337/1920 1046/2344/1927
f 1691/3748/2771 3631/3747/2770 1046/2344/1927 497/2343/1926
f 928/3749/1932 1692/3750/2772 3632/3751/1933 1693/3752/1932
f 1692/3750/2772 776/3745/2079 1691/3748/2771 3632/3751/1933
f 3632/3751/1933 1691/3748/2771 497/2343/1926 1049/2350/1933
f 1693/3752/1932 3632/3751/1933 1049/2350/1933 927/2349/1932
f 778/3753/2773 1694/3754/2774 3633/3755/2775 1696/3756/2776
f 1694/3754/2774 777/3757/1932 1695/3758/1932 3633/3755/2775
f 3633/3755/2775 1695/3758/1932 498/2357/1932 1052/2355/1936
f 1696/3756/2776 3633/3755/2775 1052/2355/1936 485/2269/1891
f 779/3759/1932 1697/3760/2773 3634/3761/2777 1698/3762/2778
f 1697/3760/2773 778/3753/2773 1696/3756/2776 3634/3761/2777
f 3634/3761/2777 1696/3756/2776 485/2269/1891 1062/2372/1941
f 1698/3762/2778 3634/3761/2777 1062/2372/1941 501/2376/1944
f 780/3763/2779 1699/3764/2779 3635/3765/2780 1700/3766/2781
f 1699/3764/2779 779/3759/1932 1698/3762/2778 3635/3765/2780
f 3635/3765/2780 1698/3762/2778 501/2376/1944 1076/2404/1955
f 1700/3766/2781 3635/3765/2780 1076/2404/1955 507/2408/1959
f 781/3767/1932 1701/3768/2043 3636/3769/2782 1702/3770/2783
f 1701/3768/2043 780/3763/2779 1700/3766/2781 3636/3769/2782
f 3636/3769/2782 1700/3766/2781 507/2408/1959 1348/3006/2253
f 1702/3770/2783 3636/3769/2782 1348/3006/2253 736/3005/2252
f 781/3767/1932 1702/3770/2783 3637/3771/2784 1704/3772/2785
f 1702/3770/2783 736/3005/2252 1624/3613/2680 3637/3771/2784
f 3637/3771/2784 1624/3613/2680 527/3033/2276 1703/3773/2786
f 1704/3772/2785 3637/3771/2784 1703/3773/2786 782/3774/2787
f 806/3775/2788 1705/3776/2789 3638/3777/2790 1706/3778/2791
f 1705/3776/2789 782/3774/2787 1703/3773/2786 3638/3777/2790
f 3638/3777/2790 1703/3773/2786 527/3033/2276 1359/3030/2273
f 1706/3778/2791 3638/3777/2790 1359/3030/2273 805/3029/2272
f 784/3779/2792 1707/3780/2793 3639/3781/2794 1709/3782/2795
f 1707/3780/2793 783/3783/2796 1708/3784/2797 3639/3781/2794
f 3639/3781/2794 1708/3784/2797 614/2993/2243 1344/2996/2246
f 1709/3782/2795 3639/3781/2794 1344/2996/2246 598/2939/2199
f 757/3667/2724 1710/3785/2798 3640/3786/2799 1652/3668/2725
f 1710/3785/2798 784/3779/2792 1709/3782/2795 3640/3786/2799
f 3640/3786/2799 1709/3782/2795 598/2939/2199 1323/2942/2202
f 1652/3668/2725 3640/3786/2799 1323/2942/2202 610/2947/2206
f 786/2870/2102 1288/2869/2142 3641/3787/2800 1712/3788/2102
f 1288/2869/2142 785/2868/2141 1711/3789/2801 3641/3787/2800
f 3641/3787/2800 1711/3789/2801 615/2967/2221 1334/2974/2227
f 1712/3788/2102 3641/3787/2800 1334/2974/2227 616/2973/2102
f 787/2891/2158 1297/2890/2157 3642/3790/2802 1713/3791/2803
f 1297/2890/2157 786/2889/2102 1712/3792/2102 3642/3790/2802
f 3642/3790/2802 1712/3792/2102 616/2981/2102 1336/2978/2230
f 1713/3791/2803 3642/3790/2802 1336/2978/2230 617/2977/2229
f 838/2906/2170 1303/2905/2169 3643/3793/2804 1714/3794/2805
f 1303/2905/2169 787/2891/2158 1713/3791/2803 3643/3793/2804
f 3643/3793/2804 1713/3791/2803 617/2977/2229 1338/2984/2234
f 1714/3794/2805 3643/3793/2804 1338/2984/2234 837/2983/2233
f 789/3042/2285 1662/3688/2743 3644/3795/2806 1716/3796/2807
f 1662/3688/2743 788/3687/2742 1715/3797/2808 3644/3795/2806
f 3644/3795/2806 1715/3797/2808 761/3681/2736 1658/3679/2734
f 1716/3796/2807 3644/3795/2806 1658/3679/2734 618/2991/2241
f 790/3044/2287 1364/3043/2286 3645/3798/2809 1717/3799/2810
f 1364/3043/2286 789/3042/2285 1716/3796/2807 3645/3798/2809
f 3645/3798/2809 1716/3796/2807 618/2991/2241 1368/3048/2291
f 1717/3799/2810 3645/3798/2809 1368/3048/2291 631/3052/2293
f 791/3068/2307 1374/3067/2306 3646/3800/2811 1718/3801/2812
f 1374/3067/2306 790/3044/2287 1717/3799/2810 3646/3800/2811
f 3646/3800/2811 1717/3799/2810 631/3052/2293 1373/3060/2301
f 1718/3801/2812 3646/3800/2811 1373/3060/2301 639/3064/2303
f 868/3118/2342 1396/3117/2341 3647/3802/2813 1719/3803/2814
f 1396/3117/2341 791/3068/2307 1718/3801/2812 3647/3802/2813
f 3647/3802/2813 1718/3801/2812 639/3064/2303 1494/3338/2478
f 1719/3803/2814 3647/3802/2813 1494/3338/2478 867/3337/2477
f 793/3169/2375 1445/3230/2409 3648/3804/2815 1721/3805/2816
f 1445/3230/2409 792/3229/2408 1720/3806/2817 3648/3804/2815
f 3648/3804/2815 1720/3806/2817 655/3219/2400 1443/3222/2403
f 1721/3805/2816 3648/3804/2815 1443/3222/2403 647/3156/2365
f 794/3171/2377 1419/3170/2376 3649/3807/2818 1722/3808/2819
f 1419/3170/2376 793/3169/2375 1721/3805/2816 3649/3807/2818
f 3649/3807/2818 1721/3805/2816 647/3156/2365 1417/3159/2368
f 1722/3808/2819 3649/3807/2818 1417/3159/2368 663/3164/2370
f 900/3278/2439 1466/3277/2438 3650/3809/2820 1723/3810/2821
f 1466/3277/2438 794/3171/2377 1722/3808/2819 3650/3809/2820
f 3650/3809/2820 1722/3808/2819 663/3164/2370 1512/3380/2511
f 1723/3810/2821 3650/3809/2820 1512/3380/2511 899/3379/2510
f 796/2898/2163 1599/3566/2645 3651/3811/2822 1725/3812/2823
f 1599/3566/2645 795/3565/2644 1724/3813/2824 3651/3811/2822
f 3651/3811/2822 1724/3813/2824 722/3559/2638 1596/3557/2636
f 1725/3812/2823 3651/3811/2822 1596/3557/2636 628/3374/2506
f 797/2900/1826 1301/2899/2164 3652/3814/2825 1726/3815/1826
f 1301/2899/2164 796/2898/2163 1725/3812/2823 3652/3814/2825
f 3652/3814/2825 1725/3812/2823 628/3374/2506 1509/3371/2504
f 1726/3815/1826 3652/3814/2825 1509/3371/2504 626/3370/1826
f 798/2885/2154 1295/2884/2153 3653/3816/2826 1727/3817/2827
f 1295/2884/2153 797/2883/1826 1726/3818/1826 3653/3816/2826
f 3653/3816/2826 1726/3818/1826 626/3359/1826 1503/3356/2495
f 1727/3817/2827 3653/3816/2826 1503/3356/2495 627/3355/2494
f 728/3595/2668 1728/3819/2828 3654/3820/2829 1614/3596/2669
f 1728/3819/2828 799/3587/2660 1612/3590/2663 3654/3820/2829
f 3654/3820/2829 1612/3590/2663 798/2885/2154 1727/3817/2827
f 1614/3596/2669 3654/3820/2829 1727/3817/2827 627/3355/2494
f 661/3153/2362 1729/3821/2830 3655/3822/2831 1500/3349/2488
f 1729/3821/2830 800/3212/2393 1480/3302/2447 3655/3822/2831
f 3655/3822/2831 1480/3302/2447 908/3306/2451 1730/3823/2832
f 1500/3349/2488 3655/3822/2831 1730/3823/2832 909/3351/2490
f 645/3151/2360 1731/3824/2833 3656/3825/2834 1412/3152/2361
f 1731/3824/2833 801/3204/2385 1438/3207/2388 3656/3825/2834
f 3656/3825/2834 1438/3207/2388 800/3212/2393 1729/3821/2830
f 1412/3152/2361 3656/3825/2834 1729/3821/2830 661/3153/2362
f 653/3217/2398 1732/3826/2835 3657/3827/2836 1440/3218/2399
f 1732/3826/2835 802/3251/2418 1458/3254/2421 3657/3827/2836
f 3657/3827/2836 1458/3254/2421 801/3204/2385 1731/3824/2833
f 1440/3218/2399 3657/3827/2836 1731/3824/2833 645/3151/2360
f 637/3056/2297 1733/3828/2837 3658/3829/2838 1484/3313/2458
f 1733/3828/2837 803/3096/2324 1410/3142/2351 3658/3829/2838
f 3658/3829/2838 1410/3142/2351 876/3146/2355 1734/3830/2839
f 1484/3313/2458 3658/3829/2838 1734/3830/2839 877/3315/2460
f 629/3026/2269 1735/3831/2840 3659/3832/2841 1369/3055/2296
f 1735/3831/2840 804/3037/2280 1388/3092/2320 3659/3832/2841
f 3659/3832/2841 1388/3092/2320 803/3096/2324 1733/3828/2837
f 1369/3055/2296 3659/3832/2841 1733/3828/2837 637/3056/2297
f 614/2993/2243 1736/3833/2842 3660/3834/2843 1356/3025/2268
f 1736/3833/2842 805/3029/2272 1362/3032/2275 3660/3834/2843
f 3660/3834/2843 1362/3032/2275 804/3037/2280 1735/3831/2840
f 1356/3025/2268 3660/3834/2843 1735/3831/2840 629/3026/2269
f 783/3783/2796 1737/3835/2844 3661/3836/2845 1708/3784/2797
f 1737/3835/2844 806/3775/2788 1706/3778/2791 3661/3836/2845
f 3661/3836/2845 1706/3778/2791 805/3029/2272 1736/3833/2842
f 1708/3784/2797 3661/3836/2845 1736/3833/2842 614/2993/2243
f 785/2868/2141 1292/2876/2148 3662/3837/2846 1711/3789/2801
f 1292/2876/2148 860/2875/2147 1738/3838/2847 3662/3837/2846
f 3662/3837/2846 1738/3838/2847 861/2971/2225 1331/2968/2222
f 1711/3789/2801 3662/3837/2846 1331/2968/2222 615/2967/2221
f 808/3438/143 1538/3437/2561 3663/3839/2848 1740/3840/2849
f 1538/3437/2561 807/3433/2558 1739/3841/2850 3663/3839/2848
f 3663/3839/2848 1739/3841/2850 604/2917/2181 1309/2916/2180
f 1740/3840/2849 3663/3839/2848 1309/2916/2180 605/2915/2179
f 809/3444/2565 1540/3443/2564 3664/3842/2851 1741/3843/2852
f 1540/3443/2564 808/3442/143 1740/3844/2849 3664/3842/2851
f 3664/3842/2851 1740/3844/2849 605/2926/2179 1313/2925/2187
f 1741/3843/2852 3664/3842/2851 1313/2925/2187 607/2924/2186
f 595/2856/2130 1742/3845/2853 3665/3846/2854 1312/2923/2185
f 1742/3845/2853 810/3445/2566 1543/3448/2569 3665/3846/2854
f 3665/3846/2854 1543/3448/2569 809/3444/2565 1741/3843/2852
f 1312/2923/2185 3665/3846/2854 1741/3843/2852 607/2924/2186
f 572/2737/2088 1743/3847/2855 3666/3848/2856 1282/2855/2129
f 1743/3847/2855 811/3449/2570 1545/3452/2573 3666/3848/2856
f 3666/3848/2856 1545/3452/2573 810/3445/2566 1742/3845/2853
f 1282/2855/2129 3666/3848/2856 1742/3845/2853 595/2856/2130
f 572/2737/2088 1637/3637/2702 3667/3849/2857 1743/3847/2855
f 1637/3637/2702 745/2747/1901 1744/3850/2858 3667/3849/2857
f 3667/3849/2857 1744/3850/2858 812/3458/1840 1635/3633/2698
f 1743/3847/2855 3667/3849/2857 1635/3633/2698 811/3449/2570
f 573/2745/2014 1745/3851/2859 3668/3852/2860 1231/2746/2015
f 1745/3851/2859 813/3453/2574 1548/3456/2577 3668/3852/2860
f 3668/3852/2860 1548/3456/2577 812/3458/1840 1744/3850/2858
f 1231/2746/2015 3668/3852/2860 1744/3850/2858 745/2747/1901
f 574/2751/1901 1746/3853/2744 3669/3854/2861 1234/2752/2014
f 1746/3853/2744 814/3459/1840 1550/3462/2574 3669/3854/2861
f 3669/3854/2861 1550/3462/2574 813/3453/2574 1745/3851/2859
f 1234/2752/2014 3669/3854/2861 1745/3851/2859 573/2745/2014
f 575/2755/2092 1747/3855/2862 3670/3856/2863 1236/2756/2092
f 1747/3855/2862 815/3463/2578 1552/3466/2578 3670/3856/2863
f 3670/3856/2863 1552/3466/2578 814/3459/1840 1746/3853/2744
f 1236/2756/2092 3670/3856/2863 1746/3853/2744 574/2751/1901
f 576/2759/1901 1748/3857/2864 3671/3858/2865 1238/2760/2017
f 1748/3857/2864 816/3467/1840 1554/3470/1886 3671/3858/2865
f 3671/3858/2865 1554/3470/1886 815/3463/2578 1747/3855/2862
f 1238/2760/2017 3671/3858/2865 1747/3855/2862 575/2755/2092
f 577/2763/2093 1749/3859/2866 3672/3860/2867 1240/2764/2024
f 1749/3859/2866 817/3471/2581 1557/3474/2584 3672/3860/2867
f 3672/3860/2867 1557/3474/2584 915/3476/1840 1750/3861/2864
f 1240/2764/2024 3672/3860/2867 1750/3861/2864 916/2765/1901
f 578/2769/2028 1751/3862/2868 3673/3863/2869 1243/2770/2094
f 1751/3862/2868 818/3477/2585 1559/3480/2588 3673/3863/2869
f 3673/3863/2869 1559/3480/2588 817/3471/2581 1749/3859/2866
f 1243/2770/2094 3673/3863/2869 1749/3859/2866 577/2763/2093
f 819/3484/2591 1560/3483/2590 3674/3864/2870 1752/3865/2871
f 1560/3483/2590 818/3477/2585 1751/3862/2868 3674/3864/2870
f 3674/3864/2870 1751/3862/2868 578/2769/2028 1244/2772/2029
f 1752/3865/2871 3674/3864/2870 1244/2772/2029 579/2771/1726
f 820/3488/1766 1562/3487/1765 3675/3866/1763 1753/3867/2872
f 1562/3487/1765 819/3484/2591 1752/3865/2871 3675/3866/1763
f 3675/3866/1763 1752/3865/2871 579/2771/1726 1246/2776/1731
f 1753/3867/2872 3675/3866/1763 1246/2776/1731 580/2775/1730
f 821/3492/2595 1564/3491/1769 3676/3868/2873 1754/3869/2874
f 1564/3491/1769 820/3488/1766 1753/3867/2872 3676/3868/2873
f 3676/3868/2873 1753/3867/2872 580/2775/1730 1248/2780/1733
f 1754/3869/2874 3676/3868/2873 1248/2780/1733 581/2779/1732
f 822/3498/2597 1566/3497/1773 3677/3870/1771 1755/3871/2875
f 1566/3497/1773 821/3496/2595 1754/3872/2874 3677/3870/1771
f 3677/3870/1771 1754/3872/2874 581/2787/1732 1250/2784/1735
f 1755/3871/2875 3677/3870/1771 1250/2784/1735 582/2783/1734
f 823/3502/2599 1568/3501/2598 3678/3873/1775 1756/3874/2876
f 1568/3501/2598 822/3498/2597 1755/3871/2875 3678/3873/1775
f 3678/3873/1775 1755/3871/2875 582/2783/1734 1252/2790/1737
f 1756/3874/2876 3678/3873/1775 1252/2790/1737 583/2789/1736
f 824/3506/2601 1570/3505/2602 3679/3875/2877 1757/3876/2878
f 1570/3505/2602 823/3502/2599 1756/3874/2876 3679/3875/2877
f 3679/3875/2877 1756/3874/2876 583/2789/1736 1254/2794/2097
f 1757/3876/2878 3679/3875/2877 1254/2794/2097 584/2793/2096
f 825/3510/2605 1572/3509/2604 3680/3877/2879 1758/3878/2880
f 1572/3509/2604 824/3506/2601 1757/3876/2878 3680/3877/2879
f 3680/3877/2879 1757/3876/2878 584/2793/2096 1256/2798/2100
f 1758/3878/2880 3680/3877/2879 1256/2798/2100 585/2797/2099
f 933/3514/1822 1574/3513/2608 3681/3879/2881 1759/3880/2882
f 1574/3513/2608 825/3510/2605 1758/3878/2880 3681/3879/2881
f 3681/3879/2881 1758/3878/2880 585/2797/2099 1258/2802/2101
f 1759/3880/2882 3681/3879/2881 1258/2802/2101 932/2801/1932
f 827/3520/2611 1577/3519/2610 3682/3881/2883 1761/3882/2884
f 1577/3519/2610 826/3518/1822 1760/3883/2882 3682/3881/2883
f 3682/3881/2883 1760/3883/2882 586/2809/1932 1260/2806/2040
f 1761/3882/2884 3682/3881/2883 1260/2806/2040 587/2805/2039
f 828/3524/1822 1579/3523/2611 3683/3884/2885 1762/3885/2886
f 1579/3523/2611 827/3520/2611 1761/3882/2884 3683/3884/2885
f 3683/3884/2885 1761/3882/2884 587/2805/2039 1263/2812/2039
f 1762/3885/2886 3683/3884/2885 1263/2812/2039 588/2811/1932
f 829/3528/2613 1581/3527/2613 3684/3886/2887 1763/3887/2888
f 1581/3527/2613 828/3524/1822 1762/3885/2886 3684/3886/2887
f 3684/3886/2887 1762/3885/2886 588/2811/1932 1265/2816/2043
f 1763/3887/2888 3684/3886/2887 1265/2816/2043 589/2815/2043
f 830/3532/1822 1583/3531/1953 3685/3888/2889 1764/3889/2890
f 1583/3531/1953 829/3528/2613 1763/3887/2888 3685/3888/2889
f 3685/3888/2889 1763/3887/2888 589/2815/2043 1267/2820/2044
f 1764/3889/2890 3685/3888/2889 1267/2820/2044 739/2819/1932
f 831/3535/2617 1629/3623/2690 3686/3890/2891 1765/3891/2892
f 1629/3623/2690 830/3532/1822 1764/3889/2890 3686/3890/2891
f 3686/3890/2891 1764/3889/2890 739/2819/1932 1628/3620/2687
f 1765/3891/2892 3686/3890/2891 1628/3620/2687 570/2735/2086
f 832/3431/2556 1586/3536/2618 3687/3892/2893 1766/3893/2894
f 1586/3536/2618 831/3535/2617 1765/3891/2892 3687/3892/2893
f 3687/3892/2893 1765/3891/2892 570/2735/2086 1278/2839/2117
f 1766/3893/2894 3687/3892/2893 1278/2839/2117 592/2843/2121
f 807/3433/2558 1536/3432/2557 3688/3894/2895 1739/3841/2850
f 1536/3432/2557 832/3431/2556 1766/3893/2894 3688/3894/2895
f 3688/3894/2895 1766/3893/2894 592/2843/2121 1310/2913/2177
f 1739/3841/2850 3688/3894/2895 1310/2913/2177 604/2917/2181
f 834/2641/143 1181/2640/2059 3689/3895/2896 1768/3896/143
f 1181/2640/2059 833/2639/2058 1767/3897/2897 3689/3895/2896
f 3689/3895/2896 1767/3897/2897 757/3667/2724 1651/3664/2721
f 1768/3896/143 3689/3895/2896 1651/3664/2721 758/3663/143
f 835/2650/2065 1184/2649/2064 3690/3898/2898 1769/3899/2899
f 1184/2649/2064 834/2648/143 1768/3900/143 3690/3898/2898
f 3690/3898/2898 1768/3900/143 758/3673/143 1654/3670/2727
f 1769/3899/2899 3690/3898/2898 1654/3670/2727 759/3669/2726
f 760/3677/2732 1770/3901/2900 3691/3902/2901 1657/3678/2733
f 1770/3901/2900 836/2963/2217 1330/2966/2220 3691/3902/2901
f 3691/3902/2901 1330/2966/2220 835/2650/2065 1769/3899/2899
f 1657/3678/2733 3691/3902/2901 1769/3899/2899 759/3669/2726
f 761/3681/2736 1771/3903/2902 3692/3904/2903 1659/3682/2737
f 1771/3903/2902 837/2983/2233 1339/2986/2236 3692/3904/2903
f 3692/3904/2903 1339/2986/2236 836/2963/2217 1770/3901/2900
f 1659/3682/2737 3692/3904/2903 1770/3901/2900 760/3677/2732
f 788/3687/2742 1772/3905/2904 3693/3906/2905 1715/3797/2808
f 1772/3905/2904 838/2906/2170 1714/3794/2805 3693/3906/2905
f 3693/3906/2905 1714/3794/2805 837/2983/2233 1771/3903/2902
f 1715/3797/2808 3693/3906/2905 1771/3903/2902 761/3681/2736
f 762/3685/2740 1773/3907/2906 3694/3908/2907 1661/3686/2741
f 1773/3907/2906 839/2901/2165 1304/2904/2168 3694/3908/2907
f 3694/3908/2907 1304/2904/2168 838/2906/2170 1772/3905/2904
f 1661/3686/2741 3694/3908/2907 1772/3905/2904 788/3687/2742
f 762/3685/2740 1664/3692/2746 3695/3909/2908 1773/3907/2906
f 1664/3692/2746 763/3691/1901 1774/3910/1901 3695/3909/2908
f 3695/3909/2908 1774/3910/1901 840/2656/1901 1639/3640/2705
f 1773/3907/2906 3695/3909/2908 1639/3640/2705 839/2901/2165
f 764/3695/2749 1775/3911/2909 3696/3912/2066 1666/3696/2066
f 1775/3911/2909 841/2651/2013 1188/2654/2066 3696/3912/2066
f 3696/3912/2066 1188/2654/2066 840/2656/1901 1774/3910/1901
f 1666/3696/2066 3696/3912/2066 1774/3910/1901 763/3691/1901
f 765/3699/1901 1776/3913/1901 3697/3914/2909 1668/3700/2749
f 1776/3913/1901 842/2657/1901 1190/2660/2013 3697/3914/2909
f 3697/3914/2909 1190/2660/2013 841/2651/2013 1775/3911/2909
f 1668/3700/2749 3697/3914/2909 1775/3911/2909 764/3695/2749
f 766/3703/2754 1777/3915/2754 3698/3916/2754 1670/3704/2755
f 1777/3915/2754 843/2661/2067 1192/2664/2067 3698/3916/2754
f 3698/3916/2754 1192/2664/2067 842/2657/1901 1776/3913/1901
f 1670/3704/2755 3698/3916/2754 1776/3913/1901 765/3699/1901
f 767/3707/1901 1778/3917/1901 3699/3918/2018 1672/3708/2018
f 1778/3917/1901 844/2665/1901 1194/2668/2018 3699/3918/2018
f 3699/3918/2018 1194/2668/2018 843/2661/2067 1777/3915/2754
f 1672/3708/2018 3699/3918/2018 1777/3915/2754 766/3703/2754
f 768/3711/2758 1779/3919/2758 3700/3920/1910 1674/3712/2759
f 1779/3919/2758 845/2669/2068 1197/2672/2022 3700/3920/1910
f 3700/3920/1910 1197/2672/2022 919/2674/1901 1780/3921/1901
f 1674/3712/2759 3700/3920/1910 1780/3921/1901 920/3713/1901
f 769/3717/2762 1781/3922/2070 3701/3923/2910 1677/3718/2761
f 1781/3922/2070 846/2675/2070 1199/2678/2072 3701/3923/2910
f 3701/3923/2910 1199/2678/2072 845/2669/2068 1779/3919/2758
f 1677/3718/2761 3701/3923/2910 1779/3919/2758 768/3711/2758
f 847/2682/1726 1200/2681/2073 3702/3924/2911 1782/3925/1726
f 1200/2681/2073 846/2675/2070 1781/3922/2070 3702/3924/2911
f 3702/3924/2911 1781/3922/2070 769/3717/2762 1678/3720/2763
f 1782/3925/1726 3702/3924/2911 1678/3720/2763 770/3719/1726
f 848/2686/1730 1202/2685/1731 3703/3926/1731 1783/3927/1730
f 1202/2685/1731 847/2682/1726 1782/3925/1726 3703/3926/1731
f 3703/3926/1731 1782/3925/1726 770/3719/1726 1680/3724/1731
f 1783/3927/1730 3703/3926/1731 1680/3724/1731 771/3723/1730
f 849/2690/1732 1204/2689/1733 3704/3928/1733 1784/3929/1732
f 1204/2689/1733 848/2686/1730 1783/3927/1730 3704/3928/1733
f 3704/3928/1733 1783/3927/1730 771/3723/1730 1682/3728/1733
f 1784/3929/1732 3704/3928/1733 1682/3728/1733 772/3727/1732
f 850/2696/1734 1206/2695/1735 3705/3930/1735 1785/3931/1734
f 1206/2695/1735 849/2694/1732 1784/3932/1732 3705/3930/1735
f 3705/3930/1735 1784/3932/1732 772/3735/1732 1684/3732/1735
f 1785/3931/1734 3705/3930/1735 1684/3732/1735 773/3731/1734
f 851/2700/1736 1208/2699/1737 3706/3933/1737 1786/3934/1736
f 1208/2699/1737 850/2696/1734 1785/3931/1734 3706/3933/1737
f 3706/3933/1737 1785/3931/1734 773/3731/1734 1686/3738/1737
f 1786/3934/1736 3706/3933/1737 1686/3738/1737 774/3737/1736
f 852/2704/2076 1210/2703/2075 3707/3935/2912 1787/3936/2076
f 1210/2703/2075 851/2700/1736 1786/3934/1736 3707/3935/2912
f 3707/3935/2912 1786/3934/1736 774/3737/1736 1688/3742/2766
f 1787/3936/2076 3707/3935/2912 1688/3742/2766 775/3741/2765
f 853/2708/2079 1212/2707/2078 3708/3937/2913 1788/3938/2079
f 1212/2707/2078 852/2704/2076 1787/3936/2076 3708/3937/2913
f 3708/3937/2913 1787/3936/2076 775/3741/2765 1690/3746/2769
f 1788/3938/2079 3708/3937/2913 1690/3746/2769 776/3745/2079
f 929/2712/1932 1214/2711/2037 3709/3939/2038 1789/3940/1932
f 1214/2711/2037 853/2708/2079 1788/3938/2079 3709/3939/2038
f 3709/3939/2038 1788/3938/2079 776/3745/2079 1692/3750/2772
f 1789/3940/1932 3709/3939/2038 1692/3750/2772 928/3749/1932
f 855/2718/2041 1217/2717/2040 3710/3941/2774 1791/3942/2080
f 1217/2717/2040 854/2716/1932 1790/3943/1932 3710/3941/2774
f 3710/3941/2774 1790/3943/1932 777/3757/1932 1694/3754/2774
f 1791/3942/2080 3710/3941/2774 1694/3754/2774 778/3753/2773
f 856/2722/1932 1219/2721/2080 3711/3944/2080 1792/3945/1932
f 1219/2721/2080 855/2718/2041 1791/3942/2080 3711/3944/2080
f 3711/3944/2080 1791/3942/2080 778/3753/2773 1697/3760/2773
f 1792/3945/1932 3711/3944/2080 1697/3760/2773 779/3759/1932
f 857/2726/2081 1221/2725/2042 3712/3946/2081 1793/3947/2081
f 1221/2725/2042 856/2722/1932 1792/3945/1932 3712/3946/2081
f 3712/3946/2081 1792/3945/1932 779/3759/1932 1699/3764/2779
f 1793/3947/2081 3712/3946/2081 1699/3764/2779 780/3763/2779
f 858/2730/1932 1223/2729/2045 3713/3948/2045 1794/3949/1932
f 1223/2729/2045 857/2726/2081 1793/3947/2081 3713/3948/2045
f 3713/3948/2045 1793/3947/2081 780/3763/2779 1701/3768/2043
f 1794/3949/1932 3713/3948/2045 1701/3768/2043 781/3767/1932
f 859/2873/2145 1625/3616/2683 3714/3950/2914 1795/3951/2915
f 1625/3616/2683 858/2730/1932 1794/3949/1932 3714/3950/2914
f 3714/3950/2914 1794/3949/1932 781/3767/1932 1704/3772/2785
f 1795/3951/2915 3714/3950/2914 1704/3772/2785 782/3774/2787
f 860/2875/2147 1291/2874/2146 3715/3952/2916 1796/3953/2917
f 1291/2874/2146 859/2873/2145 1795/3951/2915 3715/3952/2916
f 3715/3952/2916 1795/3951/2915 782/3774/2787 1705/3776/2789
f 1796/3953/2917 3715/3952/2916 1705/3776/2789 806/3775/2788
f 861/2971/2225 1738/3838/2847 3716/3954/2918 1797/3955/2919
f 1738/3838/2847 860/2875/2147 1796/3953/2917 3716/3954/2918
f 3716/3954/2918 1796/3953/2917 806/3775/2788 1737/3835/2844
f 1797/3955/2919 3716/3954/2918 1737/3835/2844 783/3783/2796
f 862/2937/2197 1332/2972/2226 3717/3956/2920 1798/3957/2921
f 1332/2972/2226 861/2971/2225 1797/3955/2919 3717/3956/2920
f 3717/3956/2920 1797/3955/2919 783/3783/2796 1707/3780/2793
f 1798/3957/2921 3717/3956/2920 1707/3780/2793 784/3779/2792
f 833/2639/2058 1319/2938/2198 3718/3958/2922 1767/3897/2897
f 1319/2938/2198 862/2937/2197 1798/3957/2921 3718/3958/2922
f 3718/3958/2922 1798/3957/2921 784/3779/2792 1710/3785/2798
f 1767/3897/2897 3718/3958/2922 1710/3785/2798 757/3667/2724
f 864/3105/143 1391/3104/2332 3719/3959/2923 1801/3960/143
f 1391/3104/2332 863/3103/2331 1799/3961/2924 3719/3959/2923
f 3719/3959/2923 1799/3961/2924 879/3962/2925 1800/3963/2926
f 1801/3960/143 3719/3959/2923 1800/3963/2926 880/3964/143
f 865/3114/2338 1394/3113/2337 3720/3965/2927 1803/3966/2928
f 1394/3113/2337 864/3112/143 1801/3967/143 3720/3965/2927
f 3720/3965/2927 1801/3967/143 880/3968/143 1802/3969/2629
f 1803/3966/2928 3720/3965/2927 1802/3969/2629 881/3970/2628
f 882/3971/2929 1804/3972/2930 3721/3973/2931 1805/3974/2932
f 1804/3972/2930 866/3342/2482 1524/3406/2534 3721/3973/2931
f 3721/3973/2931 1524/3406/2534 865/3114/2338 1803/3966/2928
f 1805/3974/2932 3721/3973/2931 1803/3966/2928 881/3970/2628
f 883/3975/2933 1806/3976/2934 3722/3977/2935 1807/3978/2936
f 1806/3976/2934 867/3337/2477 1496/3340/2480 3722/3977/2935
f 3722/3977/2935 1496/3340/2480 866/3342/2482 1804/3972/2930
f 1807/3978/2936 3722/3977/2935 1804/3972/2930 882/3971/2929
f 884/3979/2937 1808/3980/2938 3723/3981/2939 1809/3982/2940
f 1808/3980/2938 868/3118/2342 1719/3803/2814 3723/3981/2939
f 3723/3981/2939 1719/3803/2814 867/3337/2477 1806/3976/2934
f 1809/3982/2940 3723/3981/2939 1806/3976/2934 883/3975/2933
f 869/3120/2344 1397/3119/2343 3724/3983/2941 1811/3984/2942
f 1397/3119/2343 868/3118/2342 1808/3980/2938 3724/3983/2941
f 3724/3983/2941 1808/3980/2938 884/3979/2937 1810/3985/2943
f 1811/3984/2942 3724/3983/2941 1810/3985/2943 885/3986/2944
f 885/3986/2944 1812/3987/2945 3725/3988/2710 1811/3984/2942
f 1812/3987/2945 886/3989/1013 1813/3990/1013 3725/3988/2710
f 3725/3988/2710 1813/3990/1013 870/3124/1013 1643/3647/2710
f 1811/3984/2942 3725/3988/2710 1643/3647/2710 869/3120/2344
f 871/3126/2346 1400/3125/2345 3726/3991/2946 1815/3992/2382
f 1400/3125/2345 870/3124/1013 1813/3990/1013 3726/3991/2946
f 3726/3991/2946 1813/3990/1013 886/3989/1013 1814/3993/2647
f 1815/3992/2382 3726/3991/2946 1814/3993/2647 887/3994/2646
f 872/3130/242 1402/3129/2347 3727/3995/2260 1817/3996/242
f 1402/3129/2347 871/3126/2346 1815/3992/2382 3727/3995/2260
f 3727/3995/2260 1815/3992/2382 887/3994/2646 1816/3997/2651
f 1817/3996/242 3727/3995/2260 1816/3997/2651 888/3998/242
f 873/3136/2348 1404/3135/2314 3728/3999/2314 1819/4000/2251
f 1404/3135/2314 872/3134/242 1817/4001/242 3728/3999/2314
f 3728/3999/2314 1817/4001/242 888/4002/242 1818/4003/2250
f 1819/4000/2251 3728/3999/2314 1818/4003/2250 889/4004/2947
f 874/3140/1027 1406/3139/2349 3729/4005/2256 1821/4006/1027
f 1406/3139/2349 873/3136/2348 1819/4000/2251 3729/4005/2256
f 3729/4005/2256 1819/4000/2251 889/4004/2947 1820/4007/2657
f 1821/4006/1027 3729/4005/2256 1820/4007/2657 890/4008/1027
f 875/3144/2353 1621/3609/2678 3730/4009/2678 1823/4010/2948
f 1621/3609/2678 874/3140/1027 1821/4006/1027 3730/4009/2678
f 3730/4009/2678 1821/4006/1027 890/4008/1027 1822/4011/2678
f 1823/4010/2948 3730/4009/2678 1822/4011/2678 891/4012/2949
f 876/3146/2355 1409/3145/2354 3731/4013/2950 1825/4014/2951
f 1409/3145/2354 875/3144/2353 1823/4010/2948 3731/4013/2950
f 3731/4013/2950 1823/4010/2948 891/4012/2949 1824/4015/2952
f 1825/4014/2951 3731/4013/2950 1824/4015/2952 892/4016/2953
f 877/3315/2460 1734/3830/2839 3732/4017/2954 1827/4018/2955
f 1734/3830/2839 876/3146/2355 1825/4014/2951 3732/4017/2954
f 3732/4017/2954 1825/4014/2951 892/4016/2953 1826/4019/2956
f 1827/4018/2955 3732/4017/2954 1826/4019/2956 893/4020/2957
f 878/3317/2462 1485/3316/2461 3733/4021/2958 1829/4022/2959
f 1485/3316/2461 877/3315/2460 1827/4018/2955 3733/4021/2958
f 3733/4021/2958 1827/4018/2955 893/4020/2957 1828/4023/2960
f 1829/4022/2959 3733/4021/2958 1828/4023/2960 894/4024/2961
f 863/3103/2331 1517/3389/2520 3734/4025/2962 1799/3961/2924
f 1517/3389/2520 878/3317/2462 1829/4022/2959 3734/4025/2962
f 3734/4025/2962 1829/4022/2959 894/4024/2961 1830/4026/2963
f 1799/3961/2924 3734/4025/2962 1830/4026/2963 879/3962/2925
f 880/3964/143 1800/3963/2926 3735/4027/2964 1832/4028/2965
f 1800/3963/2926 879/3962/2925 1831/4029/2966 3735/4027/2964
f 3735/4027/2964 1831/4029/2966 683/3395/2526 1519/3394/2525
f 1832/4028/2965 3735/4027/2964 1519/3394/2525 684/3393/2524
f 881/3970/2628 1802/3969/2629 3736/4030/2967 1833/4031/2968
f 1802/3969/2629 880/3968/143 1832/4032/2965 3736/4030/2967
f 3736/4030/2967 1832/4032/2965 684/3404/2524 1523/3403/2532
f 1833/4031/2968 3736/4030/2967 1523/3403/2532 686/3402/2531
f 674/3334/2475 1834/4033/2969 3737/4034/2970 1522/3401/2530
f 1834/4033/2969 882/3971/2929 1805/3974/2932 3737/4034/2970
f 3737/4034/2970 1805/3974/2932 881/3970/2628 1833/4031/2968
f 1522/3401/2530 3737/4034/2970 1833/4031/2968 686/3402/2531
f 655/3219/2400 1835/4035/2971 3738/4036/2972 1492/3333/2474
f 1835/4035/2971 883/3975/2933 1807/3978/2936 3738/4036/2972
f 3738/4036/2972 1807/3978/2936 882/3971/2929 1834/4033/2969
f 1492/3333/2474 3738/4036/2972 1834/4033/2969 674/3334/2475
f 792/3229/2408 1836/4037/2973 3739/4038/2974 1720/3806/2817
f 1836/4037/2973 884/3979/2937 1809/3982/2940 3739/4038/2974
f 3739/4038/2974 1809/3982/2940 883/3975/2933 1835/4035/2971
f 1720/3806/2817 3739/4038/2974 1835/4035/2971 655/3219/2400
f 885/3986/2944 1810/3985/2943 3740/4039/2975 1837/4040/2976
f 1810/3985/2943 884/3979/2937 1836/4037/2973 3740/4039/2975
f 3740/4039/2975 1836/4037/2973 792/3229/2408 1444/3226/2405
f 1837/4040/2976 3740/4039/2975 1444/3226/2405 656/3225/2404
f 656/3225/2404 1645/3651/2714 3741/4041/2712 1837/4040/2976
f 1645/3651/2714 751/3235/1013 1838/4042/1013 3741/4041/2712
f 3741/4041/2712 1838/4042/1013 886/3989/1013 1812/3987/2945
f 1837/4040/2976 3741/4041/2712 1812/3987/2945 885/3986/2944
f 887/3994/2646 1814/3993/2647 3742/4043/2977 1839/4044/2978
f 1814/3993/2647 886/3989/1013 1838/4042/1013 3742/4043/2977
f 3742/4043/2977 1838/4042/1013 751/3235/1013 1447/3232/2411
f 1839/4044/2978 3742/4043/2977 1447/3232/2411 657/3231/2410
f 888/3998/242 1816/3997/2651 3743/4045/2651 1840/4046/242
f 1816/3997/2651 887/3994/2646 1839/4044/2978 3743/4045/2651
f 3743/4045/2651 1839/4044/2978 657/3231/2410 1450/3238/2347
f 1840/4046/242 3743/4045/2651 1450/3238/2347 658/3237/242
f 889/4004/2947 1818/4003/2250 3744/4047/2250 1841/4048/2979
f 1818/4003/2250 888/4002/242 1840/4049/242 3744/4047/2250
f 3744/4047/2250 1840/4049/242 658/3245/242 1452/3242/2314
f 1841/4048/2979 3744/4047/2250 1452/3242/2314 659/3241/2414
f 890/4008/1027 1820/4007/2657 3745/4050/2980 1842/4051/1027
f 1820/4007/2657 889/4004/2947 1841/4048/2979 3745/4050/2980
f 3745/4050/2980 1841/4048/2979 659/3241/2414 1454/3248/2416
f 1842/4051/1027 3745/4050/2980 1454/3248/2416 733/3247/1027
f 891/4012/2949 1822/4011/2678 3746/4052/2671 1843/4053/2981
f 1822/4011/2678 890/4008/1027 1842/4051/1027 3746/4052/2671
f 3746/4052/2671 1842/4051/1027 733/3247/1027 1620/3606/2676
f 1843/4053/2981 3746/4052/2671 1620/3606/2676 660/3255/2422
f 892/4016/2953 1824/4015/2952 3747/4054/2982 1844/4055/2983
f 1824/4015/2952 891/4012/2949 1843/4053/2981 3747/4054/2982
f 3747/4054/2982 1843/4053/2981 660/3255/2422 1456/3252/2419
f 1844/4055/2983 3747/4054/2982 1456/3252/2419 802/3251/2418
f 893/4020/2957 1826/4019/2956 3748/4056/2984 1845/4057/2985
f 1826/4019/2956 892/4016/2953 1844/4055/2983 3748/4056/2984
f 3748/4056/2984 1844/4055/2983 802/3251/2418 1732/3826/2835
f 1845/4057/2985 3748/4056/2984 1732/3826/2835 653/3217/2398
f 894/4024/2961 1828/4023/2960 3749/4058/2986 1846/4059/2987
f 1828/4023/2960 893/4020/2957 1845/4057/2985 3749/4058/2986
f 3749/4058/2986 1845/4057/2985 653/3217/2398 1489/3320/2465
f 1846/4059/2987 3749/4058/2986 1489/3320/2465 671/3324/2468
f 879/3962/2925 1830/4026/2963 3750/4060/2988 1831/4029/2966
f 1830/4026/2963 894/4024/2961 1846/4059/2987 3750/4060/2988
f 3750/4060/2988 1846/4059/2987 671/3324/2468 1520/3391/2522
f 1831/4029/2966 3750/4060/2988 1520/3391/2522 683/3395/2526
f 896/3265/143 1461/3264/2332 3751/4061/2989 1848/4062/143
f 1461/3264/2332 895/3263/2430 1847/4063/2924 3751/4061/2989
f 3751/4061/2989 1847/4063/2924 718/3542/2624 1590/3544/2625
f 1848/4062/143 3751/4061/2989 1590/3544/2625 719/3543/143
f 897/3274/2435 1464/3273/2337 3752/4064/2927 1849/4065/2928
f 1464/3273/2337 896/3272/143 1848/4066/143 3752/4064/2927
f 3752/4064/2927 1848/4066/143 719/3551/143 1592/3548/2629
f 1849/4065/2928 3752/4064/2927 1592/3548/2629 720/3547/2628
f 721/3555/2634 1850/4067/2990 3753/4068/2991 1595/3556/2635
f 1850/4067/2990 898/3384/2515 1534/3428/2553 3753/4068/2991
f 3753/4068/2991 1534/3428/2553 897/3274/2435 1849/4065/2928
f 1595/3556/2635 3753/4068/2991 1849/4065/2928 720/3547/2628
f 722/3559/2638 1851/4069/2992 3754/4070/2993 1597/3560/2639
f 1851/4069/2992 899/3379/2510 1514/3382/2513 3754/4070/2993
f 3754/4070/2993 1514/3382/2513 898/3384/2515 1850/4067/2990
f 1597/3560/2639 3754/4070/2993 1850/4067/2990 721/3555/2634
f 795/3565/2644 1852/4071/2994 3755/4072/2995 1724/3813/2824
f 1852/4071/2994 900/3278/2439 1723/3810/2821 3755/4072/2995
f 3755/4072/2995 1723/3810/2821 899/3379/2510 1851/4069/2992
f 1724/3813/2824 3755/4072/2995 1851/4069/2992 722/3559/2638
f 901/3280/2441 1467/3279/2440 3756/4073/2996 1853/4074/2640
f 1467/3279/2440 900/3278/2439 1852/4071/2994 3756/4073/2996
f 3756/4073/2996 1852/4071/2994 795/3565/2644 1598/3562/2641
f 1853/4074/2640 3756/4073/2996 1598/3562/2641 723/3561/2640
f 723/3561/2640 1648/3658/2712 3757/4075/2712 1853/4074/2640
f 1648/3658/2712 754/3571/1013 1854/4076/1013 3757/4075/2712
f 3757/4075/2712 1854/4076/1013 902/3284/1013 1647/3654/2716
f 1853/4074/2640 3757/4075/2712 1647/3654/2716 901/3280/2441
f 903/3286/2346 1470/3285/2345 3758/4077/2997 1855/4078/2382
f 1470/3285/2345 902/3284/1013 1854/4076/1013 3758/4077/2997
f 3758/4077/2997 1854/4076/1013 754/3571/1013 1601/3568/2647
f 1855/4078/2382 3758/4077/2997 1601/3568/2647 724/3567/2646
f 904/3290/242 1472/3289/2347 3759/4079/2260 1856/4080/242
f 1472/3289/2347 903/3286/2346 1855/4078/2382 3759/4079/2260
f 3759/4079/2260 1855/4078/2382 724/3567/2646 1604/3574/2651
f 1856/4080/242 3759/4079/2260 1604/3574/2651 725/3573/242
f 905/3296/2348 1474/3295/2314 3760/4081/2250 1857/4082/2251
f 1474/3295/2314 904/3294/242 1856/4083/242 3760/4081/2250
f 3760/4081/2250 1856/4083/242 725/3581/242 1606/3578/2250
f 1857/4082/2251 3760/4081/2250 1606/3578/2250 726/3577/2654
f 906/3300/1027 1476/3299/2349 3761/4084/2256 1858/4085/1027
f 1476/3299/2349 905/3296/2348 1857/4082/2251 3761/4084/2256
f 3761/4084/2256 1857/4082/2251 726/3577/2654 1608/3584/2657
f 1858/4085/1027 3761/4084/2256 1608/3584/2657 730/3583/1027
f 907/3304/2449 1617/3602/2674 3762/4086/2671 1859/4087/2664
f 1617/3602/2674 906/3300/1027 1858/4085/1027 3762/4086/2671
f 3762/4086/2671 1858/4085/1027 730/3583/1027 1616/3598/2671
f 1859/4087/2664 3762/4086/2671 1616/3598/2671 727/3591/2664
f 908/3306/2451 1479/3305/2450 3763/4088/2998 1860/4089/2999
f 1479/3305/2450 907/3304/2449 1859/4087/2664 3763/4088/2998
f 3763/4088/2998 1859/4087/2664 727/3591/2664 1610/3588/2661
f 1860/4089/2999 3763/4088/2998 1610/3588/2661 799/3587/2660
f 909/3351/2490 1730/3823/2832 3764/4090/3000 1861/4091/3001
f 1730/3823/2832 908/3306/2451 1860/4089/2999 3764/4090/3000
f 3764/4090/3000 1860/4089/2999 799/3587/2660 1728/3819/2828
f 1861/4091/3001 3764/4090/3000 1728/3819/2828 728/3595/2668
f 910/3353/2492 1501/3352/2491 3765/4092/3002 1862/4093/3003
f 1501/3352/2491 909/3351/2490 1861/4091/3001 3765/4092/3002
f 3765/4092/3002 1861/4091/3001 728/3595/2668 1613/3593/2666
f 1862/4093/3003 3765/4092/3002 1613/3593/2666 717/3537/2619
f 895/3263/2430 1527/3411/2539 3766/4094/3004 1847/4063/2924
f 1527/3411/2539 910/3353/2492 1862/4093/3003 3766/4094/3004
f 3766/4094/3004 1862/4093/3003 717/3537/2619 1589/3540/2622
f 1847/4063/2924 3766/4094/3004 1589/3540/2622 718/3542/2624
f 912/2118/160 962/2117/1819 3767/4095/3005 1864/4096/160
f 962/2117/1819 911/2116/1818 1863/4097/3006 3767/4095/3005
f 3767/4095/3005 1863/4097/3006 457/2221/1857 991/2218/1855
f 1864/4096/160 3767/4095/3005 991/2218/1855 458/2217/160
f 913/2134/1832 969/2133/1831 3768/4098/3007 1865/4099/3008
f 969/2133/1831 912/2132/160 1864/4100/160 3768/4098/3007
f 3768/4098/3007 1864/4100/160 458/2245/160 1002/2242/1872
f 1865/4099/3008 3768/4098/3007 1002/2242/1872 461/2241/1871
f 914/2144/1840 973/2143/1839 3769/4101/3009 1866/4102/1840
f 973/2143/1839 913/2134/1832 1865/4099/3008 3769/4101/3009
f 3769/4101/3009 1865/4099/3008 461/2241/1871 1008/2260/1883
f 1866/4102/1840 3769/4101/3009 1008/2260/1883 702/2259/1840
f 915/3476/1840 1556/3475/2576 3770/4103/2576 1867/4104/1840
f 1556/3475/2576 914/2144/1840 1866/4102/1840 3770/4103/2576
f 3770/4103/2576 1866/4102/1840 702/2259/1840 1553/3468/2576
f 1867/4104/1840 3770/4103/2576 1553/3468/2576 816/3467/1840
f 916/2765/1901 1750/3861/2864 3771/4105/2864 1868/4106/1901
f 1750/3861/2864 915/3476/1840 1867/4104/1840 3771/4105/2864
f 3771/4105/2864 1867/4104/1840 816/3467/1840 1748/3857/2864
f 1868/4106/1901 3771/4105/2864 1748/3857/2864 576/2759/1901
f 917/2537/1901 1241/2766/1901 3772/4107/1901 1869/4108/1901
f 1241/2766/1901 916/2765/1901 1868/4106/1901 3772/4107/1901
f 3772/4107/1901 1868/4106/1901 576/2759/1901 1237/2757/1901
f 1869/4108/1901 3772/4107/1901 1237/2757/1901 535/2529/1901
f 918/2539/1901 1134/2538/1901 3773/4109/1901 1870/4110/1901
f 1134/2538/1901 917/2537/1901 1869/4108/1901 3773/4109/1901
f 3773/4109/1901 1869/4108/1901 535/2529/1901 1129/2526/1901
f 1870/4110/1901 3773/4109/1901 1129/2526/1901 556/2525/1901
f 919/2674/1901 1196/2673/1901 3774/4111/1901 1871/4112/1901
f 1196/2673/1901 918/2539/1901 1870/4110/1901 3774/4111/1901
f 3774/4111/1901 1870/4110/1901 556/2525/1901 1193/2666/1901
f 1871/4112/1901 3774/4111/1901 1193/2666/1901 844/2665/1901
f 920/3713/1901 1780/3921/1901 3775/4113/1901 1872/4114/1901
f 1780/3921/1901 919/2674/1901 1871/4112/1901 3775/4113/1901
f 3775/4113/1901 1871/4112/1901 844/2665/1901 1778/3917/1901
f 1872/4114/1901 3775/4113/1901 1778/3917/1901 767/3707/1901
f 921/2295/1901 1675/3714/1901 3776/4115/1901 1873/4116/1901
f 1675/3714/1901 920/3713/1901 1872/4114/1901 3776/4115/1901
f 3776/4115/1901 1872/4114/1901 767/3707/1901 1671/3705/1901
f 1873/4116/1901 3776/4115/1901 1671/3705/1901 488/2287/1901
f 922/2297/1901 1023/2296/1901 3777/4117/1901 1874/4118/1901
f 1023/2296/1901 921/2295/1901 1873/4116/1901 3777/4117/1901
f 3777/4117/1901 1873/4116/1901 488/2287/1901 1018/2284/1901
f 1874/4118/1901 3777/4117/1901 1018/2284/1901 514/2283/1901
f 923/2138/1835 1088/2435/1974 3778/4119/3010 1875/4120/3011
f 1088/2435/1974 922/2297/1901 1874/4118/1901 3778/4119/3010
f 3778/4119/3010 1874/4118/1901 514/2283/1901 1086/2431/1970
f 1875/4120/3011 3778/4119/3010 1086/2431/1970 462/2254/1879
f 924/2140/55 972/2139/1836 3779/4121/3012 1876/4122/55
f 972/2139/1836 923/2138/1835 1875/4120/3011 3779/4121/3012
f 3779/4121/3012 1875/4120/3011 462/2254/1879 1005/2251/1877
f 1876/4122/55 3779/4121/3012 1005/2251/1877 460/2250/55
f 925/2128/1828 967/2127/1827 3780/4123/3013 1877/4124/3014
f 967/2127/1827 924/2126/55 1876/4125/55 3780/4123/3013
f 3780/4123/3013 1876/4125/55 460/2236/55 998/2233/1864
f 1877/4124/3014 3780/4123/3013 998/2233/1864 459/2232/1863
f 524/2359/1932 1878/4126/1932 3781/4127/3015 1098/2456/1985
f 1878/4126/1932 926/2354/1932 1097/2454/1983 3781/4127/3015
f 3781/4127/3015 1097/2454/1983 925/2128/1828 1877/4124/3014
f 1098/2456/1985 3781/4127/3015 1877/4124/3014 459/2232/1863
f 498/2357/1932 1879/4128/1932 3782/4129/1932 1053/2358/1932
f 1879/4128/1932 927/2349/1932 1051/2352/1932 3782/4129/1932
f 3782/4129/1932 1051/2352/1932 926/2354/1932 1878/4126/1932
f 1053/2358/1932 3782/4129/1932 1878/4126/1932 524/2359/1932
f 777/3757/1932 1880/4130/1932 3783/4131/1932 1695/3758/1932
f 1880/4130/1932 928/3749/1932 1693/3752/1932 3783/4131/1932
f 3783/4131/1932 1693/3752/1932 927/2349/1932 1879/4128/1932
f 1695/3758/1932 3783/4131/1932 1879/4128/1932 498/2357/1932
f 854/2716/1932 1881/4132/1932 3784/4133/1932 1790/3943/1932
f 1881/4132/1932 929/2712/1932 1789/3940/1932 3784/4133/1932
f 3784/4133/1932 1789/3940/1932 928/3749/1932 1880/4130/1932
f 1790/3943/1932 3784/4133/1932 1880/4130/1932 777/3757/1932
f 566/2603/1932 1882/4134/1932 3785/4135/1932 1216/2715/1932
f 1882/4134/1932 930/2596/1932 1215/2710/1932 3785/4135/1932
f 3785/4135/1932 1215/2710/1932 929/2712/1932 1881/4132/1932
f 1216/2715/1932 3785/4135/1932 1881/4132/1932 854/2716/1932
f 545/2601/1932 1883/4136/1932 3786/4137/1932 1164/2602/1932
f 1883/4136/1932 931/2591/1932 1162/2594/1932 3786/4137/1932
f 3786/4137/1932 1162/2594/1932 930/2596/1932 1882/4134/1932
f 1164/2602/1932 3786/4137/1932 1882/4134/1932 566/2603/1932
f 586/2809/1932 1884/4138/1932 3787/4139/1932 1261/2810/1932
f 1884/4138/1932 932/2801/1932 1259/2804/1932 3787/4139/1932
f 3787/4139/1932 1259/2804/1932 931/2591/1932 1883/4136/1932
f 1261/2810/1932 3787/4139/1932 1883/4136/1932 545/2601/1932
f 826/3518/1822 1885/4140/1822 3788/4141/2882 1760/3883/2882
f 1885/4140/1822 933/3514/1822 1759/3880/2882 3788/4141/2882
f 3788/4141/2882 1759/3880/2882 932/2801/1932 1884/4138/1932
f 1760/3883/2882 3788/4141/2882 1884/4138/1932 586/2809/1932
f 712/2228/1822 1886/4142/1822 3789/4143/2607 1576/3517/2607
f 1886/4142/1822 934/2121/1822 1575/3512/2607 3789/4143/2607
f 3789/4143/2607 1575/3512/2607 933/3514/1822 1885/4140/1822
f 1576/3517/2607 3789/4143/2607 1885/4140/1822 826/3518/1822
f 911/2116/1818 965/2122/1823 3790/4144/3016 1863/4097/3006
f 965/2122/1823 934/2121/1822 1886/4142/1822 3790/4144/3016
f 3790/4144/3016 1886/4142/1822 712/2228/1822 995/2226/1860
f 1863/4097/3006 3790/4144/3016 995/2226/1860 457/2221/1857
f 936/4145/180 1992/4146/179 3791/4147/3017 1888/4148/3018
f 1992/4146/179 935/4149/178 1887/4150/3019 3791/4147/3017
f 3791/4147/3017 1887/4150/3019 65/1019/967 2395/1024/972
f 1888/4148/3018 3791/4147/3017 2395/1024/972 66/1026/974
f 937/4151/195 1999/4152/194 3792/4153/3020 1889/4154/3021
f 1999/4152/194 936/4145/180 1888/4148/3018 3792/4153/3020
f 3792/4153/3020 1888/4148/3018 66/1026/974 2396/1028/976
f 1889/4154/3021 3792/4153/3020 2396/1028/976 69/980/928
f 938/4155/55 2029/4156/252 3793/4157/3022 1890/4158/3023
f 2029/4156/252 937/4151/195 1889/4154/3021 3793/4157/3022
f 3793/4157/3022 1889/4154/3021 69/980/928 2371/979/927
f 1890/4158/3023 3793/4157/3022 2371/979/927 48/950/898
f 939/4159/96 1980/4160/156 3794/4161/3024 1891/4162/3025
f 1980/4160/156 938/4155/55 1890/4158/3023 3794/4161/3024
f 3794/4161/3024 1890/4158/3023 48/950/898 2356/949/897
f 1891/4162/3025 3794/4161/3024 2356/949/897 38/939/887
f 940/4163/78 1950/4164/97 3795/4165/3026 1892/4166/3027
f 1950/4164/97 939/4159/96 1891/4162/3025 3795/4165/3026
f 3795/4165/3026 1891/4162/3025 38/939/887 2350/938/886
f 1892/4166/3027 3795/4165/3026 2350/938/886 35/935/883
f 941/4167/80 1942/4168/79 3796/4169/3028 1893/4170/3029
f 1942/4168/79 940/4163/78 1892/4166/3027 3796/4169/3028
f 3796/4169/3028 1892/4166/3027 35/935/883 2348/934/882
f 1893/4170/3029 3796/4169/3028 2348/934/882 34/927/875
f 942/4171/138 1975/4172/148 3797/4173/3030 1894/4174/3031
f 1975/4172/148 941/4167/80 1893/4170/3029 3797/4173/3030
f 3797/4173/3030 1893/4170/3029 34/927/875 2347/930/878
f 1894/4174/3031 3797/4173/3030 2347/930/878 46/932/880
f 943/4175/126 1970/4176/139 3798/4177/3032 1895/4178/3033
f 1970/4176/139 942/4171/138 1894/4174/3031 3798/4177/3032
f 3798/4177/3032 1894/4174/3031 46/932/880 2370/976/924
f 1895/4178/3033 3798/4177/3032 2370/976/924 44/966/914
f 944/4179/108 1964/4180/127 3799/4181/3034 1896/4182/3035
f 1964/4180/127 943/4175/126 1895/4178/3033 3799/4181/3034
f 3799/4181/3034 1895/4178/3033 44/966/914 2364/965/913
f 1896/4182/3035 3799/4181/3034 2364/965/913 41/962/910
f 945/4183/110 1956/4184/109 3800/4185/3036 1897/4186/3037
f 1956/4184/109 944/4179/108 1896/4182/3035 3800/4185/3036
f 3800/4185/3036 1896/4182/3035 41/962/910 2362/961/909
f 1897/4186/3037 3800/4185/3036 2362/961/909 40/954/902
f 946/4187/166 1985/4188/165 3801/4189/3038 1898/4190/3039
f 1985/4188/165 945/4183/110 1897/4186/3037 3801/4189/3038
f 3801/4189/3038 1897/4186/3037 40/954/902 2361/957/905
f 1898/4190/3039 3801/4189/3038 2361/957/905 94/959/907
f 947/4191/160 2066/4192/326 3802/4193/3040 1899/4194/3041
f 2066/4192/326 946/4187/166 1898/4190/3039 3802/4193/3040
f 3802/4193/3040 1898/4190/3039 94/959/907 2445/1124/1060
f 1899/4194/3041 3802/4193/3040 2445/1124/1060 50/984/932
f 948/4195/263 2034/4196/262 3803/4197/3042 1900/4198/3043
f 2034/4196/262 947/4191/160 1899/4194/3041 3803/4197/3042
f 3803/4197/3042 1899/4194/3041 50/984/932 2376/987/935
f 1900/4198/3043 3803/4197/3042 2376/987/935 96/989/937
f 949/4199/208 2069/4200/329 3804/4201/3044 1901/4202/3045
f 2069/4200/329 948/4195/263 1900/4198/3043 3804/4201/3044
f 3804/4201/3044 1900/4198/3043 96/989/937 2446/1131/1067
f 1901/4202/3045 3804/4201/3044 2446/1131/1067 71/1035/983
f 950/4203/210 2006/4204/209 3805/4205/3046 1902/4206/3047
f 2006/4204/209 949/4199/208 1901/4202/3045 3805/4205/3046
f 3805/4205/3046 1901/4202/3045 71/1035/983 2402/1038/986
f 1902/4206/3047 3805/4205/3046 2402/1038/986 72/1040/988
f 951/4207/225 2013/4208/224 3806/4209/3048 1903/4210/3049
f 2013/4208/224 950/4203/210 1902/4206/3047 3806/4209/3048
f 3806/4209/3048 1902/4206/3047 72/1040/988 2404/1042/990
f 1903/4210/3049 3806/4209/3048 2404/1042/990 75/1044/992
f 952/4211/237 2019/4212/236 3807/4213/3050 1904/4214/3051
f 2019/4212/236 951/4207/225 1903/4210/3049 3807/4213/3050
f 3807/4213/3050 1903/4210/3049 75/1044/992 2408/1051/999
f 1904/4214/3051 3807/4213/3050 2408/1051/999 77/1021/969
f 935/4149/178 2025/4215/246 3808/4216/3052 1887/4150/3019
f 2025/4215/246 952/4211/237 1904/4214/3051 3808/4216/3052
f 3808/4216/3052 1904/4214/3051 77/1021/969 2392/1020/968
f 1887/4150/3019 3808/4216/3052 2392/1020/968 65/1019/967
f 3810/1541/1428 3809/1540/1425 3825/4217/1425 3826/4218/1428
f 3811/1542/1429 3810/1541/1428 3826/4218/1428 3827/4219/1429
f 3812/1545/1432 3811/1542/1429 3827/4219/1429 3828/4220/1432
f 3813/1546/1433 3812/1545/1432 3828/4220/1432 3829/4221/1433
f 3814/1549/1436 3813/1546/1433 3829/4221/1433 3830/4222/1436
f 3815/1550/1437 3814/1549/1436 3830/4222/1436 3831/4223/1437
f 3816/1553/1440 3815/1550/1437 3831/4223/1437 3832/4224/1440
f 3817/1554/1441 3816/1553/1440 3832/4224/1440 3833/4225/1441
f 3818/1559/1444 3817/1558/1441 3833/4226/1441 3834/4227/1444
f 3819/1560/1445 3818/1559/1444 3834/4227/1444 3835/4228/1445
f 3820/1563/1448 3819/1560/1445 3835/4228/1445 3836/4229/1448
f 3821/1564/1449 3820/1563/1448 3836/4229/1448 3837/4230/1449
f 3822/1566/1451 3821/1564/1449 3837/4230/1449 3838/4231/1451
f 3823/1534/1423 3822/1566/1451 3838/4231/1451 3839/4232/1423
f 3824/1535/1424 3823/1534/1423 3839/4232/1423 3840/4233/1424
f 3809/1536/1425 3824/1535/1424 3840/4233/1424 3825/4234/1425
f 3826/4218/1428 3825/4217/1425 3945/4235/1425 3946/4236/1428
f 3827/4219/1429 3826/4218/1428 3946/4236/1428 3947/4237/1429
f 3828/4220/1432 3827/4219/1429 3947/4237/1429 3948/4238/1432
f 3829/4221/1433 3828/4220/1432 3948/4238/1432 3949/4239/1433
f 3830/4222/1436 3829/4221/1433 3949/4239/1433 3950/4240/1436
f 3831/4223/1437 3830/4222/1436 3950/4240/1436 3951/4241/1437
f 3832/4224/1440 3831/4223/1437 3951/4241/1437 3952/4242/1440
f 3833/4225/1441 3832/4224/1440 3952/4242/1440 3937/4243/1441
f 3834/4227/1444 3833/4226/1441 3937/4244/1441 3938/4245/1444
f 3835/4228/1445 3834/4227/1444 3938/4245/1444 3939/4246/1445
f 3836/4229/1448 3835/4228/1445 3939/4246/1445 3940/4247/1448
f 3837/4230/1449 3836/4229/1448 3940/4247/1448 3941/4248/1449
f 3838/4231/1451 3837/4230/1449 3941/4248/1449 3942/4249/1451
f 3839/4232/1423 3838/4231/1451 3942/4249/1451 3943/4250/1423
f 3840/4233/1424 3839/4232/1423 3943/4250/1423 3944/4251/1424
f 3825/4234/1425 3840/4233/1424 3944/4251/1424 3945/4252/1425
f 3842/4253/1428 3841/4254/1452 3993/4255/1452 3994/4256/1428
f 3843/4257/1453 3842/4253/1428 3994/4256/1428 3995/4258/1453
f 3844/4259/1456 3843/4257/1453 3995/4258/1453 3996/4260/1456
f 3845/4261/1455 3844/4259/1456 3996/4260/1456 3997/4262/1455
f 3846/4263/1436 3845/4261/1455 3997/4262/1455 3998/4264/1436
f 3847/4265/1437 3846/4263/1436 3998/4264/1436 3999/4266/1437
f 3848/4267/1440 3847/4265/1437 3999/4266/1437 4000/4268/1440
f 3849/4269/1458 3848/4267/1440 4000/4268/1440 3985/4270/1458
f 3850/4271/1444 3849/4272/1458 3985/4273/1458 3986/4274/1444
f 3851/4275/1459 3850/4271/1444 3986/4274/1444 3987/4276/1459
f 3852/4277/1461 3851/4275/1459 3987/4276/1459 3988/4278/1461
f 3853/4279/1460 3852/4277/1461 3988/4278/1461 3989/4280/1460
f 3854/4281/1451 3853/4279/1460 3989/4280/1460 3990/4282/1451
f 3855/4283/1423 3854/4281/1451 3990/4282/1451 3991/4284/1423
f 3856/4285/1424 3855/4283/1423 3991/4284/1423 3992/4286/1424
f 3841/4287/1452 3856/4285/1424 3992/4286/1424 3993/4288/1452
f 4025/4289/1454 4026/4290/1452 3905/4291/1452 3906/4292/1454
f 4024/4293/1453 4025/4289/1454 3906/4292/1454 3907/4294/1453
f 4023/4295/1456 4024/4293/1453 3907/4294/1453 3908/4296/1456
f 4022/4297/1455 4023/4295/1456 3908/4296/1456 3909/4298/1455
f 4021/4299/1436 4022/4297/1455 3909/4298/1455 3910/4300/1436
f 4020/4301/1457 4021/4299/1436 3910/4300/1436 3911/4302/1457
f 4019/4303/1440 4020/4301/1457 3911/4302/1457 3912/4304/1440
f 4018/4305/1458 4019/4303/1440 3912/4304/1440 3913/4306/1458
f 4017/4307/1444 4018/4308/1458 3913/4309/1458 3914/4310/1444
f 4032/4311/1459 4017/4307/1444 3914/4310/1444 3915/4312/1459
f 4031/4313/1461 4032/4311/1459 3915/4312/1459 3916/4314/1461
f 4030/4315/1460 4031/4313/1461 3916/4314/1461 3917/4316/1460
f 4029/4317/1451 4030/4315/1460 3917/4316/1460 3918/4318/1451
f 4028/4319/1423 4029/4317/1451 3918/4318/1451 3919/4320/1423
f 4027/4321/1424 4028/4319/1423 3919/4320/1423 3920/4322/1424
f 4026/4323/1452 4027/4321/1424 3920/4322/1424 3905/4324/1452
f 3874/4325/1428 3873/4326/1425 347/1583/1452 2626/1580/1428
f 3875/4327/1429 3874/4325/1428 2626/1580/1428 348/1579/1453
f 3876/4328/1432 3875/4327/1429 348/1579/1453 2628/1592/1432
f 3877/4329/1433 3876/4328/1432 2628/1592/1432 349/1591/1455
f 3878/4330/1436 3877/4329/1433 349/1591/1455 2630/1600/1436
f 3879/4331/1437 3878/4330/1436 2630/1600/1436 350/1599/1437
f 3880/4332/1440 3879/4331/1437 350/1599/1437 2632/1608/1440
f 3881/4333/1441 3880/4332/1440 2632/1608/1440 351/1607/1441
f 3882/4334/1444 3881/4335/1441 351/1619/1441 2634/1616/1444
f 3883/4336/1445 3882/4334/1444 2634/1616/1444 352/1615/1459
f 3884/4337/1448 3883/4336/1445 352/1615/1459 2636/1628/1448
f 3885/4338/1449 3884/4337/1448 2636/1628/1448 353/1627/1460
f 3886/4339/1451 3885/4338/1449 353/1627/1460 2638/1635/1451
f 3887/4340/1423 3886/4339/1451 2638/1635/1451 346/1571/1423
f 3888/4341/1424 3887/4340/1423 346/1571/1423 2624/1568/1424
f 3873/4342/1425 3888/4341/1424 2624/1568/1424 347/1567/1452
f 3890/4343/1428 3889/4344/1452 3977/4345/1452 3978/4346/1428
f 3891/4347/1453 3890/4343/1428 3978/4346/1428 3979/4348/1453
f 3892/4349/1456 3891/4347/1453 3979/4348/1453 3980/4350/1456
f 3893/4351/1455 3892/4349/1456 3980/4350/1456 3981/4352/1455
f 3894/4353/1436 3893/4351/1455 3981/4352/1455 3982/4354/1436
f 3895/4355/1437 3894/4353/1436 3982/4354/1436 3983/4356/1437
f 3896/4357/1440 3895/4355/1437 3983/4356/1437 3984/4358/1440
f 3897/4359/1458 3896/4357/1440 3984/4358/1440 3969/4360/1458
f 3898/4361/1444 3897/4362/1458 3969/4363/1458 3970/4364/1444
f 3899/4365/1459 3898/4361/1444 3970/4364/1444 3971/4366/1459
f 3900/4367/1461 3899/4365/1459 3971/4366/1459 3972/4368/1461
f 3901/4369/1460 3900/4367/1461 3972/4368/1461 3973/4370/1460
f 3902/4371/1451 3901/4369/1460 3973/4370/1460 3974/4372/1451
f 3903/4373/1423 3902/4371/1451 3974/4372/1451 3975/4374/1423
f 3904/4375/1424 3903/4373/1423 3975/4374/1423 3976/4376/1424
f 3889/4377/1452 3904/4375/1424 3976/4376/1424 3977/4378/1452
f 4041/4379/1454 4042/4380/1452 468/2185/1452 2642/2182/1454
f 4040/4381/1453 4041/4379/1454 2642/2182/1454 469/2181/1453
f 4039/4382/1456 4040/4381/1453 469/2181/1453 2644/2191/1456
f 4038/4383/1455 4039/4382/1456 2644/2191/1456 470/2190/1455
f 4037/4384/1436 4038/4383/1455 470/2190/1455 2646/2196/1436
f 4036/4385/1457 4037/4384/1436 2646/2196/1436 463/2149/1437
f 4035/4386/1440 4036/4385/1457 463/2149/1437 2648/2146/1440
f 4034/4387/1458 4035/4386/1440 2648/2146/1440 464/2145/1458
f 4033/4388/1444 4034/4389/1458 464/2158/1458 2650/2155/1444
f 4048/4390/1459 4033/4388/1444 2650/2155/1444 465/2154/1459
f 4047/4391/1461 4048/4390/1459 465/2154/1459 2652/2164/1461
f 4046/4392/1460 4047/4391/1461 2652/2164/1461 466/2163/1460
f 4045/4393/1451 4046/4392/1460 466/2163/1460 2654/2170/1451
f 4044/4394/1423 4045/4393/1451 2654/2170/1451 467/2169/1423
f 4043/4395/1424 4044/4394/1423 467/2169/1423 2640/2176/1424
f 4042/4396/1452 4043/4395/1424 2640/2176/1424 468/2175/1452
f 3922/2183/1454 3921/2186/1452 980/2188/1425 3324/2187/1735
f 3923/2184/1453 3922/2183/1454 3324/2187/1735 981/2189/1429
f 3924/2192/1456 3923/2184/1453 981/2189/1429 3325/2194/1432
f 3925/2193/1455 3924/2192/1456 3325/2194/1432 982/2195/1433
f 3926/2197/1436 3925/2193/1455 982/2195/1433 3326/2198/1847
f 3927/2150/1437 3926/2197/1436 3326/2198/1847 975/2152/1842
f 3928/2147/1440 3927/2150/1437 975/2152/1842 3319/2151/1841
f 3929/2148/1458 3928/2147/1440 3319/2151/1841 976/2153/1843
f 3930/2156/1444 3929/2159/1458 976/2161/1843 3320/2160/1844
f 3931/2157/1459 3930/2156/1444 3320/2160/1844 977/2162/1845
f 3932/2165/1461 3931/2157/1459 977/2162/1845 3321/2167/1846
f 3933/2166/1460 3932/2165/1461 3321/2167/1846 978/2168/1449
f 3934/2171/1451 3933/2166/1460 978/2168/1449 3322/2173/1731
f 3935/2172/1423 3934/2171/1451 3322/2173/1731 979/2174/1730
f 3936/2177/1424 3935/2172/1423 979/2174/1730 3323/2179/1733
f 3921/2178/1452 3936/2177/1424 3323/2179/1733 980/2180/1425
f 3938/4245/1444 3937/4244/1441 3881/4335/1441 3882/4334/1444
f 3939/4246/1445 3938/4245/1444 3882/4334/1444 3883/4336/1445
f 3940/4247/1448 3939/4246/1445 3883/4336/1445 3884/4337/1448
f 3941/4248/1449 3940/4247/1448 3884/4337/1448 3885/4338/1449
f 3942/4249/1451 3941/4248/1449 3885/4338/1449 3886/4339/1451
f 3943/4250/1423 3942/4249/1451 3886/4339/1451 3887/4340/1423
f 3944/4251/1424 3943/4250/1423 3887/4340/1423 3888/4341/1424
f 3945/4252/1425 3944/4251/1424 3888/4341/1424 3873/4342/1425
f 3946/4236/1428 3945/4235/1425 3873/4326/1425 3874/4325/1428
f 3947/4237/1429 3946/4236/1428 3874/4325/1428 3875/4327/1429
f 3948/4238/1432 3947/4237/1429 3875/4327/1429 3876/4328/1432
f 3949/4239/1433 3948/4238/1432 3876/4328/1432 3877/4329/1433
f 3950/4240/1436 3949/4239/1433 3877/4329/1433 3878/4330/1436
f 3951/4241/1437 3950/4240/1436 3878/4330/1436 3879/4331/1437
f 3952/4242/1440 3951/4241/1437 3879/4331/1437 3880/4332/1440
f 3937/4243/1441 3952/4242/1440 3880/4332/1440 3881/4333/1441
f 3954/1617/1444 3953/1620/1458 3897/4362/1458 3898/4361/1444
f 3955/1618/1459 3954/1617/1444 3898/4361/1444 3899/4365/1459
f 3956/1629/1461 3955/1618/1459 3899/4365/1459 3900/4367/1461
f 3957/1630/1460 3956/1629/1461 3900/4367/1461 3901/4369/1460
f 3958/1636/1451 3957/1630/1460 3901/4369/1460 3902/4371/1451
f 3959/1572/1423 3958/1636/1451 3902/4371/1451 3903/4373/1423
f 3960/1569/1424 3959/1572/1423 3903/4373/1423 3904/4375/1424
f 3961/1570/1452 3960/1569/1424 3904/4375/1424 3889/4377/1452
f 3962/1581/1428 3961/1584/1452 3889/4344/1452 3890/4343/1428
f 3963/1582/1453 3962/1581/1428 3890/4343/1428 3891/4347/1453
f 3964/1593/1456 3963/1582/1453 3891/4347/1453 3892/4349/1456
f 3965/1594/1455 3964/1593/1456 3892/4349/1456 3893/4351/1455
f 3966/1601/1436 3965/1594/1455 3893/4351/1455 3894/4353/1436
f 3967/1602/1437 3966/1601/1436 3894/4353/1436 3895/4355/1437
f 3968/1609/1440 3967/1602/1437 3895/4355/1437 3896/4357/1440
f 3953/1610/1458 3968/1609/1440 3896/4357/1440 3897/4359/1458
f 3970/4364/1444 3969/4363/1458 3849/4272/1458 3850/4271/1444
f 3971/4366/1459 3970/4364/1444 3850/4271/1444 3851/4275/1459
f 3972/4368/1461 3971/4366/1459 3851/4275/1459 3852/4277/1461
f 3973/4370/1460 3972/4368/1461 3852/4277/1461 3853/4279/1460
f 3974/4372/1451 3973/4370/1460 3853/4279/1460 3854/4281/1451
f 3975/4374/1423 3974/4372/1451 3854/4281/1451 3855/4283/1423
f 3976/4376/1424 3975/4374/1423 3855/4283/1423 3856/4285/1424
f 3977/4378/1452 3976/4376/1424 3856/4285/1424 3841/4287/1452
f 3978/4346/1428 3977/4345/1452 3841/4254/1452 3842/4253/1428
f 3979/4348/1453 3978/4346/1428 3842/4253/1428 3843/4257/1453
f 3980/4350/1456 3979/4348/1453 3843/4257/1453 3844/4259/1456
f 3981/4352/1455 3980/4350/1456 3844/4259/1456 3845/4261/1455
f 3982/4354/1436 3981/4352/1455 3845/4261/1455 3846/4263/1436
f 3983/4356/1437 3982/4354/1436 3846/4263/1436 3847/4265/1437
f 3984/4358/1440 3983/4356/1437 3847/4265/1437 3848/4267/1440
f 3969/4360/1458 3984/4358/1440 3848/4267/1440 3849/4269/1458
f 3986/4274/1444 3985/4273/1458 2649/4397/1458 3216/4398/1444
f 3987/4276/1459 3986/4274/1444 3216/4398/1444 2651/4399/1459
f 3988/4278/1461 3987/4276/1459 2651/4399/1459 3217/4400/1461
f 3989/4280/1460 3988/4278/1461 3217/4400/1461 2653/4401/1460
f 3990/4282/1451 3989/4280/1460 2653/4401/1460 3218/4402/1451
f 3991/4284/1423 3990/4282/1451 3218/4402/1451 2639/4403/1423
f 3992/4286/1424 3991/4284/1423 2639/4403/1423 3211/4404/1424
f 3993/4288/1452 3992/4286/1424 3211/4404/1424 2641/4405/1452
f 3994/4256/1428 3993/4255/1452 2641/4406/1452 3212/4407/1428
f 3995/4258/1453 3994/4256/1428 3212/4407/1428 2643/4408/1453
f 3996/4260/1456 3995/4258/1453 2643/4408/1453 3213/4409/1456
f 3997/4262/1455 3996/4260/1456 3213/4409/1456 2645/4410/1455
f 3998/4264/1436 3997/4262/1455 2645/4410/1455 3214/4411/1436
f 3999/4266/1437 3998/4264/1436 3214/4411/1436 2647/4412/1437
f 4000/4268/1440 3999/4266/1437 2647/4412/1437 3215/4413/1440
f 3985/4270/1458 4000/4268/1440 3215/4413/1440 2649/4414/1458
f 3216/4398/1444 2649/4397/1458 4002/1622/1458 4001/1621/1444
f 2649/4414/1458 3215/4413/1440 4003/1611/1440 4002/1613/1458
f 3215/4413/1440 2647/4412/1437 4004/1605/1457 4003/1611/1440
f 2647/4412/1437 3214/4411/1436 4005/1603/1436 4004/1605/1457
f 3214/4411/1436 2645/4410/1455 4006/1597/1455 4005/1603/1436
f 2645/4410/1455 3213/4409/1456 4007/1595/1456 4006/1597/1455
f 3213/4409/1456 2643/4408/1453 4008/1589/1453 4007/1595/1456
f 2643/4408/1453 3212/4407/1428 4009/1585/1454 4008/1589/1453
f 3212/4407/1428 2641/4406/1452 4010/1586/1452 4009/1585/1454
f 2641/4405/1452 3211/4404/1424 4011/1573/1424 4010/1577/1452
f 3211/4404/1424 2639/4403/1423 4012/1574/1423 4011/1573/1424
f 2639/4403/1423 3218/4402/1451 4013/1637/1451 4012/1574/1423
f 3218/4402/1451 2653/4401/1460 4014/1633/1460 4013/1637/1451
f 2653/4401/1460 3217/4400/1461 4015/1631/1461 4014/1633/1460
f 3217/4400/1461 2651/4399/1459 4016/1625/1459 4015/1631/1461
f 2651/4399/1459 3216/4398/1444 4001/1621/1444 4016/1625/1459
f 3866/1624/1444 3865/1623/1458 4018/4308/1458 4017/4307/1444
f 3865/1614/1458 3864/1612/1440 4019/4303/1440 4018/4305/1458
f 3864/1612/1440 3863/1606/1457 4020/4301/1457 4019/4303/1440
f 3863/1606/1457 3862/1604/1436 4021/4299/1436 4020/4301/1457
f 3862/1604/1436 3861/1598/1455 4022/4297/1455 4021/4299/1436
f 3861/1598/1455 3860/1596/1456 4023/4295/1456 4022/4297/1455
f 3860/1596/1456 3859/1590/1453 4024/4293/1453 4023/4295/1456
f 3859/1590/1453 3858/1588/1454 4025/4289/1454 4024/4293/1453
f 3858/1588/1454 3857/1587/1452 4026/4290/1452 4025/4289/1454
f 3857/1578/1452 3872/1576/1424 4027/4321/1424 4026/4323/1452
f 3872/1576/1424 3871/1575/1423 4028/4319/1423 4027/4321/1424
f 3871/1575/1423 3870/1638/1451 4029/4317/1451 4028/4319/1423
f 3870/1638/1451 3869/1634/1460 4030/4315/1460 4029/4317/1451
f 3869/1634/1460 3868/1632/1461 4031/4313/1461 4030/4315/1460
f 3868/1632/1461 3867/1626/1459 4032/4311/1459 4031/4313/1461
f 3867/1626/1459 3866/1624/1444 4017/4307/1444 4032/4311/1459
f 3914/4310/1444 3913/4309/1458 4034/4389/1458 4033/4388/1444
f 3913/4306/1458 3912/4304/1440 4035/4386/1440 4034/4387/1458
f 3912/4304/1440 3911/4302/1457 4036/4385/1457 4035/4386/1440
f 3911/4302/1457 3910/4300/1436 4037/4384/1436 4036/4385/1457
f 3910/4300/1436 3909/4298/1455 4038/4383/1455 4037/4384/1436
f 3909/4298/1455 3908/4296/1456 4039/4382/1456 4038/4383/1455
f 3908/4296/1456 3907/4294/1453 4040/4381/1453 4039/4382/1456
f 3907/4294/1453 3906/4292/1454 4041/4379/1454 4040/4381/1453
f 3906/4292/1454 3905/4291/1452 4042/4380/1452 4041/4379/1454
f 3905/4324/1452 3920/4322/1424 4043/4395/1424 4042/4396/1452
f 3920/4322/1424 3919/4320/1423 4044/4394/1423 4043/4395/1424
f 3919/4320/1423 3918/4318/1451 4045/4393/1451 4044/4394/1423
f 3918/4318/1451 3917/4316/1460 4046/4392/1460 4045/4393/1451
f 3917/4316/1460 3916/4314/1461 4047/4391/1461 4046/4392/1460
f 3916/4314/1461 3915/4312/1459 4048/4390/1459 4047/4391/1461
f 3915/4312/1459 3914/4310/1444 4033/4388/1444 4048/4390/1459
