# Blender 5.0.1
# www.blender.org
mtllib PencilPlaceholder.mtl
o Cylinder.007
v -0.003978 -0.168313 0.000000
v -0.001989 -0.168313 0.003445
v 0.001989 -0.168313 0.003445
v 0.003978 -0.168313 0.000000
v 0.001989 -0.168313 -0.003445
v -0.001989 -0.168313 -0.003445
v -0.007949 -0.160735 0.001691
v -0.007949 -0.160735 -0.001691
v -0.008639 -0.160735 0.000000
v -0.007817 -0.168178 0.001604
v -0.007817 -0.168178 -0.001604
v -0.008501 -0.168175 0.000000
v -0.002510 -0.160735 0.007729
v -0.005438 -0.160735 0.006039
v -0.004319 -0.160735 0.007481
v -0.002520 -0.168178 0.007572
v -0.005297 -0.168178 0.005968
v -0.004251 -0.168175 0.007362
v 0.005438 -0.160735 0.006039
v 0.002510 -0.160735 0.007729
v 0.004319 -0.160735 0.007481
v 0.005297 -0.168178 0.005968
v 0.002520 -0.168178 0.007572
v 0.004251 -0.168175 0.007362
v 0.007949 -0.160735 -0.001691
v 0.007949 -0.160735 0.001691
v 0.008639 -0.160735 0.000000
v 0.007817 -0.168178 -0.001604
v 0.007817 -0.168178 0.001604
v 0.008501 -0.168175 0.000000
v 0.002510 -0.160735 -0.007729
v 0.005438 -0.160735 -0.006039
v 0.004319 -0.160735 -0.007481
v 0.002520 -0.168178 -0.007571
v 0.005297 -0.168178 -0.005968
v 0.004251 -0.168175 -0.007362
v -0.005438 -0.160735 -0.006039
v -0.002510 -0.160735 -0.007729
v -0.004319 -0.160735 -0.007481
v -0.005297 -0.168178 -0.005968
v -0.002520 -0.168178 -0.007572
v -0.004251 -0.168175 -0.007362
v 0.004108 0.134657 -0.007116
v -0.004108 0.134657 -0.007116
v -0.004108 0.134657 0.007116
v -0.008216 0.134657 -0.000000
v 0.004108 0.134657 0.007116
v 0.008216 0.134657 -0.000000
v -0.007977 -0.124842 0.001695
v -0.007977 -0.081848 0.001695
v -0.007977 -0.038854 0.001695
v -0.007977 0.004141 0.001695
v -0.007977 0.047135 0.001695
v -0.007977 0.086282 0.001695
v -0.008669 0.086282 -0.000000
v -0.008669 0.047135 -0.000000
v -0.008669 0.004141 -0.000000
v -0.008669 -0.038854 -0.000000
v -0.008669 -0.081848 -0.000000
v -0.008669 -0.124842 -0.000000
v -0.007977 0.086282 -0.001695
v -0.007977 0.047135 -0.001695
v -0.007977 0.004141 -0.001695
v -0.007977 -0.038854 -0.001695
v -0.007977 -0.081848 -0.001695
v -0.007977 -0.124842 -0.001695
v -0.002521 0.086282 -0.007756
v -0.002521 0.047135 -0.007756
v -0.002521 0.004141 -0.007756
v -0.002521 -0.038854 -0.007756
v -0.002521 -0.081848 -0.007756
v -0.002521 -0.124842 -0.007756
v -0.004335 -0.124842 -0.007508
v -0.004335 -0.081848 -0.007508
v -0.004335 -0.038854 -0.007508
v -0.004335 0.004141 -0.007508
v -0.004335 0.047135 -0.007508
v -0.004335 0.086282 -0.007508
v -0.005456 -0.124842 -0.006061
v -0.005456 -0.081848 -0.006061
v -0.005456 -0.038854 -0.006061
v -0.005456 0.004141 -0.006061
v -0.005456 0.047135 -0.006061
v -0.005456 0.086282 -0.006061
v -0.002521 -0.124842 0.007756
v -0.002521 -0.081848 0.007756
v -0.002521 -0.038854 0.007756
v -0.002521 0.004141 0.007756
v -0.002521 0.047135 0.007756
v -0.002521 0.086282 0.007756
v -0.004335 0.086282 0.007508
v -0.004335 0.047135 0.007508
v -0.004335 0.004141 0.007508
v -0.004335 -0.038854 0.007508
v -0.004335 -0.081848 0.007508
v -0.004335 -0.124842 0.007508
v -0.005456 0.086282 0.006061
v -0.005456 0.047135 0.006061
v -0.005456 0.004141 0.006061
v -0.005456 -0.038854 0.006061
v -0.005456 -0.081848 0.006061
v -0.005456 -0.124842 0.006061
v 0.005456 -0.124842 0.006061
v 0.005456 -0.081848 0.006061
v 0.005456 -0.038854 0.006061
v 0.005456 0.004141 0.006061
v 0.005456 0.047135 0.006061
v 0.005456 0.086282 0.006061
v 0.004335 0.086282 0.007508
v 0.004335 0.047135 0.007508
v 0.004335 0.004141 0.007508
v 0.004335 -0.038854 0.007508
v 0.004335 -0.081848 0.007508
v 0.004335 -0.124842 0.007508
v 0.002521 0.086282 0.007756
v 0.002521 0.047135 0.007756
v 0.002521 0.004141 0.007756
v 0.002521 -0.038854 0.007756
v 0.002521 -0.081848 0.007756
v 0.002521 -0.124842 0.007756
v 0.007977 -0.124842 -0.001695
v 0.007977 -0.081848 -0.001695
v 0.007977 -0.038854 -0.001695
v 0.007977 0.004141 -0.001695
v 0.007977 0.047135 -0.001695
v 0.007977 0.086282 -0.001695
v 0.008669 0.086282 0.000000
v 0.008669 0.047135 0.000000
v 0.008669 0.004141 0.000000
v 0.008669 -0.038854 0.000000
v 0.008669 -0.081848 0.000000
v 0.008669 -0.124842 0.000000
v 0.007977 0.086282 0.001695
v 0.007977 0.047135 0.001695
v 0.007977 0.004141 0.001695
v 0.007977 -0.038854 0.001695
v 0.007977 -0.081848 0.001695
v 0.007977 -0.124842 0.001695
v 0.002521 -0.124842 -0.007756
v 0.002521 -0.081848 -0.007756
v 0.002521 -0.038854 -0.007756
v 0.002521 0.004141 -0.007756
v 0.002521 0.047135 -0.007756
v 0.002521 0.086282 -0.007756
v 0.004335 0.086282 -0.007508
v 0.004335 0.047135 -0.007508
v 0.004335 0.004141 -0.007508
v 0.004335 -0.038854 -0.007508
v 0.004335 -0.081848 -0.007508
v 0.004335 -0.124842 -0.007508
v 0.005456 0.086282 -0.006061
v 0.005456 0.047135 -0.006061
v 0.005456 0.004141 -0.006061
v 0.005456 -0.038854 -0.006061
v 0.005456 -0.081848 -0.006061
v 0.005456 -0.124842 -0.006061
v -0.004524 0.147083 -0.002612
v 0.002645 0.147083 0.004582
v 0.000000 0.147083 -0.005224
v 0.004524 0.147083 -0.002612
v -0.002645 0.147083 0.004582
v -0.004524 0.147083 0.002612
v -0.005291 0.147083 -0.000000
v 0.005291 0.147083 -0.000000
v -0.002645 0.147083 -0.004582
v 0.002645 0.147083 -0.004582
v 0.004524 0.147083 0.002612
v 0.000000 0.147083 0.005224
v -0.008669 0.110050 -0.000000
v -0.007977 0.110050 -0.001695
v -0.002521 0.110050 -0.007756
v -0.004335 0.110050 0.007508
v -0.005456 0.110050 0.006061
v 0.004335 0.110050 0.007508
v 0.002521 0.110050 0.007756
v 0.008669 0.110050 0.000000
v 0.007977 0.110050 0.001695
v 0.004335 0.110050 -0.007508
v 0.005456 0.110050 -0.006061
v -0.007977 0.110050 0.001695
v -0.004335 0.110050 -0.007508
v -0.005456 0.110050 -0.006061
v -0.002521 0.110050 0.007756
v 0.005456 0.110050 0.006061
v 0.007977 0.110050 -0.001695
v 0.002521 0.110050 -0.007756
v 0.006500 0.135107 0.003753
v 0.006500 0.135107 -0.003753
v 0.000000 0.135107 0.007505
v -0.006500 0.135107 0.003753
v -0.006500 0.135107 -0.003753
v 0.000000 0.135107 -0.007505
v -0.008689 0.127274 -0.000000
v -0.008040 0.128467 -0.001586
v -0.002647 0.128467 -0.007756
v -0.004345 0.127274 0.007525
v -0.005393 0.128467 0.006170
v 0.004345 0.127274 0.007525
v 0.002647 0.128467 0.007756
v 0.008689 0.127274 0.000000
v 0.008040 0.128467 0.001586
v 0.004345 0.127274 -0.007525
v 0.005393 0.128467 -0.006170
v -0.008040 0.128467 0.001586
v -0.004345 0.127274 -0.007525
v -0.005393 0.128467 -0.006170
v -0.002647 0.128467 0.007756
v 0.005393 0.128467 0.006170
v 0.008040 0.128467 -0.001586
v 0.002647 0.128467 -0.007756
v 0.004162 -0.168273 0.007209
v 0.005011 -0.168281 0.006005
v -0.005011 -0.168281 -0.006005
v -0.004162 -0.168273 -0.007209
v 0.005011 -0.168281 -0.006005
v 0.004162 -0.168273 -0.007209
v 0.007706 -0.168281 0.001337
v 0.002695 -0.168281 -0.007342
v 0.007706 -0.168281 -0.001337
v -0.004162 -0.168273 0.007209
v -0.005011 -0.168281 0.006005
v -0.008324 -0.168273 -0.000000
v -0.007706 -0.168281 -0.001337
v -0.002695 -0.168281 0.007342
v -0.007706 -0.168281 0.001337
v 0.002695 -0.168281 0.007342
v -0.002695 -0.168281 -0.007342
v 0.008324 -0.168273 0.000000
v -0.008397 -0.168174 0.000463
v -0.008397 -0.168174 -0.000463
v -0.003798 -0.168174 0.007503
v -0.004599 -0.168174 0.007041
v 0.004599 -0.168174 0.007041
v 0.003798 -0.168174 0.007503
v 0.008397 -0.168174 -0.000463
v 0.008397 -0.168174 0.000463
v 0.003798 -0.168174 -0.007503
v 0.004599 -0.168174 -0.007041
v -0.004599 -0.168174 -0.007041
v -0.003798 -0.168174 -0.007503
v -0.007891 -0.167135 0.001673
v -0.008529 -0.160735 0.000508
v -0.008576 -0.167134 0.000000
v -0.008529 -0.160735 -0.000508
v -0.007891 -0.167135 -0.001673
v -0.003824 -0.160735 -0.007640
v -0.002496 -0.167135 -0.007670
v -0.004288 -0.167134 -0.007427
v -0.004705 -0.160735 -0.007132
v -0.005394 -0.167135 -0.005997
v -0.002496 -0.167135 0.007670
v -0.003824 -0.160735 0.007640
v -0.004288 -0.167134 0.007427
v -0.004705 -0.160735 0.007132
v -0.005394 -0.167135 0.005997
v 0.005394 -0.167135 0.005997
v 0.004705 -0.160735 0.007132
v 0.004288 -0.167134 0.007427
v 0.003824 -0.160735 0.007640
v 0.002496 -0.167135 0.007670
v 0.007891 -0.167135 -0.001673
v 0.008529 -0.160735 -0.000508
v 0.008576 -0.167134 0.000000
v 0.008529 -0.160735 0.000508
v 0.007891 -0.167135 0.001673
v 0.002496 -0.167135 -0.007670
v 0.003824 -0.160735 -0.007640
v 0.004288 -0.167134 -0.007427
v 0.004705 -0.160735 -0.007132
v 0.005394 -0.167135 -0.005997
v -0.008665 -0.145452 -0.000000
v -0.007973 -0.145452 -0.001694
v -0.002519 -0.145452 -0.007752
v -0.004333 -0.145452 0.007504
v -0.005454 -0.145452 0.006058
v 0.004333 -0.145452 0.007504
v 0.002519 -0.145452 0.007752
v 0.008665 -0.145452 0.000000
v 0.007973 -0.145452 0.001694
v 0.004333 -0.145452 -0.007504
v 0.005454 -0.145452 -0.006058
v 0.003416 0.140544 0.005916
v 0.003445 -0.168313 0.001989
v 0.006719 -0.160735 0.003879
v 0.006575 -0.168180 0.003796
v 0.003445 -0.168313 -0.001989
v 0.006719 -0.160735 -0.003879
v 0.006575 -0.168180 -0.003796
v -0.000000 -0.168313 0.003978
v -0.000000 -0.160735 0.007758
v -0.000000 -0.168180 0.007592
v -0.003445 -0.168313 0.001989
v -0.006719 -0.160735 0.003879
v -0.006575 -0.168180 0.003796
v -0.003445 -0.168313 -0.001989
v -0.006719 -0.160735 -0.003879
v -0.006575 -0.168180 -0.003796
v -0.000000 -0.168313 -0.003978
v -0.000000 -0.160735 -0.007758
v -0.000000 -0.168180 -0.007592
v 0.003416 0.140544 -0.005916
v -0.007973 -0.145452 0.001694
v -0.007977 -0.103345 0.001695
v -0.007977 -0.060351 0.001695
v -0.007977 -0.017357 0.001695
v -0.007977 0.025638 0.001695
v -0.007977 0.068151 0.001695
v -0.008669 0.099605 0.000000
v -0.008669 0.068151 0.000000
v -0.008669 0.025638 0.000000
v -0.008669 -0.017357 0.000000
v -0.008669 -0.060351 0.000000
v -0.008669 -0.103345 0.000000
v -0.007977 0.099605 -0.001695
v -0.007977 0.068151 -0.001695
v -0.007977 0.025638 -0.001695
v -0.007977 -0.017357 -0.001695
v -0.007977 -0.060351 -0.001695
v -0.007977 -0.103345 -0.001695
v -0.002521 0.099605 -0.007756
v -0.002521 0.068151 -0.007756
v -0.002521 0.025638 -0.007756
v -0.002521 -0.017357 -0.007756
v -0.002521 -0.060351 -0.007756
v -0.002521 -0.103345 -0.007756
v -0.004333 -0.145452 -0.007504
v -0.004335 -0.103345 -0.007508
v -0.004335 -0.060351 -0.007508
v -0.004335 -0.017357 -0.007508
v -0.004335 0.025638 -0.007508
v -0.004335 0.068151 -0.007508
v -0.005454 -0.145452 -0.006058
v -0.005456 -0.103345 -0.006061
v -0.005456 -0.060351 -0.006061
v -0.005456 -0.017357 -0.006061
v -0.005456 0.025638 -0.006061
v -0.005456 0.068151 -0.006061
v -0.002519 -0.145452 0.007752
v -0.002521 -0.103345 0.007756
v -0.002521 -0.060351 0.007756
v -0.002521 -0.017357 0.007756
v -0.002521 0.025638 0.007756
v -0.002521 0.068151 0.007756
v -0.004335 0.099605 0.007508
v -0.004335 0.068151 0.007508
v -0.004335 0.025638 0.007508
v -0.004335 -0.017357 0.007508
v -0.004335 -0.060351 0.007508
v -0.004335 -0.103345 0.007508
v -0.005456 0.099605 0.006061
v -0.005456 0.068151 0.006061
v -0.005456 0.025638 0.006061
v -0.005456 -0.017357 0.006061
v -0.005456 -0.060351 0.006061
v -0.005456 -0.103345 0.006061
v 0.005454 -0.145452 0.006058
v 0.005456 -0.103345 0.006061
v 0.005456 -0.060351 0.006061
v 0.005456 -0.017357 0.006061
v 0.005456 0.025638 0.006061
v 0.005456 0.068151 0.006061
v 0.004335 0.099605 0.007508
v 0.004335 0.068151 0.007508
v 0.004335 0.025638 0.007508
v 0.004335 -0.017357 0.007508
v 0.004335 -0.060351 0.007508
v 0.004335 -0.103345 0.007508
v 0.002521 0.099605 0.007756
v 0.002521 0.068151 0.007756
v 0.002521 0.025638 0.007756
v 0.002521 -0.017357 0.007756
v 0.002521 -0.060351 0.007756
v 0.002521 -0.103345 0.007756
v 0.007973 -0.145452 -0.001694
v 0.007977 -0.103345 -0.001695
v 0.007977 -0.060351 -0.001695
v 0.007977 -0.017357 -0.001695
v 0.007977 0.025638 -0.001695
v 0.007977 0.068151 -0.001695
v 0.008669 0.099605 0.000000
v 0.008669 0.068151 0.000000
v 0.008669 0.025638 0.000000
v 0.008669 -0.017357 0.000000
v 0.008669 -0.060351 0.000000
v 0.008669 -0.103345 0.000000
v 0.007977 0.099605 0.001695
v 0.007977 0.068151 0.001695
v 0.007977 0.025638 0.001695
v 0.007977 -0.017357 0.001695
v 0.007977 -0.060351 0.001695
v 0.007977 -0.103345 0.001695
v 0.002519 -0.145452 -0.007752
v 0.002521 -0.103345 -0.007756
v 0.002521 -0.060351 -0.007756
v 0.002521 -0.017357 -0.007756
v 0.002521 0.025638 -0.007756
v 0.002521 0.068151 -0.007756
v 0.004335 0.099605 -0.007508
v 0.004335 0.068151 -0.007508
v 0.004335 0.025638 -0.007508
v 0.004335 -0.017357 -0.007508
v 0.004335 -0.060351 -0.007508
v 0.004335 -0.103345 -0.007508
v 0.005456 0.099605 -0.006061
v 0.005456 0.068151 -0.006061
v 0.005456 0.025638 -0.006061
v 0.005456 -0.017357 -0.006061
v 0.005456 -0.060351 -0.006061
v 0.005456 -0.103345 -0.006061
v -0.000000 -0.124842 -0.007785
v -0.000000 -0.081848 -0.007785
v -0.000000 -0.038854 -0.007785
v -0.000000 0.004141 -0.007785
v -0.000000 0.047135 -0.007785
v -0.000000 0.086282 -0.007785
v 0.006742 -0.124842 -0.003892
v 0.006742 -0.081848 -0.003892
v 0.006742 -0.038854 -0.003892
v 0.006742 0.004141 -0.003892
v 0.006742 0.047135 -0.003892
v 0.006742 0.086282 -0.003892
v 0.006742 -0.124842 0.003892
v 0.006742 -0.081848 0.003892
v 0.006742 -0.038854 0.003892
v 0.006742 0.004141 0.003892
v 0.006742 0.047135 0.003892
v 0.006742 0.086282 0.003892
v -0.000000 -0.124842 0.007785
v -0.000000 -0.081848 0.007785
v -0.000000 -0.038854 0.007785
v -0.000000 0.004141 0.007785
v -0.000000 0.047135 0.007785
v -0.000000 0.086282 0.007785
v -0.006742 -0.124842 0.003892
v -0.006742 -0.081848 0.003892
v -0.006742 -0.038854 0.003892
v -0.006742 0.004141 0.003892
v -0.006742 0.047135 0.003892
v -0.006742 0.086282 0.003892
v -0.006742 -0.124842 -0.003892
v -0.006742 -0.081848 -0.003892
v -0.006742 -0.038854 -0.003892
v -0.006742 0.004141 -0.003892
v -0.006742 0.047135 -0.003892
v -0.006742 0.086282 -0.003892
v 0.004720 -0.124842 -0.007158
v 0.004720 -0.081848 -0.007158
v 0.004720 -0.038854 -0.007158
v 0.004720 0.004141 -0.007158
v 0.004720 0.047135 -0.007158
v 0.004720 0.086282 -0.007158
v 0.003839 -0.124842 -0.007667
v 0.003839 -0.081848 -0.007667
v 0.003839 -0.038854 -0.007667
v 0.003839 0.004141 -0.007667
v 0.003839 0.047135 -0.007667
v 0.003839 0.086282 -0.007667
v 0.008559 -0.124842 0.000509
v 0.008559 -0.081848 0.000509
v 0.008559 -0.038854 0.000509
v 0.008559 0.004141 0.000509
v 0.008559 0.047135 0.000509
v 0.008559 0.086282 0.000509
v 0.008559 -0.124842 -0.000509
v 0.008559 -0.081848 -0.000509
v 0.008559 -0.038854 -0.000509
v 0.008559 0.004141 -0.000509
v 0.008559 0.047135 -0.000509
v 0.008559 0.086282 -0.000509
v 0.003839 -0.124842 0.007667
v 0.003839 -0.081848 0.007667
v 0.003839 -0.038854 0.007667
v 0.003839 0.004141 0.007667
v 0.003839 0.047135 0.007667
v 0.003839 0.086282 0.007667
v 0.004720 -0.124842 0.007158
v 0.004720 -0.081848 0.007158
v 0.004720 -0.038854 0.007158
v 0.004720 0.004141 0.007158
v 0.004720 0.047135 0.007158
v 0.004720 0.086282 0.007158
v -0.004720 -0.124842 0.007158
v -0.004720 -0.081848 0.007158
v -0.004720 -0.038854 0.007158
v -0.004720 0.004141 0.007158
v -0.004720 0.047135 0.007158
v -0.004720 0.086282 0.007158
v -0.003839 -0.124842 0.007667
v -0.003839 -0.081848 0.007667
v -0.003839 -0.038854 0.007667
v -0.003839 0.004141 0.007667
v -0.003839 0.047135 0.007667
v -0.003839 0.086282 0.007667
v -0.004720 0.086282 -0.007158
v -0.004720 0.047135 -0.007158
v -0.004720 0.004141 -0.007158
v -0.004720 -0.038854 -0.007158
v -0.004720 -0.081848 -0.007158
v -0.004720 -0.124842 -0.007158
v -0.003839 0.086282 -0.007667
v -0.003839 0.047135 -0.007667
v -0.003839 0.004141 -0.007667
v -0.003839 -0.038854 -0.007667
v -0.003839 -0.081848 -0.007667
v -0.003839 -0.124842 -0.007667
v -0.008559 -0.124842 -0.000509
v -0.008559 -0.081848 -0.000509
v -0.008559 -0.038854 -0.000509
v -0.008559 0.004141 -0.000509
v -0.008559 0.047135 -0.000509
v -0.008559 0.086282 -0.000509
v -0.008559 -0.124842 0.000509
v -0.008559 -0.081848 0.000509
v -0.008559 -0.038854 0.000509
v -0.008559 0.004141 0.000509
v -0.008559 0.047135 0.000509
v -0.008559 0.086282 0.000509
v 0.002204 0.135746 0.007344
v -0.007462 0.135746 0.001764
v 0.005259 0.135746 0.005581
v -0.005259 0.135746 0.005581
v 0.002204 0.135746 -0.007344
v -0.002204 0.135746 -0.007344
v 0.007462 0.135746 0.001764
v -0.002204 0.135746 0.007344
v -0.002870 0.155115 -0.001657
v -0.003416 0.140544 0.005916
v -0.006831 0.140544 -0.000000
v 0.006831 0.140544 -0.000000
v -0.003416 0.140544 -0.005916
v -0.003743 0.147083 -0.003770
v 0.001394 0.147083 0.005126
v 0.005136 0.147083 -0.001356
v 0.003743 0.147083 -0.003770
v -0.001394 0.147083 0.005126
v 0.001394 0.147083 -0.005126
v -0.001394 0.147083 -0.005126
v 0.005136 0.147083 0.001356
v -0.005136 0.147083 0.001356
v -0.005136 0.147083 -0.001356
v 0.003743 0.147083 0.003770
v -0.003743 0.147083 0.003770
v -0.001662 0.155115 0.002878
v -0.003324 0.155115 -0.000000
v 0.003324 0.155115 -0.000000
v -0.001662 0.155115 -0.002878
v 0.002870 0.155115 0.001657
v 0.000000 0.155115 0.003314
v 0.001662 0.155115 0.002878
v 0.000000 0.155115 -0.003314
v 0.002870 0.155115 -0.001657
v -0.002870 0.155115 0.001657
v 0.001662 0.155115 -0.002878
v -0.008672 0.119684 0.000000
v -0.007986 0.119799 -0.001680
v -0.002538 0.119799 -0.007756
v -0.004336 0.119684 0.007510
v -0.005448 0.119799 0.006076
v 0.004336 0.119684 0.007510
v 0.002538 0.119799 0.007756
v 0.008672 0.119684 0.000000
v 0.007986 0.119799 0.001680
v 0.004336 0.119684 -0.007510
v 0.005448 0.119799 -0.006076
v -0.007977 0.099605 0.001695
v -0.004335 0.099605 -0.007508
v -0.005456 0.099605 -0.006061
v -0.002521 0.099605 0.007756
v 0.005456 0.099605 0.006061
v 0.007977 0.099605 -0.001695
v 0.002521 0.099605 -0.007756
v -0.000000 0.110050 -0.007785
v 0.006742 0.110050 -0.003892
v 0.006742 0.110050 0.003892
v -0.000000 0.110050 0.007785
v -0.006742 0.110050 0.003892
v -0.006742 0.110050 -0.003892
v 0.004720 0.110050 -0.007158
v 0.003839 0.110050 -0.007667
v 0.008559 0.110050 0.000509
v 0.008559 0.110050 -0.000509
v 0.003839 0.110050 0.007667
v 0.004720 0.110050 0.007158
v -0.004720 0.110050 0.007158
v -0.003839 0.110050 0.007667
v -0.008559 0.110050 -0.000509
v -0.008559 0.110050 0.000509
v -0.003839 0.110050 -0.007667
v -0.004720 0.110050 -0.007158
v -0.005709 0.140544 -0.003296
v 0.003531 0.132148 -0.007663
v -0.004339 0.131490 -0.007516
v 0.001438 0.132193 -0.007747
v 0.008678 0.131490 -0.000000
v 0.007428 0.132193 -0.002628
v -0.007428 0.132193 0.002628
v -0.007428 0.132193 -0.002628
v -0.003531 0.132148 -0.007663
v -0.005990 0.132193 -0.005119
v 0.005259 0.135746 -0.005581
v 0.007462 0.135746 -0.001764
v -0.008402 0.132148 -0.000774
v 0.000000 0.140544 -0.006592
v 0.005990 0.132193 -0.005119
v 0.005709 0.140544 -0.003296
v -0.005709 0.140544 0.003296
v -0.005259 0.135746 -0.005581
v -0.007462 0.135746 -0.001764
v 0.007428 0.132193 0.002628
v 0.004871 0.132148 -0.006889
v -0.004871 0.132148 0.006889
v -0.001438 0.132193 0.007747
v -0.005990 0.132193 0.005119
v 0.000000 0.140544 0.006592
v 0.005709 0.140544 0.003296
v -0.001438 0.132193 -0.007747
v -0.004871 0.132148 -0.006889
v 0.004339 0.131490 -0.007516
v -0.008678 0.131490 -0.000000
v -0.008402 0.132148 0.000774
v -0.003531 0.132148 0.007663
v -0.004339 0.131490 0.007516
v 0.008402 0.132148 -0.000774
v 0.008402 0.132148 0.000774
v -0.007986 0.119799 0.001680
v -0.004336 0.119684 -0.007510
v -0.005448 0.119799 -0.006076
v -0.002538 0.119799 0.007756
v 0.005448 0.119799 0.006076
v 0.007986 0.119799 -0.001680
v 0.002538 0.119799 -0.007756
v -0.008596 0.127357 0.000443
v -0.008596 0.127357 -0.000443
v -0.003915 0.127357 0.007666
v -0.004682 0.127357 0.007223
v 0.004682 0.127357 0.007223
v 0.003915 0.127357 0.007666
v 0.008596 0.127357 -0.000443
v 0.008596 0.127357 0.000443
v 0.003915 0.127357 -0.007666
v 0.004682 0.127357 -0.007223
v 0.006743 0.127482 0.003893
v 0.006743 0.127482 -0.003893
v -0.006743 0.127482 0.003893
v -0.006743 0.127482 -0.003893
v -0.000000 0.127482 -0.007786
v -0.004682 0.127357 -0.007223
v -0.003915 0.127357 -0.007666
v -0.000000 0.127482 0.007786
v 0.001438 0.132193 0.007747
v 0.005990 0.132193 0.005119
v 0.003531 0.132148 0.007663
v 0.004339 0.131490 0.007516
v 0.004871 0.132148 0.006889
v -0.008299 -0.168259 0.000416
v -0.008299 -0.168259 -0.000416
v -0.003789 -0.168259 0.007396
v -0.004510 -0.168259 0.006979
v 0.004510 -0.168259 0.006979
v 0.003789 -0.168259 0.007396
v 0.008299 -0.168259 -0.000416
v 0.008299 -0.168259 0.000416
v 0.003789 -0.168259 -0.007396
v 0.004510 -0.168259 -0.006979
v -0.004510 -0.168259 -0.006979
v -0.003789 -0.168259 -0.007396
v -0.008467 -0.167134 0.000502
v -0.008467 -0.167134 -0.000502
v -0.003799 -0.167134 -0.007584
v -0.004668 -0.167134 -0.007082
v -0.003799 -0.167134 0.007584
v -0.004668 -0.167134 0.007082
v 0.004668 -0.167134 0.007082
v 0.003799 -0.167134 0.007584
v 0.008467 -0.167134 -0.000502
v 0.008467 -0.167134 0.000502
v 0.003799 -0.167134 -0.007584
v 0.004668 -0.167134 -0.007082
v -0.003837 -0.145452 -0.007663
v -0.004718 -0.145452 -0.007155
v -0.006739 -0.145452 0.003891
v -0.006739 -0.145452 -0.003891
v -0.006667 -0.167135 -0.003849
v -0.006667 -0.167135 0.003849
v -0.000000 -0.145452 0.007781
v -0.000000 -0.167135 0.007698
v 0.006739 -0.145452 0.003891
v 0.006667 -0.167135 0.003849
v 0.006739 -0.145452 -0.003891
v 0.006667 -0.167135 -0.003849
v -0.000000 -0.145452 -0.007781
v -0.000000 -0.167135 -0.007698
v -0.002697 0.153296 0.002703
v 0.002697 0.153296 0.002703
v -0.003690 0.153296 -0.000985
v -0.003690 0.153296 0.000985
v 0.003690 0.153296 0.000985
v -0.000992 0.153296 -0.003688
v 0.000992 0.153296 -0.003688
v -0.000992 0.153296 0.003688
v 0.002697 0.153296 -0.002703
v 0.003690 0.153296 -0.000985
v 0.000992 0.153296 0.003688
v -0.002697 0.153296 -0.002703
v -0.000000 0.099605 -0.007785
v -0.000000 0.119736 -0.007785
v -0.000000 -0.103345 -0.007785
v -0.000000 -0.060351 -0.007785
v -0.000000 -0.017357 -0.007785
v -0.000000 0.025638 -0.007785
v -0.006742 0.099605 -0.003892
v -0.006742 0.119736 -0.003892
v -0.006742 -0.103345 -0.003892
v -0.006742 -0.060351 -0.003892
v -0.006742 -0.017357 -0.003892
v -0.006742 0.025638 -0.003892
v -0.006742 0.099605 0.003892
v -0.006742 0.119736 0.003892
v -0.006742 -0.103345 0.003892
v -0.006742 -0.060351 0.003892
v -0.006742 -0.017357 0.003892
v -0.006742 0.025638 0.003892
v -0.000000 0.099605 0.007785
v -0.000000 0.119736 0.007785
v -0.000000 -0.103345 0.007785
v -0.000000 -0.060351 0.007785
v -0.000000 -0.017357 0.007785
v -0.000000 0.025638 0.007785
v 0.006742 0.099605 -0.003892
v 0.006742 0.119736 -0.003892
v 0.006742 -0.103345 -0.003892
v 0.006742 -0.060351 -0.003892
v 0.006742 -0.017357 -0.003892
v 0.006742 0.025638 -0.003892
v 0.006742 0.099605 0.003892
v 0.006742 0.119736 0.003892
v 0.006742 -0.103345 0.003892
v 0.006742 -0.060351 0.003892
v 0.006742 -0.017357 0.003892
v 0.006742 0.025638 0.003892
v 0.004718 -0.145452 -0.007155
v 0.004720 -0.103345 -0.007158
v 0.004720 -0.060351 -0.007158
v 0.004720 -0.017357 -0.007158
v 0.004720 0.025638 -0.007158
v 0.004720 0.068151 -0.007158
v 0.003837 -0.145452 -0.007663
v 0.003839 -0.103345 -0.007667
v 0.003839 -0.060351 -0.007667
v 0.003839 -0.017357 -0.007667
v 0.003839 0.025638 -0.007667
v 0.003839 0.068151 -0.007667
v 0.008555 -0.145452 0.000509
v 0.008559 -0.103345 0.000509
v 0.008559 -0.060351 0.000509
v 0.008559 -0.017357 0.000509
v 0.008559 0.025638 0.000509
v 0.008559 0.068151 0.000509
v 0.008555 -0.145452 -0.000509
v 0.008559 -0.103345 -0.000509
v 0.008559 -0.060351 -0.000509
v 0.008559 -0.017357 -0.000509
v 0.008559 0.025638 -0.000509
v 0.008559 0.068151 -0.000509
v 0.003837 -0.145452 0.007663
v 0.003839 -0.103345 0.007667
v 0.003839 -0.060351 0.007667
v 0.003839 -0.017357 0.007667
v 0.003839 0.025638 0.007667
v 0.003839 0.068151 0.007667
v 0.004718 -0.145452 0.007155
v 0.004720 -0.103345 0.007158
v 0.004720 -0.060351 0.007158
v 0.004720 -0.017357 0.007158
v 0.004720 0.025638 0.007158
v 0.004720 0.068151 0.007158
v -0.004718 -0.145452 0.007155
v -0.004720 -0.103345 0.007158
v -0.004720 -0.060351 0.007158
v -0.004720 -0.017357 0.007158
v -0.004720 0.025638 0.007158
v -0.004720 0.068151 0.007158
v -0.003837 -0.145452 0.007663
v -0.003839 -0.103345 0.007667
v -0.003839 -0.060351 0.007667
v -0.003839 -0.017357 0.007667
v -0.003839 0.025638 0.007667
v -0.003839 0.068151 0.007667
v -0.004720 0.099605 -0.007158
v -0.004720 0.068151 -0.007158
v -0.004720 0.025638 -0.007158
v -0.004720 -0.017357 -0.007158
v -0.004720 -0.060351 -0.007158
v -0.004720 -0.103345 -0.007158
v -0.003839 0.099605 -0.007667
v -0.003839 0.068151 -0.007667
v -0.003839 0.025638 -0.007667
v -0.003839 -0.017357 -0.007667
v -0.003839 -0.060351 -0.007667
v -0.003839 -0.103345 -0.007667
v -0.008555 -0.145452 -0.000509
v -0.008559 -0.103345 -0.000509
v -0.008559 -0.060351 -0.000509
v -0.008559 -0.017357 -0.000509
v -0.008559 0.025638 -0.000509
v -0.008559 0.068151 -0.000509
v -0.008555 -0.145452 0.000509
v -0.008559 -0.103345 0.000509
v -0.008559 -0.060351 0.000509
v -0.008559 -0.017357 0.000509
v -0.008559 0.025638 0.000509
v -0.008559 0.068151 0.000509
v -0.007919 0.133208 0.001631
v -0.005372 0.133208 -0.006042
v 0.007919 0.133208 -0.001631
v -0.002547 0.133208 -0.007673
v -0.005372 0.133208 0.006042
v -0.008640 0.130994 0.000325
v -0.008640 0.130994 -0.000325
v -0.004039 0.130994 0.007645
v -0.004601 0.130994 0.007320
v 0.004601 0.130994 0.007320
v 0.004039 0.130994 0.007645
v 0.008640 0.130994 -0.000325
v 0.008640 0.130994 0.000325
v 0.004039 0.130994 -0.007645
v 0.004601 0.130994 -0.007320
v -0.007919 0.133208 -0.001631
v -0.004689 0.140544 -0.004790
v 0.001804 0.140544 0.006456
v 0.006493 0.140544 -0.001666
v 0.004689 0.140544 -0.004790
v -0.001804 0.140544 0.006456
v 0.001804 0.140544 -0.006456
v -0.001804 0.140544 -0.006456
v 0.006493 0.140544 0.001666
v -0.006493 0.140544 0.001666
v -0.006493 0.140544 -0.001666
v 0.004689 0.140544 0.004790
v -0.004689 0.140544 0.004790
v -0.000000 0.068151 -0.007785
v -0.006742 0.068151 -0.003892
v -0.006742 0.068151 0.003892
v -0.000000 0.068151 0.007785
v 0.006742 0.068151 -0.003892
v 0.006742 0.068151 0.003892
v 0.004720 0.099605 -0.007158
v 0.003839 0.099605 -0.007667
v 0.008559 0.099605 0.000509
v 0.008559 0.099605 -0.000509
v 0.003839 0.099605 0.007667
v 0.004720 0.099605 0.007158
v -0.004720 0.099605 0.007158
v -0.003839 0.099605 0.007667
v -0.008559 0.099605 -0.000509
v -0.008559 0.099605 0.000509
v -0.003847 0.119708 -0.007667
v -0.004716 0.119708 -0.007165
v -0.004601 0.130994 -0.007320
v -0.004039 0.130994 -0.007645
v 0.006355 -0.168288 -0.003669
v -0.000000 -0.168288 -0.007338
v -0.006355 -0.168288 0.003669
v 0.007919 0.133208 0.001631
v 0.005372 0.133208 0.006042
v 0.002547 0.133208 0.007673
v 0.005372 0.133208 -0.006042
v 0.002547 0.133208 -0.007673
v -0.002547 0.133208 0.007673
v -0.000000 -0.168288 0.007338
v -0.008563 0.119708 0.000502
v -0.008563 0.119708 -0.000502
v -0.003847 0.119708 0.007667
v -0.004716 0.119708 0.007165
v 0.004716 0.119708 0.007165
v 0.003847 0.119708 0.007667
v 0.008563 0.119708 -0.000502
v 0.008563 0.119708 0.000502
v 0.003847 0.119708 -0.007667
v 0.004716 0.119708 -0.007165
v -0.006738 0.131113 -0.003890
v -0.006738 0.131113 0.003890
v 0.006738 0.131113 0.003890
v 0.006738 0.131113 -0.003890
v -0.000000 0.131113 -0.007780
v -0.000000 0.131113 0.007780
v -0.006355 -0.168288 -0.003669
v 0.006355 -0.168288 0.003669
v 0.000056 0.166424 0.000032
v -0.000064 0.166424 -0.000000
v 0.000056 0.166424 -0.000032
v -0.000056 0.166424 -0.000032
v 0.000000 0.166424 0.000064
v 0.000064 0.166424 -0.000000
v -0.000056 0.166424 0.000032
v 0.000032 0.166424 0.000056
v -0.000032 0.166424 -0.000056
v 0.000032 0.166424 -0.000056
v -0.000032 0.166424 0.000056
v 0.000000 0.166424 -0.000064
v 0.000000 0.166424 -0.000000
v 0.003904 -0.168308 0.006763
v 0.005955 -0.168318 0.003438
v 0.007809 -0.168308 0.000000
v 0.005955 -0.168318 -0.003438
v 0.003904 -0.168308 -0.006763
v -0.003904 -0.168308 0.006763
v -0.000000 -0.168318 0.006876
v -0.007809 -0.168308 -0.000000
v -0.005955 -0.168318 0.003438
v -0.003904 -0.168308 -0.006763
v -0.005955 -0.168318 -0.003438
v -0.000000 -0.168318 -0.006876
vn -0.3723 -0.9044 0.2083
vn -0.4839 -0.8588 0.1683
vn -0.3227 -0.9404 0.1077
vn -0.2333 -0.9642 0.1261
vn -0.5413 -0.8408 -0.0000
vn -0.3251 -0.9457 -0.0000
vn -0.0473 -0.9989 -0.0000
vn -0.4840 -0.8587 -0.1683
vn -0.3228 -0.9403 -0.1078
vn -0.3723 -0.9044 -0.2083
vn -0.2333 -0.9642 -0.1261
vn -0.0058 -0.9044 0.4265
vn -0.0962 -0.8588 0.5032
vn -0.0680 -0.9404 0.3333
vn -0.0074 -0.9642 0.2651
vn -0.2707 -0.8408 0.4689
vn -0.1626 -0.9457 0.2816
vn -0.0236 -0.9989 0.0409
vn -0.3878 -0.8587 0.3350
vn -0.2547 -0.9403 0.2256
vn -0.3665 -0.9044 0.2183
vn -0.2259 -0.9642 0.1390
vn 0.3665 -0.9044 0.2183
vn 0.3877 -0.8588 0.3350
vn 0.2547 -0.9403 0.2256
vn 0.2259 -0.9642 0.1390
vn 0.2707 -0.8408 0.4689
vn 0.1626 -0.9457 0.2816
vn 0.0236 -0.9989 0.0409
vn 0.0963 -0.8587 0.5033
vn 0.0681 -0.9403 0.3334
vn 0.0058 -0.9044 0.4266
vn 0.0074 -0.9642 0.2651
vn 0.3723 -0.9044 -0.2083
vn 0.4839 -0.8588 -0.1683
vn 0.3227 -0.9404 -0.1077
vn 0.2333 -0.9642 -0.1261
vn 0.5413 -0.8408 -0.0000
vn 0.3251 -0.9457 -0.0000
vn 0.0473 -0.9989 -0.0000
vn 0.4840 -0.8587 0.1683
vn 0.3227 -0.9403 0.1078
vn 0.3723 -0.9044 0.2083
vn 0.2333 -0.9642 0.1261
vn 0.0058 -0.9044 -0.4265
vn 0.0962 -0.8588 -0.5032
vn 0.0680 -0.9403 -0.3333
vn 0.0074 -0.9642 -0.2651
vn 0.2707 -0.8408 -0.4688
vn 0.1626 -0.9457 -0.2816
vn 0.0236 -0.9989 -0.0409
vn 0.3878 -0.8587 -0.3350
vn 0.2547 -0.9403 -0.2256
vn 0.3665 -0.9044 -0.2183
vn 0.2259 -0.9642 -0.1390
vn -0.3666 -0.9044 -0.2183
vn -0.3878 -0.8587 -0.3350
vn -0.2547 -0.9403 -0.2256
vn -0.2259 -0.9642 -0.1390
vn -0.2707 -0.8407 -0.4689
vn -0.1626 -0.9457 -0.2816
vn -0.0236 -0.9989 -0.0409
vn -0.0962 -0.8587 -0.5033
vn -0.0680 -0.9403 -0.3334
vn -0.0058 -0.9044 -0.4266
vn -0.0074 -0.9642 -0.2651
vn -0.8794 -0.0909 0.4672
vn -0.8827 -0.0502 0.4672
vn -0.9424 -0.0441 0.3316
vn -0.9399 -0.0788 0.3322
vn -0.8850 -0.0054 0.4655
vn -0.9445 -0.0056 0.3285
vn -1.0000 -0.0058 -0.0000
vn -0.9991 -0.0415 -0.0000
vn -0.9973 -0.0735 -0.0000
vn -0.9424 -0.0441 -0.3316
vn -0.9399 -0.0788 -0.3322
vn -0.9445 -0.0056 -0.3285
vn -0.8850 -0.0054 -0.4655
vn -0.8827 -0.0502 -0.4672
vn -0.8794 -0.0909 -0.4672
vn -0.0393 -0.0054 -0.9992
vn -0.0367 -0.0502 -0.9981
vn -0.1840 -0.0441 -0.9819
vn -0.1878 -0.0056 -0.9822
vn -0.0351 -0.0909 -0.9952
vn -0.1823 -0.0788 -0.9801
vn -0.4987 -0.0735 -0.8637
vn -0.4996 -0.0415 -0.8653
vn -0.5000 -0.0058 -0.8660
vn -0.7584 -0.0441 -0.6503
vn -0.7567 -0.0056 -0.6537
vn -0.7576 -0.0788 -0.6479
vn -0.8444 -0.0909 -0.5280
vn -0.8460 -0.0502 -0.5308
vn -0.8457 -0.0054 -0.5337
vn -0.0351 -0.0909 0.9952
vn -0.0367 -0.0502 0.9981
vn -0.1840 -0.0441 0.9819
vn -0.1823 -0.0788 0.9801
vn -0.0393 -0.0054 0.9992
vn -0.1878 -0.0056 0.9822
vn -0.5000 -0.0058 0.8660
vn -0.4996 -0.0415 0.8653
vn -0.4986 -0.0735 0.8637
vn -0.7584 -0.0441 0.6503
vn -0.7576 -0.0788 0.6479
vn -0.7567 -0.0056 0.6537
vn -0.8457 -0.0054 0.5337
vn -0.8460 -0.0502 0.5308
vn -0.8444 -0.0909 0.5280
vn 0.8444 -0.0909 0.5280
vn 0.8460 -0.0502 0.5308
vn 0.7584 -0.0441 0.6503
vn 0.7576 -0.0788 0.6479
vn 0.8457 -0.0054 0.5337
vn 0.7567 -0.0056 0.6537
vn 0.5000 -0.0058 0.8660
vn 0.4996 -0.0415 0.8653
vn 0.4986 -0.0735 0.8637
vn 0.1840 -0.0441 0.9819
vn 0.1823 -0.0788 0.9801
vn 0.1878 -0.0056 0.9822
vn 0.0393 -0.0054 0.9992
vn 0.0367 -0.0502 0.9981
vn 0.0351 -0.0909 0.9952
vn 0.8794 -0.0909 -0.4672
vn 0.8827 -0.0502 -0.4672
vn 0.9424 -0.0441 -0.3316
vn 0.9399 -0.0788 -0.3322
vn 0.8850 -0.0054 -0.4655
vn 0.9445 -0.0056 -0.3285
vn 1.0000 -0.0058 -0.0000
vn 0.9991 -0.0415 -0.0000
vn 0.9973 -0.0735 -0.0000
vn 0.9424 -0.0441 0.3316
vn 0.9399 -0.0788 0.3322
vn 0.9445 -0.0056 0.3285
vn 0.8850 -0.0054 0.4655
vn 0.8827 -0.0502 0.4672
vn 0.8794 -0.0909 0.4672
vn 0.0351 -0.0909 -0.9952
vn 0.0367 -0.0502 -0.9981
vn 0.1840 -0.0441 -0.9819
vn 0.1823 -0.0788 -0.9801
vn 0.0393 -0.0054 -0.9992
vn 0.1878 -0.0056 -0.9822
vn 0.5000 -0.0058 -0.8660
vn 0.4996 -0.0415 -0.8653
vn 0.4986 -0.0735 -0.8637
vn 0.7584 -0.0441 -0.6503
vn 0.7576 -0.0788 -0.6479
vn 0.7567 -0.0056 -0.6537
vn 0.8457 -0.0054 -0.5337
vn 0.8460 -0.0502 -0.5308
vn 0.8444 -0.0909 -0.5280
vn -0.0394 -0.0001 -0.9992
vn -0.0395 -0.0008 -0.9992
vn -0.1878 -0.0009 -0.9822
vn -0.1877 -0.0001 -0.9822
vn -0.5000 -0.0010 -0.8660
vn -0.5000 -0.0001 -0.8660
vn -0.7567 -0.0009 -0.6538
vn -0.7568 -0.0001 -0.6537
vn -0.8456 -0.0008 -0.5338
vn -0.8456 -0.0001 -0.5338
vn -0.8456 -0.0001 0.5338
vn -0.8660 -0.0001 0.5000
vn -0.8660 -0.0008 0.5000
vn -0.8456 -0.0008 0.5338
vn -0.8851 -0.0001 0.4655
vn -0.8851 -0.0008 0.4654
vn -0.8660 -0.0054 0.5000
vn -0.8851 -0.0001 -0.4655
vn -0.8660 -0.0001 -0.5000
vn -0.8660 -0.0008 -0.5000
vn -0.8851 -0.0008 -0.4654
vn -0.8660 -0.0054 -0.5000
vn -0.8648 -0.0534 -0.4993
vn -0.8619 -0.0973 -0.4976
vn -0.8648 -0.0534 0.4993
vn -0.8619 -0.0973 0.4976
vn 0.0394 -0.0001 0.9992
vn -0.0000 -0.0001 1.0000
vn -0.0000 -0.0008 1.0000
vn 0.0395 -0.0008 0.9992
vn -0.0394 -0.0001 0.9992
vn -0.0395 -0.0008 0.9992
vn -0.0000 -0.0054 1.0000
vn -0.0000 -0.0534 0.9986
vn -0.0000 -0.0973 0.9953
vn 0.8851 -0.0001 0.4655
vn 0.8660 -0.0001 0.5000
vn 0.8660 -0.0008 0.5000
vn 0.8851 -0.0008 0.4654
vn 0.8456 -0.0001 0.5338
vn 0.8456 -0.0008 0.5338
vn 0.8660 -0.0054 0.5000
vn 0.8648 -0.0534 0.4993
vn 0.8619 -0.0973 0.4976
vn 0.8456 -0.0001 -0.5338
vn 0.8660 -0.0001 -0.5000
vn 0.8660 -0.0008 -0.5000
vn 0.8456 -0.0008 -0.5338
vn 0.8851 -0.0001 -0.4655
vn 0.8851 -0.0008 -0.4654
vn 0.8660 -0.0054 -0.5000
vn 0.8648 -0.0534 -0.4993
vn 0.8619 -0.0973 -0.4976
vn -0.0000 -0.0001 -1.0000
vn -0.0000 -0.0008 -1.0000
vn 0.0394 -0.0001 -0.9992
vn 0.0395 -0.0008 -0.9992
vn -0.0000 -0.0054 -1.0000
vn -0.0000 -0.0534 -0.9986
vn -0.0000 -0.0973 -0.9953
vn -0.8453 0.2172 0.4881
vn -0.7102 0.2239 0.6675
vn -0.6964 0.2412 0.6759
vn -0.8326 0.2751 0.4807
vn -0.4869 0.2275 0.8433
vn -0.4805 0.2765 0.8323
vn 0.4869 0.2275 0.8433
vn 0.7102 0.2239 0.6675
vn 0.6964 0.2412 0.6759
vn 0.4805 0.2765 0.8323
vn 0.8453 0.2172 0.4881
vn 0.8326 0.2751 0.4807
vn -0.8453 0.2172 -0.4881
vn -0.9331 0.2239 -0.2813
vn -0.9336 0.2412 -0.2651
vn -0.8326 0.2751 -0.4807
vn -0.9738 0.2275 -0.0000
vn -0.9610 0.2765 -0.0000
vn -0.9331 0.2239 0.2813
vn -0.9336 0.2412 0.2651
vn 0.9331 0.2239 0.2813
vn 0.9336 0.2412 0.2651
vn 0.9738 0.2275 -0.0000
vn 0.9610 0.2765 -0.0000
vn -0.0000 0.2172 -0.9761
vn -0.2229 0.2239 -0.9488
vn -0.2372 0.2412 -0.9411
vn -0.0000 0.2751 -0.9614
vn -0.4869 0.2275 -0.8433
vn -0.4805 0.2765 -0.8323
vn 0.4869 0.2275 -0.8433
vn 0.2229 0.2239 -0.9488
vn 0.2372 0.2412 -0.9411
vn 0.4805 0.2765 -0.8323
vn -0.2229 0.2239 0.9488
vn -0.2372 0.2412 0.9411
vn -0.0000 0.2172 0.9761
vn -0.0000 0.2751 0.9614
vn 0.8453 0.2172 -0.4881
vn 0.7102 0.2239 -0.6675
vn 0.6964 0.2412 -0.6759
vn 0.8326 0.2751 -0.4807
vn 0.9331 0.2239 -0.2813
vn 0.9336 0.2412 -0.2651
vn 0.2229 0.2239 0.9488
vn 0.2372 0.2412 0.9411
vn -0.7102 0.2239 -0.6675
vn -0.6964 0.2412 -0.6759
vn -0.0395 -0.0000 -0.9992
vn -0.0000 -0.0000 -1.0000
vn -0.0394 -0.0000 -0.9992
vn 0.0395 -0.0000 -0.9992
vn 0.0394 -0.0000 -0.9992
vn -0.0398 -0.0003 -0.9992
vn -0.0411 0.0045 -0.9991
vn -0.0000 0.0015 -1.0000
vn 0.0411 0.0045 -0.9991
vn 0.0398 -0.0003 -0.9992
vn -0.8851 -0.0000 -0.4654
vn -0.8660 -0.0000 -0.5000
vn -0.8851 -0.0000 -0.4655
vn -0.8456 -0.0000 -0.5338
vn -0.8852 -0.0003 -0.4652
vn -0.8858 0.0046 -0.4640
vn -0.8660 0.0015 -0.5000
vn -0.8447 0.0045 -0.5352
vn -0.8455 -0.0003 -0.5341
vn -0.8456 -0.0000 0.5338
vn -0.8660 -0.0000 0.5000
vn -0.8851 -0.0000 0.4654
vn -0.8851 -0.0000 0.4655
vn -0.8455 -0.0003 0.5341
vn -0.8447 0.0046 0.5352
vn -0.8660 0.0015 0.5000
vn -0.8858 0.0046 0.4640
vn -0.8852 -0.0003 0.4652
vn 0.0395 -0.0000 0.9992
vn -0.0000 -0.0000 1.0000
vn 0.0394 -0.0000 0.9992
vn -0.0395 -0.0000 0.9992
vn -0.0394 -0.0000 0.9992
vn 0.0411 0.0046 0.9991
vn -0.0000 0.0015 1.0000
vn 0.0398 -0.0003 0.9992
vn -0.0411 0.0046 0.9991
vn -0.0398 -0.0003 0.9992
vn 0.8456 -0.0000 -0.5338
vn 0.8660 -0.0000 -0.5000
vn 0.8851 -0.0000 -0.4654
vn 0.8851 -0.0000 -0.4655
vn 0.8455 -0.0003 -0.5341
vn 0.8447 0.0045 -0.5352
vn 0.8660 0.0015 -0.5000
vn 0.8858 0.0045 -0.4640
vn 0.8852 -0.0003 -0.4652
vn 0.8851 -0.0000 0.4654
vn 0.8660 -0.0000 0.5000
vn 0.8851 -0.0000 0.4655
vn 0.8456 -0.0000 0.5338
vn 0.8852 -0.0003 0.4652
vn 0.8858 0.0045 0.4640
vn 0.8660 0.0015 0.5000
vn 0.8447 0.0045 0.5352
vn 0.8455 -0.0003 0.5340
vn 0.5000 -0.0010 -0.8660
vn 0.7567 -0.0009 -0.6538
vn 0.5000 -0.0001 -0.8660
vn 0.7568 -0.0001 -0.6537
vn 0.5000 -0.0000 -0.8660
vn 0.7568 -0.0000 -0.6537
vn 0.1878 -0.0009 -0.9822
vn 0.1877 -0.0001 -0.9822
vn 0.1877 -0.0000 -0.9822
vn 1.0000 -0.0010 -0.0000
vn 0.9445 -0.0009 0.3284
vn 1.0000 -0.0001 -0.0000
vn 0.9445 -0.0001 0.3285
vn 1.0000 -0.0000 -0.0000
vn 0.9445 -0.0000 0.3286
vn 0.9445 -0.0009 -0.3284
vn 0.9445 -0.0001 -0.3285
vn 0.9445 -0.0000 -0.3286
vn 0.5000 -0.0010 0.8660
vn 0.1878 -0.0009 0.9822
vn 0.5000 -0.0001 0.8660
vn 0.1877 -0.0001 0.9822
vn 0.5000 -0.0000 0.8660
vn 0.1877 -0.0000 0.9822
vn 0.7567 -0.0009 0.6538
vn 0.7568 -0.0001 0.6537
vn 0.7568 -0.0000 0.6537
vn -0.5000 -0.0010 0.8660
vn -0.7567 -0.0009 0.6538
vn -0.5000 -0.0001 0.8660
vn -0.7568 -0.0001 0.6537
vn -0.5000 -0.0000 0.8660
vn -0.7568 -0.0000 0.6537
vn -0.1878 -0.0009 0.9822
vn -0.1877 -0.0001 0.9822
vn -0.1877 -0.0000 0.9822
vn -0.5000 -0.0000 -0.8660
vn -0.7568 -0.0000 -0.6537
vn -0.7567 -0.0001 -0.6537
vn -0.1877 -0.0000 -0.9822
vn -0.1878 -0.0001 -0.9822
vn -1.0000 -0.0010 -0.0000
vn -0.9445 -0.0009 -0.3284
vn -1.0000 -0.0001 -0.0000
vn -0.9445 -0.0001 -0.3285
vn -1.0000 -0.0000 -0.0000
vn -0.9445 -0.0000 -0.3286
vn -0.9445 -0.0009 0.3284
vn -0.9445 -0.0001 0.3285
vn -0.9445 -0.0000 0.3286
vn -0.8743 0.0482 0.4830
vn -0.9049 0.1068 0.4120
vn -0.9333 0.0847 0.3490
vn -0.8586 0.1303 0.4957
vn -0.9143 0.1712 0.3670
vn -0.9837 0.1800 -0.0000
vn -0.8555 0.0482 -0.5156
vn -0.8092 0.1068 -0.5777
vn -0.7689 0.0847 -0.6337
vn -0.8586 0.1303 -0.4957
vn -0.7750 0.1712 -0.6083
vn -0.4918 0.1800 -0.8519
vn 0.8743 0.0482 -0.4830
vn 0.9049 0.1068 -0.4120
vn 0.9333 0.0847 -0.3491
vn 0.8586 0.1303 -0.4957
vn 0.9143 0.1712 -0.3670
vn 0.9837 0.1800 -0.0000
vn -0.0000 0.1303 -0.9915
vn -0.0188 0.0482 -0.9987
vn -0.0957 0.1068 -0.9897
vn -0.1393 0.1712 -0.9753
vn -0.1643 0.0847 -0.9828
vn -0.8555 0.0482 0.5156
vn -0.8093 0.1068 0.5777
vn -0.7750 0.1712 0.6083
vn -0.7689 0.0847 0.6337
vn -0.4918 0.1800 0.8519
vn -0.9544 0.0228 0.2976
vn -0.9486 -0.0004 0.3165
vn -0.9940 0.1098 -0.0000
vn -1.0000 -0.0021 -0.0000
vn -0.9544 0.0228 -0.2976
vn -0.9486 -0.0004 -0.3165
vn -0.9333 0.0847 -0.3490
vn -0.1643 0.0847 0.9828
vn -0.2195 0.0228 0.9753
vn -0.2002 -0.0004 0.9798
vn -0.4970 0.1098 0.8608
vn -0.5000 -0.0021 0.8660
vn -0.7349 0.0228 0.6778
vn -0.7484 -0.0004 0.6632
vn 0.7689 0.0847 0.6337
vn 0.7349 0.0228 0.6778
vn 0.7484 -0.0004 0.6632
vn 0.4918 0.1800 0.8519
vn 0.4970 0.1098 0.8608
vn 0.5000 -0.0021 0.8660
vn 0.2195 0.0228 0.9753
vn 0.2002 -0.0004 0.9798
vn 0.1643 0.0847 0.9828
vn 0.9544 0.0228 -0.2976
vn 0.9486 -0.0004 -0.3165
vn 0.9940 0.1098 -0.0000
vn 1.0000 -0.0021 -0.0000
vn 0.9544 0.0228 0.2976
vn 0.9486 -0.0004 0.3165
vn 0.9333 0.0847 0.3491
vn 0.1644 0.0847 -0.9828
vn 0.2195 0.0228 -0.9753
vn 0.2002 -0.0004 -0.9798
vn 0.4918 0.1800 -0.8519
vn 0.4970 0.1098 -0.8608
vn 0.5000 -0.0021 -0.8660
vn 0.7349 0.0228 -0.6778
vn 0.7484 -0.0004 -0.6632
vn 0.7689 0.0847 -0.6337
vn -0.8743 0.0482 -0.4830
vn -0.9049 0.1068 -0.4120
vn -0.9143 0.1712 -0.3670
vn -0.7410 0.2032 -0.6400
vn -0.4879 0.2186 -0.8451
vn -0.8503 0.1895 -0.4909
vn -0.0000 0.1303 0.9915
vn 0.1393 0.1712 0.9753
vn 0.1837 0.2032 0.9618
vn -0.0000 0.1895 0.9819
vn 0.4879 0.2186 0.8451
vn 0.9248 0.2032 -0.3218
vn 0.9758 0.2186 -0.0000
vn 0.8503 0.1895 -0.4909
vn 0.7750 0.1712 -0.6083
vn 0.7410 0.2032 -0.6400
vn 0.4879 0.2186 -0.8451
vn -0.1393 0.1712 0.9753
vn -0.1837 0.2032 0.9618
vn -0.4879 0.2186 0.8451
vn 0.1393 0.1712 -0.9753
vn 0.1837 0.2032 -0.9618
vn -0.0000 0.1895 -0.9819
vn -0.1837 0.2032 -0.9618
vn 0.8586 0.1303 0.4957
vn 0.9143 0.1712 0.3670
vn 0.9248 0.2032 0.3218
vn 0.8503 0.1895 0.4909
vn -0.9248 0.2032 0.3218
vn -0.9758 0.2186 -0.0000
vn -0.8503 0.1895 0.4909
vn -0.9248 0.2032 -0.3218
vn 0.7750 0.1712 0.6083
vn 0.7410 0.2032 0.6400
vn -0.7410 0.2032 0.6400
vn 0.7567 -0.0001 -0.6537
vn 0.1878 -0.0001 -0.9822
vn 0.1878 -0.0001 0.9822
vn 0.7567 -0.0001 0.6537
vn -0.7567 -0.0001 0.6537
vn -0.1878 -0.0001 0.9822
vn -0.1887 -0.0009 -0.9820
vn -0.2002 -0.0004 -0.9798
vn -0.5000 -0.0013 -0.8660
vn -0.5000 -0.0021 -0.8660
vn -0.7561 -0.0009 -0.6544
vn -0.7484 -0.0004 -0.6632
vn -0.4970 0.1098 -0.8608
vn -0.7349 0.0228 -0.6778
vn -0.2195 0.0228 -0.9753
vn 0.2018 -0.9725 -0.1165
vn 0.0262 -0.9995 -0.0151
vn 0.3459 -0.9168 -0.1997
vn -0.0000 -0.9725 -0.2330
vn -0.0000 -0.9995 -0.0302
vn -0.0000 -0.9168 -0.3994
vn -0.2018 -0.9725 0.1165
vn -0.0262 -0.9995 0.0151
vn -0.3459 -0.9168 0.1997
vn 0.8743 0.0482 0.4830
vn 0.9049 0.1068 0.4120
vn 0.8555 0.0482 0.5156
vn 0.8092 0.1068 0.5777
vn 0.0188 0.0482 0.9987
vn 0.0957 0.1068 0.9897
vn 0.8555 0.0482 -0.5156
vn 0.8093 0.1068 -0.5777
vn 0.0188 0.0482 -0.9987
vn 0.0957 0.1068 -0.9897
vn -0.0188 0.0482 0.9987
vn -0.0957 0.1068 0.9897
vn -0.0000 -0.9725 0.2330
vn -0.0000 -0.9995 0.0302
vn -0.0000 -0.9168 0.3994
vn -0.9448 -0.0009 0.3276
vn -1.0000 -0.0013 -0.0000
vn -0.9448 -0.0009 -0.3276
vn -0.1887 -0.0009 0.9820
vn -0.5000 -0.0013 0.8660
vn -0.7561 -0.0009 0.6544
vn 0.7561 -0.0009 0.6544
vn 0.5000 -0.0013 0.8660
vn 0.1887 -0.0009 0.9820
vn 0.9448 -0.0009 -0.3276
vn 1.0000 -0.0013 -0.0000
vn 0.9448 -0.0009 0.3276
vn 0.1887 -0.0009 -0.9820
vn 0.5000 -0.0013 -0.8660
vn 0.7561 -0.0009 -0.6544
vn -0.8658 0.0232 -0.4999
vn -0.8658 0.0232 0.4999
vn 0.8658 0.0232 0.4999
vn 0.8658 0.0232 -0.4999
vn -0.0000 0.0232 -0.9997
vn -0.0000 0.0232 0.9997
vn -0.2018 -0.9725 -0.1165
vn -0.0262 -0.9995 -0.0151
vn -0.3459 -0.9168 -0.1997
vn 0.2018 -0.9725 0.1165
vn 0.0262 -0.9995 0.0151
vn 0.3459 -0.9168 0.1997
vn -0.8305 0.2836 -0.4795
vn -0.4794 0.2843 -0.8303
vn -0.0000 0.2836 -0.9590
vn -0.9587 0.2843 -0.0000
vn 0.4794 0.2843 -0.8303
vn 0.8305 0.2836 -0.4795
vn 0.9587 0.2843 -0.0000
vn -0.4794 0.2843 0.8303
vn -0.8305 0.2836 0.4795
vn 0.8305 0.2836 0.4795
vn -0.0000 0.2836 0.9590
vn 0.4794 0.2843 0.8303
vn -0.0000 1.0000 -0.0000
vn -0.0001 1.0000 -0.0000
vn 0.0004 1.0000 -0.0000
vn -0.0004 1.0000 -0.0000
vn 0.0003 1.0000 -0.0000
vn 0.0001 1.0000 -0.0000
vn -0.0002 1.0000 -0.0000
vn -0.0002 -1.0000 -0.0000
vn 0.0003 -1.0000 0.0001
vn -0.0001 -1.0000 -0.0002
vn -0.0000 -1.0000 0.0003
vn 0.0001 -1.0000 -0.0002
vn -0.0003 -1.0000 0.0001
vn 0.0002 -1.0000 -0.0000
vn -0.0003 -1.0000 -0.0001
vn 0.0001 -1.0000 0.0002
vn -0.0000 -1.0000 -0.0003
vn -0.0001 -1.0000 0.0002
vn 0.0003 -1.0000 -0.0001
vt 0.737660 0.837381
vt 0.737913 0.833906
vt 0.738283 0.833951
vt 0.738356 0.836919
vt 0.738323 0.832673
vt 0.738801 0.832958
vt 0.739999 0.833671
vt 0.739211 0.831725
vt 0.739426 0.832029
vt 0.742144 0.829845
vt 0.742069 0.830677
vt 0.741763 0.858793
vt 0.738880 0.856836
vt 0.739104 0.856538
vt 0.741711 0.857959
vt 0.738018 0.855865
vt 0.738503 0.855593
vt 0.739720 0.854912
vt 0.737640 0.854622
vt 0.738011 0.854587
vt 0.737478 0.851141
vt 0.738162 0.851622
vt 0.762358 0.865945
vt 0.759222 0.867463
vt 0.759076 0.867121
vt 0.761610 0.865574
vt 0.757949 0.867725
vt 0.757957 0.867168
vt 0.757975 0.865774
vt 0.756684 0.867430
vt 0.756840 0.867091
vt 0.753589 0.865830
vt 0.754347 0.865478
vt 0.778850 0.851685
vt 0.778596 0.855160
vt 0.778226 0.855116
vt 0.778154 0.852148
vt 0.778186 0.856393
vt 0.777708 0.856109
vt 0.776510 0.855396
vt 0.777299 0.857342
vt 0.777083 0.857038
vt 0.774365 0.859222
vt 0.774440 0.858390
vt 0.774746 0.830274
vt 0.777629 0.832230
vt 0.777405 0.832529
vt 0.774799 0.831108
vt 0.778491 0.833202
vt 0.778006 0.833474
vt 0.776789 0.834155
vt 0.778869 0.834445
vt 0.778498 0.834480
vt 0.779031 0.837925
vt 0.778347 0.837445
vt 0.754151 0.823121
vt 0.757287 0.821603
vt 0.757434 0.821946
vt 0.754900 0.823493
vt 0.758560 0.821342
vt 0.758552 0.821898
vt 0.758534 0.823292
vt 0.759825 0.821637
vt 0.759670 0.821975
vt 0.762920 0.823237
vt 0.762162 0.823588
vt 0.076260 0.000451
vt 0.076369 0.003324
vt 0.072823 0.003369
vt 0.072737 0.000526
vt 0.076418 0.020704
vt 0.072845 0.020713
vt 0.071433 0.020715
vt 0.071433 0.003378
vt 0.071433 0.000540
vt 0.070044 0.003370
vt 0.070130 0.000526
vt 0.070021 0.020713
vt 0.066448 0.020703
vt 0.066498 0.003324
vt 0.066607 0.000451
vt 0.042868 0.020651
vt 0.042979 0.003271
vt 0.046524 0.003328
vt 0.046442 0.020671
vt 0.043098 0.000399
vt 0.046619 0.000486
vt 0.047923 0.000503
vt 0.047913 0.003341
vt 0.047854 0.020677
vt 0.049303 0.003337
vt 0.049267 0.020680
vt 0.049226 0.000494
vt 0.052749 0.000430
vt 0.052849 0.003303
vt 0.052840 0.020682
vt 0.099769 0.000400
vt 0.099888 0.003271
vt 0.096343 0.003328
vt 0.096248 0.000486
vt 0.099999 0.020651
vt 0.096425 0.020672
vt 0.095012 0.020678
vt 0.094953 0.003342
vt 0.094944 0.000504
vt 0.093564 0.003337
vt 0.093641 0.000494
vt 0.093600 0.020680
vt 0.090026 0.020682
vt 0.090018 0.003303
vt 0.090118 0.000431
vt 0.123256 0.000248
vt 0.123393 0.003115
vt 0.119850 0.003193
vt 0.119740 0.000353
vt 0.123602 0.020508
vt 0.120022 0.020544
vt 0.118608 0.020556
vt 0.118461 0.003213
vt 0.118438 0.000377
vt 0.117072 0.003216
vt 0.117136 0.000374
vt 0.117194 0.020564
vt 0.113617 0.020580
vt 0.113528 0.003198
vt 0.113616 0.000327
vt 0.005799 0.000051
vt 0.005845 0.002918
vt 0.002286 0.002880
vt 0.002293 0.000033
vt 0.005600 0.020368
vt 0.002007 0.020333
vt 0.000588 0.020317
vt 0.000885 0.002851
vt 0.000997 0.000000
vt 0.141870 0.000001
vt 0.141982 0.002852
vt 0.140580 0.002881
vt 0.140574 0.000035
vt 0.142278 0.020319
vt 0.140860 0.020334
vt 0.137266 0.020370
vt 0.137022 0.002920
vt 0.137068 0.000052
vt 0.029251 0.000326
vt 0.029339 0.003197
vt 0.025795 0.003215
vt 0.025731 0.000373
vt 0.029250 0.020580
vt 0.025673 0.020563
vt 0.024259 0.020555
vt 0.024405 0.003213
vt 0.024429 0.000377
vt 0.023016 0.003192
vt 0.023127 0.000352
vt 0.022845 0.020543
vt 0.019265 0.020507
vt 0.019474 0.003114
vt 0.019611 0.000247
vt 0.042668 0.118218
vt 0.042738 0.062157
vt 0.046328 0.062166
vt 0.046265 0.118221
vt 0.047743 0.062169
vt 0.047682 0.118222
vt 0.049157 0.062171
vt 0.049099 0.118223
vt 0.052746 0.062176
vt 0.052695 0.118225
vt 0.090169 0.118225
vt 0.083307 0.118228
vt 0.083277 0.062183
vt 0.090120 0.062176
vt 0.076445 0.118230
vt 0.076435 0.062189
vt 0.083222 0.020688
vt 0.066420 0.118230
vt 0.059558 0.118228
vt 0.059589 0.062183
vt 0.066431 0.062189
vt 0.059644 0.020687
vt 0.059673 0.003285
vt 0.059677 0.000398
vt 0.083194 0.003285
vt 0.083189 0.000398
vt 0.113925 0.118206
vt 0.107060 0.118213
vt 0.106975 0.062138
vt 0.113825 0.062118
vt 0.100196 0.118219
vt 0.100127 0.062157
vt 0.106806 0.020611
vt 0.106708 0.003207
vt 0.106693 0.000322
vt 0.137693 0.118176
vt 0.130824 0.118185
vt 0.130704 0.062051
vt 0.137568 0.062021
vt 0.123957 0.118194
vt 0.123844 0.062081
vt 0.130429 0.020437
vt 0.130205 0.003000
vt 0.130164 0.000121
vt 0.018908 0.118193
vt 0.012041 0.118184
vt 0.012162 0.062050
vt 0.019022 0.062080
vt 0.005172 0.118175
vt 0.005298 0.062020
vt 0.012437 0.020436
vt 0.012662 0.002999
vt 0.012703 0.000120
vt 0.035804 0.118212
vt 0.035891 0.062138
vt 0.028940 0.118205
vt 0.029041 0.062117
vt 0.036060 0.020611
vt 0.036158 0.003206
vt 0.036174 0.000321
vt 0.057734 0.877243
vt 0.057368 0.878556
vt 0.053853 0.876927
vt 0.053405 0.876510
vt 0.056696 0.879714
vt 0.053245 0.876857
vt 0.051804 0.881530
vt 0.050538 0.881091
vt 0.052137 0.877562
vt 0.052552 0.877113
vt 0.049405 0.880336
vt 0.052205 0.876953
vt 0.055949 0.872435
vt 0.056902 0.873408
vt 0.053734 0.875637
vt 0.053149 0.875817
vt 0.057569 0.874569
vt 0.053370 0.876129
vt 0.057822 0.875884
vt 0.053967 0.876264
vt 0.048452 0.879363
vt 0.051620 0.877133
vt 0.047785 0.878201
vt 0.051984 0.876641
vt 0.050892 0.871576
vt 0.052211 0.871237
vt 0.052558 0.875096
vt 0.052421 0.875693
vt 0.053550 0.871240
vt 0.052802 0.875657
vt 0.048658 0.873057
vt 0.049671 0.872180
vt 0.051928 0.875329
vt 0.052109 0.875913
vt 0.055683 0.880590
vt 0.053426 0.877442
vt 0.054462 0.881194
vt 0.052933 0.877078
vt 0.047620 0.875527
vt 0.047986 0.874215
vt 0.051501 0.875844
vt 0.051949 0.876261
vt 0.047532 0.876886
vt 0.051387 0.876506
vt 0.053143 0.881533
vt 0.052796 0.877675
vt 0.054816 0.871679
vt 0.053217 0.875208
vt 0.042622 0.758221
vt 0.035750 0.758218
vt 0.035759 0.729751
vt 0.042629 0.729752
vt 0.028879 0.758216
vt 0.028889 0.729749
vt 0.028895 0.693443
vt 0.035764 0.693443
vt 0.042633 0.693444
vt 0.042656 0.784797
vt 0.035736 0.784622
vt 0.042928 0.808416
vt 0.035721 0.805728
vt 0.028511 0.808405
vt 0.028817 0.784789
vt 0.042640 0.235327
vt 0.035772 0.235327
vt 0.035779 0.176759
vt 0.042646 0.176761
vt 0.028904 0.235326
vt 0.028911 0.176757
vt 0.042638 0.352474
vt 0.035770 0.352474
vt 0.035770 0.293900
vt 0.042639 0.293900
vt 0.028901 0.352474
vt 0.028902 0.293900
vt 0.042637 0.469624
vt 0.035769 0.469624
vt 0.035769 0.411049
vt 0.042638 0.411049
vt 0.028900 0.469624
vt 0.028901 0.411049
vt 0.042636 0.586774
vt 0.035768 0.586773
vt 0.035768 0.528199
vt 0.042637 0.528199
vt 0.028899 0.586773
vt 0.028900 0.528198
vt 0.066408 0.758226
vt 0.059535 0.758225
vt 0.059538 0.729755
vt 0.066409 0.729755
vt 0.052663 0.758224
vt 0.052668 0.729754
vt 0.052671 0.693445
vt 0.059540 0.693445
vt 0.066410 0.693445
vt 0.066451 0.784804
vt 0.059531 0.784632
vt 0.066734 0.808423
vt 0.059526 0.805739
vt 0.052317 0.808420
vt 0.052610 0.784801
vt 0.066413 0.235328
vt 0.059545 0.235328
vt 0.059548 0.176764
vt 0.066415 0.176764
vt 0.052677 0.235328
vt 0.052681 0.176763
vt 0.066412 0.352475
vt 0.059544 0.352475
vt 0.059544 0.293900
vt 0.066413 0.293900
vt 0.052675 0.352474
vt 0.052676 0.293900
vt 0.066411 0.469624
vt 0.059543 0.469624
vt 0.059543 0.411049
vt 0.066412 0.411049
vt 0.052674 0.469624
vt 0.052675 0.411049
vt 0.066411 0.586774
vt 0.059542 0.586774
vt 0.059542 0.528199
vt 0.066411 0.528199
vt 0.052673 0.586774
vt 0.052674 0.528199
vt 0.090194 0.758224
vt 0.083322 0.758225
vt 0.083319 0.729755
vt 0.090189 0.729754
vt 0.076449 0.758226
vt 0.076448 0.729755
vt 0.076448 0.693445
vt 0.083317 0.693445
vt 0.090186 0.693445
vt 0.090247 0.784801
vt 0.083326 0.784632
vt 0.090540 0.808420
vt 0.083331 0.805739
vt 0.076123 0.808423
vt 0.076406 0.784804
vt 0.090186 0.235328
vt 0.083318 0.235328
vt 0.083316 0.176764
vt 0.090183 0.176763
vt 0.076449 0.235328
vt 0.076449 0.176764
vt 0.090186 0.352475
vt 0.083318 0.352475
vt 0.083318 0.293900
vt 0.090186 0.293900
vt 0.076449 0.352475
vt 0.076449 0.293900
vt 0.090185 0.469624
vt 0.083317 0.469624
vt 0.083317 0.411049
vt 0.090186 0.411049
vt 0.076448 0.469624
vt 0.076449 0.411049
vt 0.090185 0.586774
vt 0.083316 0.586774
vt 0.083317 0.528199
vt 0.090185 0.528199
vt 0.076448 0.586774
vt 0.076448 0.528199
vt 0.113978 0.758215
vt 0.107107 0.758218
vt 0.107098 0.729751
vt 0.113968 0.729749
vt 0.100235 0.758221
vt 0.100228 0.729752
vt 0.100224 0.693444
vt 0.107093 0.693444
vt 0.113962 0.693443
vt 0.114346 0.808405
vt 0.107136 0.805728
vt 0.107121 0.784622
vt 0.114040 0.784788
vt 0.099929 0.808415
vt 0.100201 0.784797
vt 0.113959 0.235327
vt 0.107090 0.235327
vt 0.107085 0.176760
vt 0.113952 0.176758
vt 0.100222 0.235328
vt 0.100217 0.176761
vt 0.113960 0.352475
vt 0.107092 0.352475
vt 0.107092 0.293900
vt 0.113960 0.293900
vt 0.100223 0.352475
vt 0.100223 0.293900
vt 0.113960 0.469624
vt 0.107091 0.469624
vt 0.107091 0.411049
vt 0.113960 0.411049
vt 0.100222 0.469624
vt 0.100223 0.411049
vt 0.113959 0.586774
vt 0.107091 0.586774
vt 0.107091 0.528199
vt 0.113959 0.528199
vt 0.100222 0.586774
vt 0.100222 0.528199
vt 0.018840 0.758210
vt 0.011970 0.758206
vt 0.011982 0.729744
vt 0.018851 0.729746
vt 0.005101 0.758201
vt 0.005114 0.729742
vt 0.005121 0.693440
vt 0.011989 0.693441
vt 0.018858 0.693442
vt 0.018865 0.784780
vt 0.011947 0.784601
vt 0.019122 0.808395
vt 0.011917 0.805704
vt 0.004703 0.808378
vt 0.005031 0.784763
vt 0.018867 0.235326
vt 0.011999 0.235325
vt 0.012007 0.176752
vt 0.018875 0.176754
vt 0.005130 0.235324
vt 0.005138 0.176749
vt 0.018864 0.352474
vt 0.011995 0.352474
vt 0.011996 0.293899
vt 0.018865 0.293900
vt 0.005127 0.352474
vt 0.005128 0.293899
vt 0.018863 0.469624
vt 0.011995 0.469624
vt 0.011995 0.411049
vt 0.018864 0.411049
vt 0.005126 0.469624
vt 0.005126 0.411049
vt 0.018862 0.586773
vt 0.011994 0.586773
vt 0.011994 0.528198
vt 0.018863 0.528198
vt 0.005125 0.586773
vt 0.005126 0.528198
vt 0.137756 0.758201
vt 0.130887 0.758206
vt 0.130875 0.729744
vt 0.137743 0.729742
vt 0.124017 0.758210
vt 0.124006 0.729746
vt 0.123999 0.693442
vt 0.130868 0.693441
vt 0.137736 0.693440
vt 0.137826 0.784763
vt 0.130910 0.784601
vt 0.138154 0.808378
vt 0.130940 0.805704
vt 0.123735 0.808395
vt 0.123992 0.784780
vt 0.137733 0.235325
vt 0.130864 0.235326
vt 0.130856 0.176753
vt 0.137725 0.176750
vt 0.123996 0.235326
vt 0.123988 0.176755
vt 0.137734 0.352475
vt 0.130866 0.352475
vt 0.130866 0.293900
vt 0.137734 0.293900
vt 0.123997 0.352475
vt 0.123997 0.293900
vt 0.137734 0.469624
vt 0.130865 0.469624
vt 0.130865 0.411050
vt 0.137734 0.411050
vt 0.123997 0.469624
vt 0.123997 0.411050
vt 0.137733 0.586774
vt 0.130865 0.586774
vt 0.130865 0.528199
vt 0.137733 0.528199
vt 0.123996 0.586774
vt 0.123996 0.528199
vt 0.024032 0.062101
vt 0.022616 0.062095
vt 0.023924 0.118199
vt 0.022506 0.118197
vt 0.023893 0.176756
vt 0.022475 0.176755
vt 0.023885 0.235326
vt 0.022467 0.235326
vt 0.023883 0.293900
vt 0.022465 0.293900
vt 0.023882 0.352474
vt 0.022464 0.352474
vt 0.023882 0.411049
vt 0.022464 0.411049
vt 0.023882 0.469624
vt 0.022463 0.469624
vt 0.023881 0.528198
vt 0.022463 0.528198
vt 0.023881 0.586773
vt 0.022462 0.586773
vt 0.023880 0.644038
vt 0.022461 0.644038
vt 0.023877 0.693442
vt 0.022458 0.693442
vt 0.018861 0.644038
vt 0.025448 0.062106
vt 0.025341 0.118201
vt 0.025311 0.176756
vt 0.025304 0.235326
vt 0.025302 0.293900
vt 0.025301 0.352474
vt 0.025300 0.411049
vt 0.025300 0.469624
vt 0.025300 0.528198
vt 0.025299 0.586773
vt 0.028898 0.644038
vt 0.025298 0.644038
vt 0.025295 0.693442
vt 0.142587 0.061998
vt 0.141168 0.062005
vt 0.142712 0.118169
vt 0.141293 0.118171
vt 0.142744 0.176749
vt 0.141325 0.176749
vt 0.142751 0.235325
vt 0.141333 0.235325
vt 0.142753 0.293900
vt 0.141334 0.293900
vt 0.142753 0.352475
vt 0.141334 0.352475
vt 0.142753 0.411050
vt 0.141334 0.411050
vt 0.142752 0.469624
vt 0.141334 0.469624
vt 0.142752 0.528199
vt 0.141334 0.528199
vt 0.142752 0.586774
vt 0.141333 0.586774
vt 0.142752 0.644038
vt 0.141334 0.644038
vt 0.142755 0.693440
vt 0.141336 0.693440
vt 0.137734 0.644038
vt 0.001698 0.062004
vt 0.001572 0.118170
vt 0.000153 0.118168
vt 0.000279 0.061997
vt 0.001538 0.176748
vt 0.001530 0.235324
vt 0.000111 0.235324
vt 0.000120 0.176748
vt 0.001528 0.293899
vt 0.001527 0.352474
vt 0.000108 0.352474
vt 0.000109 0.293899
vt 0.001526 0.411049
vt 0.001526 0.469623
vt 0.000108 0.469623
vt 0.000108 0.411049
vt 0.001525 0.528198
vt 0.001525 0.586773
vt 0.000107 0.586773
vt 0.000107 0.528198
vt 0.005124 0.644037
vt 0.001524 0.644037
vt 0.001521 0.693439
vt 0.000102 0.693439
vt 0.000105 0.644037
vt 0.118834 0.062102
vt 0.117418 0.062107
vt 0.118941 0.118200
vt 0.117523 0.118202
vt 0.118970 0.176756
vt 0.117552 0.176757
vt 0.118977 0.235327
vt 0.117559 0.235327
vt 0.118979 0.293900
vt 0.117560 0.293900
vt 0.118979 0.352475
vt 0.117560 0.352475
vt 0.118978 0.411049
vt 0.117560 0.411049
vt 0.118978 0.469624
vt 0.117560 0.469624
vt 0.118978 0.528199
vt 0.117559 0.528199
vt 0.118978 0.586774
vt 0.117559 0.586774
vt 0.118978 0.644039
vt 0.117560 0.644039
vt 0.118981 0.693443
vt 0.117562 0.693443
vt 0.113960 0.644039
vt 0.120250 0.062096
vt 0.120358 0.118198
vt 0.120388 0.176756
vt 0.120395 0.235326
vt 0.120397 0.293900
vt 0.120397 0.352475
vt 0.120397 0.411049
vt 0.120396 0.469624
vt 0.120396 0.528199
vt 0.120396 0.586774
vt 0.123997 0.644039
vt 0.120397 0.644039
vt 0.120399 0.693442
vt 0.095123 0.062169
vt 0.093709 0.062171
vt 0.095183 0.118222
vt 0.093766 0.118223
vt 0.095200 0.176762
vt 0.093782 0.176762
vt 0.095204 0.235328
vt 0.093786 0.235328
vt 0.095205 0.293900
vt 0.093786 0.293900
vt 0.095205 0.352475
vt 0.093786 0.352475
vt 0.095204 0.411049
vt 0.093786 0.411049
vt 0.095204 0.469624
vt 0.093786 0.469624
vt 0.095204 0.528199
vt 0.093785 0.528199
vt 0.095203 0.586774
vt 0.093785 0.586774
vt 0.095204 0.644039
vt 0.093785 0.644039
vt 0.095205 0.693445
vt 0.093787 0.693445
vt 0.090185 0.644039
vt 0.096538 0.062166
vt 0.096600 0.118221
vt 0.096618 0.176762
vt 0.096622 0.235328
vt 0.096623 0.293900
vt 0.096623 0.352475
vt 0.096623 0.411049
vt 0.096622 0.469624
vt 0.096622 0.528199
vt 0.096622 0.586774
vt 0.100222 0.644039
vt 0.096622 0.644039
vt 0.096624 0.693445
vt 0.047642 0.758223
vt 0.047648 0.729753
vt 0.049067 0.729753
vt 0.049061 0.758223
vt 0.047652 0.693444
vt 0.049071 0.693445
vt 0.047654 0.644039
vt 0.049072 0.644039
vt 0.047655 0.586774
vt 0.049073 0.586774
vt 0.052673 0.644039
vt 0.047655 0.528199
vt 0.049074 0.528199
vt 0.047656 0.469624
vt 0.049074 0.469624
vt 0.047656 0.411049
vt 0.049074 0.411049
vt 0.047657 0.352474
vt 0.049075 0.352474
vt 0.047657 0.293900
vt 0.049075 0.293900
vt 0.047659 0.235328
vt 0.049077 0.235328
vt 0.047664 0.176762
vt 0.049081 0.176762
vt 0.046230 0.729753
vt 0.046224 0.758222
vt 0.046234 0.693444
vt 0.042635 0.644039
vt 0.046236 0.644039
vt 0.046237 0.586774
vt 0.046237 0.528199
vt 0.046237 0.469624
vt 0.046238 0.411049
vt 0.046238 0.352474
vt 0.046239 0.293900
vt 0.046240 0.235328
vt 0.046246 0.176762
vt 0.071433 0.062192
vt 0.070019 0.062191
vt 0.071432 0.118230
vt 0.070016 0.118230
vt 0.071432 0.176764
vt 0.070014 0.176764
vt 0.071431 0.235328
vt 0.070013 0.235328
vt 0.071431 0.293900
vt 0.070013 0.293900
vt 0.071431 0.352475
vt 0.070012 0.352475
vt 0.071430 0.411049
vt 0.070012 0.411049
vt 0.071430 0.469624
vt 0.070012 0.469624
vt 0.071430 0.528199
vt 0.070011 0.528199
vt 0.071429 0.586774
vt 0.070011 0.586774
vt 0.071429 0.644039
vt 0.070010 0.644039
vt 0.071429 0.693445
vt 0.070010 0.693445
vt 0.066410 0.644039
vt 0.072847 0.062192
vt 0.072849 0.118230
vt 0.072850 0.176764
vt 0.072850 0.235328
vt 0.072849 0.293900
vt 0.072849 0.352475
vt 0.072849 0.411049
vt 0.072848 0.469624
vt 0.072848 0.528199
vt 0.072848 0.586774
vt 0.076448 0.644039
vt 0.072847 0.644039
vt 0.072847 0.693445
vt 0.079412 0.818574
vt 0.076386 0.821342
vt 0.073704 0.818453
vt 0.085871 0.881998
vt 0.083656 0.872607
vt 0.095876 0.870137
vt 0.100796 0.876463
vt 0.086658 0.863746
vt 0.100189 0.863315
vt 0.055601 0.818573
vt 0.052574 0.821339
vt 0.049893 0.818449
vt 0.074135 0.850444
vt 0.064894 0.847668
vt 0.068865 0.835850
vt 0.076804 0.834752
vt 0.058721 0.840637
vt 0.065113 0.828703
vt 0.007980 0.818533
vt 0.004950 0.821295
vt 0.002273 0.818404
vt 0.019483 0.870772
vt 0.021698 0.880164
vt 0.009478 0.882633
vt 0.004558 0.876307
vt 0.018696 0.889025
vt 0.005165 0.889456
vt 0.040941 0.844831
vt 0.043580 0.829136
vt 0.050715 0.832783
vt 0.050582 0.845249
vt 0.045342 0.818447
vt 0.042659 0.821334
vt 0.039634 0.818565
vt 0.056607 0.827266
vt 0.098145 0.892131
vt 0.091419 0.896487
vt 0.080689 0.890139
vt 0.092964 0.818449
vt 0.090284 0.821339
vt 0.087256 0.818573
vt 0.080613 0.899494
vt 0.093250 0.904347
vt 0.072319 0.815307
vt 0.072661 0.805401
vt 0.102225 0.857954
vt 0.105354 0.858783
vt 0.071429 0.805175
vt 0.071429 0.816659
vt 0.070538 0.815307
vt 0.070196 0.805401
vt 0.097180 0.855229
vt 0.104051 0.855282
vt 0.069153 0.818453
vt 0.097515 0.818447
vt 0.096129 0.815301
vt 0.096466 0.805395
vt 0.093413 0.910080
vt 0.094260 0.913203
vt 0.087752 0.910996
vt 0.095233 0.805170
vt 0.095239 0.816654
vt 0.094347 0.815302
vt 0.094001 0.805396
vt 0.096640 0.910325
vt 0.121327 0.818428
vt 0.119939 0.815283
vt 0.120270 0.805377
vt 0.046633 0.912133
vt 0.043865 0.928511
vt 0.041583 0.930806
vt 0.040241 0.924067
vt 0.119037 0.805152
vt 0.119049 0.816636
vt 0.118157 0.815285
vt 0.117805 0.805379
vt 0.048748 0.925504
vt 0.045266 0.931428
vt 0.116776 0.818433
vt 0.000892 0.815256
vt 0.001245 0.805350
vt 0.003129 0.894816
vt 0.000000 0.893988
vt 0.000013 0.805122
vt 0.000000 0.816607
vt 0.142844 0.805122
vt 0.142857 0.816607
vt 0.141965 0.815256
vt 0.141612 0.805350
vt 0.008174 0.897542
vt 0.001303 0.897489
vt 0.140584 0.818404
vt 0.026082 0.818433
vt 0.024700 0.815285
vt 0.025052 0.805379
vt 0.024741 0.853277
vt 0.011941 0.842691
vt 0.011094 0.839567
vt 0.017602 0.841774
vt 0.023820 0.805152
vt 0.023808 0.816636
vt 0.022918 0.815283
vt 0.022587 0.805377
vt 0.012104 0.848423
vt 0.008714 0.842445
vt 0.021530 0.818428
vt 0.089047 0.844882
vt 0.089457 0.852885
vt 0.078594 0.859003
vt 0.066471 0.821342
vt 0.063445 0.818574
vt 0.059073 0.861999
vt 0.055322 0.860760
vt 0.062793 0.864159
vt 0.064413 0.907939
vt 0.054772 0.907521
vt 0.053982 0.892072
vt 0.058207 0.891259
vt 0.050032 0.892011
vt 0.037020 0.878039
vt 0.037823 0.881907
vt 0.037031 0.873737
vt 0.024665 0.862631
vt 0.038439 0.869672
vt 0.040468 0.866282
vt 0.071439 0.901324
vt 0.061938 0.889118
vt 0.064887 0.886488
vt 0.033915 0.851446
vt 0.043416 0.863653
vt 0.047147 0.861511
vt 0.051372 0.860698
vt 0.031219 0.902326
vt 0.026760 0.893767
vt 0.039744 0.885359
vt 0.042561 0.888611
vt 0.068334 0.874731
vt 0.067531 0.870863
vt 0.068323 0.879033
vt 0.065610 0.867411
vt 0.040460 0.905103
vt 0.046281 0.890772
vt 0.066915 0.883098
vt 0.035767 0.644039
vt 0.059541 0.644039
vt 0.083316 0.644039
vt 0.107091 0.644039
vt 0.011992 0.644038
vt 0.130865 0.644038
vt 0.023870 0.729748
vt 0.022452 0.729747
vt 0.023859 0.758213
vt 0.022441 0.758212
vt 0.025289 0.729748
vt 0.025278 0.758214
vt 0.142761 0.729741
vt 0.141343 0.729741
vt 0.142774 0.758198
vt 0.141356 0.758199
vt 0.001514 0.729741
vt 0.001502 0.758199
vt 0.000083 0.758198
vt 0.000096 0.729740
vt 0.118987 0.729748
vt 0.117568 0.729748
vt 0.118998 0.758213
vt 0.117579 0.758214
vt 0.120405 0.729747
vt 0.120416 0.758212
vt 0.095209 0.729753
vt 0.093790 0.729753
vt 0.095215 0.758223
vt 0.093796 0.758223
vt 0.096627 0.729753
vt 0.096633 0.758222
vt 0.071429 0.729755
vt 0.070010 0.729755
vt 0.071429 0.758226
vt 0.070010 0.758226
vt 0.072847 0.729755
vt 0.072848 0.758226
vt 0.046234 0.784551
vt 0.046391 0.805395
vt 0.047633 0.784489
vt 0.047624 0.805170
vt 0.049032 0.784552
vt 0.048856 0.805396
vt 0.061489 0.824260
vt 0.063771 0.821964
vt 0.048510 0.815302
vt 0.047619 0.816654
vt 0.060088 0.821342
vt 0.046728 0.815301
vt 0.778279 0.844797
vt 0.777019 0.844780
vt 0.779031 0.844807
vt 0.768495 0.827323
vt 0.767850 0.828407
vt 0.768879 0.826677
vt 0.738230 0.844270
vt 0.739491 0.844286
vt 0.737478 0.844260
vt 0.016307 0.907888
vt 0.015897 0.899885
vt 0.137907 0.821295
vt 0.134877 0.818533
vt 0.127035 0.818543
vt 0.124011 0.821314
vt 0.036489 0.916920
vt 0.028550 0.918018
vt 0.061774 0.923634
vt 0.054639 0.919987
vt 0.114097 0.821324
vt 0.111067 0.818559
vt 0.007209 0.860639
vt 0.013935 0.856283
vt 0.018846 0.821314
vt 0.015822 0.818543
vt 0.031790 0.818559
vt 0.028760 0.821324
vt 0.025667 0.842098
vt 0.028685 0.834674
vt 0.103223 0.818565
vt 0.100198 0.821334
vt 0.079687 0.910672
vt 0.076669 0.918097
vt 0.748014 0.861743
vt 0.748659 0.860660
vt 0.747630 0.862389
vt 0.072828 0.784557
vt 0.071429 0.784493
vt 0.070029 0.784557
vt 0.096623 0.784551
vt 0.095224 0.784488
vt 0.093825 0.784552
vt 0.120415 0.784536
vt 0.119016 0.784473
vt 0.117618 0.784538
vt 0.001455 0.784511
vt 0.000057 0.784445
vt 0.142800 0.784445
vt 0.141402 0.784510
vt 0.025240 0.784538
vt 0.023841 0.784474
vt 0.022442 0.784536
vt 0.086730 0.835219
vt 0.059524 0.815632
vt 0.105354 0.885293
vt 0.083333 0.815632
vt 0.018624 0.917551
vt 0.130953 0.815596
vt -0.000000 0.867477
vt 0.011904 0.815596
vt 0.034053 0.826312
vt 0.035714 0.815621
vt 0.071301 0.926459
vt 0.107143 0.815621
vt 0.748471 0.827060
vt 0.749086 0.828160
vt 0.748103 0.826404
vt 0.768039 0.862007
vt 0.767423 0.860907
vt 0.768406 0.862663
vt 0.052680 0.876383
vt 0.052678 0.876382
vt 0.052676 0.876381
vt 0.052681 0.876384
vt 0.052675 0.876382
vt 0.052673 0.876384
vt 0.052673 0.876386
vt 0.052679 0.876388
vt 0.052681 0.876387
vt 0.052674 0.876388
vt 0.052678 0.876389
vt 0.052676 0.876389
vt 0.052677 0.876385
vt 0.748934 0.838988
vt 0.752956 0.835070
vt 0.758397 0.833689
vt 0.763801 0.835213
vt 0.767717 0.839235
vt 0.769099 0.844676
vt 0.767575 0.850079
vt 0.763553 0.853997
vt 0.758112 0.855378
vt 0.752709 0.853854
vt 0.748792 0.849832
vt 0.747410 0.844391
s 1
f 10/1/1 229/2/2 655/3/3 225/4/4
f 12/5/5 222/6/6 655/3/3 229/2/2
f 909/7/7 225/4/4 655/3/3 222/6/6
f 12/5/5 230/8/8 656/9/9 222/6/6
f 11/10/10 223/11/11 656/9/9 230/8/8
f 909/7/7 222/6/6 656/9/9 223/11/11
f 16/12/12 231/13/13 657/14/14 224/15/15
f 18/16/16 220/17/17 657/14/14 231/13/13
f 907/18/18 224/15/15 657/14/14 220/17/17
f 18/16/16 232/19/19 658/20/20 220/17/17
f 17/21/21 221/22/22 658/20/20 232/19/19
f 907/18/18 220/17/17 658/20/20 221/22/22
f 22/23/23 233/24/24 659/25/25 212/26/26
f 24/27/27 211/28/28 659/25/25 233/24/24
f 902/29/29 212/26/26 659/25/25 211/28/28
f 24/27/27 234/30/30 660/31/31 211/28/28
f 23/32/32 226/33/33 660/31/31 234/30/30
f 902/29/29 211/28/28 660/31/31 226/33/33
f 28/34/34 235/35/35 661/36/36 219/37/37
f 30/38/38 228/39/39 661/36/36 235/35/35
f 904/40/40 219/37/37 661/36/36 228/39/39
f 30/38/38 236/41/41 662/42/42 228/39/39
f 29/43/43 217/44/44 662/42/42 236/41/41
f 904/40/40 228/39/39 662/42/42 217/44/44
f 34/45/45 237/46/46 663/47/47 218/48/48
f 36/49/49 216/50/50 663/47/47 237/46/46
f 906/51/51 218/48/48 663/47/47 216/50/50
f 36/49/49 238/52/52 664/53/53 216/50/50
f 35/54/54 215/55/55 664/53/53 238/52/52
f 906/51/51 216/50/50 664/53/53 215/55/55
f 40/56/56 239/57/57 665/58/58 213/59/59
f 42/60/60 214/61/61 665/58/58 239/57/57
f 911/62/62 213/59/59 665/58/58 214/61/61
f 42/60/60 240/63/63 666/64/64 214/61/61
f 41/65/65 227/66/66 666/64/64 240/63/63
f 911/62/62 214/61/61 666/64/64 227/66/66
f 10/67/67 241/68/68 667/69/69 229/70/70
f 241/68/68 7/71/71 242/72/72 667/69/69
f 667/69/69 242/72/72 9/73/73 243/74/74
f 229/70/70 667/69/69 243/74/74 12/75/75
f 12/75/75 243/74/74 668/76/76 230/77/77
f 243/74/74 9/73/73 244/78/78 668/76/76
f 668/76/76 244/78/78 8/79/79 245/80/80
f 230/77/77 668/76/76 245/80/80 11/81/81
f 38/82/82 247/83/83 669/84/84 246/85/85
f 247/83/83 41/86/86 240/87/87 669/84/84
f 669/84/84 240/87/87 42/88/88 248/89/89
f 246/85/85 669/84/84 248/89/89 39/90/90
f 39/90/90 248/89/89 670/91/91 249/92/92
f 248/89/89 42/88/88 239/93/93 670/91/91
f 670/91/91 239/93/93 40/94/94 250/95/95
f 249/92/92 670/91/91 250/95/95 37/96/96
f 16/97/97 251/98/98 671/99/99 231/100/100
f 251/98/98 13/101/101 252/102/102 671/99/99
f 671/99/99 252/102/102 15/103/103 253/104/104
f 231/100/100 671/99/99 253/104/104 18/105/105
f 18/105/105 253/104/104 672/106/106 232/107/107
f 253/104/104 15/103/103 254/108/108 672/106/106
f 672/106/106 254/108/108 14/109/109 255/110/110
f 232/107/107 672/106/106 255/110/110 17/111/111
f 22/112/112 256/113/113 673/114/114 233/115/115
f 256/113/113 19/116/116 257/117/117 673/114/114
f 673/114/114 257/117/117 21/118/118 258/119/119
f 233/115/115 673/114/114 258/119/119 24/120/120
f 24/120/120 258/119/119 674/121/121 234/122/122
f 258/119/119 21/118/118 259/123/123 674/121/121
f 674/121/121 259/123/123 20/124/124 260/125/125
f 234/122/122 674/121/121 260/125/125 23/126/126
f 28/127/127 261/128/128 675/129/129 235/130/130
f 261/128/128 25/131/131 262/132/132 675/129/129
f 675/129/129 262/132/132 27/133/133 263/134/134
f 235/130/130 675/129/129 263/134/134 30/135/135
f 30/136/135 263/137/134 676/138/136 236/139/137
f 263/137/134 27/140/133 264/141/138 676/138/136
f 676/138/136 264/141/138 26/142/139 265/143/140
f 236/139/137 676/138/136 265/143/140 29/144/141
f 34/145/142 266/146/143 677/147/144 237/148/145
f 266/146/143 31/149/146 267/150/147 677/147/144
f 677/147/144 267/150/147 33/151/148 268/152/149
f 237/148/145 677/147/144 268/152/149 36/153/150
f 36/153/150 268/152/149 678/154/151 238/155/152
f 268/152/149 33/151/148 269/156/153 678/154/151
f 678/154/151 269/156/153 32/157/154 270/158/155
f 238/155/152 678/154/151 270/158/155 35/159/156
f 72/160/157 273/161/158 679/162/159 505/163/160
f 273/161/158 38/82/82 246/85/85 679/162/159
f 679/162/159 246/85/85 39/90/90 326/164/161
f 505/163/160 679/162/159 326/164/161 73/165/162
f 73/165/162 326/164/161 680/166/163 499/167/164
f 326/164/161 39/90/90 249/92/92 680/166/163
f 680/166/163 249/92/92 37/96/96 332/168/165
f 499/167/164 680/166/163 332/168/165 79/169/166
f 102/170/167 434/171/168 681/172/169 275/173/170
f 434/171/168 49/174/171 302/175/172 681/172/169
f 681/172/169 302/175/172 7/71/71 293/176/173
f 275/173/170 681/172/169 293/176/173 14/109/109
f 66/177/174 440/178/175 682/179/176 272/180/177
f 440/178/175 79/169/166 332/168/165 682/179/176
f 682/179/176 332/168/165 37/96/96 296/181/178
f 272/180/177 682/179/176 296/181/178 8/79/79
f 8/79/79 296/181/178 683/182/179 245/80/80
f 296/181/178 37/96/96 250/95/95 683/182/179
f 683/182/179 250/95/95 40/94/94 297/183/180
f 245/80/80 683/182/179 297/183/180 11/81/81
f 14/109/109 293/176/173 684/184/181 255/110/110
f 293/176/173 7/71/71 241/68/68 684/184/181
f 684/184/181 241/68/68 10/67/67 294/185/182
f 255/110/110 684/184/181 294/185/182 17/111/111
f 120/186/183 428/187/184 685/188/185 277/189/186
f 428/187/184 85/190/187 338/191/188 685/188/185
f 685/188/185 338/191/188 13/101/101 290/192/189
f 277/189/186 685/188/185 290/192/189 20/124/124
f 20/124/124 290/192/189 686/193/190 260/125/125
f 290/192/189 13/101/101 251/98/98 686/193/190
f 686/193/190 251/98/98 16/97/97 291/194/191
f 260/125/125 686/193/190 291/194/191 23/126/126
f 138/195/192 422/196/193 687/197/194 279/198/195
f 422/196/193 103/199/196 356/200/197 687/197/194
f 687/197/194 356/200/197 19/116/116 284/201/198
f 279/198/195 687/197/194 284/201/198 26/142/139
f 26/142/139 284/201/198 688/202/199 265/143/140
f 284/201/198 19/116/116 256/113/113 688/202/199
f 688/202/199 256/113/113 22/112/112 285/203/200
f 265/143/140 688/202/199 285/203/200 29/144/141
f 156/204/201 416/205/202 689/206/203 281/207/204
f 416/205/202 121/208/205 374/209/206 689/206/203
f 689/206/203 374/209/206 25/131/131 287/210/207
f 281/207/204 689/206/203 287/210/207 32/157/154
f 32/157/154 287/210/207 690/211/208 270/158/155
f 287/210/207 25/131/131 261/128/128 690/211/208
f 690/211/208 261/128/128 28/127/127 288/212/209
f 270/158/155 690/211/208 288/212/209 35/159/156
f 72/160/157 410/213/210 691/214/211 273/161/158
f 410/213/210 139/215/212 392/216/213 691/214/211
f 691/214/211 392/216/213 31/149/146 299/217/214
f 273/161/158 691/214/211 299/217/214 38/82/82
f 38/82/82 299/217/214 692/218/215 247/83/83
f 299/217/214 31/149/146 266/146/143 692/218/215
f 692/218/215 266/146/143 34/145/142 300/219/216
f 247/83/83 692/218/215 300/219/216 41/86/86
f 162/220/217 542/221/218 693/222/219 552/223/220
f 161/224/221 543/225/222 693/222/219 542/221/218
f 158/226/223 541/227/224 694/228/225 549/229/226
f 167/230/227 547/231/228 694/228/225 541/227/224
f 157/232/229 540/233/230 695/234/231 526/235/232
f 163/236/233 544/237/234 695/234/231 540/233/230
f 163/236/233 539/238/235 696/239/236 544/237/234
f 162/220/217 552/223/220 696/239/236 539/238/235
f 167/230/227 538/240/237 697/241/238 547/231/228
f 164/242/239 545/243/240 697/241/238 538/240/237
f 159/244/241 537/245/242 698/246/243 550/247/244
f 165/248/245 546/249/246 698/246/243 537/245/242
f 166/250/247 536/251/248 699/252/249 553/253/250
f 159/244/241 550/247/244 699/252/249 536/251/248
f 161/224/221 535/254/251 700/255/252 543/225/222
f 168/256/253 548/257/254 700/255/252 535/254/251
f 160/258/255 534/259/256 701/260/257 551/261/258
f 166/250/247 553/253/250 701/260/257 534/259/256
f 164/242/239 533/262/259 702/263/260 545/243/240
f 160/258/255 551/261/258 702/263/260 533/262/259
f 168/256/253 532/264/261 703/265/262 548/257/254
f 158/226/223 549/229/226 703/265/262 532/264/261
f 165/248/245 531/266/263 704/267/264 546/249/246
f 157/232/229 526/235/232 704/267/264 531/266/263
f 171/268/265 572/269/266 705/270/266 320/271/267
f 572/269/266 186/272/268 571/273/269 705/270/266
f 705/270/266 571/273/269 144/274/269 415/275/266
f 320/271/267 705/270/266 415/275/266 67/276/267
f 171/268/265 556/277/270 706/278/210 572/269/266
f 556/277/270 195/279/271 646/280/272 706/278/210
f 706/278/210 646/280/272 210/281/273 631/282/274
f 572/269/266 706/278/210 631/282/274 186/272/268
f 71/283/267 411/284/266 707/285/266 325/286/267
f 411/284/266 140/287/269 393/288/269 707/285/266
f 707/285/266 393/288/269 139/215/212 410/213/210
f 325/286/267 707/285/266 410/213/210 72/160/157
f 70/289/267 412/290/266 708/291/266 324/292/267
f 412/290/266 141/293/269 394/294/269 708/291/266
f 708/291/266 394/294/269 140/287/269 411/284/266
f 324/292/267 708/291/266 411/284/266 71/283/267
f 69/295/267 413/296/266 709/297/266 323/298/267
f 413/296/266 142/299/269 395/300/269 709/297/266
f 709/297/266 395/300/269 141/293/269 412/290/266
f 323/298/267 709/297/266 412/290/266 70/289/267
f 68/301/267 414/302/266 710/303/266 322/304/267
f 414/302/266 143/305/269 396/306/269 710/303/266
f 710/303/266 396/306/269 142/299/269 413/296/266
f 322/304/267 710/303/266 413/296/266 69/295/267
f 170/307/275 577/308/276 711/309/276 314/310/277
f 577/308/276 182/311/278 567/312/278 711/309/276
f 711/309/276 567/312/278 84/313/278 445/314/276
f 314/310/277 711/309/276 445/314/276 61/315/277
f 170/307/275 555/316/279 712/317/175 577/308/276
f 555/316/279 194/318/280 645/319/281 712/317/175
f 712/317/175 645/319/281 206/320/282 627/321/283
f 577/308/276 712/317/175 627/321/283 182/311/278
f 65/322/277 441/323/276 713/324/276 319/325/277
f 441/323/276 80/326/278 333/327/278 713/324/276
f 713/324/276 333/327/278 79/169/166 440/178/175
f 319/325/277 713/324/276 440/178/175 66/177/174
f 64/328/277 442/329/276 714/330/276 318/331/277
f 442/329/276 81/332/278 334/333/278 714/330/276
f 714/330/276 334/333/278 80/326/278 441/323/276
f 318/331/277 714/330/276 441/323/276 65/322/277
f 63/334/277 443/335/276 715/336/276 317/337/277
f 443/335/276 82/338/278 335/339/278 715/336/276
f 715/336/276 335/339/278 81/332/278 442/329/276
f 317/337/277 715/336/276 442/329/276 64/328/277
f 62/340/277 444/341/276 716/342/276 316/343/277
f 444/341/276 83/344/278 336/345/278 716/342/276
f 716/342/276 336/345/278 82/338/278 443/335/276
f 316/343/277 716/342/276 443/335/276 63/334/277
f 173/346/284 576/347/285 717/348/285 350/349/284
f 576/347/285 180/350/286 565/351/287 717/348/285
f 717/348/285 565/351/287 54/352/287 439/353/285
f 350/349/284 717/348/285 439/353/285 97/354/284
f 173/346/284 558/355/288 718/356/168 576/347/285
f 558/355/288 197/357/289 644/358/290 718/356/168
f 718/356/168 644/358/290 204/359/291 625/360/292
f 576/347/285 718/356/168 625/360/292 180/350/286
f 101/361/284 435/362/285 719/363/285 355/364/284
f 435/362/285 50/365/287 303/366/287 719/363/285
f 719/363/285 303/366/287 49/174/171 434/171/168
f 355/364/284 719/363/285 434/171/168 102/170/167
f 100/367/284 436/368/285 720/369/285 354/370/284
f 436/368/285 51/371/287 304/372/287 720/369/285
f 720/369/285 304/372/287 50/365/287 435/362/285
f 354/370/284 720/369/285 435/362/285 101/361/284
f 99/373/284 437/374/285 721/375/285 353/376/284
f 437/374/285 52/377/287 305/378/287 721/375/285
f 721/375/285 305/378/287 51/371/287 436/368/285
f 353/376/284 721/375/285 436/368/285 100/367/284
f 98/379/284 438/380/285 722/381/285 352/382/284
f 438/380/285 53/383/287 306/384/287 722/381/285
f 722/381/285 306/384/287 52/377/287 437/374/285
f 352/382/284 722/381/285 437/374/285 99/373/284
f 175/385/293 575/386/294 723/387/294 368/388/295
f 575/386/294 183/389/296 568/390/297 723/387/294
f 723/387/294 568/390/297 90/391/297 433/392/294
f 368/388/295 723/387/294 433/392/294 115/393/295
f 199/394/298 649/395/299 724/396/184 560/397/300
f 649/395/299 207/398/301 628/399/302 724/396/184
f 724/396/184 628/399/302 183/389/296 575/386/294
f 560/397/300 724/396/184 575/386/294 175/385/293
f 119/400/295 429/401/294 725/402/294 373/403/295
f 429/401/294 86/404/297 339/405/297 725/402/294
f 725/402/294 339/405/297 85/190/187 428/187/184
f 373/403/295 725/402/294 428/187/184 120/186/183
f 118/406/295 430/407/294 726/408/294 372/409/295
f 430/407/294 87/410/297 340/411/297 726/408/294
f 726/408/294 340/411/297 86/404/297 429/401/294
f 372/409/295 726/408/294 429/401/294 119/400/295
f 117/412/295 431/413/294 727/414/294 371/415/295
f 431/413/294 88/416/297 341/417/297 727/414/294
f 727/414/294 341/417/297 87/410/297 430/407/294
f 371/415/295 727/414/294 430/407/294 118/406/295
f 116/418/295 432/419/294 728/420/294 370/421/295
f 432/419/294 89/422/297 342/423/297 728/420/294
f 728/420/294 342/423/297 88/416/297 431/413/294
f 370/421/295 728/420/294 431/413/294 117/412/295
f 179/424/303 573/425/304 729/426/304 404/427/303
f 573/425/304 185/428/305 570/429/306 729/426/304
f 729/426/304 570/429/306 126/430/306 421/431/304
f 404/427/303 729/426/304 421/431/304 151/432/303
f 179/424/303 564/433/307 730/434/202 573/425/304
f 564/433/307 203/435/308 643/436/309 730/434/202
f 730/434/202 643/436/309 209/437/310 630/438/311
f 573/425/304 730/434/202 630/438/311 185/428/305
f 155/439/303 417/440/304 731/441/304 409/442/303
f 417/440/304 122/443/306 375/444/306 731/441/304
f 731/441/304 375/444/306 121/208/205 416/205/202
f 409/442/303 731/441/304 416/205/202 156/204/201
f 154/445/303 418/446/304 732/447/304 408/448/303
f 418/446/304 123/449/306 376/450/306 732/447/304
f 732/447/304 376/450/306 122/443/306 417/440/304
f 408/448/303 732/447/304 417/440/304 155/439/303
f 153/451/303 419/452/304 733/453/304 407/454/303
f 419/452/304 124/455/306 377/456/306 733/453/304
f 733/453/304 377/456/306 123/449/306 418/446/304
f 407/454/303 733/453/304 418/446/304 154/445/303
f 152/457/303 420/458/304 734/459/304 406/460/303
f 420/458/304 125/461/306 378/462/306 734/459/304
f 734/459/304 378/462/306 124/455/306 419/452/304
f 406/460/303 734/459/304 419/452/304 153/451/303
f 177/463/312 574/464/313 735/465/313 386/466/314
f 574/464/313 184/467/315 569/468/315 735/465/313
f 735/465/313 569/468/315 108/469/315 427/470/313
f 386/466/314 735/465/313 427/470/313 133/471/314
f 177/463/312 562/472/316 736/473/193 574/464/313
f 562/472/316 201/474/317 642/475/318 736/473/193
f 736/473/193 642/475/318 208/476/319 629/477/320
f 574/464/313 736/473/193 629/477/320 184/467/315
f 137/478/314 423/479/313 737/480/313 391/481/314
f 423/479/313 104/482/315 357/483/315 737/480/313
f 737/480/313 357/483/315 103/199/196 422/196/193
f 391/481/314 737/480/313 422/196/193 138/195/192
f 136/484/314 424/485/313 738/486/313 390/487/314
f 424/485/313 105/488/315 358/489/315 738/486/313
f 738/486/313 358/489/315 104/482/315 423/479/313
f 390/487/314 738/486/313 423/479/313 137/478/314
f 135/490/314 425/491/313 739/492/313 389/493/314
f 425/491/313 106/494/315 359/495/315 739/492/313
f 739/492/313 359/495/315 105/488/315 424/485/313
f 389/493/314 739/492/313 424/485/313 136/484/314
f 134/496/314 426/497/313 740/498/313 388/499/314
f 426/497/313 107/500/315 360/501/315 740/498/313
f 740/498/313 360/501/315 106/494/315 425/491/313
f 388/499/314 740/498/313 425/491/313 135/490/314
f 33/151/148 280/502/321 741/503/322 269/156/153
f 280/502/321 150/504/323 446/505/324 741/503/322
f 741/503/322 446/505/324 156/204/201 281/207/204
f 269/156/153 741/503/322 281/207/204 32/157/154
f 150/504/323 403/506/325 742/507/326 446/505/324
f 403/506/325 149/508/325 447/509/326 742/507/326
f 742/507/326 447/509/326 155/439/303 409/442/303
f 446/505/324 742/507/326 409/442/303 156/204/201
f 149/508/325 402/510/325 743/511/326 447/509/326
f 402/510/325 148/512/325 448/513/326 743/511/326
f 743/511/326 448/513/326 154/445/303 408/448/303
f 447/509/326 743/511/326 408/448/303 155/439/303
f 148/512/325 401/514/325 744/515/326 448/513/326
f 401/514/325 147/516/325 449/517/326 744/515/326
f 744/515/326 449/517/326 153/451/303 407/454/303
f 448/513/326 744/515/326 407/454/303 154/445/303
f 147/516/325 400/518/325 745/519/326 449/517/326
f 400/518/325 146/520/325 450/521/326 745/519/326
f 745/519/326 450/521/326 152/457/303 406/460/303
f 449/517/326 745/519/326 406/460/303 153/451/303
f 146/520/325 399/522/325 746/523/326 450/521/326
f 399/522/325 145/524/325 451/525/326 746/523/326
f 746/523/326 451/525/326 151/432/303 405/526/303
f 450/521/326 746/523/326 405/526/303 152/457/303
f 31/149/146 392/216/213 747/527/327 267/150/147
f 392/216/213 139/215/212 452/528/328 747/527/327
f 747/527/327 452/528/328 150/504/323 280/502/321
f 267/150/147 747/527/327 280/502/321 33/151/148
f 139/215/212 393/288/269 748/529/329 452/528/328
f 393/288/269 140/287/269 453/530/329 748/529/329
f 748/529/329 453/530/329 149/508/325 403/506/325
f 452/528/328 748/529/329 403/506/325 150/504/323
f 140/287/269 394/294/269 749/531/329 453/530/329
f 394/294/269 141/293/269 454/532/329 749/531/329
f 749/531/329 454/532/329 148/512/325 402/510/325
f 453/530/329 749/531/329 402/510/325 149/508/325
f 141/293/269 395/300/269 750/533/329 454/532/329
f 395/300/269 142/299/269 455/534/329 750/533/329
f 750/533/329 455/534/329 147/516/325 401/514/325
f 454/532/329 750/533/329 401/514/325 148/512/325
f 142/299/269 396/306/269 751/535/329 455/534/329
f 396/306/269 143/305/269 456/536/329 751/535/329
f 751/535/329 456/536/329 146/520/325 400/518/325
f 455/534/329 751/535/329 400/518/325 147/516/325
f 143/305/269 397/537/269 752/538/329 456/536/329
f 397/537/269 144/274/269 457/539/329 752/538/329
f 752/538/329 457/539/329 145/524/325 399/522/325
f 456/536/329 752/538/329 399/522/325 146/520/325
f 27/140/133 278/540/330 753/541/331 264/141/138
f 278/540/330 132/542/332 458/543/333 753/541/331
f 753/541/331 458/543/333 138/195/192 279/198/195
f 264/141/138 753/541/331 279/198/195 26/142/139
f 132/542/332 385/544/334 754/545/335 458/543/333
f 385/544/334 131/546/334 459/547/335 754/545/335
f 754/545/335 459/547/335 137/478/314 391/481/314
f 458/543/333 754/545/335 391/481/314 138/195/192
f 131/546/334 384/548/334 755/549/335 459/547/335
f 384/548/334 130/550/334 460/551/335 755/549/335
f 755/549/335 460/551/335 136/484/314 390/487/314
f 459/547/335 755/549/335 390/487/314 137/478/314
f 130/550/334 383/552/334 756/553/335 460/551/335
f 383/552/334 129/554/334 461/555/335 756/553/335
f 756/553/335 461/555/335 135/490/314 389/493/314
f 460/551/335 756/553/335 389/493/314 136/484/314
f 129/554/334 382/556/334 757/557/335 461/555/335
f 382/556/334 128/558/334 462/559/335 757/557/335
f 757/557/335 462/559/335 134/496/314 388/499/314
f 461/555/335 757/557/335 388/499/314 135/490/314
f 128/558/334 381/560/334 758/561/335 462/559/335
f 381/560/334 127/562/334 463/563/335 758/561/335
f 758/561/335 463/563/335 133/471/314 387/564/314
f 462/559/335 758/561/335 387/564/314 134/496/314
f 25/131/131 374/209/206 759/565/336 262/132/132
f 374/209/206 121/208/205 464/566/337 759/565/336
f 759/565/336 464/566/337 132/567/332 278/568/330
f 262/132/132 759/565/336 278/568/330 27/133/133
f 121/208/205 375/444/306 760/569/338 464/566/337
f 375/444/306 122/443/306 465/570/338 760/569/338
f 760/569/338 465/570/338 131/571/334 385/572/334
f 464/566/337 760/569/338 385/572/334 132/567/332
f 122/443/306 376/450/306 761/573/338 465/570/338
f 376/450/306 123/449/306 466/574/338 761/573/338
f 761/573/338 466/574/338 130/575/334 384/576/334
f 465/570/338 761/573/338 384/576/334 131/571/334
f 123/449/306 377/456/306 762/577/338 466/574/338
f 377/456/306 124/455/306 467/578/338 762/577/338
f 762/577/338 467/578/338 129/579/334 383/580/334
f 466/574/338 762/577/338 383/580/334 130/575/334
f 124/455/306 378/462/306 763/581/338 467/578/338
f 378/462/306 125/461/306 468/582/338 763/581/338
f 763/581/338 468/582/338 128/583/334 382/584/334
f 467/578/338 763/581/338 382/584/334 129/579/334
f 125/461/306 379/585/306 764/586/338 468/582/338
f 379/585/306 126/430/306 469/587/338 764/586/338
f 764/586/338 469/587/338 127/588/334 381/589/334
f 468/582/338 764/586/338 381/589/334 128/583/334
f 21/118/118 276/590/339 765/591/340 259/123/123
f 276/590/339 114/592/341 470/593/342 765/591/340
f 765/591/340 470/593/342 120/186/183 277/189/186
f 259/123/123 765/591/340 277/189/186 20/124/124
f 114/592/341 367/594/343 766/595/344 470/593/342
f 367/594/343 113/596/343 471/597/344 766/595/344
f 766/595/344 471/597/344 119/400/295 373/403/295
f 470/593/342 766/595/344 373/403/295 120/186/183
f 113/596/343 366/598/343 767/599/344 471/597/344
f 366/598/343 112/600/343 472/601/344 767/599/344
f 767/599/344 472/601/344 118/406/295 372/409/295
f 471/597/344 767/599/344 372/409/295 119/400/295
f 112/600/343 365/602/343 768/603/344 472/601/344
f 365/602/343 111/604/343 473/605/344 768/603/344
f 768/603/344 473/605/344 117/412/295 371/415/295
f 472/601/344 768/603/344 371/415/295 118/406/295
f 111/604/343 364/606/343 769/607/344 473/605/344
f 364/606/343 110/608/343 474/609/344 769/607/344
f 769/607/344 474/609/344 116/418/295 370/421/295
f 473/605/344 769/607/344 370/421/295 117/412/295
f 110/608/343 363/610/343 770/611/344 474/609/344
f 363/610/343 109/612/343 475/613/344 770/611/344
f 770/611/344 475/613/344 115/393/295 369/614/295
f 474/609/344 770/611/344 369/614/295 116/418/295
f 19/116/116 356/200/197 771/615/345 257/117/117
f 356/200/197 103/199/196 476/616/346 771/615/345
f 771/615/345 476/616/346 114/592/341 276/590/339
f 257/117/117 771/615/345 276/590/339 21/118/118
f 103/199/196 357/483/315 772/617/347 476/616/346
f 357/483/315 104/482/315 477/618/347 772/617/347
f 772/617/347 477/618/347 113/596/343 367/594/343
f 476/616/346 772/617/347 367/594/343 114/592/341
f 104/482/315 358/489/315 773/619/347 477/618/347
f 358/489/315 105/488/315 478/620/347 773/619/347
f 773/619/347 478/620/347 112/600/343 366/598/343
f 477/618/347 773/619/347 366/598/343 113/596/343
f 105/488/315 359/495/315 774/621/347 478/620/347
f 359/495/315 106/494/315 479/622/347 774/621/347
f 774/621/347 479/622/347 111/604/343 365/602/343
f 478/620/347 774/621/347 365/602/343 112/600/343
f 106/494/315 360/501/315 775/623/347 479/622/347
f 360/501/315 107/500/315 480/624/347 775/623/347
f 775/623/347 480/624/347 110/608/343 364/606/343
f 479/622/347 775/623/347 364/606/343 111/604/343
f 107/500/315 361/625/315 776/626/347 480/624/347
f 361/625/315 108/469/315 481/627/347 776/626/347
f 776/626/347 481/627/347 109/612/343 363/610/343
f 480/624/347 776/626/347 363/610/343 110/608/343
f 15/103/103 274/628/348 777/629/349 254/108/108
f 274/628/348 96/630/350 482/631/351 777/629/349
f 777/629/349 482/631/351 102/170/167 275/173/170
f 254/108/108 777/629/349 275/173/170 14/109/109
f 96/630/350 349/632/352 778/633/353 482/631/351
f 349/632/352 95/634/352 483/635/353 778/633/353
f 778/633/353 483/635/353 101/361/284 355/364/284
f 482/631/351 778/633/353 355/364/284 102/170/167
f 95/634/352 348/636/352 779/637/353 483/635/353
f 348/636/352 94/638/352 484/639/353 779/637/353
f 779/637/353 484/639/353 100/367/284 354/370/284
f 483/635/353 779/637/353 354/370/284 101/361/284
f 94/638/352 347/640/352 780/641/353 484/639/353
f 347/640/352 93/642/352 485/643/353 780/641/353
f 780/641/353 485/643/353 99/373/284 353/376/284
f 484/639/353 780/641/353 353/376/284 100/367/284
f 93/642/352 346/644/352 781/645/353 485/643/353
f 346/644/352 92/646/352 486/647/353 781/645/353
f 781/645/353 486/647/353 98/379/284 352/382/284
f 485/643/353 781/645/353 352/382/284 99/373/284
f 92/646/352 345/648/352 782/649/353 486/647/353
f 345/648/352 91/650/352 487/651/353 782/649/353
f 782/649/353 487/651/353 97/354/284 351/652/284
f 486/647/353 782/649/353 351/652/284 98/379/284
f 13/101/101 338/191/188 783/653/354 252/102/102
f 338/191/188 85/190/187 488/654/355 783/653/354
f 783/653/354 488/654/355 96/630/350 274/628/348
f 252/102/102 783/653/354 274/628/348 15/103/103
f 85/190/187 339/405/297 784/655/356 488/654/355
f 339/405/297 86/404/297 489/656/356 784/655/356
f 784/655/356 489/656/356 95/634/352 349/632/352
f 488/654/355 784/655/356 349/632/352 96/630/350
f 86/404/297 340/411/297 785/657/356 489/656/356
f 340/411/297 87/410/297 490/658/356 785/657/356
f 785/657/356 490/658/356 94/638/352 348/636/352
f 489/656/356 785/657/356 348/636/352 95/634/352
f 87/410/297 341/417/297 786/659/356 490/658/356
f 341/417/297 88/416/297 491/660/356 786/659/356
f 786/659/356 491/660/356 93/642/352 347/640/352
f 490/658/356 786/659/356 347/640/352 94/638/352
f 88/416/297 342/423/297 787/661/356 491/660/356
f 342/423/297 89/422/297 492/662/356 787/661/356
f 787/661/356 492/662/356 92/646/352 346/644/352
f 491/660/356 787/661/356 346/644/352 93/642/352
f 89/422/297 343/663/297 788/664/356 492/662/356
f 343/663/297 90/391/297 493/665/356 788/664/356
f 788/664/356 493/665/356 91/650/352 345/648/352
f 492/662/356 788/664/356 345/648/352 92/646/352
f 181/666/162 566/667/357 789/668/358 589/669/359
f 566/667/357 78/670/357 494/671/358 789/668/358
f 789/668/358 494/671/358 84/313/278 567/312/278
f 589/669/359 789/668/358 567/312/278 182/311/278
f 78/670/357 331/672/357 790/673/358 494/671/358
f 331/672/357 77/674/357 495/675/358 790/673/358
f 790/673/358 495/675/358 83/344/278 337/676/278
f 494/671/358 790/673/358 337/676/278 84/313/278
f 77/674/357 330/677/357 791/678/358 495/675/358
f 330/677/357 76/679/357 496/680/358 791/678/358
f 791/678/358 496/680/358 82/338/278 336/345/278
f 495/675/358 791/678/358 336/345/278 83/344/278
f 76/679/357 329/681/357 792/682/358 496/680/358
f 329/681/357 75/683/357 497/684/358 792/682/358
f 792/682/358 497/684/358 81/332/278 335/339/278
f 496/680/358 792/682/358 335/339/278 82/338/278
f 75/683/357 328/685/357 793/686/358 497/684/358
f 328/685/357 74/687/357 498/688/358 793/686/358
f 793/686/358 498/688/358 80/326/278 334/333/278
f 497/684/358 793/686/358 334/333/278 81/332/278
f 74/687/357 327/689/357 794/690/358 498/688/358
f 327/689/357 73/165/162 499/167/164 794/690/358
f 794/690/358 499/167/164 79/169/166 333/327/278
f 498/688/358 794/690/358 333/327/278 80/326/278
f 171/268/265 320/271/267 795/691/360 588/692/361
f 320/271/267 67/276/267 500/693/360 795/691/360
f 795/691/360 500/693/360 78/670/357 566/667/357
f 588/692/361 795/691/360 566/667/357 181/666/162
f 67/276/267 321/694/267 796/695/360 500/693/360
f 321/694/267 68/301/267 501/696/360 796/695/360
f 796/695/360 501/696/360 77/674/357 331/672/357
f 500/693/360 796/695/360 331/672/357 78/670/357
f 68/301/267 322/304/267 797/697/360 501/696/360
f 322/304/267 69/295/267 502/698/360 797/697/360
f 797/697/360 502/698/360 76/679/357 330/677/357
f 501/696/360 797/697/360 330/677/357 77/674/357
f 69/295/267 323/298/267 798/699/360 502/698/360
f 323/298/267 70/289/267 503/700/360 798/699/360
f 798/699/360 503/700/360 75/683/357 329/681/357
f 502/698/360 798/699/360 329/681/357 76/679/357
f 70/289/267 324/292/267 799/701/360 503/700/360
f 324/292/267 71/283/267 504/702/360 799/701/360
f 799/701/360 504/702/360 74/687/357 328/685/357
f 503/700/360 799/701/360 328/685/357 75/683/357
f 71/283/267 325/286/267 800/703/360 504/702/360
f 325/286/267 72/160/157 505/163/160 800/703/360
f 800/703/360 505/163/160 73/165/162 327/689/357
f 504/702/360 800/703/360 327/689/357 74/687/357
f 9/73/73 271/704/362 801/705/363 244/78/78
f 271/704/362 60/706/364 506/707/365 801/705/363
f 801/705/363 506/707/365 66/177/174 272/180/177
f 244/78/78 801/705/363 272/180/177 8/79/79
f 60/706/364 313/708/366 802/709/367 506/707/365
f 313/708/366 59/710/366 507/711/367 802/709/367
f 802/709/367 507/711/367 65/322/277 319/325/277
f 506/707/365 802/709/367 319/325/277 66/177/174
f 59/710/366 312/712/366 803/713/367 507/711/367
f 312/712/366 58/714/366 508/715/367 803/713/367
f 803/713/367 508/715/367 64/328/277 318/331/277
f 507/711/367 803/713/367 318/331/277 65/322/277
f 58/714/366 311/716/366 804/717/367 508/715/367
f 311/716/366 57/718/366 509/719/367 804/717/367
f 804/717/367 509/719/367 63/334/277 317/337/277
f 508/715/367 804/717/367 317/337/277 64/328/277
f 57/718/366 310/720/366 805/721/367 509/719/367
f 310/720/366 56/722/366 510/723/367 805/721/367
f 805/721/367 510/723/367 62/340/277 316/343/277
f 509/719/367 805/721/367 316/343/277 63/334/277
f 56/722/366 309/724/366 806/725/367 510/723/367
f 309/724/366 55/726/366 511/727/367 806/725/367
f 806/725/367 511/727/367 61/315/277 315/728/277
f 510/723/367 806/725/367 315/728/277 62/340/277
f 7/71/71 302/175/172 807/729/368 242/72/72
f 302/175/172 49/174/171 512/730/369 807/729/368
f 807/729/368 512/730/369 60/706/364 271/704/362
f 242/72/72 807/729/368 271/704/362 9/73/73
f 49/174/171 303/366/287 808/731/370 512/730/369
f 303/366/287 50/365/287 513/732/370 808/731/370
f 808/731/370 513/732/370 59/710/366 313/708/366
f 512/730/369 808/731/370 313/708/366 60/706/364
f 50/365/287 304/372/287 809/733/370 513/732/370
f 304/372/287 51/371/287 514/734/370 809/733/370
f 809/733/370 514/734/370 58/714/366 312/712/366
f 513/732/370 809/733/370 312/712/366 59/710/366
f 51/371/287 305/378/287 810/735/370 514/734/370
f 305/378/287 52/377/287 515/736/370 810/735/370
f 810/735/370 515/736/370 57/718/366 311/716/366
f 514/734/370 810/735/370 311/716/366 58/714/366
f 52/377/287 306/384/287 811/737/370 515/736/370
f 306/384/287 53/383/287 516/738/370 811/737/370
f 811/737/370 516/738/370 56/722/366 310/720/366
f 515/736/370 811/737/370 310/720/366 57/718/366
f 53/383/287 307/739/287 812/740/370 516/738/370
f 307/739/287 54/352/287 517/741/370 812/740/370
f 812/740/370 517/741/370 55/726/366 309/724/366
f 516/738/370 812/740/370 309/724/366 56/722/366
f 204/359/291 596/742/371 813/743/372 620/744/373
f 190/745/374 519/746/375 813/747/372 596/748/371
f 46/749/376 620/750/373 813/747/372 519/746/375
f 206/320/282 599/751/377 814/752/378 617/753/379
f 191/754/380 607/755/381 814/756/378 599/757/377
f 44/758/382 617/759/379 814/756/378 607/755/381
f 209/437/310 595/760/383 815/761/384 623/762/385
f 188/763/386 601/764/387 815/765/384 595/766/383
f 48/767/388 623/768/385 815/765/384 601/764/387
f 192/769/389 616/770/390 816/771/391 523/772/392
f 195/279/271 598/773/393 816/774/391 616/775/390
f 44/758/382 523/772/392 816/771/391 598/776/393
f 190/745/374 613/777/394 817/778/395 521/779/396
f 197/357/289 611/780/397 817/781/395 613/782/394
f 45/783/398 521/779/396 817/778/395 611/784/397
f 204/359/291 620/744/373 818/785/399 632/786/400
f 46/749/376 619/787/401 818/788/399 620/750/373
f 193/789/402 632/786/400 818/785/399 619/790/401
f 193/789/402 619/790/401 819/791/403 633/792/404
f 46/749/376 602/793/405 819/794/403 619/787/401
f 194/318/280 633/792/404 819/791/403 602/795/405
f 207/398/301 621/796/406 820/797/407 634/798/408
f 45/783/398 622/799/409 820/800/407 621/801/406
f 196/802/410 634/798/408 820/797/407 622/803/409
f 196/802/410 622/803/409 821/804/411 635/805/412
f 45/783/398 611/784/397 821/806/411 622/799/409
f 197/357/289 635/805/412 821/804/411 611/780/397
f 208/476/319 654/807/413 822/808/414 636/809/415
f 47/810/416 653/811/417 822/812/414 654/813/413
f 198/814/418 636/809/415 822/808/414 653/815/417
f 198/814/418 653/815/417 823/816/419 637/817/420
f 47/810/416 652/818/421 823/819/419 653/811/417
f 199/394/298 637/817/420 823/816/419 652/820/421
f 209/437/310 623/762/385 824/821/422 638/822/423
f 48/767/388 594/823/424 824/824/422 623/768/385
f 200/825/425 638/822/423 824/821/422 594/826/424
f 200/827/425 594/828/424 825/829/426 639/830/427
f 48/767/388 624/831/428 825/832/426 594/823/424
f 201/474/317 639/830/427 825/829/426 624/833/428
f 210/281/273 591/834/429 826/835/430 640/836/431
f 43/837/432 618/838/433 826/839/430 591/840/429
f 202/841/434 640/836/431 826/835/430 618/842/433
f 202/841/434 618/842/433 827/843/435 641/844/436
f 43/837/432 610/845/437 827/846/435 618/838/433
f 203/435/308 641/844/436 827/843/435 610/847/437
f 191/754/380 597/848/438 828/849/439 608/850/440
f 194/318/280 602/795/405 828/851/439 597/852/438
f 46/749/376 608/850/440 828/849/439 602/793/405
f 44/758/382 607/755/381 829/853/441 530/854/442
f 607/755/381 191/754/380 590/855/443 829/853/441
f 829/853/441 590/855/443 157/232/229 531/266/263
f 530/854/442 829/853/441 531/266/263 165/248/245
f 189/856/444 518/857/445 830/858/446 614/859/447
f 518/857/445 47/810/416 282/860/448 830/858/446
f 830/858/446 282/860/448 158/226/223 532/264/261
f 614/859/447 830/858/446 532/264/261 168/256/253
f 48/767/388 601/764/387 831/861/449 529/862/450
f 601/764/387 188/763/386 605/863/451 831/861/449
f 831/861/449 605/863/451 160/258/255 533/262/259
f 529/862/450 831/861/449 533/262/259 164/242/239
f 188/763/386 600/864/452 832/865/453 605/863/451
f 600/864/452 43/837/432 301/866/454 832/865/453
f 832/865/453 301/866/454 166/250/247 534/259/256
f 605/863/451 832/865/453 534/259/256 160/258/255
f 45/783/398 525/867/455 833/868/456 527/869/457
f 525/867/455 189/856/444 614/859/447 833/868/456
f 833/868/456 614/859/447 168/256/253 535/254/251
f 527/869/457 833/868/456 535/254/251 161/224/221
f 43/837/432 522/870/458 834/871/459 301/866/454
f 522/870/458 192/769/389 603/872/460 834/871/459
f 834/871/459 603/872/460 159/244/241 536/251/248
f 301/866/454 834/871/459 536/251/248 166/250/247
f 192/769/389 523/772/392 835/873/461 603/872/460
f 523/772/392 44/758/382 530/854/442 835/873/461
f 835/873/461 530/854/442 165/248/245 537/245/242
f 603/872/460 835/873/461 537/245/242 159/244/241
f 187/874/462 524/875/463 836/876/464 615/877/465
f 524/875/463 48/767/388 529/862/450 836/876/464
f 836/876/464 529/862/450 164/242/239 538/240/237
f 615/877/465 836/876/464 538/240/237 167/230/227
f 46/749/376 519/746/375 837/878/466 528/879/467
f 519/746/375 190/745/374 606/880/468 837/878/466
f 837/878/466 606/880/468 162/220/217 539/238/235
f 528/879/467 837/878/466 539/238/235 163/236/233
f 191/754/380 608/850/440 838/881/469 590/855/443
f 608/850/440 46/749/376 528/879/467 838/881/469
f 838/881/469 528/879/467 163/236/233 540/233/230
f 590/855/443 838/881/469 540/233/230 157/232/229
f 47/810/416 520/882/470 839/883/471 282/860/448
f 520/882/470 187/874/462 615/877/465 839/883/471
f 839/883/471 615/877/465 167/230/227 541/227/224
f 282/860/448 839/883/471 541/227/224 158/226/223
f 190/745/374 521/779/396 840/884/472 606/880/468
f 521/779/396 45/783/398 527/869/457 840/884/472
f 840/884/472 527/869/457 161/224/221 542/221/218
f 606/880/468 840/884/472 542/221/218 162/220/217
f 67/276/267 415/275/266 841/885/266 321/694/267
f 415/275/266 144/274/269 397/537/269 841/885/266
f 841/885/266 397/537/269 143/305/269 414/302/266
f 321/694/267 841/885/266 414/302/266 68/301/267
f 61/315/277 445/314/276 842/886/276 315/728/277
f 445/314/276 84/313/278 337/676/278 842/886/276
f 842/886/276 337/676/278 83/344/278 444/341/276
f 315/728/277 842/886/276 444/341/276 62/340/277
f 97/354/284 439/353/285 843/887/285 351/652/284
f 439/353/285 54/352/287 307/739/287 843/887/285
f 843/887/285 307/739/287 53/383/287 438/380/285
f 351/652/284 843/887/285 438/380/285 98/379/284
f 115/393/295 433/392/294 844/888/294 369/614/295
f 433/392/294 90/391/297 343/663/297 844/888/294
f 844/888/294 343/663/297 89/422/297 432/419/294
f 369/614/295 844/888/294 432/419/294 116/418/295
f 151/432/303 421/431/304 845/889/304 405/526/303
f 421/431/304 126/430/306 379/585/306 845/889/304
f 845/889/304 379/585/306 125/461/306 420/458/304
f 405/526/303 845/889/304 420/458/304 152/457/303
f 133/471/314 427/470/313 846/890/313 387/564/314
f 427/470/313 108/469/315 361/625/315 846/890/313
f 846/890/313 361/625/315 107/500/315 426/497/313
f 387/564/314 846/890/313 426/497/313 134/496/314
f 145/524/325 398/891/325 847/892/326 451/525/326
f 398/891/325 178/893/323 578/894/473 847/892/326
f 847/892/326 578/894/473 179/424/303 404/427/303
f 451/525/326 847/892/326 404/427/303 151/432/303
f 144/274/269 571/273/269 848/895/329 457/539/329
f 571/273/269 186/272/268 579/896/474 848/895/329
f 848/895/329 579/896/474 178/893/323 398/891/325
f 457/539/329 848/895/329 398/891/325 145/524/325
f 127/562/334 380/897/334 849/898/335 463/563/335
f 380/897/334 176/899/332 580/900/333 849/898/335
f 849/898/335 580/900/333 177/463/312 386/466/314
f 463/563/335 849/898/335 386/466/314 133/471/314
f 126/430/306 570/429/306 850/901/338 469/587/338
f 570/429/306 185/428/305 581/902/337 850/901/338
f 850/901/338 581/902/337 176/903/332 380/904/334
f 469/587/338 850/901/338 380/904/334 127/588/334
f 109/612/343 362/905/343 851/906/344 475/613/344
f 362/905/343 174/907/341 582/908/475 851/906/344
f 851/906/344 582/908/475 175/385/293 368/388/295
f 475/613/344 851/906/344 368/388/295 115/393/295
f 108/469/315 569/468/315 852/909/347 481/627/347
f 569/468/315 184/467/315 583/910/476 852/909/347
f 852/909/347 583/910/476 174/907/341 362/905/343
f 481/627/347 852/909/347 362/905/343 109/612/343
f 91/650/352 344/911/352 853/912/353 487/651/353
f 344/911/352 172/913/350 584/914/477 853/912/353
f 853/912/353 584/914/477 173/346/284 350/349/284
f 487/651/353 853/912/353 350/349/284 97/354/284
f 90/391/297 568/390/297 854/915/356 493/665/356
f 568/390/297 183/389/296 585/916/478 854/915/356
f 854/915/356 585/916/478 172/913/350 344/911/352
f 493/665/356 854/915/356 344/911/352 91/650/352
f 55/726/366 308/917/366 855/918/367 511/727/367
f 308/917/366 169/919/364 586/920/365 855/918/367
f 855/918/367 586/920/365 170/307/275 314/310/277
f 511/727/367 855/918/367 314/310/277 61/315/277
f 54/352/287 565/351/287 856/921/370 517/741/370
f 565/351/287 180/350/286 587/922/369 856/921/370
f 856/921/370 587/922/369 169/919/364 308/917/366
f 517/741/370 856/921/370 308/917/366 55/726/366
f 195/279/271 556/277/270 857/923/479 648/924/480
f 556/277/270 171/268/265 588/692/361 857/923/479
f 857/923/479 588/692/361 181/666/162 626/925/481
f 648/924/480 857/923/479 626/925/481 205/926/482
f 205/926/482 626/925/481 858/927/483 647/928/484
f 626/925/481 181/666/162 589/669/359 858/927/483
f 858/927/483 589/669/359 182/311/278 627/321/283
f 647/928/484 858/927/483 627/321/283 206/320/282
f 44/758/382 592/929/485 859/930/486 617/759/379
f 205/926/482 647/928/484 859/931/486 592/932/485
f 206/320/282 617/753/379 859/931/486 647/928/484
f 44/758/382 598/776/393 860/933/487 592/929/485
f 195/279/271 648/924/480 860/934/487 598/773/393
f 205/926/482 592/932/485 860/934/487 648/924/480
f 906/51/51 215/55/55 861/935/488 905/936/489
f 215/55/55 35/54/54 288/937/490 861/935/488
f 861/935/488 288/937/490 28/34/34 219/37/37
f 905/936/489 861/935/488 219/37/37 904/40/40
f 911/62/62 227/66/66 862/938/491 913/939/492
f 227/66/66 41/65/65 300/940/493 862/938/491
f 862/938/491 300/940/493 34/45/45 218/48/48
f 913/939/492 862/938/491 218/48/48 906/51/51
f 907/18/18 221/22/22 863/941/494 910/942/495
f 221/22/22 17/21/21 294/943/496 863/941/494
f 863/941/494 294/943/496 10/1/1 225/4/4
f 910/942/495 863/941/494 225/4/4 909/7/7
f 187/874/462 609/944/497 864/945/498 524/875/463
f 201/474/317 624/833/428 864/946/498 609/947/497
f 48/767/388 524/875/463 864/945/498 624/831/428
f 208/476/319 651/948/499 865/949/500 654/807/413
f 187/874/462 520/882/470 865/950/500 651/951/499
f 47/810/416 654/813/413 865/950/500 520/882/470
f 189/856/444 650/952/501 866/953/502 518/857/445
f 199/394/298 652/820/421 866/954/502 650/955/501
f 47/810/416 518/857/445 866/953/502 652/818/421
f 188/763/386 604/956/503 867/957/504 600/864/452
f 203/435/308 610/847/437 867/958/504 604/959/503
f 43/837/432 600/864/452 867/957/504 610/845/437
f 210/281/273 593/960/505 868/961/506 591/834/429
f 192/769/389 522/870/458 868/962/506 593/963/505
f 43/837/432 591/840/429 868/962/506 522/870/458
f 207/398/301 612/964/507 869/965/508 621/796/406
f 189/856/444 525/867/455 869/966/508 612/967/507
f 45/783/398 621/801/406 869/966/508 525/867/455
f 902/29/29 226/33/33 870/968/509 908/969/510
f 226/33/33 23/32/32 291/970/511 870/968/509
f 870/968/509 291/970/511 16/12/12 224/15/15
f 908/969/510 870/968/509 224/15/15 907/18/18
f 180/350/286 625/360/292 871/971/512 587/922/369
f 625/360/292 204/359/291 632/786/400 871/971/512
f 871/971/512 632/786/400 193/789/402 554/972/513
f 587/922/369 871/971/512 554/972/513 169/919/364
f 169/919/364 554/972/513 872/973/514 586/920/365
f 554/972/513 193/789/402 633/792/404 872/973/514
f 872/973/514 633/792/404 194/318/280 555/316/279
f 586/920/365 872/973/514 555/316/279 170/307/275
f 183/389/296 628/399/302 873/974/515 585/916/478
f 628/399/302 207/398/301 634/798/408 873/974/515
f 873/974/515 634/798/408 196/802/410 557/975/516
f 585/916/478 873/974/515 557/975/516 172/913/350
f 172/913/350 557/975/516 874/976/517 584/914/477
f 557/975/516 196/802/410 635/805/412 874/976/517
f 874/976/517 635/805/412 197/357/289 558/355/288
f 584/914/477 874/976/517 558/355/288 173/346/284
f 184/467/315 629/477/320 875/977/518 583/910/476
f 629/477/320 208/476/319 636/809/415 875/977/518
f 875/977/518 636/809/415 198/814/418 559/978/519
f 583/910/476 875/977/518 559/978/519 174/907/341
f 174/907/341 559/978/519 876/979/520 582/908/475
f 559/978/519 198/814/418 637/817/420 876/979/520
f 876/979/520 637/817/420 199/394/298 560/397/300
f 582/908/475 876/979/520 560/397/300 175/385/293
f 185/428/305 630/438/311 877/980/521 581/902/337
f 630/438/311 209/437/310 638/822/423 877/980/521
f 877/980/521 638/822/423 200/825/425 561/981/522
f 581/902/337 877/980/521 561/981/522 176/903/332
f 176/899/332 561/982/522 878/983/523 580/900/333
f 561/982/522 200/827/425 639/830/427 878/983/523
f 878/983/523 639/830/427 201/474/317 562/472/316
f 580/900/333 878/983/523 562/472/316 177/463/312
f 186/272/268 631/282/274 879/984/524 579/896/474
f 631/282/274 210/281/273 640/836/431 879/984/524
f 879/984/524 640/836/431 202/841/434 563/985/525
f 579/896/474 879/984/524 563/985/525 178/893/323
f 178/893/323 563/985/525 880/986/526 578/894/473
f 563/985/525 202/841/434 641/844/436 880/986/526
f 880/986/526 641/844/436 203/435/308 564/433/307
f 578/894/473 880/986/526 564/433/307 179/424/303
f 191/754/380 599/757/377 881/987/527 597/848/438
f 206/320/282 645/319/281 881/988/527 599/751/377
f 194/318/280 597/852/438 881/988/527 645/319/281
f 190/745/374 596/748/371 882/989/528 613/777/394
f 204/359/291 644/358/290 882/990/528 596/742/371
f 197/357/289 613/782/394 882/990/528 644/358/290
f 187/874/462 651/951/499 883/991/529 609/944/497
f 208/476/319 642/475/318 883/992/529 651/948/499
f 201/474/317 609/947/497 883/992/529 642/475/318
f 188/763/386 595/766/383 884/993/530 604/956/503
f 209/437/310 643/436/309 884/994/530 595/760/383
f 203/435/308 604/959/503 884/994/530 643/436/309
f 192/769/389 593/963/505 885/995/531 616/770/390
f 210/281/273 646/280/272 885/996/531 593/960/505
f 195/279/271 616/775/390 885/996/531 646/280/272
f 189/856/444 612/967/507 886/997/532 650/952/501
f 207/398/301 649/395/299 886/998/532 612/964/507
f 199/394/298 650/955/501 886/998/532 649/395/299
f 909/7/7 223/11/11 887/999/533 912/1000/534
f 223/11/11 11/10/10 297/1001/535 887/999/533
f 887/999/533 297/1001/535 40/56/56 213/59/59
f 912/1000/534 887/999/533 213/59/59 911/62/62
f 904/40/40 217/44/44 888/1002/536 903/1003/537
f 217/44/44 29/43/43 285/1004/538 888/1002/536
f 888/1002/536 285/1004/538 22/23/23 212/26/26
f 903/1003/537 888/1002/536 212/26/26 902/29/29
f 892/1005/539 897/1006/540 546/249/246 704/267/264 526/235/232
f 897/1006/540 900/1007/541 550/247/244 698/246/243 546/249/246
f 890/1008/542 892/1005/539 526/235/232 695/234/231 544/237/234
f 898/1009/543 891/1010/544 551/261/258 701/260/257 553/253/250
f 891/1010/544 894/1011/545 545/243/240 702/263/260 551/261/258
f 900/1007/541 898/1009/543 553/253/250 699/252/249 550/247/244
f 899/1012/546 895/1013/547 552/223/220 693/222/219 543/225/222
f 894/1011/545 889/1014/548 547/231/228 697/241/238 545/243/240
f 893/1015/549 899/1012/546 543/225/222 700/255/252 548/257/254
f 896/1016/550 893/1015/549 548/257/254 703/265/262 549/229/226
f 889/1014/548 896/1016/550 549/229/226 694/228/225 547/231/228
f 890/1008/551 895/1013/551 901/1017/552
f 895/1013/551 899/1012/553 901/1017/552
f 899/1012/553 893/1015/551 901/1017/552
f 893/1015/551 896/1016/554 901/1017/552
f 896/1016/554 889/1014/555 901/1017/552
f 889/1014/555 894/1011/556 901/1017/552
f 894/1011/556 891/1010/557 901/1017/552
f 891/1010/557 898/1009/551 901/1017/552
f 898/1009/551 900/1007/554 901/1017/552
f 900/1007/554 897/1006/554 901/1017/552
f 897/1006/554 892/1005/551 901/1017/552
f 892/1005/551 890/1008/551 901/1017/552
f 895/1013/547 890/1008/542 544/237/234 696/239/236 552/223/220
f 1/1018/558 295/1019/559 6/1020/560 298/1021/561 5/1022/562 286/1023/563 4/1024/564 283/1025/565 3/1026/566 289/1027/567 2/1028/568 292/1029/569
f 3/1026/566 283/1025/565 903/1003/537 902/29/29
f 283/1025/565 4/1024/564 904/40/40 903/1003/537
f 4/1024/564 286/1023/563 905/936/489 904/40/40
f 286/1023/563 5/1022/562 906/51/51 905/936/489
f 2/1028/568 289/1027/567 908/969/510 907/18/18
f 289/1027/567 3/1026/566 902/29/29 908/969/510
f 1/1018/558 292/1029/569 910/942/495 909/7/7
f 292/1029/569 2/1028/568 907/18/18 910/942/495
f 6/1020/560 295/1019/559 912/1000/534 911/62/62
f 295/1019/559 1/1018/558 909/7/7 912/1000/534
f 5/1022/562 298/1021/561 913/939/492 906/51/51
f 298/1021/561 6/1020/560 911/62/62 913/939/492
