# Blender 5.0.0
# www.blender.org
mtllib Room.mtl
o Window3
v 7.111620 2.430000 0.893821
v 7.111620 1.933200 0.893821
v 7.111619 2.400000 -0.126179
v 7.111619 1.963200 -0.126179
v 7.111619 2.400000 0.863821
v 7.111619 1.963200 0.863821
v 7.111619 2.430000 -0.156179
v 7.111619 1.933200 -0.156179
v 7.061620 1.933200 0.893821
v 7.061620 2.430000 0.893821
v 7.061620 2.400000 -0.126179
v 7.061620 1.963200 -0.126179
v 7.061620 2.400000 0.863821
v 7.061620 1.963200 0.863821
v 7.061620 2.430000 -0.156179
v 7.061620 1.933200 -0.156179
v 7.084120 2.400000 -0.126179
v 7.089120 2.400000 -0.126179
v 7.089120 1.963200 -0.126179
v 7.084120 1.963200 -0.126179
v 7.089120 1.963200 0.863821
v 7.084120 1.963200 0.863821
v 7.084120 2.400000 0.863821
v 7.089120 2.400000 0.863821
v 7.084120 2.414142 -0.140321
v 7.089120 2.414142 -0.140321
v 7.089120 1.949058 -0.140321
v 7.084120 1.949058 -0.140321
v 7.084120 2.414142 0.877964
v 7.089120 2.414142 0.877964
v 7.089120 1.949058 0.877964
v 7.084120 1.949058 0.877964
v 7.161620 2.430000 1.418821
v 7.161620 1.933200 1.418821
v 7.161620 2.430000 0.893821
v 7.161620 1.933200 0.893821
v 7.161620 2.400000 1.388821
v 7.161620 2.400000 0.923821
v 7.161620 1.963200 0.923821
v 7.161620 1.963200 1.388821
v 7.111620 2.430000 1.418821
v 7.111620 1.933200 1.418821
v 7.111620 2.430000 0.893821
v 7.111620 1.933200 0.893821
v 7.111620 2.400000 1.388821
v 7.111620 2.400000 0.923821
v 7.111620 1.963200 0.923821
v 7.111620 1.963200 1.388821
v 7.137870 2.400000 0.923821
v 7.135370 2.400000 0.923821
v 7.135370 1.963200 0.923821
v 7.137870 1.963200 0.923821
v 7.137870 1.963200 1.388821
v 7.135370 1.963200 1.388821
v 7.135370 2.400000 1.388821
v 7.137870 2.400000 1.388821
v 7.135370 1.949058 0.909679
v 7.137870 1.949058 0.909679
v 7.137870 1.949058 1.402964
v 7.135370 1.949058 1.402964
v 7.135370 2.414142 1.402964
v 7.137870 2.414142 1.402964
v 7.137870 2.414142 0.909679
v 7.135370 2.414142 0.909679
v 6.936620 2.479680 1.476321
v 6.936620 1.883520 1.476321
v 6.936620 1.883520 -0.213679
v 6.936620 2.479680 -0.213679
v 6.956621 1.883520 -0.213679
v 6.956621 2.479680 -0.213679
v 6.956621 1.883520 1.476321
v 6.956621 2.479680 1.476321
v 6.936620 2.479680 0.320107
v 6.936620 2.430000 -0.156179
v 6.936620 2.430000 1.418821
v 7.236620 2.430000 1.418821
v 7.236620 2.430000 -0.156179
v 6.936620 1.933200 -0.156179
v 6.936620 1.933200 1.418821
v 7.236620 1.933200 -0.156179
v 7.236620 1.933200 1.418821
vn -0.0000 -0.0000 1.0000
vn 1.0000 -0.0000 -0.0000
vn -0.0000 -1.0000 -0.0000
vn -0.0000 1.0000 -0.0000
vn -1.0000 -0.0000 -0.0000
vn -0.0000 -0.0000 -1.0000
vt 0.904208 0.000000
vt 0.904208 0.191312
vt 0.884953 0.191312
vt 0.884953 0.000000
vt 0.476033 0.404344
vt 0.487585 0.392791
vt 0.655792 0.392791
vt 0.667345 0.404344
vt 0.476033 0.000000
vt 0.487585 0.011553
vt 0.667345 0.000000
vt 0.655792 0.011553
vt 0.686600 0.404344
vt 0.667346 0.404344
vt 0.667345 0.000000
vt 0.686600 0.000000
vt 0.686600 0.404344
vt 0.705854 0.000000
vt 0.705854 0.404344
vt 0.476033 0.404344
vt 0.655792 0.415897
vt 0.487585 0.415897
vt 0.487585 0.797135
vt 0.476033 0.808688
vt 0.667345 0.808688
vt 0.655792 0.797135
vt 0.884953 0.404344
vt 0.904207 0.404344
vt 0.904207 0.595656
vt 0.884953 0.595656
vt 0.711300 0.386684
vt 0.705854 0.392130
vt 0.705854 0.000000
vt 0.711300 0.005446
vt 0.879507 0.005446
vt 0.884953 0.000000
vt 0.884953 0.392130
vt 0.879507 0.386684
vt 0.840998 0.409790
vt 0.846444 0.404344
vt 0.846444 0.796474
vt 0.840998 0.791028
vt 0.858959 0.404344
vt 0.858959 0.785582
vt 0.850295 0.785582
vt 0.850295 0.404344
vt 0.913353 0.382625
vt 0.913353 0.214418
vt 0.922018 0.214418
vt 0.922018 0.382625
vt 0.867624 0.404344
vt 0.867624 0.785582
vt 0.929719 0.763863
vt 0.921054 0.763863
vt 0.921054 0.595656
vt 0.929719 0.595656
vt 0.867624 0.785582
vt 0.867624 0.404344
vt 0.876288 0.404344
vt 0.876288 0.785582
vt 0.884953 0.785582
vt 0.884953 0.404344
vt 0.912390 0.595656
vt 0.921054 0.595656
vt 0.921054 0.763863
vt 0.912390 0.763863
vt 0.922018 0.000000
vt 0.922018 0.168207
vt 0.913354 0.168207
vt 0.913354 0.000000
vt 0.238721 0.650801
vt 0.240646 0.650801
vt 0.240646 0.829900
vt 0.238721 0.829900
vt 0.848370 0.796474
vt 0.846444 0.404344
vt 0.848370 0.404344
vt 0.850295 0.796474
vt 0.848370 0.404344
vt 0.850295 0.404344
vt 0.451695 0.606516
vt 0.453621 0.606516
vt 0.453621 0.785615
vt 0.451695 0.785615
vt 0.667345 0.796474
vt 0.672791 0.791028
vt 0.672791 0.409790
vt 0.667345 0.404344
vt 0.210321 0.650801
vt 0.229575 0.650801
vt 0.229575 0.852973
vt 0.210321 0.852973
vt 0.456778 0.606516
vt 0.476033 0.606516
vt 0.476033 0.808688
vt 0.456778 0.808688
vt 0.000000 0.650801
vt 0.011553 0.662354
vt 0.011553 0.841420
vt 0.000000 0.852973
vt 0.191312 0.650801
vt 0.179760 0.662354
vt 0.179760 0.841420
vt 0.191312 0.852973
vt 0.260383 0.808688
vt 0.260383 0.606516
vt 0.271935 0.618068
vt 0.271935 0.797135
vt 0.451695 0.808688
vt 0.440142 0.797135
vt 0.451695 0.606516
vt 0.440143 0.618068
vt 0.923461 0.595656
vt 0.904207 0.595656
vt 0.904207 0.404344
vt 0.923461 0.404344
vt 0.904208 0.382625
vt 0.884953 0.382625
vt 0.884953 0.191312
vt 0.904208 0.191312
vt 0.672791 0.980987
vt 0.667345 0.986433
vt 0.667345 0.796474
vt 0.672791 0.801920
vt 0.265829 0.993200
vt 0.260383 0.998646
vt 0.260383 0.808688
vt 0.265829 0.814134
vt 0.434036 0.993200
vt 0.439482 0.998646
vt 0.439482 0.808688
vt 0.434036 0.814134
vt 0.894098 0.763863
vt 0.894098 0.595656
vt 0.903244 0.595656
vt 0.903244 0.763863
vt 0.201175 0.650801
vt 0.201175 0.829868
vt 0.192029 0.829868
vt 0.192029 0.650801
vt 0.201175 0.650801
vt 0.210321 0.650801
vt 0.210321 0.829868
vt 0.201175 0.829868
vt 0.238721 0.650801
vt 0.238721 0.829868
vt 0.229575 0.829868
vt 0.229575 0.650801
vt 0.884953 0.595656
vt 0.894098 0.595656
vt 0.894098 0.774723
vt 0.884953 0.774723
vt 0.904208 0.168207
vt 0.904208 0.214418
vt 0.904208 0.382625
vt 0.456778 0.796474
vt 0.455816 0.796474
vt 0.455816 0.606516
vt 0.454853 0.796474
vt 0.454853 0.606516
vt 0.453890 0.606516
vt 0.454853 0.606516
vt 0.454853 0.785615
vt 0.453890 0.785615
vt 0.244979 0.829900
vt 0.244016 0.829900
vt 0.244016 0.650801
vt 0.244979 0.650801
vt 0.840998 0.801920
vt 0.846444 0.796474
vt 0.846444 0.986433
vt 0.840998 0.980987
vt 0.229575 0.445246
vt 0.237277 0.000000
vt 0.237277 0.650801
vt 0.244979 0.836091
vt 0.244979 0.606516
vt 0.252681 0.606516
vt 0.252681 0.836091
vt 0.260383 0.606516
vt 0.260383 0.836091
vt 0.252681 0.836091
vt 0.252681 0.606516
vt 0.360506 0.000000
vt 0.476033 0.000000
vt 0.476033 0.606516
vt 0.360506 0.606516
vt 0.210444 0.022143
vt 0.019131 0.022143
vt 0.000000 0.000000
vt 0.229575 0.000000
vt 0.244979 0.606516
vt 0.244979 0.000000
vt 0.360506 0.000000
vt 0.360506 0.606516
vt 0.965822 0.976895
vt 0.850295 0.976895
vt 0.965822 0.785582
vt 0.210444 0.628658
vt 0.229575 0.650801
vt 0.019131 0.628658
vt -0.000000 0.650801
vt 0.439482 1.000000
vt 0.439482 0.808688
vt 0.555009 0.808688
vt 0.555009 1.000000
vt 0.244979 -0.000000
vt 0.237277 0.650801
vt 0.237277 -0.000000
s 0
usemtl Black_Matte.001
f 10/1/1 9/2/1 2/3/1 1/4/1
f 7/5/2 3/6/2 4/7/2 8/8/2
f 7/5/2 1/9/2 5/10/2 3/6/2
f 2/11/2 6/12/2 5/10/2 1/9/2
f 8/8/2 4/7/2 6/12/2 2/11/2
f 16/13/3 8/14/3 2/15/3 9/16/3
f 1/17/4 7/16/4 15/18/4 10/19/4
f 15/20/5 16/8/5 12/21/5 11/22/5
f 15/20/5 11/22/5 13/23/5 10/24/5
f 9/25/5 10/24/5 13/23/5 14/26/5
f 16/8/5 9/25/5 14/26/5 12/21/5
f 15/27/6 7/28/6 8/29/6 16/30/6
f 24/31/5 30/32/5 26/33/5 18/34/5
f 19/35/5 27/36/5 31/37/5 21/38/5
f 22/39/2 32/40/2 28/41/2 20/42/2
f 21/38/5 31/37/5 30/32/5 24/31/5
f 17/43/3 23/44/3 13/45/3 11/46/3
f 20/47/1 17/48/1 11/49/1 12/50/1
f 18/43/3 3/51/3 5/52/3 24/44/3
f 19/53/1 4/54/1 3/55/1 18/56/1
f 19/57/4 21/58/4 6/59/4 4/60/4
f 20/61/4 12/60/4 14/59/4 22/62/4
f 24/63/6 5/64/6 6/65/6 21/66/6
f 23/67/6 22/68/6 14/69/6 13/70/6
f 26/71/1 25/72/1 28/73/1 27/74/1
f 30/75/3 29/41/3 25/76/3 26/77/3
f 27/78/4 28/75/4 32/79/4 31/80/4
f 29/81/6 30/82/6 31/83/6 32/84/6
f 20/42/2 28/41/2 25/85/2 17/86/2
f 18/34/5 26/33/5 27/36/5 19/35/5
f 23/87/2 29/88/2 32/40/2 22/39/2
f 17/86/2 25/85/2 29/88/2 23/87/2
f 41/89/4 33/90/4 35/91/4 43/92/4
f 44/93/3 36/94/3 34/95/3 42/96/3
f 33/97/2 37/98/2 38/99/2 35/100/2
f 34/101/2 40/102/2 37/98/2 33/97/2
f 35/100/2 38/99/2 39/103/2 36/104/2
f 36/104/2 39/103/2 40/102/2 34/101/2
f 41/105/5 43/106/5 46/107/5 45/108/5
f 42/109/5 41/105/5 45/108/5 48/110/5
f 43/106/5 44/111/5 47/112/5 46/107/5
f 44/111/5 42/109/5 48/110/5 47/112/5
f 36/113/6 44/114/6 43/115/6 35/116/6
f 42/117/1 34/118/1 33/119/1 41/120/1
f 56/121/5 62/122/5 63/123/5 49/124/5
f 50/125/2 64/126/2 61/127/2 55/128/2
f 51/129/2 57/130/2 64/126/2 50/125/2
f 55/128/2 61/127/2 60/131/2 54/132/2
f 51/133/1 50/134/1 46/135/1 47/136/1
f 52/66/1 39/136/1 38/135/1 49/63/1
f 50/137/3 55/138/3 45/139/3 46/140/3
f 49/141/3 38/142/3 37/143/3 56/144/3
f 54/145/4 51/146/4 47/147/4 48/148/4
f 53/149/4 40/150/4 39/151/4 52/152/4
f 55/70/6 54/69/6 48/153/6 45/1/6
f 56/154/6 37/48/6 40/47/6 53/155/6
f 58/156/4 57/157/4 60/158/4 59/93/4
f 62/157/3 61/159/3 64/160/3 63/158/3
f 63/161/1 64/162/1 57/163/1 58/164/1
f 59/165/6 60/166/6 61/167/6 62/168/6
f 54/132/2 60/131/2 57/130/2 51/129/2
f 52/169/5 58/170/5 59/171/5 53/172/5
f 53/172/5 59/171/5 62/122/5 56/121/5
f 49/124/5 63/123/5 58/170/5 52/169/5
f 68/90/4 73/173/4 72/174/4 70/175/4
f 67/176/6 68/177/6 70/178/6 69/179/6
f 65/180/1 66/181/1 71/182/1 72/183/1
f 79/184/4 81/185/4 80/186/4 78/187/4
f 78/188/5 74/189/5 68/190/5 67/191/5
f 75/192/3 74/193/3 77/194/3 76/195/3
f 81/196/6 79/197/6 75/45/6 76/198/6
f 79/199/5 78/188/5 67/191/5 66/200/5
f 75/201/5 79/199/5 66/200/5 65/202/5
f 74/189/5 75/201/5 65/202/5 68/190/5
f 80/203/1 77/204/1 74/205/1 78/206/1
f 69/207/3 71/168/3 66/208/3 67/209/3
o Room
v 6.956620 2.700000 -2.801178
v 6.506619 2.700000 -2.801178
v 4.171620 2.700000 -3.101178
v 4.171620 2.700000 -2.801179
v 6.506619 2.700000 -3.101178
v 6.956620 2.700000 1.738822
v 1.426620 2.700000 -2.801179
v 1.426620 2.700000 0.238821
v -1.083380 2.700000 0.238821
v -0.733380 2.700000 0.238821
v 0.656620 2.700000 0.238821
v 1.226620 2.700000 0.238821
v -0.733380 2.700000 0.538821
v 0.656620 2.700000 0.538821
v -1.083380 2.700000 -2.801179
v 1.226620 2.700000 -2.801179
v -1.063380 0.000000 -2.781179
v -1.063380 0.000000 0.218821
v 0.636620 0.000000 0.218821
v -0.713380 0.000000 0.218821
v -0.713380 0.000000 0.518821
v 1.206620 0.000000 0.218821
v 6.936620 0.000000 -2.781178
v 6.486620 0.000000 -2.781178
v 4.191621 0.000000 -3.081179
v 4.191621 0.000000 -2.781179
v 6.486620 0.000000 -3.081179
v 1.936620 0.000000 0.218821
v 1.936620 0.000000 1.718821
v 6.936620 0.000000 1.718822
v 1.206620 0.000000 -2.781179
v 1.446620 0.000000 -0.551179
v 1.206620 0.000000 -1.516179
v 0.636620 0.000000 0.518821
v -0.564548 0.000000 0.518821
v 0.489139 0.000000 0.518821
v 1.446620 0.000000 -2.781179
v 1.446620 0.000000 0.218821
v -1.063380 0.139725 0.218821
v 1.446620 0.139725 0.218821
v 1.936620 0.139725 1.718821
v 6.936620 0.139725 1.718822
v 4.191620 0.139725 -3.081178
v -0.713380 0.139725 0.218821
v 1.936620 0.139725 0.218821
v 6.936620 0.139725 -2.781178
v 6.486620 0.139725 -2.781178
v 6.486620 0.139725 -3.081178
v 4.191620 0.139725 -2.781179
v 1.426620 0.139725 -1.536179
v 0.636620 0.139725 0.518821
v -1.063380 0.139725 -2.781179
v 1.226620 0.139725 -2.801179
v 0.489139 0.139725 0.518821
v -0.564548 0.139725 0.518821
v -0.713380 0.139725 0.518821
v 0.636620 0.139725 0.218821
v -1.083380 0.139725 0.238821
v 6.506619 0.139725 -2.801178
v 6.506619 0.139725 -3.101178
v 4.171620 0.139725 -2.801179
v -1.083380 0.139725 -2.801179
v 0.489139 0.139725 0.538821
v -0.564548 0.139725 0.538821
v -0.733380 0.139725 0.538821
v 0.656620 0.139725 0.238821
v 1.426620 0.139725 0.238821
v 1.226620 0.139725 0.238821
v 1.426620 0.139725 -2.801179
v 6.956620 0.139725 1.738822
v 4.171620 0.139725 -3.101178
v -0.733380 0.139725 0.238821
v 6.956620 0.139725 -2.801178
v 1.206620 0.139725 0.218821
v 1.206620 0.139725 -2.781179
v 1.446620 0.139725 -2.781179
v 1.206620 0.000000 -0.551179
v 1.206620 0.139725 -0.551179
v 1.446620 0.139725 -0.551179
v 1.446620 0.000000 -1.516179
v 1.206620 0.139725 -1.516179
v 1.446620 0.139725 -1.516179
v 6.936620 2.479680 1.476322
v 1.226620 0.139725 -1.536179
v 1.426620 0.139725 -0.531179
v 1.226620 0.139725 -0.531179
v 1.426620 2.258800 -0.531179
v 1.426620 2.258800 -1.536179
v 1.226620 2.258800 -0.531179
v 1.226620 2.258800 -1.536179
v 6.956620 1.883520 -0.213679
v 6.956620 2.479680 -0.213679
v 6.956620 1.883520 1.476322
v -1.083380 0.558900 -0.066054
v 6.956620 2.479680 1.476322
v -1.083380 0.558900 -1.048804
v -1.083380 2.519100 -1.048804
v -1.083380 2.519100 -0.066054
v 4.312809 0.648000 -3.101178
v 4.312809 2.660850 -3.101178
v 6.371169 2.660850 -3.101178
v 4.312809 0.558900 -3.101178
v 6.371169 0.558900 -3.101178
v 6.371169 0.648000 -3.101178
v 0.489139 2.258820 0.538821
v -0.564548 2.258820 0.538821
v 6.936620 2.479680 0.320107
v 0.656620 0.139725 0.538821
v -0.564548 0.000000 0.758821
v 0.489139 0.000000 0.758821
v 4.171620 1.314236 -2.801179
v 4.171620 1.316473 -3.101178
v 1.916620 2.700000 1.731215
v 1.916620 2.700000 0.238821
v 1.916620 0.139725 0.238821
v 1.916620 0.139725 1.738821
v 1.916620 1.850000 1.531460
v 1.916620 1.850000 0.439011
v 1.916620 0.750000 0.439011
v 1.916620 0.750000 1.538193
vn -0.0000 -1.0000 -0.0000
vn -0.0000 1.0000 -0.0000
vn -1.0000 -0.0000 -0.0000
vn -0.0000 -0.0000 -1.0000
vn 1.0000 -0.0000 -0.0000
vn -0.0000 -0.0000 1.0000
vn 0.0008 -0.0015 -1.0000
vt 0.025704 0.234918
vt 0.000092 0.234918
vt 0.000092 0.434266
vt 0.025704 0.434266
vt 0.025704 0.472684
vt 0.413302 0.472684
vt 0.412652 0.042400
vt 0.285241 0.042400
vt 0.285241 0.000566
vt 0.025704 0.000566
vt 0.261799 0.474995
vt 0.002262 0.474995
vt 0.002262 0.672209
vt 0.261799 0.672209
vt 0.261799 0.623546
vt 0.287411 0.623546
vt 0.287411 0.504876
vt 0.261799 0.504876
vt 0.391348 0.476530
vt 0.391348 0.672463
vt 0.389641 0.674171
vt 0.389641 0.474823
vt 0.446556 0.085511
vt 0.420944 0.085511
vt 0.420944 0.073582
vt 0.446556 0.073582
vt 0.673082 0.242179
vt 0.674790 0.240471
vt 0.674790 0.282305
vt 0.673082 0.284012
vt 0.416960 0.710882
vt 0.801143 0.710882
vt 0.802850 0.712589
vt 0.415253 0.712589
vt 0.423725 0.021325
vt 0.423725 0.033254
vt 0.465558 0.033254
vt 0.465558 0.021325
vt 0.417271 0.004019
vt 0.415564 0.002311
vt 0.675100 0.002311
vt 0.673393 0.004019
vt 0.419598 0.142518
vt 0.432304 0.142518
vt 0.432304 0.130589
vt 0.419598 0.130589
vt 0.432304 0.144841
vt 0.419713 0.144841
vt 0.419713 0.156770
vt 0.432304 0.156770
vt 0.420944 0.102085
vt 0.420944 0.114014
vt 0.446556 0.114014
vt 0.446556 0.102085
vt 0.460808 0.035577
vt 0.460808 0.047506
vt 0.422389 0.047506
vt 0.422389 0.035577
vt 0.420944 0.087834
vt 0.420944 0.099762
vt 0.446556 0.099762
vt 0.446556 0.087834
vt 0.421426 0.049829
vt 0.421426 0.061758
vt 0.451306 0.061758
vt 0.451306 0.049829
vt 0.446556 0.116337
vt 0.446556 0.128266
vt 0.420944 0.128266
vt 0.420944 0.116337
vt 0.417271 0.197817
vt 0.415564 0.199525
vt 0.574822 0.757667
vt 0.446761 0.757667
vt 0.446761 0.769596
vt 0.574822 0.769596
vt 0.699005 0.046606
vt 0.699005 0.033900
vt 0.700713 0.032192
vt 0.700713 0.046606
vt 0.681710 0.714912
vt 0.681710 0.726841
vt 0.447359 0.726841
vt 0.447359 0.714912
vt 0.801143 0.284012
vt 0.802850 0.282305
vt 0.447531 0.743416
vt 0.641330 0.743416
vt 0.641330 0.755344
vt 0.447531 0.755344
vt 0.485744 0.020888
vt 0.511357 0.020888
vt 0.513064 0.022596
vt 0.487452 0.022596
vt 0.673393 0.033900
vt 0.675100 0.032192
vt 0.416960 0.476530
vt 0.415253 0.474823
vt 0.416960 0.672463
vt 0.415253 0.674171
vt 0.420838 0.707839
vt 0.676960 0.707839
vt 0.676960 0.695910
vt 0.420838 0.695910
vt 0.447772 0.729164
vt 0.643705 0.729164
vt 0.643705 0.741093
vt 0.447772 0.741093
vt 0.432920 0.964371
vt 0.432920 0.952442
vt 0.817102 0.952442
vt 0.817102 0.964371
vt 0.511357 0.008297
vt 0.513064 0.008297
vt 0.484561 0.213777
vt 0.418823 0.213777
vt 0.418823 0.201848
vt 0.484561 0.201848
vt 0.399050 0.002323
vt 0.399050 0.014252
vt 0.291052 0.014252
vt 0.291052 0.002323
vt 0.523562 0.199525
vt 0.525269 0.197817
vt 0.418823 0.228029
vt 0.484561 0.228029
vt 0.484561 0.216100
vt 0.418823 0.216100
vt 0.291052 0.016575
vt 0.291052 0.028504
vt 0.399050 0.028504
vt 0.399050 0.016575
vt 0.485744 0.069551
vt 0.487452 0.071259
vt 0.421714 0.071259
vt 0.420007 0.069551
vt 0.523251 0.240471
vt 0.524958 0.242179
vt 0.416960 0.242179
vt 0.415253 0.240471
vt 0.470309 0.007073
vt 0.421646 0.007073
vt 0.421646 0.019002
vt 0.470309 0.019002
vt 0.609052 0.240471
vt 0.607344 0.242179
vt 0.775792 0.508314
vt 0.775792 0.289733
vt 0.788599 0.289733
vt 0.788599 0.508314
vt 0.657957 0.228029
vt 0.625088 0.190362
vt 0.625088 0.009448
vt 0.657957 0.009448
vt 0.582188 0.190362
vt 0.528189 0.228029
vt 0.528189 0.009448
vt 0.582188 0.009448
vt 0.620826 0.688836
vt 0.674825 0.651169
vt 0.674825 0.470255
vt 0.620826 0.470255
vt 0.000088 0.897862
vt 0.000088 0.779745
vt 0.000088 0.679282
vt 0.006115 0.715068
vt 0.006115 0.722675
vt 0.006115 0.894520
vt 0.703961 0.002322
vt 0.703961 0.220903
vt 0.778764 0.205459
vt 0.778764 0.038109
vt 0.337292 0.033254
vt 0.287937 0.031547
vt 0.337292 0.031547
vt 0.717725 0.651169
vt 0.750594 0.688836
vt 0.750594 0.470255
vt 0.717725 0.470255
vt 0.615202 0.470255
vt 0.603997 0.619130
vt 0.531856 0.619130
vt 0.421403 0.470255
vt 0.615202 0.688836
vt 0.603997 0.670027
vt 0.205721 0.679282
vt 0.205721 0.779745
vt 0.218527 0.779554
vt 0.218527 0.679282
vt 0.531856 0.670027
vt 0.421403 0.688836
vt 0.712589 0.505938
vt 0.699783 0.505938
vt 0.699783 0.287358
vt 0.712589 0.287358
vt 0.437031 0.898202
vt 0.444181 0.935867
vt 0.444181 0.717286
vt 0.437031 0.717286
vt 0.392053 0.898202
vt 0.392053 0.717286
vt 0.384846 0.717286
vt 0.384846 0.935867
vt 0.021378 0.223278
vt 0.021378 0.004697
vt 0.000461 0.004697
vt 0.000461 0.223278
vt 0.820715 0.038109
vt 0.833729 0.002322
vt 0.833729 0.220903
vt 0.820715 0.205459
vt 0.698337 0.052203
vt 0.698337 0.270784
vt 0.679128 0.270784
vt 0.679128 0.052203
vt 0.636001 0.246978
vt 0.636001 0.465558
vt 0.660333 0.465558
vt 0.660333 0.246978
vt 0.201900 0.679282
vt 0.201900 0.897862
vt 0.103293 0.897862
vt 0.103293 0.679282
vt 0.382423 0.627025
vt 0.382423 0.727298
vt 0.382423 0.845606
vt 0.265247 0.845606
vt 0.265247 0.627025
vt 0.093980 0.894520
vt 0.099762 0.897862
vt 0.678646 0.289733
vt 0.678646 0.508314
vt 0.693587 0.508314
vt 0.693587 0.289733
vt 0.756790 0.505938
vt 0.769596 0.505938
vt 0.769596 0.287358
vt 0.756790 0.287358
vt 0.099762 0.679282
vt 0.093980 0.722675
vt 0.093980 0.715068
vt 0.935970 0.297008
vt 0.948776 0.297008
vt 0.948776 0.309715
vt 0.948776 0.399672
vt 0.948776 0.412263
vt 0.935970 0.412263
vt 0.935970 0.460926
vt 0.903101 0.460926
vt 0.903101 0.481416
vt 0.935970 0.481416
vt 0.935970 0.523249
vt 1.000000 0.523249
vt 1.000000 0.950119
vt 0.807909 0.950119
vt 0.807909 0.911701
vt 0.795103 0.911701
vt 0.795103 0.715767
vt 0.807909 0.715767
vt 0.807909 0.481416
vt 0.861908 0.481416
vt 0.861908 0.460926
vt 0.807909 0.460926
vt 0.807909 0.267128
vt 0.935970 0.267128
vt 0.959021 0.309715
vt 0.959021 0.399672
vt 0.427553 0.942940
vt 0.000684 0.942940
vt 0.000684 0.954869
vt 0.427553 0.954869
vt 0.205721 0.897862
vt 0.218527 0.897862
vt 0.634204 0.246978
vt 0.419062 0.246978
vt 0.419062 0.465558
vt 0.634204 0.465558
vt 0.902613 0.002322
vt 0.894049 0.054423
vt 0.893761 0.148335
vt 0.902288 0.220903
vt 0.838582 0.220903
vt 0.847128 0.148335
vt 0.838582 0.002322
vt 0.847128 0.054423
s 0
usemtl Room
f 85/210/7 84/211/7 86/212/7 83/213/7 82/214/7 87/215/7 194/216/7 195/217/7 89/218/7 88/219/7
f 90/220/7 96/221/7 97/222/7 93/223/7 92/224/7 95/225/7 94/226/7 91/227/7
f 124/228/8 129/229/8 141/230/8 152/231/8
f 128/232/9 129/233/9 108/234/9 105/235/9
f 121/236/8 148/237/8 196/238/8 126/239/8
f 127/240/8 123/241/8 151/242/8 154/243/8
f 119/244/10 121/245/10 126/246/10 109/247/10
f 133/248/8 143/249/8 139/250/8 120/251/8
f 137/252/10 136/253/10 116/254/10 102/255/10
f 115/256/10 117/257/10 135/258/10 132/259/10
f 101/260/11 125/261/11 137/262/11 102/263/11
f 104/264/12 127/265/12 128/266/12 105/267/12
f 106/268/11 124/269/11 130/270/11 107/271/11
f 99/272/10 120/273/10 125/274/10 101/275/10
f 115/276/9 132/277/9 138/278/9 100/279/9
f 156/280/8 134/281/8 143/249/8 133/248/8
f 110/282/11 109/283/11 126/284/11 122/285/11
f 136/286/8 137/287/8 146/288/8 145/289/8
f 107/290/12 130/291/12 157/292/12 118/293/12
f 122/294/8 126/239/8 196/238/8 197/295/8
f 98/296/12 112/297/12 156/298/12 133/299/12
f 138/300/8 132/301/8 189/302/8 147/303/8
f 125/304/8 120/251/8 139/250/8 153/305/8
f 130/306/8 124/228/8 152/231/8 142/307/8
f 128/308/8 127/240/8 154/243/8 140/309/8
f 137/287/8 125/304/8 153/305/8 146/288/8
f 133/310/11 120/311/11 99/312/11 98/313/11
f 106/314/12 108/315/12 129/316/12 124/317/12
f 127/318/9 104/319/9 111/320/9 123/321/9
f 132/301/8 135/322/8 144/323/8 189/302/8
f 129/229/8 128/308/8 140/309/8 141/230/8
f 155/324/9 159/325/9 158/326/9 103/327/9
f 114/328/9 162/329/9 156/330/9 112/331/9
f 165/332/8 134/281/8 156/280/8 162/333/8
f 160/334/11 121/335/11 119/336/11 113/337/11
f 118/338/11 157/339/11 163/340/11 161/341/11
f 155/342/8 149/343/8 167/344/8 159/345/8
f 131/346/8 163/347/8 157/348/8 150/349/8
f 149/343/8 155/342/8 138/300/8 147/303/8
f 103/350/10 100/351/10 138/352/10 155/353/10
f 166/354/8 148/237/8 121/236/8 160/355/8
f 86/356/9 141/357/9 140/358/9 83/359/9
f 93/360/9 170/361/9 167/362/9 149/363/9
f 171/364/9 97/365/9 134/366/9 165/367/9
f 88/368/11 169/369/11 131/370/11 150/371/11
f 84/372/12 193/373/12 152/374/12 183/375/12 180/376/12 181/377/12
f 143/378/11 96/379/11 178/380/11 177/381/11
f 176/382/8 188/383/8 164/384/8
f 168/385/11 89/386/11 148/387/11 166/388/11
f 89/386/11 168/385/11 169/369/11 88/368/11
f 93/360/9 97/365/9 171/364/9 170/361/9
f 151/389/9 174/390/9 172/391/9 154/392/9
f 151/389/9 87/393/9 176/394/9 174/390/9
f 152/395/11 193/396/11 192/397/11 142/398/11
f 172/391/9 173/399/9 82/400/9 154/392/9
f 95/401/9 92/402/9 147/403/9 189/404/9
f 186/405/10 95/406/10 189/407/10 144/408/10
f 187/409/10 145/410/10 146/411/10 94/412/10
f 195/413/10 196/414/10 148/415/10 89/416/10
f 175/417/11 139/418/11 143/378/11 177/381/11
f 90/419/11 179/420/11 178/380/11 96/379/11
f 154/421/12 82/422/12 83/423/12 140/424/12
f 95/406/10 186/405/10 187/409/10 94/412/10
f 147/425/10 92/426/10 93/427/10 149/428/10
f 134/429/12 97/430/12 96/431/12 143/432/12
f 142/433/12 192/434/12 85/435/12 88/436/12 150/437/12
f 84/372/12 181/377/12 182/438/12 86/439/12
f 139/440/10 90/441/10 91/442/10 153/443/10
f 91/444/11 94/445/11 146/446/11 153/447/11
f 141/448/12 86/439/12 182/438/12 185/449/12 184/450/12
f 183/375/12 152/374/12 141/448/12 184/450/12
f 90/419/11 139/418/11 175/417/11 179/420/11
f 176/394/9 87/393/9 82/400/9 173/399/9
f 150/349/8 157/348/8 130/306/8 142/307/8
f 101/451/8 102/452/8 116/453/8 117/454/8 115/455/8 100/456/8 103/457/8 158/458/8 113/459/8 119/460/8 109/461/8 110/462/8 111/463/8 104/464/8 105/465/8 108/466/8 106/467/8 107/468/8 118/469/8 161/470/8 114/471/8 112/472/8 98/473/8 99/474/8
f 117/454/8 116/453/8 190/475/8 191/476/8
f 123/241/8 122/294/8 197/295/8 151/242/8
f 111/477/10 110/478/10 122/479/10 123/480/10
f 192/397/11 193/396/11 84/481/11 85/482/11
f 151/483/13 197/484/13 194/485/13 87/486/13
f 197/487/11 201/488/11 198/489/11 194/490/11
f 195/491/11 194/490/11 198/489/11 199/492/11
f 196/493/11 195/491/11 199/492/11 200/494/11
f 197/487/11 196/493/11 200/494/11 201/488/11
o Window2
v 4.312809 0.618000 -3.081178
v 6.371171 0.618000 -3.081178
v 4.406370 0.618000 -3.081178
v 6.277608 0.618000 -3.081178
v 4.406371 2.565000 -3.081178
v 6.277608 2.565000 -3.081178
v 4.312809 2.660850 -3.081178
v 6.371170 2.660850 -3.081178
v 4.312809 0.618000 -3.101178
v 4.312809 2.660850 -3.101178
v 6.371170 2.660850 -3.101178
v 6.371170 0.618000 -3.101178
v 6.308280 0.630500 -3.050107
v 6.279611 0.630500 -3.129793
v 6.246936 0.665500 -3.117250
v 6.275606 0.665500 -3.037564
v 6.308280 2.582500 -3.050107
v 6.279611 2.582500 -3.129793
v 6.246936 2.547500 -3.117250
v 6.275606 2.547500 -3.037564
v 5.419599 2.582500 -2.708974
v 5.390930 2.582500 -2.788661
v 5.423604 2.547500 -2.801203
v 5.452274 2.547500 -2.721517
v 5.419599 0.630500 -2.708974
v 5.390929 0.630500 -2.788661
v 5.423604 0.665500 -2.801203
v 5.452274 0.665500 -2.721517
v 4.404367 0.630500 -3.129793
v 4.375698 0.630500 -3.050107
v 4.408373 0.665500 -3.037564
v 4.437043 0.665500 -3.117250
v 4.404367 2.582500 -3.129793
v 4.375698 2.582500 -3.050107
v 4.408373 2.547500 -3.037564
v 4.437043 2.547500 -3.117250
v 5.293049 2.582500 -2.788661
v 5.264379 2.582500 -2.708974
v 5.231703 2.547500 -2.721517
v 5.260373 2.547500 -2.801203
v 5.293048 0.630500 -2.788661
v 5.264379 0.630500 -2.708974
v 5.231703 0.665500 -2.721517
v 5.260373 0.665500 -2.801203
v 4.406370 0.648000 -3.081178
v 6.277608 0.648000 -3.081178
v 4.406371 2.565000 -3.281179
v 4.406370 0.648000 -3.281179
v 6.277608 0.648000 -3.281179
v 6.277608 2.565000 -3.281179
v 4.411370 0.653000 -3.081178
v 4.411371 2.560000 -3.081178
v 6.272608 2.560000 -3.081178
v 6.272608 0.653000 -3.081178
v 4.411371 2.560000 -3.281179
v 4.411370 0.653000 -3.281179
v 6.272608 0.653000 -3.281179
v 6.272608 2.560000 -3.281179
v 5.435446 1.022400 -2.733267
v 5.427694 1.016400 -2.736718
v 5.435446 1.040400 -2.733267
v 5.427694 1.046400 -2.736718
v 6.280250 1.022400 -3.057556
v 6.283700 1.016400 -3.065308
v 6.280250 1.040400 -3.057556
v 6.283700 1.046400 -3.065308
v 5.435446 1.405800 -2.733267
v 5.427694 1.399800 -2.736718
v 5.435446 1.423800 -2.733267
v 5.427694 1.429800 -2.736718
v 6.280250 1.405800 -3.057556
v 6.283701 1.399800 -3.065308
v 6.280250 1.423800 -3.057556
v 6.283701 1.429800 -3.065308
v 5.435446 1.789200 -2.733267
v 5.427694 1.783200 -2.736718
v 5.435446 1.807200 -2.733267
v 5.427694 1.813200 -2.736718
v 6.280250 1.789201 -3.057556
v 6.283701 1.783201 -3.065308
v 6.280250 1.807200 -3.057556
v 6.283701 1.813200 -3.065308
v 5.435446 2.172600 -2.733267
v 5.427694 2.166600 -2.736718
v 5.435446 2.190600 -2.733267
v 5.427694 2.196600 -2.736718
v 6.280250 2.172600 -3.057556
v 6.283700 2.166600 -3.065308
v 6.280250 2.190600 -3.057556
v 6.283700 2.196600 -3.065308
v 5.248531 1.022400 -2.733266
v 5.256283 1.016400 -2.736717
v 5.248531 1.040400 -2.733266
v 5.256283 1.046400 -2.736717
v 4.403728 1.022400 -3.057555
v 4.400278 1.016400 -3.065307
v 4.400278 1.046400 -3.065307
v 4.403728 1.040400 -3.057555
v 5.248531 1.405800 -2.733266
v 5.256283 1.399800 -2.736717
v 5.248531 1.423800 -2.733266
v 5.256283 1.429800 -2.736717
v 4.403729 1.405800 -3.057555
v 4.400278 1.399800 -3.065307
v 4.400278 1.429800 -3.065307
v 4.403729 1.423800 -3.057555
v 5.248532 1.789200 -2.733266
v 5.256284 1.783200 -2.736717
v 5.248532 1.807200 -2.733266
v 5.256284 1.813200 -2.736717
v 4.403729 1.789200 -3.057555
v 4.400278 1.783200 -3.065307
v 4.400278 1.813200 -3.065307
v 4.403729 1.807200 -3.057555
v 5.248531 2.172600 -2.733266
v 5.256283 2.166600 -2.736717
v 5.248531 2.190600 -2.733266
v 5.256283 2.196600 -2.736717
v 4.403729 2.172600 -3.057556
v 4.400278 2.166600 -3.065307
v 4.400278 2.196600 -3.065307
v 4.403729 2.190600 -3.057556
v 5.724299 0.654000 -2.842005
v 5.727750 0.648000 -2.849756
v 5.707495 0.654000 -2.835554
v 5.699743 0.648000 -2.839005
v 5.724299 2.559000 -2.842004
v 5.727750 2.565000 -2.849756
v 5.707495 2.559000 -2.835554
v 5.699743 2.565000 -2.839005
v 6.009634 0.654000 -2.951535
v 6.013086 0.648000 -2.959286
v 5.992830 0.654000 -2.945084
v 5.985078 0.648000 -2.948535
v 6.009634 2.559000 -2.951535
v 6.013086 2.565001 -2.959286
v 5.992830 2.559000 -2.945084
v 5.985078 2.565001 -2.948535
v 4.959680 0.654000 -2.842005
v 4.956228 0.648000 -2.849756
v 4.976484 0.654000 -2.835554
v 4.984236 0.648000 -2.839005
v 4.959680 2.559000 -2.842005
v 4.956228 2.565000 -2.849756
v 4.984236 2.565000 -2.839005
v 4.976484 2.559000 -2.835554
v 4.674344 0.654000 -2.951535
v 4.670893 0.648000 -2.959286
v 4.691149 0.654000 -2.945084
v 4.698900 0.648000 -2.948535
v 4.674345 2.559000 -2.951535
v 4.670894 2.565000 -2.959286
v 4.698900 2.565000 -2.948535
v 4.691149 2.559000 -2.945084
v 5.414893 1.016400 -2.773366
v 5.418244 1.022400 -2.781079
v 5.418244 1.040400 -2.781079
v 5.414893 1.046400 -2.773366
v 6.263048 1.022400 -3.105368
v 6.270899 1.016400 -3.101956
v 6.270899 1.046400 -3.101956
v 6.263048 1.040400 -3.105368
v 5.414893 1.399800 -2.773366
v 5.418244 1.405800 -2.781079
v 5.418244 1.423800 -2.781079
v 5.414893 1.429800 -2.773366
v 6.263048 1.405800 -3.105368
v 6.270900 1.399800 -3.101956
v 6.270900 1.429800 -3.101956
v 6.263048 1.423800 -3.105368
v 5.414893 1.783200 -2.773366
v 5.418244 1.789200 -2.781079
v 5.418244 1.807200 -2.781079
v 5.414893 1.813200 -2.773366
v 6.263048 1.789201 -3.105368
v 6.270900 1.783201 -3.101956
v 6.270900 1.813200 -3.101956
v 6.263048 1.807200 -3.105368
v 5.414893 2.166600 -2.773366
v 5.418244 2.172600 -2.781079
v 5.418244 2.190600 -2.781079
v 5.414893 2.196600 -2.773366
v 6.263048 2.172600 -3.105368
v 6.270899 2.166600 -3.101956
v 6.270899 2.196600 -3.101956
v 6.263048 2.190600 -3.105368
v 5.265733 1.022400 -2.781078
v 5.269084 1.016400 -2.773365
v 5.269084 1.046400 -2.773365
v 5.265733 1.040400 -2.781078
v 4.413079 1.016400 -3.101955
v 4.420931 1.022400 -3.105368
v 4.420931 1.040400 -3.105368
v 4.413079 1.046400 -3.101955
v 5.265733 1.405800 -2.781078
v 5.269084 1.399800 -2.773365
v 5.269084 1.429800 -2.773365
v 5.265733 1.423800 -2.781078
v 4.413079 1.399800 -3.101955
v 4.420931 1.405800 -3.105368
v 4.420931 1.423800 -3.105368
v 4.413079 1.429800 -3.101955
v 5.265734 1.789200 -2.781078
v 5.269085 1.783200 -2.773365
v 5.269085 1.813200 -2.773365
v 5.265734 1.807200 -2.781078
v 4.413079 1.783200 -3.101955
v 4.420931 1.789200 -3.105368
v 4.420931 1.807200 -3.105368
v 4.413079 1.813200 -3.101955
v 5.265733 2.172600 -2.781078
v 5.269084 2.166600 -2.773365
v 5.269084 2.196600 -2.773365
v 5.265733 2.190600 -2.781078
v 4.413079 2.166600 -3.101955
v 4.420931 2.172600 -3.105368
v 4.420931 2.190600 -3.105368
v 4.413079 2.196600 -3.101955
v 5.714132 0.648000 -2.890233
v 5.706381 0.654000 -2.893684
v 5.689576 0.654000 -2.887233
v 5.686125 0.648000 -2.879482
v 5.706381 2.559000 -2.893683
v 5.714132 2.565000 -2.890232
v 5.686125 2.565000 -2.879481
v 5.689576 2.559000 -2.887233
v 5.999468 0.648000 -2.999762
v 5.991716 0.654000 -3.003213
v 5.974911 0.654000 -2.996763
v 5.971460 0.648000 -2.989011
v 5.991716 2.559000 -3.003213
v 5.999468 2.565001 -2.999762
v 5.971460 2.565001 -2.989011
v 5.974911 2.559000 -2.996763
v 4.977598 0.654000 -2.893684
v 4.969846 0.648000 -2.890233
v 4.997853 0.648000 -2.879482
v 4.994402 0.654000 -2.887233
v 4.969846 2.565000 -2.890233
v 4.977598 2.559000 -2.893684
v 4.994403 2.559000 -2.887233
v 4.997854 2.565000 -2.879482
v 4.692263 0.654000 -3.003214
v 4.684511 0.648000 -2.999763
v 4.712518 0.648000 -2.989012
v 4.709067 0.654000 -2.996763
v 4.684511 2.565000 -2.999763
v 4.692263 2.559000 -3.003214
v 4.709067 2.559000 -2.996763
v 4.712519 2.565000 -2.989012
v 4.312808 0.558900 -3.081178
v 6.371170 0.558900 -3.081178
v 4.312808 0.618000 -3.081178
v 6.371170 0.618000 -3.081178
v 4.312808 0.558900 -2.981179
v 4.312808 0.618000 -2.981179
v 6.371170 0.558900 -2.981179
v 6.371170 0.618000 -2.981179
v 4.312808 0.558900 -3.101178
v 6.371170 0.558900 -3.101178
v 4.312808 0.618000 -3.101178
v 6.371170 0.618000 -3.101178
v 6.308280 0.630500 -3.050107
v 6.308280 2.582500 -3.050107
v 5.435936 2.582500 -2.715245
v 5.435936 0.630500 -2.715245
v 5.424974 2.582500 -2.694970
v 5.424974 0.630500 -2.694970
v 5.435936 0.630500 -2.715245
v 5.435936 2.582500 -2.715245
v 5.404662 2.582500 -2.703241
v 5.404662 0.630500 -2.703241
v 5.433844 2.582500 -2.698375
v 5.438445 2.582500 -2.708710
v 5.438445 0.630500 -2.708710
v 5.433844 0.630500 -2.698375
v 5.407170 2.582500 -2.696706
v 5.417505 2.582500 -2.692104
v 5.417505 0.630500 -2.692104
v 5.407170 0.630500 -2.696706
vn -0.0000 -0.0000 1.0000
vn 1.0000 -0.0000 -0.0000
vn -0.0000 1.0000 -0.0000
vn -1.0000 -0.0000 -0.0000
vn 0.9410 -0.0000 -0.3385
vn -0.3584 -0.0000 -0.9336
vn -0.2349 -0.6728 -0.7015
vn -0.9410 -0.0000 0.3385
vn -0.0000 -1.0000 -0.0000
vn -0.9410 -0.0000 -0.3385
vn -0.3584 -0.0000 0.9336
vn 0.9410 -0.0000 0.3385
vn 0.3584 -0.0000 -0.9336
vn -0.0000 -0.0000 -1.0000
vn 0.2534 -0.7071 0.6601
vn 0.2534 0.7071 0.6601
vn -0.4067 -0.0000 0.9135
vn 0.9136 -0.0000 0.4067
vn -0.2534 -0.7071 0.6601
vn -0.2534 0.7071 0.6601
vn 0.4067 -0.0000 0.9136
vn -0.9136 -0.0000 0.4067
vn -0.4067 -0.0000 0.9136
vn 0.9135 -0.0000 0.4068
vn 0.2534 -0.7071 0.6602
vn 0.2534 0.7071 0.6602
vn -0.9135 -0.0000 0.4067
vn -0.2534 -0.7071 0.6602
vn -0.2534 0.7071 0.6602
vn 0.3584 -0.0000 0.9336
vn -0.2534 -0.7071 -0.6602
vn -0.2534 0.7071 -0.6602
vn -0.9172 -0.0000 -0.3985
vn 0.3986 -0.0000 -0.9171
vn 0.2534 -0.7071 -0.6602
vn 0.2534 0.7071 -0.6602
vn 0.9172 -0.0000 -0.3985
vn -0.3986 -0.0000 -0.9171
vn 0.4067 -0.0000 -0.9135
vn -0.9135 -0.0000 -0.4067
vn 0.4067 -0.0000 -0.9136
vn -0.9135 -0.0000 -0.4068
vn -0.2534 -0.7071 -0.6601
vn -0.4067 -0.0000 -0.9136
vn 0.9135 -0.0000 -0.4067
vn 0.2534 -0.7071 -0.6601
vn 0.2534 0.7071 -0.6601
vn -0.9441 -0.0000 0.3298
vn 0.9441 -0.0000 -0.3298
vn 0.9441 -0.0000 0.3298
vn -0.9441 -0.0000 -0.3298
vn 0.9478 -0.0000 -0.3189
vn -0.9478 -0.0000 0.3189
vn -0.9478 -0.0000 -0.3189
vn 0.9478 -0.0000 0.3189
vn 0.3583 -0.0000 0.9336
vn -0.3583 -0.0000 -0.9336
vn -0.2691 -0.6914 -0.6705
vn 0.9135 -0.0000 0.4067
vn -0.4068 -0.0000 0.9135
vn 0.9336 -0.0000 -0.3584
vn -0.9336 -0.0000 0.3583
vt 0.021764 0.426531
vt 0.444304 0.426531
vt 0.444304 0.446835
vt 0.000962 0.446835
vt 0.021764 0.020444
vt 0.000962 0.000140
vt 0.444304 0.000140
vt 0.444304 0.020444
vt 0.486076 0.000962
vt 0.486076 0.444304
vt 0.481736 0.444304
vt 0.481736 0.000962
vt 0.479747 0.000128
vt 0.479747 0.446835
vt 0.475406 0.446835
vt 0.475406 0.000128
vt 0.444304 0.491139
vt 0.000962 0.491139
vt 0.000962 0.486799
vt 0.444304 0.486799
vt 0.894937 0.896203
vt 0.877658 0.896203
vt 0.877658 0.472578
vt 0.894937 0.472578
vt 0.681013 0.424051
vt 0.673894 0.416455
vt 0.673894 0.008021
vt 0.681013 0.000426
vt 0.000000 0.002532
vt 0.231257 0.303144
vt 0.231646 0.321519
vt 0.025062 0.321519
vt 0.024673 0.303144
vt 0.028471 0.303144
vt 0.494512 0.008021
vt 0.487393 0.000426
vt 0.435443 0.022836
vt 0.435443 0.212896
vt 0.435443 0.212896
vt 0.858581 0.425742
vt 0.875949 0.425742
vt 0.875949 0.849367
vt 0.858581 0.849367
vt 0.494512 0.416455
vt 0.487393 0.424051
vt 0.024673 0.301266
vt 0.025062 0.282891
vt 0.231646 0.282891
vt 0.231257 0.301266
vt 0.028471 0.301266
vt 0.432911 0.103543
vt 0.432911 0.103543
vt 0.432911 0.306329
vt 0.896203 0.424051
vt 0.878986 0.424051
vt 0.878986 0.000425
vt 0.896203 0.000426
vt 0.424051 0.492507
vt 0.416455 0.499578
vt 0.008021 0.499578
vt 0.000425 0.492507
vt 0.432911 0.042185
vt 0.432911 0.059494
vt 0.024478 0.059494
vt 0.024478 0.042185
vt 0.690927 0.416455
vt 0.683864 0.424051
vt 0.683864 0.000425
vt 0.690927 0.008021
vt 0.495549 0.009483
vt 0.513924 0.009872
vt 0.513924 0.216456
vt 0.495549 0.216067
vt 0.008021 0.677739
vt 0.000425 0.684810
vt 0.452511 0.454177
vt 0.470886 0.453789
vt 0.470886 0.645181
vt 0.452511 0.645570
vt 0.875949 0.000425
vt 0.868887 0.008021
vt 0.425742 0.886076
vt 0.425742 0.868767
vt 0.849367 0.868767
vt 0.849367 0.886076
vt 0.416455 0.677740
vt 0.424051 0.684810
vt 0.024478 0.097468
vt 0.024478 0.080252
vt 0.432911 0.080252
vt 0.432911 0.097468
vt 0.875949 0.424051
vt 0.868887 0.416455
vt 0.534177 0.216067
vt 0.515802 0.216456
vt 0.515802 0.009872
vt 0.534177 0.009483
vt 0.491139 0.645570
vt 0.472764 0.645181
vt 0.472764 0.453789
vt 0.491139 0.454177
vt 0.939241 0.841772
vt 0.895839 0.841772
vt 0.895839 0.425743
vt 0.939241 0.425743
vt 0.425743 0.936709
vt 0.425743 0.893305
vt 0.841772 0.893305
vt 0.841772 0.936709
vt 0.024282 0.188608
vt 0.024282 0.145203
vt 0.430380 0.145203
vt 0.430380 0.188608
vt 0.956596 0.413924
vt 0.956596 0.000065
vt 1.000000 0.000065
vt 1.000000 0.413924
vt 0.430380 0.234177
vt 0.026452 0.234177
vt 0.026452 0.190773
vt 0.430380 0.190773
vt 1.000000 0.416521
vt 1.000000 0.830380
vt 0.956599 0.830380
vt 0.956599 0.416521
vt 0.026452 0.236343
vt 0.430380 0.236343
vt 0.430380 0.279747
vt 0.026452 0.279747
vt 0.436708 0.021530
vt 0.022849 0.021530
vt 0.437793 0.020444
vt 0.022849 0.425446
vt 0.436708 0.425446
vt 0.437793 0.426531
vt 0.450705 0.450879
vt 0.450705 0.864738
vt 0.449620 0.865823
vt 0.449620 0.449793
vt 0.854611 0.864738
vt 0.855696 0.865823
vt 0.854611 0.450879
vt 0.855696 0.449793
vt 0.495549 0.218734
vt 0.513924 0.218345
vt 0.513924 0.409738
vt 0.495549 0.410127
vt 0.024478 0.078481
vt 0.024478 0.061203
vt 0.432911 0.061203
vt 0.432911 0.078481
vt 0.534177 0.410127
vt 0.515802 0.409738
vt 0.515802 0.218345
vt 0.534177 0.218734
vt 0.432911 0.023138
vt 0.432911 0.040506
vt 0.024478 0.040506
vt 0.024478 0.023138
vt 0.562429 0.010882
vt 0.562429 0.209870
vt 0.561127 0.208568
vt 0.561127 0.012184
vt 0.572152 0.213450
vt 0.572152 0.409834
vt 0.570850 0.411136
vt 0.570850 0.212148
vt 0.564557 0.637975
vt 0.558046 0.637975
vt 0.559349 0.636298
vt 0.563255 0.636298
vt 0.261880 0.311888
vt 0.265786 0.311888
vt 0.267089 0.313572
vt 0.260578 0.313572
vt 0.549771 0.010882
vt 0.549771 0.209870
vt 0.548469 0.208568
vt 0.548469 0.012184
vt 0.559494 0.213450
vt 0.559494 0.409834
vt 0.558192 0.411136
vt 0.558192 0.212148
vt 0.546835 0.637975
vt 0.540325 0.637975
vt 0.541627 0.636298
vt 0.545533 0.636298
vt 0.272007 0.311888
vt 0.275913 0.311888
vt 0.277215 0.313572
vt 0.270705 0.313572
vt 0.537113 0.010882
vt 0.537113 0.209870
vt 0.535810 0.208568
vt 0.535811 0.012184
vt 0.546835 0.213450
vt 0.546835 0.409834
vt 0.545533 0.411136
vt 0.545533 0.212148
vt 0.537975 0.637975
vt 0.531464 0.637975
vt 0.532766 0.636298
vt 0.536673 0.636298
vt 0.280867 0.311888
vt 0.284774 0.311888
vt 0.286076 0.313572
vt 0.279565 0.313572
vt 0.575087 0.010882
vt 0.575087 0.209870
vt 0.573785 0.208568
vt 0.573785 0.012184
vt 0.584810 0.213450
vt 0.584810 0.409834
vt 0.583508 0.411136
vt 0.583508 0.212148
vt 0.555696 0.637975
vt 0.549186 0.637975
vt 0.550488 0.636298
vt 0.554394 0.636298
vt 0.316310 0.301762
vt 0.320217 0.301762
vt 0.321519 0.303446
vt 0.315008 0.303446
vt 0.586444 0.408824
vt 0.586443 0.212441
vt 0.587746 0.211139
vt 0.587746 0.410127
vt 0.608824 0.210127
vt 0.608824 0.011139
vt 0.610127 0.012441
vt 0.610127 0.208824
vt 0.565641 0.453478
vt 0.572152 0.453478
vt 0.570850 0.455166
vt 0.566943 0.455166
vt 0.318951 0.324051
vt 0.315045 0.324051
vt 0.313743 0.322359
vt 0.320253 0.322359
vt 0.611760 0.207559
vt 0.611760 0.011175
vt 0.613062 0.009873
vt 0.613062 0.208861
vt 0.634141 0.410127
vt 0.634141 0.211139
vt 0.635443 0.212441
vt 0.635443 0.408824
vt 0.590958 0.453479
vt 0.597468 0.453479
vt 0.596166 0.455166
vt 0.592260 0.455166
vt 0.325280 0.298734
vt 0.321374 0.298734
vt 0.320072 0.297043
vt 0.326582 0.297043
vt 0.586443 0.207558
vt 0.586443 0.011175
vt 0.587746 0.009873
vt 0.587746 0.208861
vt 0.608824 0.411392
vt 0.608824 0.212404
vt 0.610127 0.213707
vt 0.610127 0.410090
vt 0.574502 0.453478
vt 0.581013 0.453478
vt 0.579710 0.455166
vt 0.575804 0.455166
vt 0.292369 0.329114
vt 0.288462 0.329114
vt 0.287160 0.327423
vt 0.293671 0.327423
vt 0.624418 0.207559
vt 0.624418 0.011175
vt 0.625720 0.009873
vt 0.625720 0.208861
vt 0.621483 0.410127
vt 0.621483 0.211139
vt 0.622785 0.212441
vt 0.622785 0.408824
vt 0.582097 0.453479
vt 0.588607 0.453479
vt 0.587305 0.455166
vt 0.583399 0.455166
vt 0.303761 0.324051
vt 0.299855 0.324051
vt 0.298553 0.322359
vt 0.305063 0.322359
vt 0.932493 0.416456
vt 0.932493 0.000426
vt 0.934177 0.001729
vt 0.934177 0.415154
vt 0.832875 0.948241
vt 0.419450 0.948241
vt 0.418148 0.946565
vt 0.834177 0.946565
vt 0.264381 0.307615
vt 0.270886 0.307341
vt 0.269640 0.308697
vt 0.265737 0.308861
vt 0.303708 0.306329
vt 0.299805 0.306165
vt 0.298558 0.304810
vt 0.305063 0.305083
vt 0.416456 0.922869
vt 0.000426 0.922869
vt 0.001729 0.921185
vt 0.415154 0.921185
vt 0.945159 0.834141
vt 0.945159 0.420716
vt 0.946836 0.419414
vt 0.946836 0.835443
vt 0.264381 0.292425
vt 0.270886 0.292151
vt 0.269640 0.293507
vt 0.265737 0.293671
vt 0.278391 0.293671
vt 0.274488 0.293507
vt 0.273242 0.292151
vt 0.279747 0.292425
vt 0.415154 0.944304
vt 0.001729 0.944304
vt 0.000426 0.942612
vt 0.416456 0.942612
vt 0.949106 0.416456
vt 0.949106 0.000426
vt 0.950794 0.001729
vt 0.950794 0.415154
vt 0.298734 0.283157
vt 0.292229 0.282883
vt 0.293585 0.281637
vt 0.297488 0.281801
vt 0.284615 0.281801
vt 0.288518 0.281637
vt 0.289873 0.282883
vt 0.283368 0.283157
vt 0.936397 0.415154
vt 0.936397 0.001729
vt 0.938088 0.000426
vt 0.938088 0.416456
vt 0.949106 0.835443
vt 0.949106 0.419414
vt 0.950794 0.420716
vt 0.950794 0.834141
vt 0.279747 0.298347
vt 0.273242 0.298073
vt 0.274598 0.296827
vt 0.278501 0.296991
vt 0.284615 0.296991
vt 0.288518 0.296827
vt 0.289873 0.298073
vt 0.283369 0.298346
vt 0.559349 0.452437
vt 0.563255 0.452437
vt 0.541627 0.452437
vt 0.545533 0.452437
vt 0.532766 0.452437
vt 0.536673 0.452437
vt 0.550488 0.452437
vt 0.554394 0.452437
vt 0.570850 0.637975
vt 0.566943 0.637975
vt 0.596166 0.637975
vt 0.592260 0.637975
vt 0.579710 0.637975
vt 0.575804 0.637975
vt 0.587305 0.637975
vt 0.583399 0.637975
vt 0.832875 0.951899
vt 0.419450 0.951899
vt 0.941502 0.834141
vt 0.941502 0.420716
vt 0.954430 0.415154
vt 0.954430 0.001729
vt 0.954430 0.834141
vt 0.954430 0.420716
vt 0.572152 0.012417
vt 0.572152 0.208801
vt 0.570850 0.210127
vt 0.570850 0.011139
vt 0.562429 0.212404
vt 0.562429 0.411392
vt 0.561127 0.410067
vt 0.561127 0.213683
vt 0.312658 0.305937
vt 0.306148 0.305937
vt 0.307450 0.304273
vt 0.311356 0.304273
vt 0.523905 0.636278
vt 0.527812 0.636278
vt 0.529114 0.637975
vt 0.522603 0.637975
vt 0.559494 0.012417
vt 0.559494 0.208801
vt 0.558192 0.210127
vt 0.558192 0.011138
vt 0.549771 0.212404
vt 0.549771 0.411392
vt 0.548469 0.410067
vt 0.548469 0.213683
vt 0.313924 0.294545
vt 0.307413 0.294545
vt 0.308715 0.292880
vt 0.312622 0.292880
vt 0.504918 0.636278
vt 0.508824 0.636278
vt 0.510127 0.637975
vt 0.503616 0.637975
vt 0.546835 0.012417
vt 0.546835 0.208801
vt 0.545533 0.210127
vt 0.545533 0.011138
vt 0.537113 0.212404
vt 0.537113 0.411392
vt 0.535811 0.410067
vt 0.535811 0.213683
vt 0.297468 0.308469
vt 0.290958 0.308469
vt 0.292260 0.306804
vt 0.296166 0.306804
vt 0.494792 0.636279
vt 0.498698 0.636279
vt 0.500000 0.637975
vt 0.493489 0.637975
vt 0.584810 0.012417
vt 0.584810 0.208801
vt 0.583508 0.210127
vt 0.583508 0.011139
vt 0.575087 0.212404
vt 0.575087 0.411392
vt 0.573785 0.410067
vt 0.573785 0.213683
vt 0.308861 0.283152
vt 0.302350 0.283152
vt 0.303652 0.281488
vt 0.307559 0.281488
vt 0.513779 0.636279
vt 0.517685 0.636279
vt 0.518987 0.637975
vt 0.512477 0.637975
vt 0.596166 0.409870
vt 0.596166 0.210882
vt 0.597468 0.212207
vt 0.597468 0.408591
vt 0.599102 0.208591
vt 0.599102 0.012207
vt 0.600404 0.010882
vt 0.600404 0.209870
vt 0.251717 0.319847
vt 0.258228 0.319847
vt 0.256926 0.321519
vt 0.253020 0.321519
vt 0.605027 0.455374
vt 0.601121 0.455374
vt 0.599819 0.453662
vt 0.606329 0.453662
vt 0.621483 0.208604
vt 0.621483 0.009616
vt 0.622785 0.010942
vt 0.622785 0.207325
vt 0.624418 0.408591
vt 0.624418 0.212207
vt 0.625720 0.210882
vt 0.625720 0.409870
vt 0.240506 0.313559
vt 0.233996 0.313559
vt 0.235298 0.311887
vt 0.239204 0.311887
vt 0.620217 0.455374
vt 0.616310 0.455374
vt 0.615008 0.453662
vt 0.621519 0.453662
vt 0.596166 0.208604
vt 0.596166 0.009616
vt 0.597468 0.010942
vt 0.597468 0.207325
vt 0.599102 0.409857
vt 0.599102 0.213473
vt 0.600404 0.212148
vt 0.600404 0.411136
vt 0.242856 0.319847
vt 0.249367 0.319847
vt 0.248065 0.321519
vt 0.244159 0.321519
vt 0.627812 0.455374
vt 0.623905 0.455374
vt 0.622603 0.453662
vt 0.629114 0.453662
vt 0.634141 0.208604
vt 0.634141 0.009616
vt 0.635443 0.010942
vt 0.635443 0.207325
vt 0.611760 0.408591
vt 0.611760 0.212207
vt 0.613062 0.210882
vt 0.613062 0.409870
vt 0.312477 0.289467
vt 0.318987 0.289467
vt 0.317685 0.291139
vt 0.313779 0.291139
vt 0.612622 0.455374
vt 0.608715 0.455374
vt 0.607413 0.453662
vt 0.613924 0.453662
vt 0.415154 0.948237
vt 0.001729 0.948237
vt 0.000426 0.946563
vt 0.416456 0.946563
vt 0.907188 0.416456
vt 0.907188 0.000426
vt 0.908861 0.001729
vt 0.908861 0.415154
vt 0.270886 0.298073
vt 0.264381 0.298346
vt 0.265628 0.296991
vt 0.269530 0.296827
vt 0.299914 0.294295
vt 0.303817 0.294459
vt 0.305063 0.295815
vt 0.298559 0.295542
vt 0.832875 0.940643
vt 0.419450 0.940643
vt 0.418148 0.938968
vt 0.834177 0.938968
vt 0.416456 0.897510
vt 0.000426 0.897510
vt 0.001729 0.895837
vt 0.415154 0.895837
vt 0.270886 0.282883
vt 0.264381 0.283156
vt 0.265627 0.281801
vt 0.269530 0.281637
vt 0.274598 0.281637
vt 0.278500 0.281801
vt 0.279747 0.283156
vt 0.273242 0.282883
vt 0.416456 0.959494
vt 0.000426 0.959494
vt 0.001729 0.957804
vt 0.415154 0.957804
vt 0.415154 0.918987
vt 0.001729 0.918987
vt 0.000426 0.917307
vt 0.416456 0.917307
vt 0.292229 0.292151
vt 0.298734 0.292425
vt 0.297379 0.293671
vt 0.293476 0.293507
vt 0.288627 0.293507
vt 0.284724 0.293671
vt 0.283368 0.292425
vt 0.289873 0.292151
vt 0.835443 0.959494
vt 0.419414 0.959494
vt 0.420716 0.957804
vt 0.834141 0.957804
vt 0.911047 0.415154
vt 0.911047 0.001729
vt 0.912727 0.000426
vt 0.912727 0.416456
vt 0.273242 0.307341
vt 0.279747 0.307615
vt 0.278391 0.308861
vt 0.274488 0.308697
vt 0.288627 0.308697
vt 0.284724 0.308861
vt 0.283369 0.307615
vt 0.289873 0.307341
vt 0.523905 0.452219
vt 0.527812 0.452219
vt 0.306148 0.313924
vt 0.312658 0.313924
vt 0.267089 0.321519
vt 0.260578 0.321519
vt 0.504918 0.452219
vt 0.508824 0.452219
vt 0.307413 0.302532
vt 0.313924 0.302532
vt 0.277215 0.321519
vt 0.270705 0.321519
vt 0.494791 0.452219
vt 0.498698 0.452219
vt 0.290958 0.316456
vt 0.297468 0.316456
vt 0.286076 0.321519
vt 0.279565 0.321519
vt 0.513779 0.452219
vt 0.517685 0.452219
vt 0.302350 0.291139
vt 0.308861 0.291139
vt 0.321519 0.311392
vt 0.315008 0.311392
vt 0.605027 0.637975
vt 0.601121 0.637975
vt 0.251717 0.311887
vt 0.258228 0.311887
vt 0.320253 0.314440
vt 0.313743 0.314440
vt 0.620217 0.637975
vt 0.616311 0.637975
vt 0.240506 0.321519
vt 0.233996 0.321519
vt 0.326582 0.289124
vt 0.320072 0.289124
vt 0.627812 0.637975
vt 0.623905 0.637975
vt 0.242856 0.311887
vt 0.249367 0.311887
vt 0.293671 0.319504
vt 0.287160 0.319504
vt 0.612622 0.637975
vt 0.608715 0.637975
vt 0.312477 0.281507
vt 0.318987 0.281507
vt 0.305063 0.314440
vt 0.298553 0.314440
vt 0.923716 0.416456
vt 0.923716 0.000426
vt 0.415154 0.951899
vt 0.001729 0.951899
vt 0.898368 0.416456
vt 0.898368 0.000426
vt 0.416456 0.931646
vt 0.000426 0.931646
vt 0.832875 0.944304
vt 0.419450 0.944304
vt 0.416456 0.906329
vt 0.000426 0.906329
vt 0.416456 0.933865
vt 0.000426 0.933865
vt 0.415154 0.954171
vt 0.001729 0.954171
vt 0.416456 0.908515
vt 0.000426 0.908515
vt 0.946836 0.416456
vt 0.946836 0.000426
vt 0.834141 0.954172
vt 0.420716 0.954172
vt 0.921519 0.416456
vt 0.921519 0.000426
vt 0.024282 0.143038
vt 0.024282 0.099634
vt 0.430380 0.099634
vt 0.430380 0.143038
vt 0.469077 0.000128
vt 0.469077 0.446835
vt 0.447375 0.446835
vt 0.447375 0.000128
vt 0.246835 0.282818
vt 0.246835 0.304520
vt 0.234010 0.304520
vt 0.234010 0.282818
vt 0.249199 0.308861
vt 0.249199 0.287160
vt 0.262025 0.287160
vt 0.262025 0.308861
vt 0.000140 0.471984
vt 0.446835 0.471984
vt 0.446835 0.484810
vt 0.000140 0.484810
vt 0.246835 0.308861
vt 0.234010 0.308861
vt 0.473418 0.000128
vt 0.473418 0.446835
vt 0.262025 0.282820
vt 0.249199 0.282820
vt 0.446835 0.470886
vt 0.000128 0.470886
vt 0.000128 0.449184
vt 0.446835 0.449184
vt 0.416455 0.692181
vt 0.424051 0.688626
vt 0.424051 0.878481
vt 0.416455 0.871370
vt 0.008021 0.692182
vt 0.000425 0.688626
vt 0.008021 0.871370
vt 0.000425 0.878481
vt 0.427008 0.887885
vt 0.850633 0.887885
vt 0.850633 0.891139
vt 0.427008 0.891139
vt 0.432911 0.099745
vt 0.435443 0.216456
vt 0.000426 0.887477
vt 0.424051 0.887477
vt 0.424051 0.889722
vt 0.000426 0.889722
vt 0.000425 0.880285
vt 0.424051 0.880285
vt 0.424051 0.882520
vt 0.000425 0.882520
vt 0.306871 0.324051
vt 0.306871 0.320253
vt 0.310127 0.320253
vt 0.310127 0.322315
vt 0.308390 0.324051
vt 0.000426 0.886076
vt 0.000425 0.884146
vt 0.424051 0.884146
vt 0.424051 0.886076
vt 0.424051 0.891139
vt 0.000426 0.891139
vt 0.294937 0.300000
vt 0.294937 0.303797
vt 0.293417 0.303797
vt 0.291681 0.302061
vt 0.291681 0.300000
vt 0.424051 0.892246
vt 0.424051 0.893671
vt 0.000426 0.893671
vt 0.000426 0.892246
vt 0.306871 0.316781
vt 0.308390 0.316781
vt 0.310126 0.318517
vt 0.291681 0.298264
vt 0.293418 0.296527
vt 0.294937 0.296527
s 0
usemtl White_Wood.007
f 207/495/14 205/496/14 203/497/14 209/498/14
f 206/499/14 207/495/14 209/498/14 208/500/14
f 202/501/14 204/502/14 206/499/14 208/500/14
f 209/503/15 203/504/15 213/505/15 212/506/15
f 208/507/16 209/508/16 212/509/16 211/510/16
f 202/511/17 208/512/17 211/513/17 210/514/17
f 214/515/18 215/516/18 219/517/18 218/518/18
f 215/519/19 216/520/19 220/521/19 219/522/19
f 464/523/16 214/523/16 218/523/16 465/523/16
f 218/524/16 219/525/16 223/526/16 222/527/16 471/528/16
f 219/522/19 220/521/19 224/529/19 223/530/19
f 465/531/20 218/531/20 471/532/20 466/533/20
f 222/534/21 223/535/21 227/536/21 226/537/21
f 223/530/19 224/529/19 228/538/19 227/539/19
f 226/540/22 227/541/22 215/542/22 214/543/22 470/544/22
f 227/539/19 228/538/19 216/520/19 215/519/19
f 467/545/16 470/546/16 214/547/16 464/547/16
f 230/548/23 231/549/23 235/550/23 234/551/23
f 231/552/24 232/553/24 236/554/24 235/555/24
f 232/556/25 233/557/25 237/558/25 236/559/25
f 233/560/26 230/561/26 234/562/26 237/563/26
f 234/564/16 235/565/16 239/566/16 238/567/16
f 235/555/24 236/554/24 240/568/24 239/569/24
f 236/570/22 237/571/22 241/572/22 240/573/22
f 237/563/26 234/562/26 238/574/26 241/575/26
f 238/576/25 239/577/25 243/578/25 242/579/25
f 239/569/24 240/568/24 244/580/24 243/581/24
f 240/582/23 241/583/23 245/584/23 244/585/23
f 241/575/26 238/574/26 242/586/26 245/587/26
f 242/588/22 243/589/22 231/590/22 230/591/22
f 243/581/24 244/580/24 232/553/24 231/552/24
f 244/592/16 245/593/16 233/594/16 232/595/16
f 245/587/26 242/586/26 230/561/26 233/560/26
f 249/596/17 246/597/17 206/598/17 248/599/17
f 251/600/15 207/601/15 247/602/15 250/603/15
f 248/604/16 206/605/16 207/606/16 251/607/16
f 257/608/15 256/609/15 253/610/15 252/611/15
f 258/612/16 257/613/16 252/614/16 255/615/16
f 259/616/17 258/617/17 255/618/17 254/619/17
f 256/620/22 259/621/22 254/622/22 253/623/22
f 252/624/14 253/625/14 206/499/14 246/626/14
f 253/625/14 254/627/14 207/495/14 206/499/14
f 255/628/14 247/629/14 207/495/14 254/627/14
f 252/624/14 246/626/14 247/629/14 255/628/14
f 256/630/27 257/631/27 249/632/27 248/633/27
f 257/631/27 258/634/27 250/635/27 249/632/27
f 258/634/27 259/636/27 251/637/27 250/635/27
f 259/636/27 256/630/27 248/633/27 251/637/27
f 228/638/16 229/639/16 217/640/16 216/641/16
f 224/642/18 225/643/18 229/644/18 228/645/18
f 220/646/22 221/647/22 225/648/22 224/649/22
f 216/650/21 217/651/21 221/652/21 220/653/21
f 261/654/28 265/655/28 264/656/28 260/657/28
f 262/658/29 266/659/29 267/660/29 263/661/29
f 263/662/30 261/663/30 260/664/30 262/665/30
f 266/666/31 264/667/31 265/668/31 267/669/31
f 269/670/28 273/671/28 272/672/28 268/673/28
f 270/674/29 274/675/29 275/676/29 271/677/29
f 271/678/30 269/679/30 268/680/30 270/681/30
f 274/682/31 272/683/31 273/684/31 275/685/31
f 277/686/28 281/687/28 280/688/28 276/689/28
f 278/690/29 282/691/29 283/692/29 279/693/29
f 279/694/30 277/695/30 276/696/30 278/697/30
f 282/698/31 280/699/31 281/700/31 283/701/31
f 285/702/28 289/703/28 288/704/28 284/705/28
f 286/706/29 290/707/29 291/708/29 287/709/29
f 287/710/30 285/711/30 284/712/30 286/713/30
f 290/714/31 288/715/31 289/716/31 291/717/31
f 292/718/32 296/719/32 297/720/32 293/721/32
f 295/722/33 298/723/33 299/724/33 294/725/33
f 293/726/34 295/727/34 294/728/34 292/729/34
f 296/730/35 299/731/35 298/732/35 297/733/35
f 300/734/32 304/735/32 305/736/32 301/737/32
f 303/738/33 306/739/33 307/740/33 302/741/33
f 301/742/34 303/743/34 302/744/34 300/745/34
f 304/746/35 307/747/35 306/748/35 305/749/35
f 308/750/32 312/751/32 313/752/32 309/753/32
f 311/754/33 314/755/33 315/756/33 310/757/33
f 309/758/34 311/759/34 310/760/34 308/761/34
f 312/762/35 315/763/35 314/764/35 313/765/35
f 316/766/32 320/767/32 321/768/32 317/769/32
f 319/770/33 322/771/33 323/772/33 318/773/33
f 317/774/34 319/775/34 318/776/34 316/777/34
f 320/778/35 323/779/35 322/780/35 321/781/35
f 325/782/31 329/783/31 328/784/31 324/785/31
f 326/786/36 330/787/36 331/788/36 327/789/36
f 327/790/28 325/791/28 324/792/28 326/793/28
f 330/794/29 328/795/29 329/796/29 331/797/29
f 333/798/37 337/799/37 336/800/37 332/801/37
f 334/802/36 338/803/36 339/804/36 335/805/36
f 335/806/38 333/807/38 332/808/38 334/809/38
f 338/810/39 336/811/39 337/812/39 339/813/39
f 340/814/35 344/815/35 345/816/35 341/817/35
f 343/818/34 346/819/34 347/820/34 342/821/34
f 341/822/32 343/823/32 342/824/32 340/825/32
f 344/826/33 347/827/33 346/828/33 345/829/33
f 348/830/40 352/831/40 353/832/40 349/833/40
f 351/834/34 354/835/34 355/836/34 350/837/34
f 349/838/41 351/839/41 350/840/41 348/841/41
f 352/842/42 355/843/42 354/844/42 353/845/42
f 262/665/43 260/664/43 264/846/43 266/847/43
f 270/681/43 268/680/43 272/848/43 274/849/43
f 278/697/43 276/696/43 280/850/43 282/851/43
f 286/713/43 284/712/43 288/852/43 290/853/43
f 292/729/24 294/728/24 299/854/24 296/855/24
f 300/745/24 302/744/24 307/856/24 304/857/24
f 308/761/24 310/760/24 315/858/24 312/859/24
f 316/777/24 318/776/24 323/860/24 320/861/24
f 326/786/43 324/862/43 328/863/43 330/787/43
f 334/802/43 332/864/43 336/865/43 338/803/43
f 340/866/24 342/821/24 347/820/24 344/867/24
f 348/868/24 350/837/24 355/836/24 352/869/24
f 357/870/44 360/871/44 361/872/44 356/873/44
f 359/874/45 362/875/45 363/876/45 358/877/45
f 356/878/46 359/879/46 358/880/46 357/881/46
f 360/882/47 363/883/47 362/884/47 361/885/47
f 365/886/44 368/887/44 369/888/44 364/889/44
f 367/890/45 370/891/45 371/892/45 366/893/45
f 364/894/46 367/895/46 366/896/46 365/897/46
f 368/898/47 371/899/47 370/900/47 369/901/47
f 373/902/44 376/903/44 377/904/44 372/905/44
f 375/906/45 378/907/45 379/908/45 374/909/45
f 372/910/46 375/911/46 374/912/46 373/913/46
f 376/914/47 379/915/47 378/916/47 377/917/47
f 381/918/44 384/919/44 385/920/44 380/921/44
f 383/922/45 386/923/45 387/924/45 382/925/45
f 380/926/46 383/927/46 382/928/46 381/929/46
f 384/930/47 387/931/47 386/932/47 385/933/47
f 389/934/48 392/935/48 393/936/48 388/937/48
f 391/938/49 394/939/49 395/940/49 390/941/49
f 390/942/50 389/943/50 388/944/50 391/945/50
f 394/946/51 393/947/51 392/948/51 395/949/51
f 397/950/48 400/951/48 401/952/48 396/953/48
f 399/954/49 402/955/49 403/956/49 398/957/49
f 398/958/50 397/959/50 396/960/50 399/961/50
f 402/962/51 401/963/51 400/964/51 403/965/51
f 405/966/48 408/967/48 409/968/48 404/969/48
f 407/970/49 410/971/49 411/972/49 406/973/49
f 406/974/50 405/975/50 404/976/50 407/977/50
f 410/978/51 409/979/51 408/980/51 411/981/51
f 413/982/48 416/983/48 417/984/48 412/985/48
f 415/986/49 418/987/49 419/988/49 414/989/49
f 414/990/50 413/991/50 412/992/50 415/993/50
f 418/994/51 417/995/51 416/996/51 419/997/51
f 421/998/52 424/999/52 425/1000/52 420/1001/52
f 423/1002/53 426/1003/53 427/1004/53 422/1005/53
f 420/1006/44 423/1007/44 422/1008/44 421/1009/44
f 424/1010/45 427/1011/45 426/1012/45 425/1013/45
f 429/1014/54 432/1015/54 433/1016/54 428/1017/54
f 431/1018/55 434/1019/55 435/1020/55 430/1021/55
f 428/1022/56 431/1023/56 430/1024/56 429/1025/56
f 432/1026/45 435/1027/45 434/1028/45 433/1029/45
f 437/1030/57 440/1031/57 441/1032/57 436/1033/57
f 439/1034/58 442/1035/58 443/1036/58 438/1037/58
f 438/1038/59 437/1039/59 436/1040/59 439/1041/59
f 442/1042/60 441/1043/60 440/1044/60 443/1045/60
f 445/1046/57 448/1047/57 449/1048/57 444/1049/57
f 447/1050/58 450/1051/58 451/1052/58 446/1053/58
f 446/1054/59 445/1055/59 444/1056/59 447/1057/59
f 450/1058/49 449/1059/49 448/1060/49 451/1061/49
f 261/654/22 356/873/22 361/872/22 265/655/22
f 357/1062/19 358/1063/19 363/883/19 360/882/19
f 263/1064/61 359/879/61 356/878/61 261/1065/61
f 359/874/16 263/661/16 267/660/16 362/875/16
f 265/668/62 361/1066/62 362/1067/62 267/669/62
f 269/670/22 364/889/22 369/888/22 273/671/22
f 365/1068/19 366/1069/19 371/899/19 368/898/19
f 271/1070/61 367/895/61 364/894/61 269/1071/61
f 367/890/16 271/677/16 275/676/16 370/891/16
f 273/684/62 369/1072/62 370/1073/62 275/685/62
f 277/686/22 372/905/22 377/904/22 281/687/22
f 373/1074/19 374/1075/19 379/915/19 376/914/19
f 279/1076/61 375/911/61 372/910/61 277/1077/61
f 375/906/16 279/693/16 283/692/16 378/907/16
f 281/700/62 377/1078/62 378/1079/62 283/701/62
f 285/702/22 380/921/22 385/920/22 289/703/22
f 381/1080/19 382/1081/19 387/931/19 384/930/19
f 287/1082/61 383/927/61 380/926/61 285/1083/61
f 383/922/16 287/709/16 291/708/16 386/923/16
f 289/716/62 385/1084/62 386/1085/62 291/717/62
f 389/934/22 293/721/22 297/720/22 392/935/22
f 391/1086/26 388/1087/26 393/947/26 394/946/26
f 390/942/63 295/1088/63 293/1089/63 389/943/63
f 295/722/16 390/941/16 395/940/16 298/723/16
f 392/1090/64 297/733/64 298/732/64 395/1091/64
f 397/950/22 301/737/22 305/736/22 400/951/22
f 399/1092/26 396/1093/26 401/963/26 402/962/26
f 398/958/63 303/1094/63 301/1095/63 397/959/63
f 303/738/16 398/957/16 403/956/16 306/739/16
f 400/1096/64 305/749/64 306/748/64 403/1097/64
f 405/966/22 309/753/22 313/752/22 408/967/22
f 407/1098/26 404/1099/26 409/979/26 410/978/26
f 406/974/63 311/1100/63 309/1101/63 405/975/63
f 311/754/16 406/973/16 411/972/16 314/755/16
f 408/1102/64 313/765/64 314/764/64 411/1103/64
f 413/982/22 317/769/22 321/768/22 416/983/22
f 415/1104/26 412/1105/26 417/995/26 418/994/26
f 414/990/63 319/1106/63 317/1107/63 413/991/63
f 319/770/16 414/989/16 419/988/16 322/771/16
f 416/1108/64 321/781/64 322/780/64 419/1109/64
f 325/782/65 420/1110/65 425/1111/65 329/783/65
f 421/998/19 422/1112/19 427/1113/19 424/999/19
f 327/790/22 423/1007/22 420/1006/22 325/791/22
f 423/1002/66 327/1114/66 331/1115/66 426/1003/66
f 329/796/16 425/1013/16 426/1012/16 331/797/16
f 333/798/65 428/1116/65 433/1117/65 337/799/65
f 429/1014/19 430/1118/19 435/1119/19 432/1015/19
f 335/806/22 431/1023/22 428/1022/22 333/807/22
f 431/1018/66 335/1120/66 339/1121/66 434/1019/66
f 337/812/16 433/1029/16 434/1028/16 339/813/16
f 437/1122/67 341/817/67 345/816/67 440/1123/67
f 439/1124/26 436/1033/26 441/1032/26 442/1125/26
f 438/1038/22 343/823/22 341/822/22 437/1039/22
f 343/1126/68 438/1037/68 443/1036/68 346/1127/68
f 440/1044/16 345/829/16 346/828/16 443/1045/16
f 445/1128/67 349/833/67 353/832/67 448/1129/67
f 447/1130/26 444/1049/26 449/1048/26 450/1131/26
f 446/1054/22 351/839/22 349/838/22 445/1055/22
f 351/1132/68 446/1053/68 451/1052/68 354/1133/68
f 448/1060/16 353/845/16 354/844/16 451/1061/16
f 246/1134/22 249/1135/22 250/1136/22 247/1137/22
f 247/629/14 246/626/14 204/502/14 205/496/14
f 229/1164/43 467/1165/43 464/1166/43 217/1167/43
f 225/1168/69 466/1169/69 467/1165/69 229/1164/69
f 221/1170/43 465/1171/43 466/1169/43 225/1168/43
f 217/1167/43 464/1166/43 465/1171/43 221/1170/43
f 222/1172/70 226/1173/70 473/1174/70 472/1175/70
f 470/546/16 467/545/16 226/1176/16
f 466/533/71 471/532/71 222/1177/71
f 474/1178/72 477/1179/72 476/1180/72 475/1181/72
f 478/1182/73 481/1183/73 480/1184/73 479/1185/73
f 466/1186/16 222/1187/16 468/1188/16 474/1189/16 475/1190/16
f 474/1191/69 468/1192/69 469/1193/69 477/1194/69
f 467/1195/74 466/1196/74 475/1181/74 476/1180/74
f 226/1197/22 467/1198/22 476/1199/22 477/1200/22 469/1201/22
f 469/1193/69 468/1192/69 479/1185/69 480/1184/69
f 473/1202/75 481/1203/75 478/1204/75 472/1205/75
f 468/1188/16 222/1187/16 472/1206/16 478/1207/16 479/1208/16
f 226/1197/22 469/1201/22 480/1209/22 481/1210/22 473/1211/22
usemtl Slab
f 452/1138/22 453/1139/22 458/1140/22 456/1141/22
f 458/1142/15 453/1143/15 455/1144/15 459/1145/15
f 457/1146/17 454/1147/17 452/1148/17 456/1149/17
f 456/1150/14 458/1151/14 459/1152/14 457/1153/14
f 461/1154/15 463/1155/15 455/1144/15 453/1143/15
f 452/1138/22 460/1156/22 461/1157/22 453/1139/22
f 460/1158/17 452/1148/17 454/1147/17 462/1159/17
f 455/1160/16 454/1161/16 457/1162/16 459/1163/16
o Safe
v 1.916620 1.800000 1.481956
v 1.916620 1.800000 0.488821
v 1.916620 0.800000 0.488821
v 1.916620 0.800000 1.488077
v 1.916620 1.850000 1.531460
v 1.916620 1.850000 0.439011
v 1.916620 0.750000 0.439011
v 1.916620 0.750000 1.538193
v 0.918113 1.800057 0.479957
v 0.918113 0.800057 0.479957
v 0.918113 1.800057 1.479957
v 0.918113 0.800057 1.479957
v 0.985186 0.867130 0.547030
v 0.985186 0.867130 1.412884
v 1.851041 0.867130 0.547030
v 1.851041 1.732985 0.547030
v 0.985186 1.732985 1.412884
v 1.851041 1.732985 1.412884
v 1.851041 0.867130 1.412884
v 0.985186 1.732985 0.547030
vn 1.0000 -0.0000 -0.0000
vn 0.0001 1.0000 -0.0000
vn -0.0051 0.0031 1.0000
vn -1.0000 -0.0000 -0.0000
vn -0.0001 -1.0000 -0.0000
vn 0.0089 -0.0000 -1.0000
vn 0.7147 -0.6994 -0.0000
vn 0.7153 0.6988 -0.0000
vn 0.6638 -0.0000 0.7479
vn 0.7399 -0.0022 -0.6727
vn -0.0000 -1.0000 -0.0000
vn -0.0000 -0.0000 -1.0000
vn -0.0000 1.0000 -0.0000
vn -0.0000 -0.0000 1.0000
vt 0.506667 0.541115
vt 0.505447 0.341843
vt 0.515312 0.331879
vt 0.516654 0.551079
vt 0.307543 0.541115
vt 0.297617 0.551079
vt 0.297617 0.331879
vt 0.307543 0.341843
vt 0.532635 0.578676
vt 0.275024 0.580963
vt 0.275024 0.322968
vt 0.532635 0.322452
vt 0.276247 0.849980
vt 0.276251 0.591983
vt 0.533862 0.591968
vt 0.533862 0.849963
vt 0.264109 0.322924
vt 0.264109 0.580919
vt 0.006114 0.580919
vt 0.006114 0.322924
vt 0.540865 0.317365
vt 0.798476 0.319652
vt 0.798476 0.577456
vt 0.540865 0.575361
vt 0.319346 0.281105
vt 0.319346 0.023109
vt 0.576964 0.023124
vt 0.576964 0.281119
vt 0.491683 0.355197
vt 0.319142 0.355197
vt 0.319142 0.527738
vt 0.491683 0.527738
vt 0.284788 0.320566
vt 0.301669 0.337879
vt 0.301669 0.561265
vt 0.284788 0.578561
vt 0.554617 0.262938
vt 0.331231 0.262938
vt 0.331231 0.039552
vt 0.554617 0.039552
vt 0.993799 0.816668
vt 0.770414 0.816668
vt 0.770414 0.593281
vt 0.993799 0.593281
vt 0.770414 0.816668
vt 0.547028 0.816668
vt 0.547028 0.593281
vt 0.244174 0.838161
vt 0.020787 0.838161
vt 0.020787 0.614775
vt 0.244174 0.614775
vt 0.832818 0.237035
vt 0.609432 0.237034
vt 0.609432 0.013648
vt 0.832818 0.013648
s 0
usemtl Brushed_Metal.001
f 485/1212/76 482/1213/76 486/1214/76 489/1215/76
f 484/1216/76 485/1212/76 489/1215/76 488/1217/76
f 484/1216/76 488/1217/76 487/1218/76 483/1219/76
f 482/1213/76 483/1219/76 487/1218/76 486/1214/76
f 483/1220/77 490/1221/77 492/1222/77 482/1223/77
f 485/1224/78 482/1225/78 492/1226/78 493/1227/78
f 493/1228/79 492/1229/79 490/1230/79 491/1231/79
f 491/1232/80 484/1233/80 485/1234/80 493/1235/80
f 491/1236/81 490/1237/81 483/1238/81 484/1239/81
f 482/1213/82 499/1240/82 497/1241/82 483/1219/82
f 484/1216/83 496/1242/83 500/1243/83 485/1212/83
f 483/1244/84 497/1245/84 496/1246/84 484/1247/84
f 485/1212/85 500/1243/85 499/1240/85 482/1213/85
f 497/1248/86 499/1249/86 498/1250/86 501/1251/86
f 500/1252/87 495/1253/87 498/1254/87 499/1255/87
f 495/1256/76 494/1257/76 501/1258/76 498/1254/76
f 494/1259/88 495/1260/88 500/1261/88 496/1262/88
f 494/1263/89 496/1264/89 497/1265/89 501/1266/89
o Window1
v -1.063380 2.519100 -1.048804
v -1.063380 0.558900 -1.048804
v -1.063380 2.519100 -0.066054
v -1.063380 0.558900 -0.066054
v -1.063380 2.430000 -0.958679
v -1.063380 0.648000 -0.958679
v -1.063380 2.430000 -0.156179
v -1.063380 0.648000 -0.156179
v -1.083380 2.519100 -0.066054
v -1.083380 2.519100 -1.048804
v -1.083380 0.558900 -1.048804
v -1.083380 0.558900 -0.066054
v -1.063380 2.519100 -1.048804
v -1.063380 0.558900 -1.048804
v -1.063380 2.519100 -0.066054
v -1.063380 0.558900 -0.066054
v -1.108380 0.630500 -0.138679
v -1.023380 0.630500 -0.138679
v -1.023380 0.665500 -0.173679
v -1.108380 0.665500 -0.173679
v -1.108380 2.447500 -0.138679
v -1.023380 2.447500 -0.138679
v -1.023380 2.412500 -0.173679
v -1.108380 2.412500 -0.173679
v -1.108380 2.447500 -0.976179
v -1.023380 2.447500 -0.976179
v -1.023380 2.412500 -0.941179
v -1.108380 2.412500 -0.941179
v -1.108380 0.630500 -0.976179
v -1.023380 0.630500 -0.976179
v -1.023380 0.665500 -0.941179
v -1.108380 0.665500 -0.941179
v -1.063380 0.665500 -0.941179
v -1.063380 2.412500 -0.941179
v -1.063380 2.412500 -0.173679
v -1.063380 0.665500 -0.173679
v -1.063380 2.430000 -0.958679
v -1.063380 0.648000 -0.958679
v -1.063380 2.430000 -0.156179
v -1.063380 0.648000 -0.156179
v -1.263380 0.648000 -0.958679
v -1.263380 2.430000 -0.958679
v -1.263380 2.430000 -0.156179
v -1.263380 0.648000 -0.156179
v -1.063380 2.425000 -0.953679
v -1.063380 0.653000 -0.953679
v -1.063380 2.425000 -0.161179
v -1.063380 0.653000 -0.161179
v -1.263380 0.653000 -0.953679
v -1.263380 2.425000 -0.953679
v -1.263380 2.425000 -0.161179
v -1.263380 0.653000 -0.161179
v -1.091380 0.995400 -0.952679
v -1.085380 0.989400 -0.958679
v -1.040380 0.995400 -0.952679
v -1.046380 0.989400 -0.958679
v -1.040380 1.013400 -0.952679
v -1.046380 1.019400 -0.958679
v -1.091380 1.013400 -0.952679
v -1.085380 1.019400 -0.958679
v -1.091380 0.995400 -0.162179
v -1.085380 0.989400 -0.156179
v -1.040380 0.995400 -0.162179
v -1.046380 0.989400 -0.156179
v -1.046380 1.019400 -0.156179
v -1.040380 1.013400 -0.162179
v -1.091380 1.013400 -0.162179
v -1.085380 1.019400 -0.156179
v -1.091380 1.351800 -0.952679
v -1.085380 1.345800 -0.958679
v -1.040380 1.351800 -0.952679
v -1.046380 1.345800 -0.958679
v -1.040380 1.369800 -0.952679
v -1.046380 1.375800 -0.958679
v -1.091380 1.369800 -0.952679
v -1.085380 1.375800 -0.958679
v -1.091380 1.351800 -0.162179
v -1.085380 1.345800 -0.156179
v -1.040380 1.351800 -0.162179
v -1.046380 1.345800 -0.156179
v -1.046380 1.375800 -0.156179
v -1.040380 1.369800 -0.162179
v -1.091380 1.369800 -0.162179
v -1.085380 1.375800 -0.156179
v -1.091380 1.708200 -0.952679
v -1.085380 1.702200 -0.958679
v -1.040380 1.708200 -0.952679
v -1.046380 1.702200 -0.958679
v -1.040380 1.726200 -0.952679
v -1.046380 1.732200 -0.958679
v -1.091380 1.726200 -0.952679
v -1.085380 1.732200 -0.958679
v -1.091380 1.708200 -0.162179
v -1.085380 1.702200 -0.156179
v -1.040380 1.708200 -0.162179
v -1.046380 1.702200 -0.156179
v -1.046380 1.732200 -0.156179
v -1.040380 1.726200 -0.162179
v -1.091380 1.726200 -0.162179
v -1.085380 1.732200 -0.156179
v -1.091380 2.064600 -0.952679
v -1.085380 2.058600 -0.958679
v -1.040380 2.064600 -0.952679
v -1.046380 2.058600 -0.958679
v -1.040380 2.082600 -0.952679
v -1.046380 2.088600 -0.958679
v -1.091380 2.082600 -0.952679
v -1.085380 2.088600 -0.958679
v -1.091380 2.064600 -0.162179
v -1.085380 2.058600 -0.156179
v -1.040380 2.064600 -0.162179
v -1.046380 2.058600 -0.156179
v -1.046380 2.088600 -0.156179
v -1.040380 2.082600 -0.162179
v -1.091380 2.082600 -0.162179
v -1.085380 2.088600 -0.156179
v -1.093380 0.654000 -0.548429
v -1.087380 0.648000 -0.542429
v -1.038380 0.654000 -0.548429
v -1.044380 0.648000 -0.542429
v -1.038380 0.654000 -0.566429
v -1.044380 0.648000 -0.572429
v -1.093380 0.654000 -0.566429
v -1.087380 0.648000 -0.572429
v -1.093380 2.424000 -0.548429
v -1.087380 2.430000 -0.542429
v -1.038380 2.424000 -0.548429
v -1.044380 2.430000 -0.542429
v -1.044380 2.430000 -0.572429
v -1.038380 2.424000 -0.566429
v -1.093380 2.424000 -0.566429
v -1.087380 2.430000 -0.572429
vn 1.0000 -0.0000 -0.0000
vn -0.0000 1.0000 -0.0000
vn -0.0000 -1.0000 -0.0000
vn -0.0000 -0.0000 1.0000
vn -0.0000 -0.0000 -1.0000
vn -1.0000 -0.0000 -0.0000
vn -0.7071 -0.7071 -0.0000
vn 0.7071 -0.7071 -0.0000
vn 0.7071 0.7071 -0.0000
vn -0.7071 0.7071 -0.0000
vn 0.7071 -0.0000 -0.7071
vn -0.7071 -0.0000 -0.7071
vn 0.7071 -0.0000 0.7071
vn -0.7071 -0.0000 0.7071
vt 0.250833 0.025313
vt 0.026030 0.025313
vt 0.000783 0.000353
vt 0.276079 0.000353
vt 0.026030 0.524501
vt 0.000783 0.549460
vt 0.250833 0.524501
vt 0.276079 0.549460
vt 0.086331 0.030459
vt 0.086331 0.305755
vt 0.080728 0.305755
vt 0.080728 0.030459
vt 0.093525 0.030459
vt 0.093525 0.305755
vt 0.087923 0.305755
vt 0.087923 0.030459
vt 0.284865 0.549460
vt 0.284865 0.000353
vt 0.290468 0.000353
vt 0.290468 0.549460
vt 0.283273 0.000353
vt 0.283273 0.549460
vt 0.277671 0.549460
vt 0.277671 0.000353
vt 0.803957 0.525368
vt 0.803957 0.541367
vt 0.294964 0.541367
vt 0.294964 0.525368
vt 0.526079 0.509892
vt 0.516275 0.500088
vt 0.516275 0.010704
vt 0.526079 0.000899
vt 0.040953 0.517986
vt 0.028347 0.517986
vt 0.028347 0.028602
vt 0.040953 0.028602
vt 0.537787 0.502785
vt 0.527983 0.520402
vt 0.527983 0.003597
vt 0.537787 0.013401
vt 0.094894 0.027983
vt 0.118705 0.027983
vt 0.118705 0.262590
vt 0.094894 0.262590
vt 0.301276 0.010704
vt 0.291472 0.000899
vt 0.348507 0.456834
vt 0.335901 0.456834
vt 0.335901 0.241836
vt 0.348507 0.241836
vt 0.762590 -0.004216
vt 0.752785 0.013401
vt 0.001798 0.794346
vt 0.001798 0.778347
vt 0.510791 0.778347
vt 0.510791 0.794346
vt 0.301276 0.500088
vt 0.291472 0.509892
vt 0.066531 0.028602
vt 0.079137 0.028602
vt 0.079137 0.517986
vt 0.066531 0.517986
vt 0.761613 0.519426
vt 0.752785 0.502785
vt 0.121873 0.035795
vt 0.145683 0.027983
vt 0.145683 0.262590
vt 0.121873 0.270402
vt 0.219011 0.471223
vt 0.206405 0.471223
vt 0.206405 0.256225
vt 0.219011 0.256225
vt 0.055326 0.028602
vt 0.055326 0.517986
vt 0.052158 0.517986
vt 0.052158 0.028602
vt 0.359712 0.456834
vt 0.359712 0.241836
vt 0.230216 0.471223
vt 0.230216 0.256225
vt 0.000812 0.859712
vt 0.000812 0.803687
vt 0.500000 0.803687
vt 0.500000 0.859712
vt 0.147212 0.026996
vt 0.203237 0.026996
vt 0.203237 0.251799
vt 0.147212 0.251799
vt 0.500000 0.861240
vt 0.500000 0.917266
vt 0.000812 0.917266
vt 0.000812 0.861240
vt 0.303687 0.012607
vt 0.359712 0.012607
vt 0.359712 0.237410
vt 0.303687 0.237410
vt 0.503613 0.542895
vt 1.000000 0.542895
vt 1.000000 0.598921
vt 0.503613 0.598921
vt 0.147212 0.478417
vt 0.147212 0.256416
vt 0.203237 0.256416
vt 0.203237 0.478417
vt 1.000000 0.656475
vt 0.503613 0.656475
vt 0.503613 0.600449
vt 1.000000 0.600449
vt 0.454766 0.462230
vt 0.454766 0.240229
vt 0.510791 0.240229
vt 0.510791 0.462230
vt 0.002212 0.775578
vt 0.498599 0.775578
vt 0.500000 0.776978
vt 0.000812 0.776978
vt 0.002212 0.553576
vt 0.000812 0.552176
vt 0.500000 0.552176
vt 0.498599 0.553576
vt 0.987808 0.503995
vt 0.987808 0.007608
vt 0.989209 0.006207
vt 0.989209 0.505396
vt 0.765806 0.007608
vt 0.764406 0.006207
vt 0.765806 0.503995
vt 0.764406 0.505396
vt 0.206819 0.026996
vt 0.206819 0.251799
vt 0.205138 0.250118
vt 0.205138 0.028677
vt 0.219424 0.028677
vt 0.219424 0.250118
vt 0.217744 0.251799
vt 0.217744 0.026996
vt 0.374218 0.377698
vt 0.374218 0.152895
vt 0.375899 0.154576
vt 0.375899 0.376017
vt 0.361613 0.376017
vt 0.361613 0.154576
vt 0.363293 0.152895
vt 0.363293 0.377698
vt 0.233797 0.264977
vt 0.233797 0.273381
vt 0.232116 0.271700
vt 0.232116 0.266658
vt 0.244722 0.273381
vt 0.244722 0.264977
vt 0.246403 0.266658
vt 0.246403 0.271700
vt 0.239326 0.291367
vt 0.234284 0.291367
vt 0.232603 0.289686
vt 0.241007 0.289686
vt 0.234284 0.277080
vt 0.239326 0.277080
vt 0.241007 0.278761
vt 0.232603 0.278761
vt 0.318345 0.239226
vt 0.318345 0.464029
vt 0.316664 0.462348
vt 0.316665 0.240907
vt 0.322296 0.240907
vt 0.322296 0.462348
vt 0.320615 0.464029
vt 0.320615 0.239226
vt 0.390406 0.237410
vt 0.390406 0.012607
vt 0.392086 0.014288
vt 0.392086 0.235729
vt 0.377800 0.235729
vt 0.377800 0.014288
vt 0.379481 0.012607
vt 0.379481 0.237410
vt 0.137280 0.278895
vt 0.145683 0.278895
vt 0.144003 0.280576
vt 0.138960 0.280576
vt 0.145683 0.267970
vt 0.137280 0.267970
vt 0.138960 0.266289
vt 0.144003 0.266289
vt 0.102636 0.291367
vt 0.097593 0.291367
vt 0.095913 0.289686
vt 0.104317 0.289686
vt 0.097593 0.277080
vt 0.102636 0.277080
vt 0.104317 0.278761
vt 0.095913 0.278761
vt 0.460432 0.012607
vt 0.460432 0.237410
vt 0.458751 0.235729
vt 0.458751 0.014288
vt 0.304310 0.240907
vt 0.304310 0.462348
vt 0.302629 0.464029
vt 0.302629 0.239226
vt 0.233931 0.251798
vt 0.233931 0.026996
vt 0.235612 0.028676
vt 0.235611 0.250118
vt 0.221325 0.250118
vt 0.221325 0.028676
vt 0.223006 0.026996
vt 0.223006 0.251798
vt 0.120504 0.275164
vt 0.112100 0.275164
vt 0.113781 0.273483
vt 0.118823 0.273483
vt 0.112100 0.286089
vt 0.120504 0.286089
vt 0.118823 0.287770
vt 0.113781 0.287770
vt 0.140406 0.298561
vt 0.135363 0.298561
vt 0.133683 0.296880
vt 0.142086 0.296880
vt 0.135363 0.284275
vt 0.140406 0.284275
vt 0.142086 0.285955
vt 0.133683 0.285955
vt 0.442446 0.012607
vt 0.442446 0.237410
vt 0.440765 0.235729
vt 0.440765 0.014288
vt 0.446396 0.230115
vt 0.446396 0.451557
vt 0.444716 0.453237
vt 0.444716 0.228435
vt 0.395668 0.185269
vt 0.395668 0.410072
vt 0.393987 0.408391
vt 0.393987 0.186950
vt 0.408273 0.186950
vt 0.408273 0.408391
vt 0.406593 0.410072
vt 0.406593 0.185269
vt 0.131295 0.278761
vt 0.122891 0.278761
vt 0.124572 0.277080
vt 0.129614 0.277080
vt 0.122891 0.289686
vt 0.131295 0.289686
vt 0.129614 0.291367
vt 0.124572 0.291367
vt 0.134892 0.266658
vt 0.134892 0.271701
vt 0.133211 0.273381
vt 0.133211 0.264977
vt 0.120606 0.271701
vt 0.120606 0.266658
vt 0.122286 0.264977
vt 0.122286 0.273381
vt 0.500000 0.921525
vt 0.000811 0.921525
vt 0.002492 0.919845
vt 0.498319 0.919845
vt 0.498319 0.935252
vt 0.002492 0.935252
vt 0.000811 0.933571
vt 0.500000 0.933571
vt 0.500000 0.939511
vt 0.000812 0.939511
vt 0.002492 0.937830
vt 0.498319 0.937830
vt 0.498319 0.953237
vt 0.002492 0.953237
vt 0.000812 0.951557
vt 0.500000 0.951557
vt 0.246521 0.262590
vt 0.246521 0.254186
vt 0.248201 0.255867
vt 0.248201 0.260909
vt 0.234475 0.254186
vt 0.234475 0.262590
vt 0.232794 0.260909
vt 0.232794 0.255867
vt 0.111511 0.266658
vt 0.111511 0.271700
vt 0.109830 0.273381
vt 0.109830 0.264977
vt 0.096104 0.271700
vt 0.096104 0.266658
vt 0.097784 0.264977
vt 0.097784 0.273381
vt 0.435605 0.238990
vt 0.440647 0.238990
vt 0.440647 0.460432
vt 0.435605 0.460432
vt 0.334532 0.464029
vt 0.329490 0.464029
vt 0.329490 0.242588
vt 0.334532 0.242588
vt 0.311622 0.240907
vt 0.311622 0.462348
vt 0.237276 0.026996
vt 0.248201 0.026996
vt 0.248201 0.251799
vt 0.237276 0.251799
vt 0.327338 0.240907
vt 0.327338 0.462348
vt 0.453709 0.014288
vt 0.453709 0.235729
vt 0.409938 0.012607
vt 0.420863 0.012607
vt 0.420863 0.237410
vt 0.409938 0.237410
vt 0.309353 0.240907
vt 0.309353 0.462348
vt 0.435723 0.014288
vt 0.435723 0.235729
vt 0.422528 0.210449
vt 0.433453 0.210449
vt 0.433453 0.435252
vt 0.422528 0.435252
vt 0.451439 0.230115
vt 0.451439 0.451557
vt 0.496403 0.955389
vt 0.496403 0.960432
vt 0.000576 0.960432
vt 0.000576 0.955389
vt 0.496403 0.962583
vt 0.496403 0.967626
vt 0.000576 0.967626
vt 0.000576 0.962583
s 0
usemtl White_Wood.006
f 508/1267/90 506/1268/90 502/1269/90 504/1270/90
f 506/1268/90 507/1271/90 503/1272/90 502/1269/90
f 507/1271/90 509/1273/90 505/1274/90 503/1272/90
f 509/1273/90 508/1267/90 504/1270/90 505/1274/90
f 516/1275/91 514/1276/91 511/1277/91 510/1278/91
f 515/1279/92 517/1280/92 513/1281/92 512/1282/92
f 517/1283/93 516/1284/93 510/1285/93 513/1286/93
f 514/1287/94 515/1288/94 512/1289/94 511/1290/94
f 518/1291/93 519/1292/93 523/1293/93 522/1294/93
f 519/1295/90 520/1296/90 524/1297/90 523/1298/90
f 537/1299/94 521/1300/94 525/1301/94 536/1302/94
f 521/1303/95 518/1304/95 522/1305/95 525/1306/95
f 522/1307/91 523/1308/91 527/1309/91 526/1310/91
f 523/1298/90 524/1297/90 528/1311/90 527/1312/90
f 536/1313/92 525/1314/92 529/1315/92 535/1316/92
f 525/1306/95 522/1305/95 526/1317/95 529/1318/95
f 526/1319/94 527/1320/94 531/1321/94 530/1322/94
f 527/1312/90 528/1311/90 532/1323/90 531/1324/90
f 535/1325/93 529/1326/93 533/1327/93 534/1328/93
f 529/1318/95 526/1317/95 530/1329/95 533/1330/95
f 530/1331/92 531/1332/92 519/1333/92 518/1334/92
f 531/1324/90 532/1323/90 520/1296/90 519/1295/90
f 534/1335/91 533/1336/91 521/1337/91 537/1338/91
f 533/1330/95 530/1329/95 518/1304/95 521/1303/95
f 528/1339/93 535/1325/93 534/1328/93 532/1340/93
f 520/1341/94 537/1299/94 536/1302/94 524/1342/94
f 524/1343/92 536/1313/92 535/1316/92 528/1344/92
f 532/1345/91 534/1335/91 537/1338/91 520/1346/91
f 543/1347/94 538/1348/94 539/1349/94 542/1350/94
f 544/1351/91 540/1352/91 538/1353/91 543/1354/91
f 545/1355/93 541/1356/93 540/1357/93 544/1358/93
f 542/1359/92 539/1360/92 541/1361/92 545/1362/92
f 551/1363/93 550/1364/93 547/1365/93 546/1366/93
f 552/1367/92 551/1368/92 546/1369/92 548/1370/92
f 553/1371/94 552/1372/94 548/1373/94 549/1374/94
f 550/1375/91 553/1376/91 549/1377/91 547/1378/91
f 546/1379/90 547/1380/90 539/1381/90 538/1382/90
f 548/1383/90 540/1384/90 541/1385/90 549/1386/90
f 546/1379/90 538/1382/90 540/1384/90 548/1383/90
f 547/1380/90 549/1386/90 541/1385/90 539/1381/90
f 550/1387/95 551/1388/95 543/1389/95 542/1390/95
f 551/1388/95 552/1391/95 544/1392/95 543/1389/95
f 552/1391/95 553/1393/95 545/1394/95 544/1392/95
f 553/1393/95 550/1387/95 542/1390/95 545/1394/95
f 555/1395/96 563/1396/96 562/1397/96 554/1398/96
f 556/1399/97 564/1400/97 565/1401/97 557/1402/97
f 559/1403/98 566/1404/98 567/1405/98 558/1406/98
f 560/1407/99 568/1408/99 569/1409/99 561/1410/99
f 557/1411/100 559/1412/100 558/1413/100 556/1414/100
f 561/1415/101 555/1416/101 554/1417/101 560/1418/101
f 564/1419/102 567/1420/102 566/1421/102 565/1422/102
f 568/1423/103 562/1424/103 563/1425/103 569/1426/103
f 571/1427/96 579/1428/96 578/1429/96 570/1430/96
f 572/1431/97 580/1432/97 581/1433/97 573/1434/97
f 575/1435/98 582/1436/98 583/1437/98 574/1438/98
f 576/1439/99 584/1440/99 585/1441/99 577/1442/99
f 573/1443/100 575/1444/100 574/1445/100 572/1446/100
f 577/1447/101 571/1448/101 570/1449/101 576/1450/101
f 580/1451/102 583/1452/102 582/1453/102 581/1454/102
f 584/1455/103 578/1456/103 579/1457/103 585/1458/103
f 587/1459/96 595/1460/96 594/1461/96 586/1462/96
f 588/1463/97 596/1464/97 597/1465/97 589/1466/97
f 591/1467/98 598/1468/98 599/1469/98 590/1470/98
f 592/1471/99 600/1472/99 601/1473/99 593/1474/99
f 589/1475/100 591/1476/100 590/1477/100 588/1478/100
f 593/1479/101 587/1480/101 586/1481/101 592/1482/101
f 596/1483/102 599/1484/102 598/1485/102 597/1486/102
f 600/1487/103 594/1488/103 595/1489/103 601/1490/103
f 603/1491/96 611/1492/96 610/1493/96 602/1494/96
f 604/1495/97 612/1496/97 613/1497/97 605/1498/97
f 607/1499/98 614/1500/98 615/1501/98 606/1502/98
f 608/1503/99 616/1504/99 617/1505/99 609/1506/99
f 605/1507/100 607/1508/100 606/1509/100 604/1510/100
f 609/1511/101 603/1512/101 602/1513/101 608/1514/101
f 612/1515/102 615/1516/102 614/1517/102 613/1518/102
f 616/1519/103 610/1520/103 611/1521/103 617/1522/103
f 619/1523/103 627/1524/103 626/1525/103 618/1526/103
f 620/1527/102 628/1528/102 629/1529/102 621/1530/102
f 623/1531/100 630/1532/100 631/1533/100 622/1534/100
f 624/1535/101 632/1536/101 633/1537/101 625/1538/101
f 621/1539/97 623/1540/97 622/1541/97 620/1542/97
f 625/1543/96 619/1544/96 618/1545/96 624/1546/96
f 628/1547/98 631/1548/98 630/1549/98 629/1550/98
f 632/1551/99 626/1552/99 627/1553/99 633/1554/99
f 560/1555/95 554/1556/95 562/1557/95 568/1558/95
f 555/1395/92 557/1402/92 565/1401/92 563/1396/92
f 561/1415/94 559/1412/94 557/1411/94 555/1416/94
f 556/1559/90 558/1560/90 567/1561/90 564/1562/90
f 559/1403/91 561/1410/91 569/1409/91 566/1404/91
f 563/1425/93 565/1422/93 566/1421/93 569/1426/93
f 576/1563/95 570/1430/95 578/1429/95 584/1564/95
f 571/1565/92 573/1566/92 581/1567/92 579/1568/92
f 577/1447/94 575/1444/94 573/1443/94 571/1448/94
f 572/1431/90 574/1569/90 583/1570/90 580/1432/90
f 575/1435/91 577/1442/91 585/1441/91 582/1436/91
f 579/1457/93 581/1454/93 582/1453/93 585/1458/93
f 592/1571/95 586/1462/95 594/1461/95 600/1572/95
f 587/1573/92 589/1574/92 597/1575/92 595/1576/92
f 593/1479/94 591/1476/94 589/1475/94 587/1480/94
f 588/1463/90 590/1577/90 599/1578/90 596/1464/90
f 591/1467/91 593/1474/91 601/1473/91 598/1468/91
f 595/1489/93 597/1486/93 598/1485/93 601/1490/93
f 608/1579/95 602/1494/95 610/1493/95 616/1580/95
f 603/1581/92 605/1582/92 613/1583/92 611/1584/92
f 609/1511/94 607/1508/94 605/1507/94 603/1512/94
f 604/1495/90 606/1585/90 615/1586/90 612/1496/90
f 607/1499/91 609/1506/91 617/1505/91 614/1500/91
f 611/1521/93 613/1518/93 614/1517/93 617/1522/93
f 624/1587/95 618/1588/95 626/1589/95 632/1590/95
f 619/1523/93 621/1530/93 629/1529/93 627/1524/93
f 625/1543/92 623/1540/92 621/1539/92 619/1544/92
f 620/1591/90 622/1592/90 631/1593/90 628/1594/90
f 623/1531/94 625/1538/94 633/1537/94 630/1532/94
f 627/1553/91 629/1550/91 630/1549/91 633/1554/91
o Door2_Frame
v 1.210079 2.158820 -0.606305
v 1.210079 2.158820 -1.459992
v 1.210079 0.000000 -0.506305
v 1.210079 0.000000 -1.559992
v 1.210079 0.000000 -0.606305
v 1.210079 0.000000 -1.459992
v 1.210079 0.000000 -1.559992
v 1.210079 0.000000 -0.506305
v 1.199079 0.000000 -1.459992
v 1.195079 0.000000 -1.463992
v 1.195079 2.162820 -1.463992
v 1.199079 2.158820 -1.459992
v 1.199079 2.158820 -0.606305
v 1.195079 2.162820 -0.602305
v 1.195079 0.000000 -0.602305
v 1.199079 0.000000 -0.606305
v 1.195079 0.000000 -1.555992
v 1.199079 0.000000 -1.559992
v 1.199079 2.258820 -1.559992
v 1.195079 2.254820 -1.555992
v 1.195079 2.254820 -0.510305
v 1.199079 2.258820 -0.506305
v 1.199079 0.000000 -0.506305
v 1.195079 0.000000 -0.510305
v 1.441537 2.158820 -1.461260
v 1.441537 2.158820 -0.607573
v 1.441537 0.000000 -1.561260
v 1.441537 0.000000 -0.507573
v 1.441537 0.000000 -1.461260
v 1.441537 0.000000 -0.607573
v 1.441537 0.000000 -0.507573
v 1.441537 0.000000 -1.561260
v 1.452537 0.000000 -0.607573
v 1.456537 0.000000 -0.603573
v 1.456537 2.162820 -0.603573
v 1.452537 2.158820 -0.607573
v 1.452537 2.158820 -1.461260
v 1.456537 2.162820 -1.465261
v 1.456537 0.000000 -1.465261
v 1.452537 0.000000 -1.461260
v 1.456537 0.000000 -0.511573
v 1.452537 0.000000 -0.507573
v 1.452537 2.258820 -0.507573
v 1.456537 2.254820 -0.511573
v 1.456537 2.254820 -1.557260
v 1.452537 2.258820 -1.561260
v 1.452537 0.000000 -1.561260
v 1.456537 0.000000 -1.557260
v 1.199079 2.158820 -0.606305
v 1.195079 2.162820 -0.602305
v 1.199079 0.000000 -0.606305
v 1.195079 0.000000 -0.602305
v 1.210079 2.158820 -0.606305
v 1.210079 0.000000 -0.606305
v 1.199079 2.158820 -0.606305
v 1.199079 0.000000 -0.606305
v 1.199079 2.158820 -0.606305
v 1.195079 2.162820 -0.602305
v 1.199079 0.000000 -0.606305
v 1.195079 0.000000 -0.602305
v 1.210079 2.158820 -0.606305
v 1.210079 0.000000 -0.606305
v 1.199079 2.158820 -0.606305
v 1.199079 0.000000 -0.606305
vn -0.0000 1.0000 -0.0000
vn -0.0000 -1.0000 -0.0000
vn -0.7071 -0.7071 -0.0000
vn -0.7071 -0.0000 0.7071
vn -0.0000 -0.0000 1.0000
vn -0.7071 0.7071 -0.0000
vn -0.7071 -0.0000 -0.7071
vn -1.0000 -0.0000 -0.0000
vn -0.0000 -0.0000 -1.0000
vn 0.0052 -0.0000 1.0000
vn 0.7071 -0.7071 -0.0000
vn 0.7071 -0.0000 0.7071
vn 0.7071 -0.0000 -0.7071
vn 0.7071 0.7071 -0.0000
vn 1.0000 -0.0000 -0.0000
vn 0.0055 -0.0000 1.0000
vn -0.0055 -0.0000 -1.0000
vn -0.0052 -0.0000 -1.0000
vt 0.597055 0.262471
vt 0.704068 0.263007
vt 0.704068 0.707889
vt 0.597055 0.707354
vt 0.597438 0.255632
vt 0.597438 0.157906
vt 0.639659 0.158137
vt 0.639659 0.255864
vt 0.817074 0.407157
vt 0.817074 0.046718
vt 0.818763 0.045029
vt 0.818763 0.408846
vt 0.004264 0.000000
vt 0.404653 0.042050
vt 0.404653 0.955224
vt 0.402964 0.955224
vt 0.402964 0.043738
vt 0.366358 0.957356
vt 0.366358 0.045871
vt 0.371002 0.045871
vt 0.371002 0.957356
vt 0.812430 0.407157
vt 0.812430 0.046718
vt 0.595366 0.705665
vt 0.595366 0.264160
vt 0.000303 0.955224
vt 0.000303 0.001517
vt 0.001992 0.003206
vt 0.001992 0.955224
vt 0.893451 0.955193
vt 0.898087 0.003186
vt 0.899787 0.001505
vt 0.895143 0.955201
vt 0.443497 0.003206
vt 0.443497 0.955224
vt 0.899787 0.955224
vt 0.373198 0.087420
vt 0.373198 0.045199
vt 0.377842 0.045199
vt 0.379531 0.046887
vt 0.379531 0.085731
vt 0.377842 0.087420
vt 0.040836 0.042050
vt 0.916464 0.955224
vt 0.921109 0.001517
vt 0.921109 0.955224
vt 0.040836 0.955224
vt 0.639635 0.051600
vt 0.597414 0.051379
vt 0.597438 0.046735
vt 0.599136 0.045055
vt 0.637979 0.045258
vt 0.639659 0.046956
vt 0.639659 0.149326
vt 0.597438 0.149105
vt 0.146742 1.000000
vt 0.049016 1.000000
vt 0.044372 0.046293
vt 0.151386 0.046293
vt 0.710061 0.047253
vt 0.710061 0.407693
vt 0.708372 0.409382
vt 0.708372 0.045564
vt 0.263988 0.045871
vt 0.263988 0.957356
vt 0.262296 0.957356
vt 0.262296 0.044182
vt 0.852414 0.042050
vt 0.852414 0.955224
vt 0.850725 0.955224
vt 0.850725 0.043738
vt 0.588106 0.957356
vt 0.588106 0.045871
vt 0.592751 0.045871
vt 0.592751 0.957356
vt 0.714705 0.047253
vt 0.714705 0.407693
vt 0.268632 0.045871
vt 0.268632 0.957356
vt 0.705757 0.264696
vt 0.705757 0.706200
vt 0.448065 0.955224
vt 0.448065 0.001517
vt 0.449753 0.003206
vt 0.449753 0.955224
vt 0.901979 0.955224
vt 0.901986 0.003206
vt 0.903678 0.001517
vt 0.903671 0.955224
vt 0.891258 0.003206
vt 0.891258 0.955224
vt 0.908316 0.955224
vt 0.639635 0.153970
vt 0.637937 0.155650
vt 0.599094 0.155447
vt 0.597414 0.153749
vt 0.488597 0.042050
vt 0.910068 0.955224
vt 0.914712 0.001517
vt 0.914712 0.955224
vt 0.488597 0.955224
vt 0.379531 0.089975
vt 0.379531 0.132196
vt 0.374887 0.132196
vt 0.373198 0.130507
vt 0.373198 0.091664
vt 0.374887 0.089975
vt 0.490381 0.045871
vt 0.490381 0.957356
vt 0.153114 0.046293
vt 0.260128 0.046293
vt 0.255484 1.000000
vt 0.157758 1.000000
vt 0.925373 0.003227
vt 0.925373 0.914712
vt 0.923681 0.914712
vt 0.923681 0.001538
vt 0.931770 0.022416
vt 0.931770 0.933902
vt 0.927125 0.933902
vt 0.927125 0.022416
s 0
usemtl Door2_Frame
f 655/1595/104 676/1596/104 679/1597/104 652/1598/104
f 662/1599/105 639/1600/105 640/1601/105 665/1602/105
f 645/1603/106 646/1604/106 647/1605/106 644/1606/106
f 646/1607/104 649/1607/104 684/1607/104 682/1607/104
f 644/1608/107 643/1609/107 642/1610/107 645/1611/107
f 639/1612/108 635/1613/108 645/1614/108 642/1615/108
f 635/1616/105 634/1617/105 646/1604/105 645/1603/105
f 634/1607/104 638/1607/104 687/1607/104 686/1607/104
f 653/1618/109 654/1619/109 655/1595/109 652/1598/109
f 656/1620/107 655/1621/107 654/1622/107 657/1623/107
f 650/1624/110 653/1625/110 652/1626/110 651/1627/110
f 643/1609/111 644/1608/111 653/1628/111 650/1629/111
f 652/1626/112 637/1630/112 651/1627/112
f 637/1631/105 639/1632/105 642/1633/105 643/1634/105 650/1635/105 651/1636/105
f 644/1608/111 647/1637/111 654/1622/111 653/1628/111
f 636/1638/108 655/1639/108 656/1640/108
f 647/1637/111 648/1641/111 657/1623/111 654/1622/111
f 638/1642/105 636/1643/105 656/1644/105 657/1645/105 648/1646/105 649/1647/105
f 641/1643/105 636/1643/105 638/1642/105 663/1648/105 661/1649/105 664/1649/105
f 641/1650/113 664/1651/113 676/1652/113 655/1653/113
f 669/1654/114 670/1655/114 671/1656/114 668/1657/114
f 670/1658/115 673/1659/115 672/1660/115 671/1661/115
f 668/1662/116 667/1663/116 666/1664/116 669/1665/116
f 663/1666/112 659/1667/112 669/1668/112 666/1669/112
f 659/1670/105 658/1671/105 670/1655/105 669/1654/105
f 658/1672/108 662/1673/108 673/1659/108 670/1658/108
f 677/1674/117 678/1675/117 679/1597/117 676/1596/117
f 680/1676/116 679/1677/116 678/1678/116 681/1679/116
f 674/1680/115 677/1681/115 676/1682/115 675/1683/115
f 667/1663/118 668/1662/118 677/1684/118 674/1685/118
f 676/1682/108 661/1686/108 675/1683/108
f 661/1649/105 663/1648/105 666/1687/105 667/1688/105 674/1689/105 675/1690/105
f 668/1662/118 671/1691/118 678/1678/118 677/1684/118
f 660/1692/112 679/1693/112 680/1694/112
f 671/1691/118 672/1695/118 681/1679/118 678/1678/118
f 662/1696/105 660/1697/105 680/1698/105 681/1699/105 672/1700/105 673/1701/105
f 635/1616/105 658/1671/105 659/1670/105 634/1617/105
f 658/1672/119 635/1613/119 639/1612/119 662/1673/119
f 634/1702/120 659/1667/120 663/1666/120 638/1703/120
f 652/1704/121 679/1705/121 665/1706/121 640/1707/121
f 684/1607/104 685/1607/104 693/1607/104 692/1607/104
f 647/1607/104 646/1607/104 682/1607/104 683/1607/104
f 649/1607/104 648/1607/104 685/1607/104 684/1607/104
f 648/1607/104 647/1607/104 683/1607/104 685/1607/104
f 686/1607/104 687/1607/104 695/1607/104 694/1607/104
f 649/1607/104 646/1607/104 688/1607/104 689/1607/104
f 638/1607/104 649/1607/104 689/1607/104 687/1607/104
f 646/1607/104 634/1607/104 686/1607/104 688/1607/104
f 690/1708/110 692/1709/110 693/1710/110 691/1711/110
f 694/1712/112 695/1713/112 697/1714/112 696/1715/112
f 687/1607/104 689/1607/104 697/1607/104 695/1607/104
f 683/1607/104 682/1607/104 690/1607/104 691/1607/104
f 689/1607/104 688/1607/104 696/1607/104 697/1607/104
f 685/1607/104 683/1607/104 691/1607/104 693/1607/104
f 682/1607/104 684/1607/104 692/1607/104 690/1607/104
f 688/1607/104 686/1607/104 694/1607/104 696/1607/104
l 637 640
l 660 665
o Door1
v 0.397478 2.169662 0.692422
v 0.397478 -0.010746 0.692422
v 0.397478 1.079458 0.692422
v 0.397478 1.588038 0.692422
v 0.397478 0.550709 0.692068
v 0.397478 2.169662 0.620734
v -0.464746 2.169662 0.620734
v 0.397478 -0.010746 0.620734
v -0.464746 -0.010746 0.620734
v 0.397478 1.079458 0.620734
v -0.464746 1.079458 0.620734
v 0.397478 1.588038 0.620734
v -0.464746 1.588038 0.620734
v 0.397478 0.550709 0.621088
v -0.464746 0.550709 0.621088
v 0.289072 2.050014 0.620734
v -0.358024 2.050017 0.620734
v -0.358023 0.108899 0.620734
v 0.289067 0.108907 0.621701
v -0.359689 1.025099 0.620734
v -0.359689 0.605068 0.621088
v 0.290751 1.025091 0.620734
v 0.290751 0.605076 0.621088
v -0.358106 1.643216 0.620734
v 0.289150 1.643220 0.620734
v -0.359689 1.533679 0.620734
v -0.359689 1.133817 0.620734
v 0.290751 1.533672 0.620734
v 0.290751 1.133825 0.620734
v -0.358106 0.495531 0.621088
v 0.289151 0.495527 0.621088
v 0.289064 2.050025 0.630834
v -0.358031 2.050029 0.630834
v -0.358031 0.108911 0.630834
v 0.289060 0.108919 0.631801
v -0.359697 1.025111 0.630834
v -0.359697 0.605080 0.631188
v 0.290744 1.025103 0.630834
v 0.290744 0.605088 0.631188
v -0.358114 1.643228 0.630834
v 0.289143 1.643232 0.630834
v -0.359697 1.533691 0.630834
v -0.359697 1.133829 0.630834
v 0.290744 1.533683 0.630834
v 0.290744 1.133837 0.630834
v -0.358113 0.495543 0.631188
v 0.289143 0.495539 0.631188
v 0.241964 2.002916 0.630834
v -0.310932 2.002919 0.630834
v -0.310932 0.156021 0.630854
v 0.241960 0.156028 0.631750
v -0.312587 0.978001 0.630874
v -0.312587 0.652190 0.631148
v 0.243635 0.977994 0.630874
v 0.243635 0.652196 0.631148
v -0.310995 1.690338 0.630834
v 0.242024 1.690341 0.630834
v -0.312587 1.486581 0.630834
v -0.312587 1.180939 0.630834
v 0.243635 1.486575 0.630834
v 0.243635 1.180946 0.630834
v -0.310994 0.448433 0.631239
v 0.242024 0.448430 0.631169
v -0.277230 0.942639 0.620804
v -0.312593 0.978010 0.638449
v -0.312593 0.652199 0.638723
v -0.277230 0.687528 0.621019
v 0.243629 0.652205 0.638723
v 0.208292 0.687534 0.621019
v 0.208292 0.942633 0.620804
v 0.243629 0.978003 0.638449
v -0.310937 2.002928 0.638409
v -0.275581 1.967557 0.620734
v -0.311000 1.690347 0.638409
v -0.275630 1.725676 0.620734
v 0.242019 1.690350 0.638409
v 0.206675 1.725679 0.620734
v 0.206628 1.967555 0.620734
v 0.241958 2.002925 0.638409
v -0.277230 1.451219 0.620734
v -0.312593 1.486590 0.638409
v -0.312593 1.180948 0.638409
v -0.277230 1.216277 0.620734
v 0.243629 1.180954 0.638409
v 0.208292 1.216283 0.620734
v 0.208292 1.451213 0.620734
v 0.243629 1.486584 0.638409
v -0.275629 0.413071 0.621088
v -0.311000 0.448442 0.638814
v -0.275582 0.191359 0.620858
v -0.310937 0.156030 0.638429
v 0.241955 0.156037 0.639325
v 0.206626 0.191366 0.621522
v 0.206674 0.413068 0.621143
v 0.242018 0.448439 0.638744
v -0.465613 2.158820 0.530322
v 0.388074 2.158820 0.530322
v -0.565613 0.000000 0.530322
v 0.488074 0.000000 0.530322
v -0.465613 0.000000 0.530322
v 0.388074 0.000000 0.530322
v 0.488074 0.000000 0.530322
v -0.565613 0.000000 0.530322
v 0.388074 0.000000 0.519322
v 0.392074 0.000000 0.515322
v 0.392074 2.162820 0.515322
v 0.388074 2.158820 0.519322
v -0.465613 2.158820 0.519322
v -0.469613 2.162820 0.515322
v -0.469613 0.000000 0.515322
v -0.465613 0.000000 0.519322
v 0.484074 0.000000 0.515322
v 0.488074 0.000000 0.519322
v 0.488074 2.258820 0.519322
v 0.484074 2.254820 0.515322
v -0.561613 2.254820 0.515322
v -0.565613 2.258820 0.519322
v -0.565613 0.000000 0.519322
v -0.561613 0.000000 0.515322
v 0.389343 2.158820 0.761779
v -0.464344 2.158820 0.761779
v 0.489343 0.000000 0.761779
v -0.564344 0.000000 0.761779
v 0.389343 0.000000 0.761779
v -0.464344 0.000000 0.761779
v -0.564344 0.000000 0.761779
v 0.489343 0.000000 0.761779
v -0.564344 2.258820 0.772779
v 0.489343 2.258820 0.772779
v -0.465613 2.158820 0.519322
v -0.469613 2.162820 0.515322
v -0.465613 0.000000 0.519322
v -0.469613 0.000000 0.515322
v -0.465613 2.158820 0.530322
v -0.465613 0.000000 0.530322
v -0.465613 2.158820 0.519322
v -0.465613 0.000000 0.519322
v -0.465613 2.158820 0.519322
v -0.469613 2.162820 0.515322
v -0.465613 0.000000 0.519322
v -0.469613 0.000000 0.515322
v -0.465613 2.158820 0.530322
v -0.465613 0.000000 0.530322
v -0.465613 2.158820 0.519322
v -0.465613 0.000000 0.519322
vn 1.0000 -0.0000 -0.0000
vn -0.0000 -0.0007 -1.0000
vn -0.0000 -0.0000 -1.0000
vn -0.0002 0.0007 -1.0000
vn 0.0006 0.0040 -1.0000
vn -0.0045 -0.0003 -1.0000
vn -0.0000 1.0000 -0.0012
vn -0.0000 -1.0000 0.0012
vn 1.0000 -0.0000 0.0007
vn -1.0000 -0.0000 -0.0007
vn -1.0000 0.0002 -0.0007
vn 0.0016 -0.0003 -1.0000
vn -0.0000 -0.0008 -1.0000
vn 0.0007 0.0011 -1.0000
vn -0.0001 -0.0003 -1.0000
vn 0.0007 -0.0018 -1.0000
vn 1.0000 -0.0002 0.0007
vn -1.0000 -0.0002 -0.0007
vn 1.0000 0.0002 0.0007
vn -0.0000 0.4470 -0.8945
vn 0.0014 -0.4477 -0.8942
vn -0.4471 -0.0008 -0.8945
vn -0.0000 0.4464 -0.8948
vn -0.0000 -0.4480 -0.8940
vn -0.4471 0.0001 -0.8945
vn -0.0000 -0.4474 -0.8943
vn 0.4473 0.0001 -0.8944
vn -0.4471 -0.0000 -0.8945
vn 0.4473 -0.0000 -0.8944
vn -0.4465 0.0010 -0.8948
vn -0.0000 0.4468 -0.8947
vn 0.4479 -0.0018 -0.8941
vn 0.4473 -0.0008 -0.8944
vn 0.0007 -0.0003 -1.0000
vn -1.0000 0.0002 -0.0008
vn -0.0000 0.1093 0.9940
vn -0.0537 0.0025 0.9986
vn 0.0537 0.0025 0.9986
vn -0.0000 1.0000 -0.0000
vn -0.0000 -1.0000 -0.0000
vn -0.0000 -0.7071 -0.7071
vn -0.7071 -0.0000 -0.7071
vn -1.0000 -0.0000 -0.0000
vn -0.0000 0.7071 -0.7071
vn 0.7071 -0.0000 -0.7071
vn -0.0000 0.1093 -0.9940
vn 0.0537 0.0025 -0.9986
vn -0.0537 0.0025 -0.9986
vn -1.0000 -0.0000 0.0052
vn -1.0000 -0.0000 0.0055
vn 1.0000 -0.0000 -0.0055
vn 1.0000 -0.0000 -0.0052
vt 0.225296 0.187721
vt 0.186884 0.187721
vt 0.186884 0.031699
vt 0.225296 0.031699
vt 0.225296 0.324150
vt 0.186884 0.324150
vt 0.225107 0.465989
vt 0.187074 0.465989
vt 0.292533 0.875494
vt 0.307115 0.847312
vt 0.419787 0.847312
vt 0.434369 0.875494
vt 0.292533 0.644199
vt 0.307117 0.672829
vt 0.419785 0.672829
vt 0.434369 0.644199
vt 0.000086 0.875494
vt 0.032181 0.846865
vt 0.141305 0.846887
vt 0.156107 0.875494
vt 0.000086 0.644199
vt 0.032182 0.673280
vt 0.141304 0.673259
vt 0.156107 0.644199
vt 0.170688 0.847312
vt 0.277951 0.847312
vt 0.170691 0.672829
vt 0.277949 0.672829
vt 0.449172 0.673259
vt 0.449171 0.846887
vt 0.552885 0.846865
vt 0.584980 0.875494
vt 0.552881 0.673281
vt 0.584980 0.644199
vt 0.245059 0.383397
vt 0.239812 0.383399
vt 0.239812 0.208916
vt 0.245059 0.208914
vt 0.252964 0.205534
vt 0.247548 0.205532
vt 0.247548 0.031049
vt 0.252964 0.031051
vt 0.536090 0.181786
vt 0.541502 0.181791
vt 0.541502 0.294466
vt 0.536090 0.294460
vt 0.529644 0.596832
vt 0.524237 0.596838
vt 0.524237 0.484167
vt 0.529644 0.484161
vt 0.494071 0.201581
vt 0.488824 0.201568
vt 0.488824 0.027983
vt 0.494071 0.027996
vt 0.256917 0.640302
vt 0.251509 0.640316
vt 0.251509 0.536604
vt 0.256917 0.536590
vt 0.494071 0.377470
vt 0.488655 0.377468
vt 0.488655 0.203883
vt 0.494071 0.203885
vt 0.486166 0.201581
vt 0.480750 0.201579
vt 0.480750 0.027950
vt 0.486166 0.027952
vt 0.599897 0.824461
vt 0.587262 0.811824
vt 0.760848 0.811824
vt 0.748213 0.824461
vt 0.924102 0.900401
vt 0.936737 0.913037
vt 0.763153 0.913043
vt 0.775787 0.900406
vt 0.601000 0.793687
vt 0.588363 0.806324
vt 0.588363 0.693652
vt 0.601000 0.706289
vt 0.762846 0.693654
vt 0.750209 0.706291
vt 0.750209 0.793685
vt 0.762846 0.806322
vt 0.599881 0.908311
vt 0.587241 0.920949
vt 0.748230 0.908310
vt 0.760870 0.920946
vt 0.778892 0.602976
vt 0.766255 0.590339
vt 0.873518 0.590339
vt 0.860881 0.602976
vt 0.873516 0.764822
vt 0.860879 0.752185
vt 0.778894 0.752185
vt 0.766257 0.764822
vt 0.763130 0.809329
vt 0.775770 0.821966
vt 0.936759 0.809329
vt 0.924119 0.821966
vt 0.130952 0.677435
vt 0.136364 0.677432
vt 0.136364 0.786558
vt 0.130952 0.786561
vt 0.486166 0.377468
vt 0.480918 0.377470
vt 0.480918 0.203842
vt 0.486166 0.203839
vt 0.241107 0.786561
vt 0.235699 0.786558
vt 0.235699 0.677434
vt 0.241107 0.677438
vt 0.243600 0.533052
vt 0.249012 0.533049
vt 0.249012 0.640313
vt 0.243600 0.640316
vt 0.245059 0.205534
vt 0.239643 0.205532
vt 0.239643 0.031049
vt 0.245059 0.031051
vt 0.252964 0.383397
vt 0.247717 0.383399
vt 0.247717 0.208916
vt 0.252964 0.208914
vt 0.249012 0.786561
vt 0.243604 0.786558
vt 0.243604 0.679298
vt 0.249012 0.679301
vt 0.506446 0.504980
vt 0.511858 0.504967
vt 0.511858 0.608683
vt 0.506446 0.608696
vt 0.522044 0.333897
vt 0.533597 0.343375
vt 0.533597 0.472729
vt 0.522044 0.482213
vt 0.533597 0.177866
vt 0.523862 0.168413
vt 0.523799 0.039059
vt 0.533597 0.029550
vt 0.493877 0.513390
vt 0.503953 0.522862
vt 0.503953 0.591296
vt 0.493877 0.600791
vt 0.498345 0.028657
vt 0.509881 0.038136
vt 0.509881 0.168379
vt 0.498345 0.177866
vt 0.496153 0.178855
vt 0.505929 0.188341
vt 0.505929 0.318584
vt 0.496153 0.328063
vt 0.480043 0.524845
vt 0.490119 0.534333
vt 0.490119 0.599218
vt 0.480043 0.608696
vt 0.239252 0.385247
vt 0.249012 0.394736
vt 0.249012 0.524116
vt 0.239252 0.533597
vt 0.260870 0.758893
vt 0.250921 0.749416
vt 0.250921 0.684532
vt 0.260870 0.675044
vt 0.310083 0.676904
vt 0.320158 0.686392
vt 0.320158 0.749416
vt 0.310083 0.758893
vt 0.496353 0.360673
vt 0.507905 0.370152
vt 0.507905 0.500395
vt 0.496353 0.509881
vt 0.508027 0.172926
vt 0.517787 0.182412
vt 0.517787 0.312655
vt 0.508027 0.322134
vt 0.332016 0.758893
vt 0.322068 0.749416
vt 0.322068 0.686395
vt 0.332016 0.676907
vt 0.339725 0.676500
vt 0.349802 0.686015
vt 0.349769 0.745490
vt 0.339725 0.754941
vt 0.492095 0.529644
vt 0.480579 0.520166
vt 0.480518 0.390786
vt 0.492095 0.381295
vt 0.361660 0.754941
vt 0.351681 0.745424
vt 0.351714 0.685951
vt 0.361660 0.676502
vt 0.750988 0.677866
vt 0.741040 0.668372
vt 0.741040 0.599941
vt 0.750988 0.590469
vt 0.541502 0.385375
vt 0.537443 0.385371
vt 0.537443 0.297971
vt 0.541502 0.297975
vt 0.604935 0.000737
vt 0.735178 0.000739
vt 0.735178 0.069168
vt 0.604935 0.069170
vt 0.509772 0.323122
vt 0.513834 0.323124
vt 0.513834 0.472332
vt 0.509772 0.472331
vt 0.521756 0.180831
vt 0.525692 0.180830
vt 0.525692 0.330038
vt 0.521756 0.330040
vt 0.754838 0.590469
vt 0.758893 0.590465
vt 0.758893 0.677861
vt 0.754838 0.677866
vt 0.537440 0.029548
vt 0.541502 0.029549
vt 0.541502 0.177866
vt 0.537440 0.177864
vt 0.098814 0.806311
vt 0.033931 0.806324
vt 0.033930 0.676944
vt 0.098814 0.676957
vt 0.517787 0.608693
vt 0.513728 0.608696
vt 0.513728 0.524845
vt 0.517787 0.524842
vt 0.529661 0.179714
vt 0.533597 0.179713
vt 0.533597 0.328062
vt 0.529661 0.328063
vt 0.262743 0.678994
vt 0.266798 0.678997
vt 0.266798 0.762846
vt 0.262743 0.762843
vt 0.272727 0.758891
vt 0.268668 0.758893
vt 0.268668 0.676903
vt 0.272727 0.676901
vt 0.602959 0.707728
vt 0.733202 0.707729
vt 0.733202 0.770749
vt 0.602959 0.770751
vt 0.515701 0.372529
vt 0.519763 0.372531
vt 0.519763 0.521739
vt 0.515701 0.521738
vt 0.517803 0.028657
vt 0.521739 0.028656
vt 0.521739 0.177864
vt 0.517803 0.177866
vt 0.333889 0.676905
vt 0.337945 0.676907
vt 0.337945 0.758893
vt 0.333889 0.758891
vt 0.367589 0.754928
vt 0.363530 0.754941
vt 0.363530 0.676500
vt 0.367589 0.676487
vt 0.173727 0.676958
vt 0.233202 0.676945
vt 0.233202 0.806324
vt 0.173731 0.806311
vt 0.254941 0.533597
vt 0.250878 0.533594
vt 0.250879 0.385245
vt 0.254941 0.385248
vt 0.535590 0.393175
vt 0.539526 0.393186
vt 0.539526 0.541502
vt 0.535590 0.541491
vt 0.369462 0.676502
vt 0.373518 0.676488
vt 0.373518 0.754927
vt 0.369462 0.754941
vt 0.225296 0.616601
vt 0.186884 0.616601
vt 0.572709 0.613838
vt 0.599802 0.641304
vt 0.314321 0.641304
vt 0.341414 0.613838
vt 0.314320 0.030609
vt 0.341414 0.030609
vt 0.572709 0.030609
vt 0.599802 0.030609
vt 0.345274 0.028404
vt 0.478261 0.028747
vt 0.478261 0.314229
vt 0.345274 0.313886
vt 0.101365 0.802297
vt 0.101365 0.676932
vt 0.128458 0.677006
vt 0.128458 0.802372
vt 0.476062 0.548323
vt 0.476062 0.317029
vt 0.478261 0.315945
vt 0.478261 0.549407
vt 0.171937 0.173913
vt 0.871542 0.000971
vt 0.871542 0.586956
vt 0.869309 0.586956
vt 0.869309 0.002054
vt 0.863360 0.586956
vt 0.863360 0.002054
vt 0.470104 0.548323
vt 0.470104 0.317029
vt 0.342904 0.312802
vt 0.342904 0.029488
vt 0.172668 0.641246
vt 0.166720 0.029280
vt 0.168964 0.030342
vt 0.174901 0.641225
vt 0.175622 0.641304
vt 0.175622 0.030392
vt 0.177841 0.029309
vt 0.177841 0.641304
vt 0.546220 0.611660
vt 0.546220 0.025682
vt 0.571146 0.000756
vt 0.571146 0.611660
vt 0.183794 0.641304
vt 0.497804 0.357708
vt 0.497804 0.330614
vt 0.503762 0.330614
vt 0.505929 0.331698
vt 0.505929 0.356624
vt 0.503762 0.357708
vt 0.312758 0.025682
vt 0.287832 0.000757
vt 0.166720 0.641304
vt 0.312758 0.611660
vt 0.287832 0.611660
vt 0.352895 0.553934
vt 0.352825 0.581028
vt 0.346867 0.581012
vt 0.344703 0.579923
vt 0.344768 0.554997
vt 0.346938 0.553919
vt 0.027185 0.027754
vt 0.000091 0.000630
vt 0.285573 0.000630
vt 0.258480 0.027754
vt 0.285573 0.612648
vt 0.258480 0.612648
vt 0.027185 0.612648
vt 0.000091 0.612648
vt 0.478261 0.553919
vt 0.478190 0.581012
vt 0.606069 0.078716
vt 0.731206 0.078716
vt 0.737154 0.690712
vt 0.600121 0.690712
vt 0.344739 0.548667
vt 0.344739 0.317372
vt 0.753849 0.002054
vt 0.753849 0.586956
vt 0.874721 0.000078
vt 0.984375 0.000078
vt 0.984375 0.584980
vt 0.874721 0.584980
vt 0.028823 0.029309
vt 0.166008 0.029309
vt 0.160055 0.641304
vt 0.034776 0.641304
vt 0.229249 0.031699
vt 0.229249 0.616601
vt 0.227030 0.616601
vt 0.227030 0.030615
vt 0.237154 0.031699
vt 0.237154 0.616601
vt 0.231201 0.616601
vt 0.231201 0.031699
s 0
usemtl White_Wood.008
f 701/1716/122 709/1717/122 703/1718/122 698/1719/122
f 700/1720/122 707/1721/122 709/1717/122 701/1716/122
f 702/1722/122 711/1723/122 707/1721/122 700/1720/122
f 708/1724/123 717/1725/123 718/1726/123 712/1727/123
f 708/1724/124 707/1728/124 719/1729/124 717/1725/124
f 712/1727/124 718/1726/124 720/1730/124 711/1731/124
f 707/1728/123 711/1731/123 720/1730/123 719/1729/123
f 704/1732/124 714/1733/124 721/1734/124 710/1735/124
f 703/1736/124 713/1737/124 714/1733/124 704/1732/124
f 710/1735/124 721/1734/124 722/1738/124 709/1739/124
f 709/1739/124 722/1738/124 713/1737/124 703/1736/124
f 710/1735/124 723/1740/124 724/1741/124 708/1724/124
f 710/1735/124 709/1739/124 725/1742/124 723/1740/124
f 708/1724/124 724/1741/124 726/1743/124 707/1728/124
f 707/1728/124 726/1743/124 725/1742/124 709/1739/124
f 711/1731/124 728/1744/124 727/1745/124 712/1727/124
f 712/1727/125 727/1745/125 715/1746/125 706/1747/125
f 706/1747/126 715/1746/126 716/1748/126 705/1749/126
f 705/1749/127 716/1748/127 728/1744/127 711/1731/127
f 718/1750/128 734/1751/128 736/1752/128 720/1753/128
f 719/1754/129 735/1755/129 733/1756/129 717/1757/129
f 717/1758/130 733/1759/130 734/1760/130 718/1761/130
f 720/1762/131 736/1763/131 735/1764/131 719/1765/131
f 715/1766/128 731/1767/128 732/1768/128 716/1769/128
f 716/1770/132 732/1771/132 744/1772/132 728/1773/132
f 713/1774/129 729/1775/129 730/1776/129 714/1777/129
f 728/1778/129 744/1779/129 743/1780/129 727/1781/129
f 746/1782/124 730/1783/124 729/1784/124 745/1785/124
f 748/1786/133 732/1787/133 731/1788/133 747/1789/133
f 750/1790/134 734/1791/134 733/1792/134 749/1793/134
f 749/1793/134 733/1792/134 735/1794/134 751/1795/134
f 752/1796/134 736/1797/134 734/1791/134 750/1790/134
f 753/1798/124 737/1799/124 730/1783/124 746/1782/124
f 754/1800/124 738/1801/124 737/1799/124 753/1798/124
f 745/1785/124 729/1784/124 738/1801/124 754/1800/124
f 756/1802/124 740/1803/124 739/1804/124 755/1805/124
f 755/1805/124 739/1804/124 741/1806/124 757/1807/124
f 758/1808/124 742/1809/124 740/1803/124 756/1802/124
f 757/1807/124 741/1806/124 742/1809/124 758/1808/124
f 747/1789/135 731/1788/135 743/1810/135 759/1811/135
f 759/1811/136 743/1810/136 744/1812/136 760/1813/136
f 760/1813/137 744/1812/137 732/1787/137 748/1786/137
f 751/1795/134 735/1794/134 736/1797/134 752/1796/134
f 714/1814/138 730/1815/138 737/1816/138 721/1817/138
f 721/1818/128 737/1819/128 738/1820/128 722/1821/128
f 722/1822/139 738/1823/139 729/1824/139 713/1825/139
f 723/1826/130 739/1827/130 740/1828/130 724/1829/130
f 725/1830/129 741/1831/129 739/1832/129 723/1833/129
f 724/1834/128 740/1835/128 742/1836/128 726/1837/128
f 726/1838/131 742/1839/131 741/1840/131 725/1841/131
f 727/1842/140 743/1843/140 731/1844/140 715/1845/140
f 776/1846/141 775/1847/141 770/1848/141 769/1849/141
f 788/1850/142 787/1851/142 790/1852/142 789/1853/142
f 762/1854/143 761/1855/143 764/1856/143 763/1857/143
f 768/1858/144 767/1859/144 761/1860/144 762/1861/144
f 763/1862/145 764/1863/145 766/1864/145 765/1865/145
f 769/1866/146 770/1867/146 772/1868/146 771/1869/146
f 771/1870/147 772/1871/147 774/1872/147 773/1873/147
f 773/1874/148 774/1875/148 775/1876/148 776/1877/148
f 778/1878/149 777/1879/149 780/1880/149 779/1881/149
f 784/1882/141 783/1883/141 777/1884/141 778/1885/141
f 779/1886/147 780/1887/147 782/1888/147 781/1889/147
f 781/1890/150 782/1891/150 783/1892/150 784/1893/150
f 786/1894/151 785/1895/151 787/1896/151 788/1897/151
f 792/1898/152 791/1899/152 785/1900/152 786/1901/152
f 789/1902/153 790/1903/153 791/1904/153 792/1905/153
f 765/1906/154 766/1907/154 767/1908/154 768/1909/154
f 763/1910/130 750/1911/130 749/1912/130 762/1913/130
f 761/1914/134 767/1915/134 766/1916/134 764/1917/134
f 762/1918/129 749/1919/129 751/1920/129 768/1921/129
f 765/1922/128 752/1923/128 750/1924/128 763/1925/128
f 768/1926/131 751/1927/131 752/1928/131 765/1929/131
f 769/1930/129 746/1931/129 745/1932/129 776/1933/129
f 775/1934/124 774/1935/124 772/1936/124 770/1937/124
f 771/1938/138 753/1939/138 746/1940/138 769/1941/138
f 773/1942/128 754/1943/128 753/1944/128 771/1945/128
f 776/1946/139 745/1947/139 754/1948/139 773/1949/139
f 779/1950/130 756/1951/130 755/1952/130 778/1953/130
f 777/1954/124 783/1955/124 782/1956/124 780/1957/124
f 778/1958/129 755/1959/129 757/1960/129 784/1961/129
f 781/1962/128 758/1963/128 756/1964/128 779/1965/128
f 784/1966/131 757/1967/131 758/1968/131 781/1969/131
f 788/1970/140 747/1971/140 759/1972/140 786/1973/140
f 787/1974/155 785/1975/155 791/1976/155 790/1977/155
f 786/1978/129 759/1979/129 760/1980/129 792/1981/129
f 789/1982/128 748/1983/128 747/1984/128 788/1985/128
f 792/1986/156 760/1987/156 748/1988/156 789/1989/156
f 699/1990/122 705/1991/122 711/1723/122 702/1722/122
f 794/1992/157 811/1993/157 814/1994/157 793/1995/157
f 793/1995/158 814/1994/158 795/1996/158 797/1997/158
f 798/1998/159 796/1999/159 811/1993/159 794/1992/159
f 814/2000/160 825/2001/160 826/2002/160 811/2003/160
f 821/2004/161 798/2005/161 799/2006/161 824/2007/161
f 804/2008/162 805/2009/162 806/2010/162 803/2011/162
f 805/2012/160 808/2012/160 829/2012/160 827/2012/160
f 803/2013/163 802/2014/163 801/2015/163 804/2016/163
f 798/2017/164 794/2018/164 804/2016/164 801/2015/164
f 794/2019/161 793/2020/161 805/2009/161 804/2008/161
f 793/2012/160 797/2012/160 832/2012/160 831/2012/160
f 812/2021/165 813/2022/165 814/2000/165 811/2003/165
f 815/2023/163 814/2024/163 813/2025/163 816/2026/163
f 809/2027/166 812/2028/166 811/2029/166 810/2030/166
f 802/2031/124 803/2032/124 812/2033/124 809/2034/124
f 811/2029/122 796/2035/122 810/2030/122
f 796/2036/161 798/2037/161 801/2038/161 802/2039/161 809/2040/161 810/2041/161
f 803/2032/124 806/2042/124 813/2043/124 812/2033/124
f 795/2044/164 814/2024/164 815/2023/164
f 806/2042/124 807/2045/124 816/2046/124 813/2043/124
f 797/2047/161 795/2048/161 815/2049/161 816/2050/161 807/2051/161 808/2052/161
f 818/2053/167 825/2054/167 826/2055/167 817/2056/167
f 817/2056/168 826/2055/168 819/2057/168 821/2058/168
f 822/2059/169 820/2060/169 825/2054/169 818/2053/169
f 800/2048/161 795/2048/161 797/2047/161 822/2061/161 820/2062/161 823/2062/161
f 800/2063/170 823/2064/170 825/2065/170 814/2066/170
f 794/2019/161 817/2067/161 818/2068/161 793/2020/161
f 817/2069/171 794/2018/171 798/2017/171 821/2070/171
f 793/2071/172 818/2072/172 822/2073/172 797/2074/172
f 811/2075/173 826/2076/173 824/2077/173 799/2078/173
f 829/2012/160 830/2012/160 838/2012/160 837/2012/160
f 806/2012/160 805/2012/160 827/2012/160 828/2012/160
f 808/2012/160 807/2012/160 830/2012/160 829/2012/160
f 807/2012/160 806/2012/160 828/2012/160 830/2012/160
f 831/2012/160 832/2012/160 840/2012/160 839/2012/160
f 808/2012/160 805/2012/160 833/2012/160 834/2012/160
f 797/2012/160 808/2012/160 834/2012/160 832/2012/160
f 805/2012/160 793/2012/160 831/2012/160 833/2012/160
f 835/2079/166 837/2080/166 838/2081/166 836/2082/166
f 839/2083/122 840/2084/122 842/2085/122 841/2086/122
f 832/2012/160 834/2012/160 842/2012/160 840/2012/160
f 828/2012/160 827/2012/160 835/2012/160 836/2012/160
f 834/2012/160 833/2012/160 841/2012/160 842/2012/160
f 830/2012/160 828/2012/160 836/2012/160 838/2012/160
f 827/2012/160 829/2012/160 837/2012/160 835/2012/160
f 833/2012/160 831/2012/160 839/2012/160 841/2012/160
l 796 799
l 819 824
o Door1_Handles.
v 0.352004 1.085100 0.603231
v 0.352004 1.085100 0.568194
v 0.351668 1.081682 0.603231
v 0.351668 1.081682 0.568194
v 0.350671 1.078396 0.603231
v 0.350671 1.078396 0.568194
v 0.349052 1.075367 0.603231
v 0.349052 1.075367 0.568194
v 0.346873 1.072713 0.603231
v 0.346873 1.072713 0.568194
v 0.344219 1.070534 0.603231
v 0.344219 1.070534 0.568194
v 0.341190 1.068915 0.603231
v 0.341190 1.068915 0.568194
v 0.337904 1.067918 0.603231
v 0.337904 1.067918 0.568194
v 0.334486 1.067582 0.603231
v 0.334486 1.067582 0.568194
v 0.331068 1.067918 0.603231
v 0.331068 1.067918 0.568194
v 0.327782 1.068915 0.603231
v 0.327782 1.068915 0.568194
v 0.324753 1.070534 0.603231
v 0.324753 1.070534 0.568194
v 0.322099 1.072713 0.603231
v 0.322099 1.072713 0.568194
v 0.319920 1.075367 0.603231
v 0.319920 1.075367 0.568194
v 0.318301 1.078396 0.603231
v 0.318301 1.078396 0.568194
v 0.317304 1.081682 0.603231
v 0.317304 1.081682 0.568194
v 0.316968 1.085100 0.603231
v 0.316968 1.085100 0.568194
v 0.317304 1.088517 0.603231
v 0.317304 1.088517 0.568194
v 0.318301 1.091804 0.603231
v 0.318301 1.091804 0.568194
v 0.319920 1.094832 0.603231
v 0.319920 1.094832 0.568194
v 0.322099 1.097487 0.603231
v 0.322099 1.097487 0.568194
v 0.324753 1.099666 0.603231
v 0.324753 1.099666 0.568194
v 0.327782 1.101285 0.603231
v 0.327782 1.101285 0.568194
v 0.331068 1.102281 0.603231
v 0.331068 1.102281 0.568194
v 0.337904 1.102281 0.603231
v 0.337904 1.102281 0.568194
v 0.341190 1.101285 0.603231
v 0.341190 1.101285 0.568194
v 0.344219 1.099666 0.603231
v 0.344219 1.099666 0.568194
v 0.346873 1.097487 0.603231
v 0.346873 1.097487 0.568194
v 0.349052 1.094832 0.603231
v 0.349052 1.094832 0.568194
v 0.350671 1.091804 0.603231
v 0.350671 1.091804 0.568194
v 0.351668 1.088517 0.603231
v 0.351668 1.088517 0.568194
v 0.366637 1.080847 0.568194
v 0.366831 1.085100 0.568194
v 0.366064 1.076757 0.568194
v 0.365133 1.072988 0.568194
v 0.363880 1.069684 0.568194
v 0.362354 1.066973 0.568194
v 0.360612 1.064958 0.568194
v 0.358723 1.063718 0.568194
v 0.208613 1.063299 0.568194
v 0.206648 1.063718 0.568194
v 0.204758 1.064958 0.568194
v 0.203017 1.066973 0.568194
v 0.201491 1.069684 0.568194
v 0.200238 1.072988 0.568194
v 0.199307 1.076757 0.568194
v 0.198734 1.080847 0.568194
v 0.198540 1.085100 0.568194
v 0.198734 1.089353 0.568194
v 0.199307 1.093443 0.568194
v 0.200238 1.097212 0.568194
v 0.201491 1.100515 0.568194
v 0.203017 1.103227 0.568194
v 0.204758 1.105241 0.568194
v 0.206648 1.106482 0.568194
v 0.208613 1.106901 0.568194
v 0.358723 1.106482 0.568194
v 0.360612 1.105241 0.568194
v 0.362354 1.103227 0.568194
v 0.363880 1.100515 0.568194
v 0.365133 1.097212 0.568194
v 0.366064 1.093443 0.568194
v 0.366637 1.089353 0.568194
v 0.366637 1.080847 0.550272
v 0.366831 1.085100 0.550272
v 0.366064 1.076757 0.550272
v 0.365133 1.072988 0.550272
v 0.363880 1.069684 0.550272
v 0.362354 1.066973 0.550272
v 0.360612 1.064958 0.550272
v 0.358723 1.063718 0.550272
v 0.208613 1.063299 0.550272
v 0.206648 1.063718 0.550272
v 0.204758 1.064958 0.550272
v 0.203017 1.066973 0.550272
v 0.201491 1.069684 0.550272
v 0.200238 1.072988 0.550272
v 0.199307 1.076757 0.550272
v 0.198734 1.080847 0.550272
v 0.198540 1.085100 0.550272
v 0.198734 1.089353 0.550272
v 0.199307 1.093443 0.550272
v 0.200238 1.097212 0.550272
v 0.201491 1.100515 0.550272
v 0.203017 1.103227 0.550272
v 0.204758 1.105241 0.550272
v 0.206648 1.106482 0.550272
v 0.208613 1.106901 0.550272
v 0.358723 1.106482 0.550272
v 0.360612 1.105241 0.550272
v 0.362354 1.103227 0.550272
v 0.363880 1.100515 0.550272
v 0.365133 1.097212 0.550272
v 0.366064 1.093443 0.550272
v 0.366637 1.089353 0.550272
v 0.300164 1.085100 0.603231
v 0.300823 1.093577 0.603231
v 0.302776 1.101727 0.603231
v 0.305948 1.109239 0.603231
v 0.310216 1.115824 0.603231
v 0.315417 1.121227 0.603231
v 0.321351 1.125243 0.603231
v 0.327790 1.127715 0.603231
v 0.334486 1.128550 0.603231
v 0.341182 1.127715 0.603231
v 0.347621 1.125243 0.603231
v 0.353554 1.121227 0.603231
v 0.358756 1.115824 0.603231
v 0.363024 1.109239 0.603231
v 0.366196 1.101727 0.603231
v 0.368149 1.093577 0.603231
v 0.368808 1.085100 0.603231
v 0.300164 1.085100 0.620465
v 0.300823 1.093577 0.620465
v 0.302776 1.101727 0.620465
v 0.305948 1.109239 0.620465
v 0.310216 1.115824 0.620465
v 0.315417 1.121227 0.620465
v 0.321351 1.125243 0.620465
v 0.327790 1.127715 0.620465
v 0.334486 1.128550 0.620465
v 0.341182 1.127715 0.620465
v 0.347621 1.125243 0.620465
v 0.353554 1.121227 0.620465
v 0.358756 1.115824 0.620465
v 0.363024 1.109239 0.620465
v 0.366196 1.101727 0.620465
v 0.368149 1.093577 0.620465
v 0.368808 1.085100 0.620465
v 0.368808 0.948312 0.603231
v 0.368149 0.939835 0.603231
v 0.366196 0.931684 0.603231
v 0.363024 0.924173 0.603231
v 0.358756 0.917588 0.603231
v 0.353554 0.912185 0.603231
v 0.347621 0.908169 0.603231
v 0.341182 0.905697 0.603231
v 0.327790 0.905697 0.603231
v 0.321351 0.908169 0.603231
v 0.315417 0.912185 0.603231
v 0.310216 0.917588 0.603231
v 0.305948 0.924173 0.603231
v 0.302776 0.931684 0.603231
v 0.300823 0.939835 0.603231
v 0.300163 0.948312 0.603231
v 0.368808 0.948312 0.620465
v 0.368149 0.939835 0.620465
v 0.366196 0.931684 0.620465
v 0.363024 0.924173 0.620465
v 0.358756 0.917588 0.620465
v 0.353554 0.912185 0.620465
v 0.347621 0.908169 0.620465
v 0.341182 0.905697 0.620465
v 0.327790 0.905697 0.620465
v 0.321351 0.908169 0.620465
v 0.315417 0.912185 0.620465
v 0.310216 0.917588 0.620465
v 0.305948 0.924173 0.620465
v 0.302776 0.931684 0.620465
v 0.300823 0.939835 0.620465
v 0.300163 0.948312 0.620465
v 0.300164 1.016706 0.620465
v 0.368808 1.016706 0.620465
v 0.300164 1.016706 0.603231
v 0.368808 1.016706 0.603231
v 0.336195 1.102450 0.603231
v 0.336195 1.102450 0.568194
v 0.329988 0.939337 0.603231
v 0.332777 1.102450 0.603231
v 0.332777 1.102450 0.568194
v 0.207631 1.106691 0.568194
v 0.207631 1.106691 0.550272
v 0.338984 0.939337 0.603231
v 0.368808 0.965832 0.620465
v 0.368808 0.965832 0.603231
v 0.300164 0.965832 0.620465
v 0.300164 0.965832 0.603231
v 0.329469 0.973953 0.603231
v 0.334486 0.975297 0.603231
v 0.339503 0.973953 0.603231
v 0.343176 0.970280 0.603231
v 0.325796 0.970280 0.603231
v 0.344520 0.965263 0.603231
v 0.343176 0.960246 0.603231
v 0.324452 0.965263 0.603231
v 0.325796 0.960246 0.603231
v 0.338984 0.956573 0.603231
v 0.329988 0.956573 0.603231
v 0.329469 0.973953 0.615546
v 0.334486 0.975297 0.615546
v 0.339503 0.973953 0.615546
v 0.343176 0.970280 0.615545
v 0.329988 0.939337 0.615546
v 0.325796 0.970280 0.615546
v 0.329988 0.956573 0.615546
v 0.338984 0.939337 0.615546
v 0.338984 0.956573 0.615546
v 0.344520 0.965263 0.615545
v 0.343176 0.960246 0.615545
v 0.324452 0.965263 0.615546
v 0.325796 0.960246 0.615546
v 0.334486 0.965293 0.615546
vn 0.9952 -0.0980 -0.0000
vn 0.9569 -0.2903 -0.0000
vn 0.8819 -0.4714 -0.0000
vn 0.7730 -0.6344 -0.0000
vn 0.6344 -0.7730 -0.0000
vn 0.4714 -0.8819 -0.0000
vn 0.2903 -0.9569 -0.0000
vn 0.0980 -0.9952 -0.0000
vn -0.0980 -0.9952 -0.0000
vn -0.2903 -0.9569 -0.0000
vn -0.4714 -0.8819 -0.0000
vn -0.6344 -0.7730 -0.0000
vn -0.7730 -0.6344 -0.0000
vn -0.8819 -0.4714 -0.0000
vn -0.9569 -0.2903 -0.0000
vn -0.9952 -0.0980 -0.0000
vn -0.9952 0.0980 -0.0000
vn -0.9569 0.2903 -0.0000
vn -0.8819 0.4714 -0.0000
vn -0.7730 0.6344 -0.0000
vn -0.6344 0.7730 -0.0000
vn -0.4714 0.8819 -0.0000
vn -0.2903 0.9569 -0.0000
vn 0.0980 0.9952 -0.0000
vn 0.2903 0.9569 -0.0000
vn 0.4714 0.8819 -0.0000
vn 0.6344 0.7730 -0.0000
vn 0.7730 0.6344 -0.0000
vn 0.8819 0.4714 -0.0000
vn 0.9569 0.2903 -0.0000
vn 0.9952 0.0980 -0.0000
vn -0.9350 0.3546 -0.0000
vn -0.0000 -0.0000 1.0000
vn -0.0000 -0.0000 -1.0000
vn 0.5488 -0.8360 -0.0000
vn -0.8714 0.4906 -0.0000
vn 0.0028 -1.0000 -0.0000
vn -0.7565 0.6539 -0.0000
vn -0.2085 -0.9780 -0.0000
vn -0.5488 0.8359 -0.0000
vn -0.5488 -0.8360 -0.0000
vn -0.2085 0.9780 -0.0000
vn -0.7565 -0.6539 -0.0000
vn -0.8714 -0.4906 -0.0000
vn 0.5488 0.8360 -0.0000
vn -0.9350 -0.3546 -0.0000
vn 0.7565 0.6540 -0.0000
vn -0.9708 -0.2398 -0.0000
vn 0.9990 -0.0454 -0.0000
vn 0.8714 0.4906 -0.0000
vn -0.9903 -0.1388 -0.0000
vn 0.9903 -0.1388 -0.0000
vn 0.9350 0.3546 -0.0000
vn -0.9990 -0.0455 -0.0000
vn 0.9708 -0.2398 -0.0000
vn 0.9708 0.2398 -0.0000
vn -0.9990 0.0455 -0.0000
vn 0.9350 -0.3546 -0.0000
vn 0.9903 0.1388 -0.0000
vn -0.9903 0.1388 -0.0000
vn 0.8714 -0.4906 -0.0000
vn 0.9990 0.0454 -0.0000
vn -0.9708 0.2398 -0.0000
vn 0.7565 -0.6540 -0.0000
vn -0.7205 0.6935 -0.0000
vn -0.5604 0.8282 -0.0000
vn -0.3585 0.9335 -0.0000
vn -0.1237 0.9923 -0.0000
vn 0.1237 0.9923 -0.0000
vn 0.3585 0.9335 -0.0000
vn 0.5604 0.8282 -0.0000
vn 0.7205 0.6935 -0.0000
vn 0.8391 0.5440 -0.0000
vn 0.9213 0.3890 -0.0000
vn -0.9970 0.0776 -0.0000
vn 0.9725 0.2330 -0.0000
vn -0.9725 0.2330 -0.0000
vn 0.9970 0.0776 -0.0000
vn -0.9213 0.3890 -0.0000
vn -0.8391 0.5440 -0.0000
vn 0.9725 -0.2330 -0.0000
vn -0.9970 -0.0776 -0.0000
vn 0.9212 -0.3890 -0.0000
vn 0.8391 -0.5440 -0.0000
vn 0.7205 -0.6935 -0.0000
vn 0.5604 -0.8282 -0.0000
vn 0.3585 -0.9335 -0.0000
vn -0.3585 -0.9335 -0.0000
vn -0.5604 -0.8282 -0.0000
vn -0.7205 -0.6935 -0.0000
vn -0.8391 -0.5440 -0.0000
vn -0.9213 -0.3890 -0.0000
vn 0.9970 -0.0776 -0.0000
vn -0.9725 -0.2330 -0.0000
vn 1.0000 -0.0000 -0.0000
vn -1.0000 -0.0000 -0.0000
vn -0.0000 -1.0000 -0.0000
vn -0.0980 0.9952 -0.0000
vn -0.0000 1.0000 -0.0000
vn 0.6590 0.7522 -0.0000
vn 0.2588 -0.9659 -0.0000
vn -0.2588 -0.9659 -0.0000
vn 0.9659 0.2588 -0.0000
vn -0.6590 0.7521 -0.0000
vn -0.9659 0.2588 -0.0000
vn 0.9659 -0.2588 -0.0000
vn -0.9659 -0.2588 -0.0000
vn 0.7071 -0.7071 -0.0000
vn -0.7071 -0.7071 -0.0000
vn 0.0028 1.0000 -0.0000
vt 0.839540 0.645410
vt 0.853695 0.645410
vt 0.853695 0.790520
vt 0.839540 0.790520
vt 0.867306 0.645410
vt 0.867306 0.790520
vt 0.879850 0.645410
vt 0.879850 0.790520
vt 0.890845 0.645410
vt 0.890845 0.790520
vt 0.890831 0.935631
vt 0.879986 0.935631
vt 0.879986 0.790520
vt 0.890831 0.790520
vt 0.867555 0.935631
vt 0.867555 0.790520
vt 0.854014 0.935631
vt 0.854014 0.790520
vt 0.839885 0.935631
vt 0.839885 0.790520
vt 0.825709 0.935631
vt 0.825709 0.790520
vt 0.812031 0.935631
vt 0.812031 0.790520
vt 0.799379 0.935631
vt 0.799379 0.790520
vt 0.788236 0.935631
vt 0.788236 0.790520
vt 0.386914 0.842113
vt 0.375919 0.842113
vt 0.375919 0.697003
vt 0.386914 0.697003
vt 0.363376 0.842113
vt 0.363376 0.697003
vt 0.349764 0.842113
vt 0.349764 0.697003
vt 0.335610 0.842113
vt 0.335610 0.697003
vt 0.321455 0.842113
vt 0.321455 0.697003
vt 0.307844 0.842113
vt 0.307844 0.697003
vt 0.295300 0.842113
vt 0.295300 0.697003
vt 0.284306 0.842113
vt 0.284306 0.697003
vt 0.567457 0.986525
vt 0.556208 0.986525
vt 0.556208 0.841415
vt 0.567457 0.841415
vt 0.543478 0.986525
vt 0.543478 0.841415
vt 0.529754 0.986525
vt 0.529754 0.841415
vt 0.508511 0.986525
vt 0.501457 0.986525
vt 0.501457 0.841415
vt 0.508511 0.841415
vt 0.487969 0.986525
vt 0.487969 0.841415
vt 0.475622 0.986525
vt 0.475622 0.841415
vt 0.464890 0.986525
vt 0.464890 0.841415
vt 0.788236 0.645410
vt 0.799231 0.645410
vt 0.799231 0.790520
vt 0.788236 0.790520
vt 0.811775 0.645410
vt 0.811775 0.790520
vt 0.825386 0.645410
vt 0.825386 0.790520
vt 0.390664 0.716576
vt 0.464890 0.716576
vt 0.464890 0.730259
vt 0.390664 0.730259
vt 0.666115 0.067006
vt 0.653923 0.073746
vt 0.643006 0.082800
vt 0.634013 0.093820
vt 0.627344 0.106382
vt 0.623253 0.120005
vt 0.621898 0.134163
vt 0.623332 0.148314
vt 0.627499 0.161913
vt 0.634238 0.174438
vt 0.643292 0.185408
vt 0.654312 0.194400
vt 0.666875 0.201070
vt 0.680497 0.205161
vt 0.694656 0.206516
vt 0.708806 0.205082
vt 0.722406 0.200915
vt 0.734931 0.194175
vt 0.745900 0.185121
vt 0.754893 0.174101
vt 0.761563 0.161539
vt 0.765653 0.147917
vt 0.766331 0.140838
vt 0.766291 0.126683
vt 0.765574 0.119607
vt 0.761408 0.106008
vt 0.754668 0.093483
vt 0.745614 0.082513
vt 0.734594 0.073521
vt 0.721922 0.066851
vt 0.707931 0.062760
vt 0.711697 0.000752
vt 0.728642 0.003079
vt 0.744262 0.006891
vt 0.757960 0.012041
vt 0.769206 0.018331
vt 0.777571 0.025521
vt 0.782730 0.033333
vt 0.786201 0.655032
vt 0.785344 0.659104
vt 0.784488 0.663175
vt 0.779372 0.671016
vt 0.771048 0.678252
vt 0.759836 0.684605
vt 0.746168 0.689832
vt 0.730569 0.693731
vt 0.713637 0.696152
vt 0.696024 0.697003
vt 0.678407 0.696250
vt 0.661462 0.693924
vt 0.645841 0.690112
vt 0.632144 0.684962
vt 0.620897 0.678671
vt 0.612533 0.671482
vt 0.607374 0.663670
vt 0.605616 0.655536
vt 0.605616 0.033827
vt 0.610732 0.025987
vt 0.619056 0.018750
vt 0.630267 0.012397
vt 0.643935 0.007171
vt 0.659535 0.003272
vt 0.676466 0.000850
vt 0.679362 0.062839
vt 0.500546 0.696251
vt 0.483601 0.693924
vt 0.467980 0.690112
vt 0.454283 0.684962
vt 0.443036 0.678672
vt 0.434672 0.671482
vt 0.429512 0.663670
vt 0.426042 0.041971
vt 0.427754 0.033827
vt 0.432870 0.025987
vt 0.441193 0.018751
vt 0.452405 0.012397
vt 0.466073 0.007171
vt 0.481673 0.003272
vt 0.498604 0.000851
vt 0.516217 0.000000
vt 0.533835 0.000753
vt 0.550779 0.003079
vt 0.566400 0.006891
vt 0.580097 0.012041
vt 0.591344 0.018332
vt 0.599708 0.025521
vt 0.604869 0.033333
vt 0.605747 0.037400
vt 0.606626 0.041467
vt 0.606626 0.663176
vt 0.601510 0.671016
vt 0.593186 0.678252
vt 0.581975 0.684605
vt 0.568307 0.689832
vt 0.552707 0.693731
vt 0.535776 0.696152
vt 0.518163 0.697003
vt 0.788236 0.637670
vt 0.862462 0.637670
vt 0.862462 0.645410
vt 0.788236 0.645410
vt 0.390664 0.705347
vt 0.464890 0.705347
vt 0.788236 0.016077
vt 0.862462 0.016077
vt 0.390664 0.697003
vt 0.464890 0.697003
vt 0.788236 0.007910
vt 0.862462 0.007910
vt 0.862462 0.637263
vt 0.936688 0.637263
vt 0.936688 0.645234
vt 0.862462 0.645234
vt 0.788236 0.000000
vt 0.862462 0.000000
vt 0.862462 0.633171
vt 0.936688 0.633171
vt 0.390664 0.855498
vt 0.464890 0.855498
vt 0.464890 0.863842
vt 0.390664 0.863842
vt 0.390664 0.844269
vt 0.464890 0.844269
vt 0.862462 -0.000000
vt 0.936688 -0.000000
vt 0.936688 0.007676
vt 0.862462 0.007676
vt 0.390664 0.830586
vt 0.464890 0.830586
vt 0.965071 0.653754
vt 0.890845 0.653754
vt 0.890845 0.645410
vt 0.965071 0.645410
vt 0.390664 0.814976
vt 0.464890 0.814976
vt 0.965071 0.746445
vt 0.890845 0.746445
vt 0.890845 0.728829
vt 0.965071 0.728829
vt 0.965071 0.664983
vt 0.890845 0.664983
vt 0.390664 0.798038
vt 0.464890 0.798038
vt 0.965071 0.763383
vt 0.890845 0.763383
vt 0.965071 0.678666
vt 0.890845 0.678666
vt 0.390664 0.780423
vt 0.464890 0.780423
vt 0.965071 0.778993
vt 0.890845 0.778993
vt 0.965071 0.694276
vt 0.890845 0.694276
vt 0.390664 0.762807
vt 0.464890 0.762807
vt 0.965071 0.792676
vt 0.890845 0.792676
vt 0.965071 0.711214
vt 0.890845 0.711214
vt 0.390664 0.745869
vt 0.464890 0.745869
vt 0.965071 0.803905
vt 0.890845 0.803905
vt 0.965071 0.812249
vt 0.890845 0.812249
vt 0.356353 0.022380
vt 0.284972 0.022380
vt 0.284972 -0.000000
vt 0.356353 -0.000000
vt 0.355686 0.642848
vt 0.284306 0.642848
vt 0.284306 0.617806
vt 0.355686 0.617806
vt 0.284306 0.590857
vt 0.355686 0.590857
vt 0.284306 0.920189
vt 0.355686 0.920189
vt 0.284306 0.892567
vt 0.355686 0.892567
vt 0.284306 0.866204
vt 0.355686 0.866204
vt 0.355686 0.842113
vt 0.427734 -0.000000
vt 0.427734 0.022380
vt 0.427734 0.049650
vt 0.356353 0.049650
vt 0.427734 0.080762
vt 0.356353 0.080762
vt 0.356353 0.149629
vt 0.284972 0.149629
vt 0.284972 0.114521
vt 0.356353 0.114521
vt 0.427734 0.114521
vt 0.284972 0.080762
vt 0.427734 0.149629
vt 0.284972 0.049650
vt 0.356353 0.049650
vt 0.356353 0.751269
vt 0.427734 0.751269
vt 0.427734 0.785027
vt 0.356353 0.785027
vt 0.356353 0.751269
vt 0.284972 0.751269
vt 0.284972 0.716161
vt 0.356353 0.716161
vt 0.427734 0.816139
vt 0.356353 0.816139
vt 0.427734 0.843410
vt 0.356353 0.843410
vt 0.427734 0.865790
vt 0.356353 0.865790
vt 0.638837 0.999344
vt 0.567457 0.999344
vt 0.567457 0.975046
vt 0.638837 0.975046
vt 0.567457 0.948552
vt 0.638837 0.948552
vt 0.638837 0.893095
vt 0.567457 0.893095
vt 0.567457 0.866262
vt 0.638837 0.866262
vt 0.567457 0.841414
vt 0.638837 0.841414
vt 0.356353 0.865790
vt 0.284972 0.865790
vt 0.284972 0.843410
vt 0.356353 0.843410
vt 0.284972 0.816140
vt 0.356353 0.816140
vt 0.284972 0.785027
vt 0.356353 0.785027
vt 0.356353 0.716161
vt 0.427734 0.716161
vt 0.427734 0.432895
vt 0.356353 0.432895
vt 0.356353 0.432895
vt 0.284972 0.432895
vt 0.123524 0.783661
vt 0.160782 0.783661
vt 0.169886 0.922989
vt 0.114420 0.922989
vt 0.284306 0.673928
vt 0.284306 0.746489
vt 0.178144 0.697064
vt 0.183713 0.676284
vt 0.920786 0.891980
vt 0.957223 0.884199
vt 0.972131 0.954011
vt 0.935694 0.961792
vt 0.862462 0.629079
vt 0.936688 0.629079
vt 0.522660 0.986525
vt 0.522660 0.841415
vt 0.681911 0.916794
vt 0.681911 0.967799
vt 0.644668 0.967799
vt 0.644668 0.916794
vt 0.356353 0.643599
vt 0.284972 0.643599
vt 0.427734 0.643599
vt 0.356353 0.643599
vt 0.100594 0.676284
vt 0.106161 0.697064
vt 0.000000 0.746489
vt 0.000001 0.673928
vt 0.000001 0.463224
vt 0.106161 0.655504
vt 0.281574 0.781597
vt 0.273485 0.815356
vt 0.260348 0.846468
vt 0.242670 0.873739
vt 0.221129 0.896118
vt 0.196552 0.912749
vt 0.160782 0.712276
vt 0.178144 0.655504
vt 0.284306 0.463224
vt 0.390664 0.863842
vt 0.441669 0.863842
vt 0.441669 0.935228
vt 0.390664 0.935228
vt 0.645475 0.697003
vt 0.645475 0.748007
vt 0.628555 0.748007
vt 0.628555 0.697003
vt 0.737232 0.886474
vt 0.686227 0.886474
vt 0.686227 0.865790
vt 0.737232 0.865790
vt 0.737232 0.907343
vt 0.686227 0.907343
vt 0.686227 0.958795
vt 0.737232 0.958795
vt 0.737232 0.979575
vt 0.686227 0.979575
vt 0.627092 0.697003
vt 0.627092 0.748007
vt 0.609302 0.748007
vt 0.609302 0.697003
vt 0.686227 0.916794
vt 0.665447 0.916794
vt 0.665447 0.865790
vt 0.686227 0.938016
vt 0.737232 0.938016
vt 0.644668 0.865790
vt 0.788236 0.937175
vt 0.737232 0.937175
vt 0.737232 0.865790
vt 0.788236 0.865790
vt 0.686227 0.922804
vt 0.737232 0.922804
vt 0.737232 0.922804
vt 0.686227 0.922804
vt 0.931462 0.852770
vt 0.903650 0.822034
vt 0.922809 0.812249
vt 0.944293 0.813355
vt 0.962346 0.825054
vt 0.891950 0.840087
vt 0.972131 0.844213
vt 0.971025 0.865697
vt 0.900629 0.880730
vt 0.890845 0.861571
vt 0.694079 -0.000000
vt 0.693465 0.061406
vt 0.609302 0.762096
vt 0.609302 0.776319
vt 0.606527 0.790269
vt 0.601085 0.803410
vt 0.593182 0.815236
vt 0.583125 0.825294
vt 0.571299 0.833196
vt 0.558158 0.838639
vt 0.544209 0.841414
vt 0.529985 0.841414
vt 0.516035 0.838640
vt 0.502895 0.833197
vt 0.491068 0.825295
vt 0.481010 0.815238
vt 0.473108 0.803412
vt 0.467665 0.790271
vt 0.464890 0.776321
vt 0.464890 0.762098
vt 0.467665 0.748148
vt 0.473107 0.735007
vt 0.481010 0.723181
vt 0.491067 0.713123
vt 0.502893 0.705221
vt 0.516034 0.699778
vt 0.523008 0.698390
vt 0.537095 0.697003
vt 0.544207 0.697003
vt 0.558157 0.699777
vt 0.571297 0.705220
vt 0.583124 0.713122
vt 0.593181 0.723180
vt 0.601084 0.735005
vt 0.606527 0.748146
vt 0.121374 0.640293
vt 0.000001 0.179958
vt 0.002732 0.144850
vt 0.010821 0.111091
vt 0.023957 0.079979
vt 0.041636 0.052708
vt 0.063177 0.030329
vt 0.087754 0.013698
vt 0.114420 0.003458
vt 0.142153 -0.000000
vt 0.169886 0.003458
vt 0.196552 0.013698
vt 0.221129 0.030329
vt 0.242670 0.052708
vt 0.260349 0.079979
vt 0.273485 0.111091
vt 0.281574 0.144850
vt 0.284306 0.179958
vt 0.162933 0.640293
vt 0.142153 0.634725
vt 0.123524 0.712276
vt 0.087754 0.912749
vt 0.063177 0.896118
vt 0.041636 0.873739
vt 0.023957 0.846468
vt 0.010821 0.815356
vt 0.002732 0.781597
s 0
usemtl Door2_Handles.001_gameasset_Mat_1
f 843/2087/174 845/2088/174 846/2089/174 844/2090/174
f 845/2088/175 847/2091/175 848/2092/175 846/2089/175
f 847/2091/176 849/2093/176 850/2094/176 848/2092/176
f 849/2093/177 851/2095/177 852/2096/177 850/2094/177
f 851/2097/178 853/2098/178 854/2099/178 852/2100/178
f 853/2098/179 855/2101/179 856/2102/179 854/2099/179
f 855/2101/180 857/2103/180 858/2104/180 856/2102/180
f 857/2103/181 859/2105/181 860/2106/181 858/2104/181
f 859/2105/182 861/2107/182 862/2108/182 860/2106/182
f 861/2107/183 863/2109/183 864/2110/183 862/2108/183
f 863/2109/184 865/2111/184 866/2112/184 864/2110/184
f 865/2111/185 867/2113/185 868/2114/185 866/2112/185
f 867/2115/186 869/2116/186 870/2117/186 868/2118/186
f 869/2116/187 871/2119/187 872/2120/187 870/2117/187
f 871/2119/188 873/2121/188 874/2122/188 872/2120/188
f 873/2121/189 875/2123/189 876/2124/189 874/2122/189
f 875/2123/190 877/2125/190 878/2126/190 876/2124/190
f 877/2125/191 879/2127/191 880/2128/191 878/2126/191
f 879/2127/192 881/2129/192 882/2130/192 880/2128/192
f 881/2129/193 883/2131/193 884/2132/193 882/2130/193
f 883/2133/194 885/2134/194 886/2135/194 884/2136/194
f 885/2134/195 887/2137/195 888/2138/195 886/2135/195
f 887/2137/196 889/2139/196 890/2140/196 888/2138/196
f 1039/2141/197 891/2142/197 892/2143/197 1040/2144/197
f 891/2142/198 893/2145/198 894/2146/198 892/2143/198
f 893/2145/199 895/2147/199 896/2148/199 894/2146/199
f 895/2147/200 897/2149/200 898/2150/200 896/2148/200
f 897/2151/201 899/2152/201 900/2153/201 898/2154/201
f 899/2152/202 901/2155/202 902/2156/202 900/2153/202
f 901/2155/203 903/2157/203 904/2158/203 902/2156/203
f 903/2157/204 843/2087/204 844/2090/204 904/2158/204
f 925/2159/205 957/2160/205 956/2161/205 924/2162/205
f 848/2163/206 850/2164/206 852/2165/206 854/2166/206 856/2167/206 858/2168/206 860/2169/206 862/2170/206 864/2171/206 866/2172/206 868/2173/206 870/2174/206 872/2175/206 874/2176/206 876/2177/206 878/2178/206 880/2179/206 882/2180/206 884/2181/206 886/2182/206 888/2183/206 890/2184/206 1043/2185/206 1040/2186/206 892/2187/206 894/2188/206 896/2189/206 898/2190/206 900/2191/206 902/2192/206 904/2193/206 936/2194/206 935/2195/206 934/2196/206 933/2197/206 932/2198/206 931/2199/206 930/2200/206 929/2201/206 1044/2202/206 928/2203/206 927/2204/206 926/2205/206 925/2206/206 924/2207/206 923/2208/206 922/2209/206 921/2210/206 920/2211/206 919/2212/206 918/2213/206 917/2214/206 916/2215/206 915/2216/206 914/2217/206 913/2218/206 912/2219/206 911/2220/206 910/2221/206 909/2222/206 908/2223/206 907/2224/206 905/2225/206 846/2226/206
f 937/2227/207 939/2228/207 940/2229/207 941/2230/207 942/2231/207 943/2232/207 944/2233/207 945/2234/207 946/2235/207 947/2236/207 948/2237/207 949/2238/207 950/2239/207 951/2240/207 952/2241/207 953/2242/207 954/2243/207 955/2244/207 956/2245/207 957/2246/207 958/2247/207 959/2248/207 960/2249/207 1045/2250/207 961/2251/207 962/2252/207 963/2253/207 964/2254/207 965/2255/207 966/2256/207 967/2257/207 968/2258/207 938/2259/207
f 912/2260/208 944/2261/208 943/2262/208 911/2263/208
f 926/2264/209 958/2265/209 957/2160/209 925/2159/209
f 913/2266/210 945/2267/210 944/2261/210 912/2260/210
f 927/2268/211 959/2269/211 958/2265/211 926/2264/211
f 914/2270/212 946/2271/212 945/2267/212 913/2266/212
f 928/2272/213 960/2273/213 959/2274/213 927/2275/213
f 915/2276/214 947/2277/214 946/2271/214 914/2270/214
f 1044/2278/215 1045/2279/215 960/2273/215 928/2272/215
f 916/2280/216 948/2281/216 947/2282/216 915/2283/216
f 917/2284/217 949/2285/217 948/2281/217 916/2280/217
f 931/2286/218 963/2287/218 962/2288/218 930/2289/218
f 918/2290/219 950/2291/219 949/2285/219 917/2284/219
f 932/2292/220 964/2293/220 963/2294/220 931/2295/220
f 919/2296/221 951/2297/221 950/2291/221 918/2290/221
f 905/2298/222 937/2299/222 938/2300/222 906/2301/222
f 933/2302/223 965/2303/223 964/2293/223 932/2292/223
f 920/2304/224 952/2305/224 951/2297/224 919/2296/224
f 907/2306/225 939/2307/225 937/2299/225 905/2298/225
f 934/2308/226 966/2309/226 965/2303/226 933/2302/226
f 921/2310/227 953/2311/227 952/2305/227 920/2304/227
f 908/2312/228 940/2313/228 939/2307/228 907/2306/228
f 935/2314/229 967/2315/229 966/2309/229 934/2308/229
f 922/2316/230 954/2317/230 953/2311/230 921/2310/230
f 909/2318/231 941/2319/231 940/2313/231 908/2312/231
f 936/2320/232 968/2321/232 967/2315/232 935/2314/232
f 923/2322/233 955/2323/233 954/2317/233 922/2316/233
f 910/2324/234 942/2325/234 941/2319/234 909/2318/234
f 906/2301/235 938/2300/235 968/2321/235 936/2320/235
f 924/2162/236 956/2161/236 955/2323/236 923/2322/236
f 911/2326/237 943/2327/237 942/2325/237 910/2324/237
f 973/2328/238 990/2329/238 991/2330/238 974/2331/238
f 974/2332/239 991/2333/239 992/2334/239 975/2335/239
f 975/2335/240 992/2334/240 993/2336/240 976/2337/240
f 976/2337/241 993/2336/241 994/2338/241 977/2339/241
f 977/2339/242 994/2338/242 995/2340/242 978/2341/242
f 978/2341/243 995/2340/243 996/2342/243 979/2343/243
f 979/2343/244 996/2342/244 997/2131/244 980/2344/244
f 980/2331/245 997/2345/245 998/2346/245 981/2328/245
f 981/2328/246 998/2346/246 999/2347/246 982/2348/246
f 982/2348/247 999/2347/247 1000/2349/247 983/2350/247
f 969/2351/248 986/2352/248 987/2353/248 970/2354/248
f 983/2350/249 1000/2349/249 1001/2355/249 984/2354/249
f 970/2354/250 987/2353/250 988/2356/250 971/2350/250
f 984/2354/251 1001/2355/251 1002/2357/251 985/2351/251
f 971/2350/252 988/2356/252 989/2358/252 972/2359/252
f 972/2359/253 989/2358/253 990/2329/253 973/2328/253
f 1004/2360/254 1020/2361/254 1021/2362/254 1005/2363/254
f 1017/2364/255 1033/2365/255 1034/2366/255 1018/2367/255
f 1005/2363/256 1021/2362/256 1022/2368/256 1006/2369/256
f 1006/2369/257 1022/2368/257 1023/2370/257 1007/2371/257
f 1007/2371/258 1023/2370/258 1024/2372/258 1008/2373/258
f 1008/2374/259 1024/2375/259 1025/2376/259 1009/2377/259
f 1009/2377/260 1025/2376/260 1026/2378/260 1010/2379/260
f 1011/2380/261 1027/2381/261 1028/2382/261 1012/2383/261
f 1012/2383/262 1028/2382/262 1029/2384/262 1013/2385/262
f 1013/2386/263 1029/2387/263 1030/2388/263 1014/2389/263
f 1014/2389/264 1030/2388/264 1031/2390/264 1015/2391/264
f 1015/2391/265 1031/2390/265 1032/2392/265 1016/2393/265
f 1003/2394/266 1019/2395/266 1020/2361/266 1004/2360/266
f 1016/2393/267 1032/2392/267 1033/2365/267 1017/2364/267
f 1002/2357/268 1036/2396/268 1038/2397/268 985/2351/268
f 969/2351/269 1037/2398/269 1035/2399/269 986/2352/269
f 1041/2400/207 1046/2401/207 1010/2402/207 1011/2403/207
f 1048/2404/207 1003/2405/207 1057/2406/207 1056/2407/207
f 1068/2408/207 1070/2409/207 1069/2410/207 1066/2411/207
f 1010/2379/270 1026/2378/270 1027/2381/270 1011/2380/270
f 929/2412/215 961/2413/215 1045/2279/215 1044/2278/215
f 889/2139/271 1042/2414/271 1043/2415/271 890/2140/271
f 1041/2416/272 1066/2417/272 1069/2418/272 1046/2419/272
f 1050/2420/269 1018/2367/269 1034/2366/269 1049/2421/269
f 1047/2422/268 1019/2395/268 1003/2394/268 1048/2423/268
f 1058/2424/207 1059/2425/207 1018/2426/207 1050/2427/207
f 1037/2428/207 1055/2429/207 1058/2424/207 1050/2427/207
f 1057/2406/207 1003/2405/207 1004/2430/207 1005/2431/207 1006/2432/207 1007/2433/207 1008/2434/207 1009/2435/207 1010/2402/207 1046/2401/207 1060/2436/207
f 1054/2437/207 1038/2438/207 1048/2404/207 1056/2407/207
f 1036/2396/268 1047/2422/268 1048/2423/268 1038/2397/268
f 1037/2398/269 1050/2420/269 1049/2421/269 1035/2399/269
f 1061/2439/268 1068/2440/268 1066/2441/268 1041/2442/268
f 1059/2443/273 1074/2444/273 1068/2445/273 1061/2446/273
f 1052/2447/274 1063/2448/274 1062/2449/274 1051/2450/274
f 1053/2451/275 1064/2452/275 1063/2448/275 1052/2447/275
f 1058/2453/276 1073/2454/276 1074/2455/276 1059/2456/276
f 1060/2457/277 1070/2458/277 1072/2459/277 1057/2460/277
f 1057/2449/278 1072/2461/278 1071/2462/278 1056/2463/278
f 1055/2464/279 1067/2465/279 1073/2454/279 1058/2453/279
f 1056/2463/280 1071/2462/280 1065/2419/280 1054/2466/280
f 1046/2467/269 1069/2468/269 1070/2469/269 1060/2470/269
f 1051/2471/281 1062/2472/281 1067/2465/281 1055/2464/281
f 1054/2473/282 1065/2474/282 1064/2452/282 1053/2451/282
f 1068/2408/207 1075/2475/207 1070/2409/207
f 1075/2475/207 1062/2476/207 1063/2477/207
f 1075/2475/207 1064/2478/207 1065/2479/207
f 1075/2475/207 1067/2480/207 1062/2476/207
f 1075/2475/207 1063/2477/207 1064/2478/207
f 1075/2475/207 1071/2481/207 1072/2482/207
f 1075/2475/207 1074/2483/207 1073/2484/207
f 1075/2475/207 1072/2482/207 1070/2409/207
f 1075/2475/207 1068/2408/207 1074/2483/207
f 1075/2475/207 1065/2479/207 1071/2481/207
f 1075/2475/207 1073/2484/207 1067/2480/207
f 929/2412/283 930/2289/283 962/2288/283 961/2413/283
f 846/2226/206 905/2225/206 906/2485/206 936/2194/206 904/2193/206 844/2486/206
f 1040/2144/272 1043/2415/272 1042/2414/272 1039/2141/272
f 843/2487/207 845/2488/207 847/2489/207 849/2490/207 851/2491/207 853/2492/207 855/2493/207 857/2494/207 859/2495/207 861/2496/207 863/2497/207 865/2498/207 867/2499/207 869/2500/207 871/2501/207 873/2502/207 875/2503/207 877/2504/207 879/2505/207 881/2506/207 883/2507/207 885/2508/207 887/2509/207 889/2510/207 1042/2511/207 1039/2512/207 891/2513/207 893/2514/207 895/2515/207 897/2516/207 899/2517/207 901/2518/207 903/2519/207
f 1051/2520/207 1055/2429/207 1037/2428/207 969/2521/207 970/2522/207 971/2523/207 972/2524/207 973/2525/207 974/2526/207 975/2527/207 976/2528/207 977/2529/207 978/2530/207 979/2531/207 980/2532/207 981/2533/207 982/2534/207 983/2535/207 984/2536/207 985/2537/207 1038/2438/207 1054/2437/207 1053/2538/207 1052/2539/207
f 1018/2426/207 1059/2425/207 1061/2540/207 1041/2400/207 1011/2403/207 1012/2541/207 1013/2542/207 1014/2543/207 1015/2544/207 1016/2545/207 1017/2546/207
