# Blender 5.0.0
# www.blender.org
mtllib Room.mtl
o Window3
v 7.111620 2.430000 0.893821
v 7.111620 1.933200 0.893821
v 7.111619 2.400000 -0.126179
v 7.111619 1.963200 -0.126179
v 7.111619 2.400000 0.863821
v 7.111619 1.963200 0.863821
v 7.111619 2.430000 -0.156179
v 7.111619 1.933200 -0.156179
v 7.061620 1.933200 0.893821
v 7.061620 2.430000 0.893821
v 7.061620 2.400000 -0.126179
v 7.061620 1.963200 -0.126179
v 7.061620 2.400000 0.863821
v 7.061620 1.963200 0.863821
v 7.061620 2.430000 -0.156179
v 7.061620 1.933200 -0.156179
v 7.084120 2.400000 -0.126179
v 7.089120 2.400000 -0.126179
v 7.089120 1.963200 -0.126179
v 7.084120 1.963200 -0.126179
v 7.089120 1.963200 0.863821
v 7.084120 1.963200 0.863821
v 7.084120 2.400000 0.863821
v 7.089120 2.400000 0.863821
v 7.084120 2.414142 -0.140321
v 7.089120 2.414142 -0.140321
v 7.089120 1.949058 -0.140321
v 7.084120 1.949058 -0.140321
v 7.084120 2.414142 0.877964
v 7.089120 2.414142 0.877964
v 7.089120 1.949058 0.877964
v 7.084120 1.949058 0.877964
v 7.161620 2.430000 1.418821
v 7.161620 1.933200 1.418821
v 7.161620 2.430000 0.893821
v 7.161620 1.933200 0.893821
v 7.161620 2.400000 1.388821
v 7.161620 2.400000 0.923821
v 7.161620 1.963200 0.923821
v 7.161620 1.963200 1.388821
v 7.111620 2.430000 1.418821
v 7.111620 1.933200 1.418821
v 7.111620 2.430000 0.893821
v 7.111620 1.933200 0.893821
v 7.111620 2.400000 1.388821
v 7.111620 2.400000 0.923821
v 7.111620 1.963200 0.923821
v 7.111620 1.963200 1.388821
v 7.137870 2.400000 0.923821
v 7.135370 2.400000 0.923821
v 7.135370 1.963200 0.923821
v 7.137870 1.963200 0.923821
v 7.137870 1.963200 1.388821
v 7.135370 1.963200 1.388821
v 7.135370 2.400000 1.388821
v 7.137870 2.400000 1.388821
v 7.135370 1.949058 0.909679
v 7.137870 1.949058 0.909679
v 7.137870 1.949058 1.402964
v 7.135370 1.949058 1.402964
v 7.135370 2.414142 1.402964
v 7.137870 2.414142 1.402964
v 7.137870 2.414142 0.909679
v 7.135370 2.414142 0.909679
v 6.936620 2.479680 1.476321
v 6.936620 1.883520 1.476321
v 6.936620 1.883520 -0.213679
v 6.936620 2.479680 -0.213679
v 6.956621 1.883520 -0.213679
v 6.956621 2.479680 -0.213679
v 6.956621 1.883520 1.476321
v 6.956621 2.479680 1.476321
v 6.936620 2.479680 0.320107
v 6.936620 2.430000 -0.156179
v 6.936620 2.430000 1.418821
v 7.236620 2.430000 1.418821
v 7.236620 2.430000 -0.156179
v 6.936620 1.933200 -0.156179
v 6.936620 1.933200 1.418821
v 7.236620 1.933200 -0.156179
v 7.236620 1.933200 1.418821
vn -0.0000 -0.0000 1.0000
vn 1.0000 -0.0000 -0.0000
vn -0.0000 -1.0000 -0.0000
vn -0.0000 1.0000 -0.0000
vn -1.0000 -0.0000 -0.0000
vn -0.0000 -0.0000 -1.0000
vt 0.187987 0.616788
vt 0.187987 0.798102
vt 0.169739 0.798102
vt 0.169739 0.616788
vt 0.217577 0.383212
vt 0.228525 0.372263
vt 0.387942 0.372263
vt 0.398890 0.383212
vt 0.217577 -0.000000
vt 0.228525 0.010949
vt 0.398890 0.000000
vt 0.387942 0.010949
vt 0.526628 0.766423
vt 0.508380 0.766423
vt 0.508380 0.383212
vt 0.526628 0.383212
vt 0.526628 0.766423
vt 0.526628 0.383212
vt 0.544876 0.383212
vt 0.544876 0.766423
vt 0.398890 -0.000000
vt 0.580204 0.000000
vt 0.569255 0.010949
vt 0.409839 0.010949
vt 0.409839 0.372263
vt 0.580204 0.383212
vt 0.569255 0.372263
vt 0.859432 0.181314
vt 0.877680 0.181314
vt 0.877680 0.362628
vt 0.859432 0.362628
vt 0.585366 0.366475
vt 0.580204 0.371637
vt 0.580204 0.000000
vt 0.585366 0.005161
vt 0.744782 0.005161
vt 0.749943 0.000000
vt 0.749943 0.371637
vt 0.744782 0.366475
vt 0.744782 0.376798
vt 0.749943 0.371637
vt 0.749943 0.743273
vt 0.744782 0.738112
vt 0.885892 0.000000
vt 0.885892 0.361314
vt 0.877680 0.361314
vt 0.877680 0.000000
vt 0.894103 0.522044
vt 0.894103 0.362628
vt 0.902315 0.362628
vt 0.902315 0.522044
vt 0.885892 0.000000
vt 0.894103 0.000000
vt 0.894103 0.361314
vt 0.885892 0.361314
vt 0.732576 0.902689
vt 0.724365 0.902689
vt 0.724365 0.743273
vt 0.732576 0.743273
vt 0.902315 0.361314
vt 0.902315 -0.000000
vt 0.910526 -0.000000
vt 0.910526 0.361314
vt 0.902315 0.361314
vt 0.894103 0.361314
vt 0.894103 0.000000
vt 0.902315 0.000000
vt 0.732576 0.743273
vt 0.740788 0.743273
vt 0.740788 0.902689
vt 0.732576 0.902689
vt 0.748999 0.743273
vt 0.748999 0.902689
vt 0.740788 0.902689
vt 0.740788 0.743273
vt 0.208452 0.616788
vt 0.210277 0.616788
vt 0.210277 0.786527
vt 0.208452 0.786527
vt 0.579548 0.754848
vt 0.577723 0.754848
vt 0.577723 0.383212
vt 0.579548 0.383212
vt 0.919650 0.371637
vt 0.917826 0.371637
vt 0.917826 0.000000
vt 0.919650 0.000000
vt 0.206627 0.616788
vt 0.206627 0.786527
vt 0.580204 0.743273
vt 0.585366 0.738112
vt 0.585366 0.376798
vt 0.559475 0.383212
vt 0.577723 0.383212
vt 0.577723 0.574818
vt 0.559475 0.574818
vt 0.559475 0.574818
vt 0.577723 0.574818
vt 0.577723 0.766423
vt 0.559475 0.766423
vt 0.327066 0.383212
vt 0.338015 0.394161
vt 0.338015 0.563869
vt 0.327066 0.574818
vt 0.508380 0.383212
vt 0.497431 0.394161
vt 0.497431 0.563869
vt 0.508380 0.574818
vt 0.327066 0.766423
vt 0.327066 0.574818
vt 0.338015 0.585766
vt 0.338015 0.755475
vt 0.508379 0.766423
vt 0.497431 0.755475
vt 0.508379 0.574818
vt 0.497431 0.585766
vt 0.877680 0.181314
vt 0.859432 0.181314
vt 0.859432 0.000000
vt 0.877680 0.000000
vt 0.206235 0.798102
vt 0.187987 0.798102
vt 0.206235 0.616788
vt 0.755104 0.749687
vt 0.749943 0.754848
vt 0.749943 0.574817
vt 0.755104 0.579979
vt 0.005161 0.791658
vt 0.000000 0.796819
vt 0.000000 0.616788
vt 0.005161 0.621950
vt 0.164577 0.791658
vt 0.169739 0.796819
vt 0.169739 0.616788
vt 0.164577 0.621950
vt 0.689693 0.902689
vt 0.689693 0.743273
vt 0.698361 0.743273
vt 0.698361 0.902689
vt 0.707029 0.902689
vt 0.698361 0.902689
vt 0.698361 0.743273
vt 0.707029 0.743273
vt 0.885436 0.362628
vt 0.885436 0.532336
vt 0.876768 0.532336
vt 0.876768 0.362628
vt 0.894103 0.362628
vt 0.894103 0.532336
vt 0.868100 0.362628
vt 0.868100 0.532336
vt 0.859432 0.532336
vt 0.859432 0.362628
vt 0.876768 0.362628
vt 0.876768 0.532336
vt 0.715697 0.743273
vt 0.715697 0.902689
vt 0.707029 0.902689
vt 0.707029 0.743273
vt 0.724365 0.743273
vt 0.724365 0.902689
vt 0.903227 0.542658
vt 0.902315 0.542658
vt 0.902315 0.362628
vt 0.903227 0.362628
vt 0.904140 0.542658
vt 0.903227 0.542658
vt 0.903227 0.362628
vt 0.904140 0.362628
vt 0.904140 0.362628
vt 0.905052 0.362628
vt 0.905052 0.532366
vt 0.904140 0.532366
vt 0.905964 0.532366
vt 0.905052 0.532366
vt 0.905052 0.362628
vt 0.905964 0.362628
vt 0.914520 0.579979
vt 0.919682 0.574817
vt 0.919682 0.754848
vt 0.914520 0.749687
vt 0.544876 1.000000
vt 0.544876 0.805188
vt 0.552176 0.383212
vt 0.552175 1.000000
vt 0.210277 0.834365
vt 0.217577 0.616788
vt 0.217577 0.834365
vt 0.917826 0.000000
vt 0.917826 0.217577
vt 0.910526 0.217577
vt 0.910526 0.000000
vt 0.749943 0.000000
vt 0.859432 0.000000
vt 0.859432 0.574817
vt 0.199445 0.020985
vt 0.018131 0.020985
vt 0.000000 0.000000
vt 0.217577 0.000000
vt 0.217577 0.958029
vt 0.217577 0.383212
vt 0.327066 0.383212
vt 0.327066 0.958029
vt 0.689693 0.924587
vt 0.580204 0.924587
vt 0.580204 0.743273
vt 0.689693 0.743273
vt 0.199445 0.595803
vt 0.217577 0.616788
vt 0.018131 0.595803
vt -0.000000 0.616788
vt 0.749943 0.936162
vt 0.749943 0.754848
vt 0.859432 0.754848
vt 0.859432 0.936162
vt 0.559475 0.383212
vt 0.559475 1.000000
vt 0.552175 1.000000
vt 0.552175 0.383212
s 0
usemtl Black_Matte.001
f 10/1/1 9/2/1 2/3/1 1/4/1
f 7/5/2 3/6/2 4/7/2 8/8/2
f 7/5/2 1/9/2 5/10/2 3/6/2
f 2/11/2 6/12/2 5/10/2 1/9/2
f 8/8/2 4/7/2 6/12/2 2/11/2
f 16/13/3 8/14/3 2/15/3 9/16/3
f 1/17/4 7/18/4 15/19/4 10/20/4
f 15/21/5 16/22/5 12/23/5 11/24/5
f 15/21/5 11/24/5 13/25/5 10/8/5
f 9/26/5 10/8/5 13/25/5 14/27/5
f 16/22/5 9/26/5 14/27/5 12/23/5
f 15/28/6 7/29/6 8/30/6 16/31/6
f 24/32/5 30/33/5 26/34/5 18/35/5
f 19/36/5 27/37/5 31/38/5 21/39/5
f 22/40/2 32/41/2 28/42/2 20/43/2
f 21/39/5 31/38/5 30/33/5 24/32/5
f 17/44/3 23/45/3 13/46/3 11/47/3
f 20/48/1 17/49/1 11/50/1 12/51/1
f 18/52/3 3/53/3 5/54/3 24/55/3
f 19/56/1 4/57/1 3/58/1 18/59/1
f 19/60/4 21/61/4 6/62/4 4/63/4
f 20/64/4 12/65/4 14/66/4 22/67/4
f 24/68/6 5/69/6 6/70/6 21/71/6
f 23/72/6 22/73/6 14/74/6 13/75/6
f 26/76/1 25/77/1 28/78/1 27/79/1
f 30/80/3 29/81/3 25/82/3 26/83/3
f 27/84/4 28/85/4 32/86/4 31/87/4
f 29/88/6 30/76/6 31/79/6 32/89/6
f 20/43/2 28/42/2 25/90/2 17/91/2
f 18/35/5 26/34/5 27/37/5 19/36/5
f 23/92/2 29/33/2 32/41/2 22/40/2
f 17/91/2 25/90/2 29/33/2 23/92/2
f 41/93/4 33/94/4 35/95/4 43/96/4
f 44/97/3 36/98/3 34/99/3 42/100/3
f 33/101/2 37/102/2 38/103/2 35/104/2
f 34/105/2 40/106/2 37/102/2 33/101/2
f 35/104/2 38/103/2 39/107/2 36/108/2
f 36/108/2 39/107/2 40/106/2 34/105/2
f 41/109/5 43/110/5 46/111/5 45/112/5
f 42/113/5 41/109/5 45/112/5 48/114/5
f 43/110/5 44/115/5 47/116/5 46/111/5
f 44/115/5 42/113/5 48/114/5 47/116/5
f 36/117/6 44/118/6 43/119/6 35/120/6
f 42/121/1 34/122/1 33/1/1 41/123/1
f 56/124/5 62/125/5 63/126/5 49/127/5
f 50/128/2 64/129/2 61/130/2 55/131/2
f 51/132/2 57/133/2 64/129/2 50/128/2
f 55/131/2 61/130/2 60/134/2 54/135/2
f 51/136/1 50/137/1 46/138/1 47/139/1
f 52/140/1 39/141/1 38/142/1 49/143/1
f 50/144/3 55/145/3 45/146/3 46/147/3
f 49/144/3 38/148/3 37/149/3 56/145/3
f 54/150/4 51/151/4 47/152/4 48/153/4
f 53/150/4 40/154/4 39/155/4 52/151/4
f 55/156/6 54/157/6 48/158/6 45/159/6
f 56/156/6 37/160/6 40/161/6 53/157/6
f 58/162/4 57/163/4 60/164/4 59/165/4
f 62/166/3 61/167/3 64/168/3 63/169/3
f 63/170/1 64/171/1 57/172/1 58/173/1
f 59/174/6 60/175/6 61/176/6 62/177/6
f 54/135/2 60/134/2 57/133/2 51/132/2
f 52/178/5 58/179/5 59/180/5 53/181/5
f 53/181/5 59/180/5 62/125/5 56/124/5
f 49/127/5 63/126/5 58/179/5 52/178/5
f 68/182/4 73/183/4 72/184/4 70/185/4
f 67/186/6 68/77/6 70/187/6 69/188/6
f 65/189/1 66/190/1 71/191/1 72/192/1
f 79/193/4 81/194/4 80/195/4 78/126/4
f 78/196/5 74/197/5 68/198/5 67/199/5
f 75/200/3 74/201/3 77/202/3 76/203/3
f 81/204/6 79/205/6 75/206/6 76/207/6
f 79/208/5 78/196/5 67/199/5 66/209/5
f 75/210/5 79/208/5 66/209/5 65/211/5
f 74/197/5 75/210/5 65/211/5 68/198/5
f 80/212/1 77/213/1 74/214/1 78/215/1
f 69/216/3 71/217/3 66/218/3 67/219/3
o Room
v 6.956620 2.700000 -2.801178
v 6.506619 2.700000 -2.801178
v 4.171620 2.700000 -3.101178
v 4.171620 2.700000 -2.801179
v 6.506619 2.700000 -3.101178
v 6.956620 2.700000 1.738822
v 1.426620 2.700000 -2.801179
v 1.426620 2.700000 0.238821
v -1.083380 2.700000 0.238821
v -0.733380 2.700000 0.238821
v 0.656620 2.700000 0.238821
v 1.226620 2.700000 0.238821
v -0.733380 2.700000 0.538821
v 0.656620 2.700000 0.538821
v -1.083380 2.700000 -2.801179
v 1.226620 2.700000 -2.801179
v -1.063380 0.000000 -2.781179
v -1.063380 0.000000 0.218821
v 0.636620 0.000000 0.218821
v -0.713380 0.000000 0.218821
v -0.713380 0.000000 0.518821
v 1.206620 0.000000 0.218821
v 6.936620 0.000000 -2.781178
v 6.486620 0.000000 -2.781178
v 4.191621 0.000000 -3.081179
v 4.191621 0.000000 -2.781179
v 6.486620 0.000000 -3.081179
v 1.936620 0.000000 0.218821
v 1.936620 0.000000 1.718821
v 6.936620 0.000000 1.718822
v 1.206620 0.000000 -2.781179
v 1.446620 0.000000 -0.551179
v 1.206620 0.000000 -1.516179
v 0.636620 0.000000 0.518821
v -0.564548 0.000000 0.518821
v 0.489139 0.000000 0.518821
v 1.446620 0.000000 -2.781179
v 1.446620 0.000000 0.218821
v -1.063380 0.139725 0.218821
v 1.446620 0.139725 0.218821
v 1.936620 0.139725 1.718821
v 6.936620 0.139725 1.718822
v 4.191620 0.139725 -3.081178
v -0.713380 0.139725 0.218821
v 1.936620 0.139725 0.218821
v 6.936620 0.139725 -2.781178
v 6.486620 0.139725 -2.781178
v 6.486620 0.139725 -3.081178
v 4.191620 0.139725 -2.781179
v 1.426620 0.139725 -1.536179
v 0.636620 0.139725 0.518821
v -1.063380 0.139725 -2.781179
v 1.226620 0.139725 -2.801179
v 0.489139 0.139725 0.518821
v -0.564548 0.139725 0.518821
v -0.713380 0.139725 0.518821
v 0.636620 0.139725 0.218821
v -1.083380 0.139725 0.238821
v 6.506619 0.139725 -2.801178
v 6.506619 0.139725 -3.101178
v 4.171620 0.139725 -2.801179
v -1.083380 0.139725 -2.801179
v 0.489139 0.139725 0.538821
v -0.564548 0.139725 0.538821
v -0.733380 0.139725 0.538821
v 0.656620 0.139725 0.238821
v 1.426620 0.139725 0.238821
v 1.226620 0.139725 0.238821
v 1.426620 0.139725 -2.801179
v 6.956620 0.139725 1.738822
v 4.171620 0.139725 -3.101178
v -0.733380 0.139725 0.238821
v 6.956620 0.139725 -2.801178
v 1.206620 0.139725 0.218821
v 1.206620 0.139725 -2.781179
v 1.446620 0.139725 -2.781179
v 1.206620 0.000000 -0.551179
v 1.206620 0.139725 -0.551179
v 1.446620 0.139725 -0.551179
v 1.446620 0.000000 -1.516179
v 1.206620 0.139725 -1.516179
v 1.446620 0.139725 -1.516179
v 6.936620 2.479680 1.476322
v 1.226620 0.139725 -1.536179
v 1.426620 0.139725 -0.531179
v 1.226620 0.139725 -0.531179
v 1.426620 2.258800 -0.531179
v 1.426620 2.258800 -1.536179
v 1.226620 2.258800 -0.531179
v 1.226620 2.258800 -1.536179
v 6.956620 1.883520 -0.213679
v 6.956620 2.479680 -0.213679
v 6.956620 1.883520 1.476322
v -1.083380 0.558900 -0.066054
v 6.956620 2.479680 1.476322
v -1.083380 0.558900 -1.048804
v -1.083380 2.519100 -1.048804
v -1.083380 2.519100 -0.066054
v 4.312809 0.648000 -3.101178
v 4.312809 2.660850 -3.101178
v 6.371169 2.660850 -3.101178
v 4.312809 0.558900 -3.101178
v 6.371169 0.558900 -3.101178
v 6.371169 0.648000 -3.101178
v 0.489139 2.258820 0.538821
v -0.564548 2.258820 0.538821
v 6.936620 2.479680 0.320107
v 0.656620 0.139725 0.538821
v -0.564548 0.000000 0.758821
v 0.489139 0.000000 0.758821
v 4.171620 1.314236 -2.801179
v 4.171620 1.316473 -3.101178
v 1.916620 2.700000 1.731215
v 1.916620 2.700000 0.238821
v 1.916620 0.139725 0.238821
v 1.916620 0.139725 1.738821
v 1.916620 1.850000 1.531460
v 1.916620 1.850000 0.439011
v 1.916620 0.750000 0.439011
v 1.916620 0.750000 1.538193
vn -0.0000 -1.0000 -0.0000
vn -0.0000 1.0000 -0.0000
vn -1.0000 -0.0000 -0.0000
vn -0.0000 -0.0000 -1.0000
vn 1.0000 -0.0000 -0.0000
vn -0.0000 -0.0000 1.0000
vn 0.0008 -0.0015 -1.0000
vt 0.025704 0.234918
vt 0.000092 0.234918
vt 0.000092 0.434266
vt 0.025704 0.434266
vt 0.025704 0.472684
vt 0.413302 0.472684
vt 0.412652 0.042400
vt 0.285241 0.042400
vt 0.285241 0.000566
vt 0.025704 0.000566
vt 0.261799 0.474995
vt 0.002262 0.474995
vt 0.002262 0.672209
vt 0.261799 0.672209
vt 0.261799 0.623546
vt 0.287411 0.623546
vt 0.287411 0.504876
vt 0.261799 0.504876
vt 0.391348 0.476530
vt 0.391348 0.672463
vt 0.389641 0.674171
vt 0.389641 0.474823
vt 0.446556 0.085511
vt 0.420944 0.085511
vt 0.420944 0.073582
vt 0.446556 0.073582
vt 0.673082 0.242179
vt 0.674790 0.240471
vt 0.674790 0.282305
vt 0.673082 0.284012
vt 0.416960 0.710882
vt 0.801143 0.710882
vt 0.802850 0.712589
vt 0.415253 0.712589
vt 0.423725 0.021325
vt 0.423725 0.033254
vt 0.465558 0.033254
vt 0.465558 0.021325
vt 0.417271 0.004019
vt 0.415564 0.002311
vt 0.675100 0.002311
vt 0.673393 0.004019
vt 0.419598 0.142518
vt 0.432304 0.142518
vt 0.432304 0.130589
vt 0.419598 0.130589
vt 0.432304 0.144841
vt 0.419713 0.144841
vt 0.419713 0.156770
vt 0.432304 0.156770
vt 0.420944 0.102085
vt 0.420944 0.114014
vt 0.446556 0.114014
vt 0.446556 0.102085
vt 0.460808 0.035577
vt 0.460808 0.047506
vt 0.422389 0.047506
vt 0.422389 0.035577
vt 0.420944 0.087834
vt 0.420944 0.099762
vt 0.446556 0.099762
vt 0.446556 0.087834
vt 0.421426 0.049829
vt 0.421426 0.061758
vt 0.451306 0.061758
vt 0.451306 0.049829
vt 0.446556 0.116337
vt 0.446556 0.128266
vt 0.420944 0.128266
vt 0.420944 0.116337
vt 0.417271 0.197817
vt 0.415564 0.199525
vt 0.574822 0.757667
vt 0.446761 0.757667
vt 0.446761 0.769596
vt 0.574822 0.769596
vt 0.699005 0.046606
vt 0.699005 0.033900
vt 0.700713 0.032192
vt 0.700713 0.046606
vt 0.681710 0.714912
vt 0.681710 0.726841
vt 0.447359 0.726841
vt 0.447359 0.714912
vt 0.801143 0.284012
vt 0.802850 0.282305
vt 0.447531 0.743416
vt 0.641330 0.743416
vt 0.641330 0.755344
vt 0.447531 0.755344
vt 0.485744 0.020888
vt 0.511357 0.020888
vt 0.513064 0.022596
vt 0.487452 0.022596
vt 0.673393 0.033900
vt 0.675100 0.032192
vt 0.416960 0.476530
vt 0.415253 0.474823
vt 0.416960 0.672463
vt 0.415253 0.674171
vt 0.420838 0.707839
vt 0.676960 0.707839
vt 0.676960 0.695910
vt 0.420838 0.695910
vt 0.447772 0.729164
vt 0.643705 0.729164
vt 0.643705 0.741093
vt 0.447772 0.741093
vt 0.432920 0.964371
vt 0.432920 0.952442
vt 0.817102 0.952442
vt 0.817102 0.964371
vt 0.511357 0.008297
vt 0.513064 0.008297
vt 0.484561 0.213777
vt 0.418823 0.213777
vt 0.418823 0.201848
vt 0.484561 0.201848
vt 0.399050 0.002323
vt 0.399050 0.014252
vt 0.291052 0.014252
vt 0.291052 0.002323
vt 0.523562 0.199525
vt 0.525269 0.197817
vt 0.418823 0.228029
vt 0.484561 0.228029
vt 0.484561 0.216100
vt 0.418823 0.216100
vt 0.291052 0.016575
vt 0.291052 0.028504
vt 0.399050 0.028504
vt 0.399050 0.016575
vt 0.485744 0.069551
vt 0.487452 0.071259
vt 0.421714 0.071259
vt 0.420007 0.069551
vt 0.523251 0.240471
vt 0.524958 0.242179
vt 0.416960 0.242179
vt 0.415253 0.240471
vt 0.470309 0.007073
vt 0.421646 0.007073
vt 0.421646 0.019002
vt 0.470309 0.019002
vt 0.609052 0.240471
vt 0.607344 0.242179
vt 0.775792 0.508314
vt 0.775792 0.289733
vt 0.788599 0.289733
vt 0.788599 0.508314
vt 0.657957 0.228029
vt 0.625088 0.190362
vt 0.625088 0.009448
vt 0.657957 0.009448
vt 0.582188 0.190362
vt 0.528189 0.228029
vt 0.528189 0.009448
vt 0.582188 0.009448
vt 0.620826 0.688836
vt 0.674825 0.651169
vt 0.674825 0.470255
vt 0.620826 0.470255
vt 0.000088 0.897862
vt 0.000088 0.779745
vt 0.000088 0.679282
vt 0.006115 0.715068
vt 0.006115 0.722675
vt 0.006115 0.894520
vt 0.703961 0.002322
vt 0.703961 0.220903
vt 0.778764 0.205459
vt 0.778764 0.038109
vt 0.337292 0.033254
vt 0.287937 0.031547
vt 0.337292 0.031547
vt 0.717725 0.651169
vt 0.750594 0.688836
vt 0.750594 0.470255
vt 0.717725 0.470255
vt 0.615202 0.470255
vt 0.603997 0.619130
vt 0.531856 0.619130
vt 0.421403 0.470255
vt 0.615202 0.688836
vt 0.603997 0.670027
vt 0.205721 0.679282
vt 0.205721 0.779745
vt 0.218527 0.779554
vt 0.218527 0.679282
vt 0.531856 0.670027
vt 0.421403 0.688836
vt 0.712589 0.505938
vt 0.699783 0.505938
vt 0.699783 0.287358
vt 0.712589 0.287358
vt 0.437031 0.898202
vt 0.444181 0.935867
vt 0.444181 0.717286
vt 0.437031 0.717286
vt 0.392053 0.898202
vt 0.392053 0.717286
vt 0.384846 0.717286
vt 0.384846 0.935867
vt 0.021378 0.223278
vt 0.021378 0.004697
vt 0.000461 0.004697
vt 0.000461 0.223278
vt 0.820715 0.038109
vt 0.833729 0.002322
vt 0.833729 0.220903
vt 0.820715 0.205459
vt 0.698337 0.052203
vt 0.698337 0.270784
vt 0.679128 0.270784
vt 0.679128 0.052203
vt 0.636001 0.246978
vt 0.636001 0.465558
vt 0.660333 0.465558
vt 0.660333 0.246978
vt 0.201900 0.679282
vt 0.201900 0.897862
vt 0.103293 0.897862
vt 0.103293 0.679282
vt 0.382423 0.627025
vt 0.382423 0.727298
vt 0.382423 0.845606
vt 0.265247 0.845606
vt 0.265247 0.627025
vt 0.093980 0.894520
vt 0.099762 0.897862
vt 0.678646 0.289733
vt 0.678646 0.508314
vt 0.693587 0.508314
vt 0.693587 0.289733
vt 0.756790 0.505938
vt 0.769596 0.505938
vt 0.769596 0.287358
vt 0.756790 0.287358
vt 0.099762 0.679282
vt 0.093980 0.722675
vt 0.093980 0.715068
vt 0.935970 0.297008
vt 0.948776 0.297008
vt 0.948776 0.309715
vt 0.948776 0.399672
vt 0.948776 0.412263
vt 0.935970 0.412263
vt 0.935970 0.460926
vt 0.903101 0.460926
vt 0.903101 0.481416
vt 0.935970 0.481416
vt 0.935970 0.523249
vt 1.000000 0.523249
vt 1.000000 0.950119
vt 0.807909 0.950119
vt 0.807909 0.911701
vt 0.795103 0.911701
vt 0.795103 0.715767
vt 0.807909 0.715767
vt 0.807909 0.481416
vt 0.861908 0.481416
vt 0.861908 0.460926
vt 0.807909 0.460926
vt 0.807909 0.267128
vt 0.935970 0.267128
vt 0.959021 0.309715
vt 0.959021 0.399672
vt 0.427553 0.942940
vt 0.000684 0.942940
vt 0.000684 0.954869
vt 0.427553 0.954869
vt 0.205721 0.897862
vt 0.218527 0.897862
vt 0.634204 0.246978
vt 0.419062 0.246978
vt 0.419062 0.465558
vt 0.634204 0.465558
vt 0.902613 0.002322
vt 0.894049 0.054423
vt 0.893761 0.148335
vt 0.902288 0.220903
vt 0.838582 0.220903
vt 0.847128 0.148335
vt 0.838582 0.002322
vt 0.847128 0.054423
s 0
usemtl Room
f 85/220/7 84/221/7 86/222/7 83/223/7 82/224/7 87/225/7 194/226/7 195/227/7 89/228/7 88/229/7
f 90/230/7 96/231/7 97/232/7 93/233/7 92/234/7 95/235/7 94/236/7 91/237/7
f 124/238/8 129/239/8 141/240/8 152/241/8
f 128/242/9 129/243/9 108/244/9 105/245/9
f 121/246/8 148/247/8 196/248/8 126/249/8
f 127/250/8 123/251/8 151/252/8 154/253/8
f 119/254/10 121/255/10 126/256/10 109/257/10
f 133/258/8 143/259/8 139/260/8 120/261/8
f 137/262/10 136/263/10 116/264/10 102/265/10
f 115/266/10 117/267/10 135/268/10 132/269/10
f 101/270/11 125/271/11 137/272/11 102/273/11
f 104/274/12 127/275/12 128/276/12 105/277/12
f 106/278/11 124/279/11 130/280/11 107/281/11
f 99/282/10 120/283/10 125/284/10 101/285/10
f 115/286/9 132/287/9 138/288/9 100/289/9
f 156/290/8 134/291/8 143/259/8 133/258/8
f 110/292/11 109/293/11 126/294/11 122/295/11
f 136/296/8 137/297/8 146/298/8 145/299/8
f 107/300/12 130/301/12 157/302/12 118/303/12
f 122/304/8 126/249/8 196/248/8 197/305/8
f 98/306/12 112/307/12 156/308/12 133/309/12
f 138/310/8 132/311/8 189/312/8 147/313/8
f 125/314/8 120/261/8 139/260/8 153/315/8
f 130/316/8 124/238/8 152/241/8 142/317/8
f 128/318/8 127/250/8 154/253/8 140/319/8
f 137/297/8 125/314/8 153/315/8 146/298/8
f 133/320/11 120/321/11 99/322/11 98/323/11
f 106/324/12 108/325/12 129/326/12 124/327/12
f 127/328/9 104/329/9 111/330/9 123/331/9
f 132/311/8 135/332/8 144/333/8 189/312/8
f 129/239/8 128/318/8 140/319/8 141/240/8
f 155/334/9 159/335/9 158/336/9 103/337/9
f 114/338/9 162/339/9 156/340/9 112/341/9
f 165/342/8 134/291/8 156/290/8 162/343/8
f 160/344/11 121/345/11 119/346/11 113/347/11
f 118/348/11 157/349/11 163/350/11 161/351/11
f 155/352/8 149/353/8 167/354/8 159/355/8
f 131/356/8 163/357/8 157/358/8 150/359/8
f 149/353/8 155/352/8 138/310/8 147/313/8
f 103/360/10 100/361/10 138/362/10 155/363/10
f 166/364/8 148/247/8 121/246/8 160/365/8
f 86/366/9 141/367/9 140/368/9 83/369/9
f 93/370/9 170/371/9 167/372/9 149/373/9
f 171/374/9 97/375/9 134/376/9 165/377/9
f 88/378/11 169/379/11 131/380/11 150/381/11
f 84/382/12 193/383/12 152/384/12 183/385/12 180/386/12 181/387/12
f 143/388/11 96/389/11 178/390/11 177/391/11
f 176/392/8 188/393/8 164/394/8
f 168/395/11 89/396/11 148/397/11 166/398/11
f 89/396/11 168/395/11 169/379/11 88/378/11
f 93/370/9 97/375/9 171/374/9 170/371/9
f 151/399/9 174/400/9 172/401/9 154/402/9
f 151/399/9 87/403/9 176/404/9 174/400/9
f 152/405/11 193/406/11 192/407/11 142/408/11
f 172/401/9 173/409/9 82/410/9 154/402/9
f 95/411/9 92/412/9 147/413/9 189/414/9
f 186/415/10 95/416/10 189/417/10 144/418/10
f 187/419/10 145/420/10 146/421/10 94/422/10
f 195/423/10 196/424/10 148/425/10 89/426/10
f 175/427/11 139/428/11 143/388/11 177/391/11
f 90/429/11 179/430/11 178/390/11 96/389/11
f 154/431/12 82/432/12 83/433/12 140/434/12
f 95/416/10 186/415/10 187/419/10 94/422/10
f 147/435/10 92/436/10 93/437/10 149/438/10
f 134/439/12 97/440/12 96/441/12 143/442/12
f 142/443/12 192/444/12 85/445/12 88/446/12 150/447/12
f 84/382/12 181/387/12 182/448/12 86/449/12
f 139/450/10 90/451/10 91/452/10 153/453/10
f 91/454/11 94/455/11 146/456/11 153/457/11
f 141/458/12 86/449/12 182/448/12 185/459/12 184/460/12
f 183/385/12 152/384/12 141/458/12 184/460/12
f 90/429/11 139/428/11 175/427/11 179/430/11
f 176/404/9 87/403/9 82/410/9 173/409/9
f 150/359/8 157/358/8 130/316/8 142/317/8
f 101/461/8 102/462/8 116/463/8 117/464/8 115/465/8 100/466/8 103/467/8 158/468/8 113/469/8 119/470/8 109/471/8 110/472/8 111/473/8 104/474/8 105/475/8 108/476/8 106/477/8 107/478/8 118/479/8 161/480/8 114/481/8 112/482/8 98/483/8 99/484/8
f 117/464/8 116/463/8 190/485/8 191/486/8
f 123/251/8 122/304/8 197/305/8 151/252/8
f 111/487/10 110/488/10 122/489/10 123/490/10
f 192/407/11 193/406/11 84/491/11 85/492/11
f 151/493/13 197/494/13 194/495/13 87/496/13
f 197/497/11 201/498/11 198/499/11 194/500/11
f 195/501/11 194/500/11 198/499/11 199/502/11
f 196/503/11 195/501/11 199/502/11 200/504/11
f 197/497/11 196/503/11 200/504/11 201/498/11
o Window2
v 4.312809 0.618000 -3.081178
v 6.371171 0.618000 -3.081178
v 4.406370 0.618000 -3.081178
v 6.277608 0.618000 -3.081178
v 4.406371 2.565000 -3.081178
v 6.277608 2.565000 -3.081178
v 4.312809 2.660850 -3.081178
v 6.371170 2.660850 -3.081178
v 4.312809 0.618000 -3.101178
v 4.312809 2.660850 -3.101178
v 6.371170 2.660850 -3.101178
v 6.371170 0.618000 -3.101178
v 6.308280 0.630500 -3.050107
v 6.279611 0.630500 -3.129793
v 6.246936 0.665500 -3.117250
v 6.275606 0.665500 -3.037564
v 6.308280 2.582500 -3.050107
v 6.279611 2.582500 -3.129793
v 6.246936 2.547500 -3.117250
v 6.275606 2.547500 -3.037564
v 5.419599 2.582500 -2.708974
v 5.390930 2.582500 -2.788661
v 5.423604 2.547500 -2.801203
v 5.452274 2.547500 -2.721517
v 5.419599 0.630500 -2.708974
v 5.390929 0.630500 -2.788661
v 5.423604 0.665500 -2.801203
v 5.452274 0.665500 -2.721517
v 4.404367 0.630500 -3.129793
v 4.375698 0.630500 -3.050107
v 4.408373 0.665500 -3.037564
v 4.437043 0.665500 -3.117250
v 4.404367 2.582500 -3.129793
v 4.375698 2.582500 -3.050107
v 4.408373 2.547500 -3.037564
v 4.437043 2.547500 -3.117250
v 5.293049 2.582500 -2.788661
v 5.264379 2.582500 -2.708974
v 5.231703 2.547500 -2.721517
v 5.260373 2.547500 -2.801203
v 5.293048 0.630500 -2.788661
v 5.264379 0.630500 -2.708974
v 5.231703 0.665500 -2.721517
v 5.260373 0.665500 -2.801203
v 4.406370 0.648000 -3.081178
v 6.277608 0.648000 -3.081178
v 4.406371 2.565000 -3.281179
v 4.406370 0.648000 -3.281179
v 6.277608 0.648000 -3.281179
v 6.277608 2.565000 -3.281179
v 4.411370 0.653000 -3.081178
v 4.411371 2.560000 -3.081178
v 6.272608 2.560000 -3.081178
v 6.272608 0.653000 -3.081178
v 4.411371 2.560000 -3.281179
v 4.411370 0.653000 -3.281179
v 6.272608 0.653000 -3.281179
v 6.272608 2.560000 -3.281179
v 5.435446 1.022400 -2.733267
v 5.427694 1.016400 -2.736718
v 5.435446 1.040400 -2.733267
v 5.427694 1.046400 -2.736718
v 6.280250 1.022400 -3.057556
v 6.283700 1.016400 -3.065308
v 6.280250 1.040400 -3.057556
v 6.283700 1.046400 -3.065308
v 5.435446 1.405800 -2.733267
v 5.427694 1.399800 -2.736718
v 5.435446 1.423800 -2.733267
v 5.427694 1.429800 -2.736718
v 6.280250 1.405800 -3.057556
v 6.283701 1.399800 -3.065308
v 6.280250 1.423800 -3.057556
v 6.283701 1.429800 -3.065308
v 5.435446 1.789200 -2.733267
v 5.427694 1.783200 -2.736718
v 5.435446 1.807200 -2.733267
v 5.427694 1.813200 -2.736718
v 6.280250 1.789201 -3.057556
v 6.283701 1.783201 -3.065308
v 6.280250 1.807200 -3.057556
v 6.283701 1.813200 -3.065308
v 5.435446 2.172600 -2.733267
v 5.427694 2.166600 -2.736718
v 5.435446 2.190600 -2.733267
v 5.427694 2.196600 -2.736718
v 6.280250 2.172600 -3.057556
v 6.283700 2.166600 -3.065308
v 6.280250 2.190600 -3.057556
v 6.283700 2.196600 -3.065308
v 5.248531 1.022400 -2.733266
v 5.256283 1.016400 -2.736717
v 5.248531 1.040400 -2.733266
v 5.256283 1.046400 -2.736717
v 4.403728 1.022400 -3.057555
v 4.400278 1.016400 -3.065307
v 4.400278 1.046400 -3.065307
v 4.403728 1.040400 -3.057555
v 5.248531 1.405800 -2.733266
v 5.256283 1.399800 -2.736717
v 5.248531 1.423800 -2.733266
v 5.256283 1.429800 -2.736717
v 4.403729 1.405800 -3.057555
v 4.400278 1.399800 -3.065307
v 4.400278 1.429800 -3.065307
v 4.403729 1.423800 -3.057555
v 5.248532 1.789200 -2.733266
v 5.256284 1.783200 -2.736717
v 5.248532 1.807200 -2.733266
v 5.256284 1.813200 -2.736717
v 4.403729 1.789200 -3.057555
v 4.400278 1.783200 -3.065307
v 4.400278 1.813200 -3.065307
v 4.403729 1.807200 -3.057555
v 5.248531 2.172600 -2.733266
v 5.256283 2.166600 -2.736717
v 5.248531 2.190600 -2.733266
v 5.256283 2.196600 -2.736717
v 4.403729 2.172600 -3.057556
v 4.400278 2.166600 -3.065307
v 4.400278 2.196600 -3.065307
v 4.403729 2.190600 -3.057556
v 5.724299 0.654000 -2.842005
v 5.727750 0.648000 -2.849756
v 5.707495 0.654000 -2.835554
v 5.699743 0.648000 -2.839005
v 5.724299 2.559000 -2.842004
v 5.727750 2.565000 -2.849756
v 5.707495 2.559000 -2.835554
v 5.699743 2.565000 -2.839005
v 6.009634 0.654000 -2.951535
v 6.013086 0.648000 -2.959286
v 5.992830 0.654000 -2.945084
v 5.985078 0.648000 -2.948535
v 6.009634 2.559000 -2.951535
v 6.013086 2.565001 -2.959286
v 5.992830 2.559000 -2.945084
v 5.985078 2.565001 -2.948535
v 4.959680 0.654000 -2.842005
v 4.956228 0.648000 -2.849756
v 4.976484 0.654000 -2.835554
v 4.984236 0.648000 -2.839005
v 4.959680 2.559000 -2.842005
v 4.956228 2.565000 -2.849756
v 4.984236 2.565000 -2.839005
v 4.976484 2.559000 -2.835554
v 4.674344 0.654000 -2.951535
v 4.670893 0.648000 -2.959286
v 4.691149 0.654000 -2.945084
v 4.698900 0.648000 -2.948535
v 4.674345 2.559000 -2.951535
v 4.670894 2.565000 -2.959286
v 4.698900 2.565000 -2.948535
v 4.691149 2.559000 -2.945084
v 5.414893 1.016400 -2.773366
v 5.418244 1.022400 -2.781079
v 5.418244 1.040400 -2.781079
v 5.414893 1.046400 -2.773366
v 6.263048 1.022400 -3.105368
v 6.270899 1.016400 -3.101956
v 6.270899 1.046400 -3.101956
v 6.263048 1.040400 -3.105368
v 5.414893 1.399800 -2.773366
v 5.418244 1.405800 -2.781079
v 5.418244 1.423800 -2.781079
v 5.414893 1.429800 -2.773366
v 6.263048 1.405800 -3.105368
v 6.270900 1.399800 -3.101956
v 6.270900 1.429800 -3.101956
v 6.263048 1.423800 -3.105368
v 5.414893 1.783200 -2.773366
v 5.418244 1.789200 -2.781079
v 5.418244 1.807200 -2.781079
v 5.414893 1.813200 -2.773366
v 6.263048 1.789201 -3.105368
v 6.270900 1.783201 -3.101956
v 6.270900 1.813200 -3.101956
v 6.263048 1.807200 -3.105368
v 5.414893 2.166600 -2.773366
v 5.418244 2.172600 -2.781079
v 5.418244 2.190600 -2.781079
v 5.414893 2.196600 -2.773366
v 6.263048 2.172600 -3.105368
v 6.270899 2.166600 -3.101956
v 6.270899 2.196600 -3.101956
v 6.263048 2.190600 -3.105368
v 5.265733 1.022400 -2.781078
v 5.269084 1.016400 -2.773365
v 5.269084 1.046400 -2.773365
v 5.265733 1.040400 -2.781078
v 4.413079 1.016400 -3.101955
v 4.420931 1.022400 -3.105368
v 4.420931 1.040400 -3.105368
v 4.413079 1.046400 -3.101955
v 5.265733 1.405800 -2.781078
v 5.269084 1.399800 -2.773365
v 5.269084 1.429800 -2.773365
v 5.265733 1.423800 -2.781078
v 4.413079 1.399800 -3.101955
v 4.420931 1.405800 -3.105368
v 4.420931 1.423800 -3.105368
v 4.413079 1.429800 -3.101955
v 5.265734 1.789200 -2.781078
v 5.269085 1.783200 -2.773365
v 5.269085 1.813200 -2.773365
v 5.265734 1.807200 -2.781078
v 4.413079 1.783200 -3.101955
v 4.420931 1.789200 -3.105368
v 4.420931 1.807200 -3.105368
v 4.413079 1.813200 -3.101955
v 5.265733 2.172600 -2.781078
v 5.269084 2.166600 -2.773365
v 5.269084 2.196600 -2.773365
v 5.265733 2.190600 -2.781078
v 4.413079 2.166600 -3.101955
v 4.420931 2.172600 -3.105368
v 4.420931 2.190600 -3.105368
v 4.413079 2.196600 -3.101955
v 5.714132 0.648000 -2.890233
v 5.706381 0.654000 -2.893684
v 5.689576 0.654000 -2.887233
v 5.686125 0.648000 -2.879482
v 5.706381 2.559000 -2.893683
v 5.714132 2.565000 -2.890232
v 5.686125 2.565000 -2.879481
v 5.689576 2.559000 -2.887233
v 5.999468 0.648000 -2.999762
v 5.991716 0.654000 -3.003213
v 5.974911 0.654000 -2.996763
v 5.971460 0.648000 -2.989011
v 5.991716 2.559000 -3.003213
v 5.999468 2.565001 -2.999762
v 5.971460 2.565001 -2.989011
v 5.974911 2.559000 -2.996763
v 4.977598 0.654000 -2.893684
v 4.969846 0.648000 -2.890233
v 4.997853 0.648000 -2.879482
v 4.994402 0.654000 -2.887233
v 4.969846 2.565000 -2.890233
v 4.977598 2.559000 -2.893684
v 4.994403 2.559000 -2.887233
v 4.997854 2.565000 -2.879482
v 4.692263 0.654000 -3.003214
v 4.684511 0.648000 -2.999763
v 4.712518 0.648000 -2.989012
v 4.709067 0.654000 -2.996763
v 4.684511 2.565000 -2.999763
v 4.692263 2.559000 -3.003214
v 4.709067 2.559000 -2.996763
v 4.712519 2.565000 -2.989012
v 4.312808 0.558900 -3.081178
v 6.371170 0.558900 -3.081178
v 4.312808 0.618000 -3.081178
v 6.371170 0.618000 -3.081178
v 4.312808 0.558900 -2.981179
v 4.312808 0.618000 -2.981179
v 6.371170 0.558900 -2.981179
v 6.371170 0.618000 -2.981179
v 4.312808 0.558900 -3.101178
v 6.371170 0.558900 -3.101178
v 4.312808 0.618000 -3.101178
v 6.371170 0.618000 -3.101178
v 6.308280 0.630500 -3.050107
v 6.308280 2.582500 -3.050107
v 5.435936 2.582500 -2.715245
v 5.435936 0.630500 -2.715245
v 5.424974 2.582500 -2.694970
v 5.424974 0.630500 -2.694970
v 5.435936 0.630500 -2.715245
v 5.435936 2.582500 -2.715245
v 5.404662 2.582500 -2.703241
v 5.404662 0.630500 -2.703241
v 5.433844 2.582500 -2.698375
v 5.438445 2.582500 -2.708710
v 5.438445 0.630500 -2.708710
v 5.433844 0.630500 -2.698375
v 5.407170 2.582500 -2.696706
v 5.417505 2.582500 -2.692104
v 5.417505 0.630500 -2.692104
v 5.407170 0.630500 -2.696706
vn -0.0000 -0.0000 1.0000
vn 1.0000 -0.0000 -0.0000
vn -0.0000 1.0000 -0.0000
vn -1.0000 -0.0000 -0.0000
vn 0.9410 -0.0000 -0.3385
vn -0.3584 -0.0000 -0.9336
vn -0.2349 -0.6728 -0.7015
vn -0.9410 -0.0000 0.3385
vn -0.0000 -1.0000 -0.0000
vn -0.9410 -0.0000 -0.3385
vn -0.3584 -0.0000 0.9336
vn 0.9410 -0.0000 0.3385
vn 0.3584 -0.0000 -0.9336
vn -0.0000 -0.0000 -1.0000
vn 0.2534 -0.7071 0.6601
vn 0.2534 0.7071 0.6601
vn -0.4067 -0.0000 0.9135
vn 0.9136 -0.0000 0.4067
vn -0.2534 -0.7071 0.6601
vn -0.2534 0.7071 0.6601
vn 0.4067 -0.0000 0.9136
vn -0.9136 -0.0000 0.4067
vn -0.4067 -0.0000 0.9136
vn 0.9135 -0.0000 0.4068
vn 0.2534 -0.7071 0.6602
vn 0.2534 0.7071 0.6602
vn -0.9135 -0.0000 0.4067
vn -0.2534 -0.7071 0.6602
vn -0.2534 0.7071 0.6602
vn 0.3584 -0.0000 0.9336
vn -0.2534 -0.7071 -0.6602
vn -0.2534 0.7071 -0.6602
vn -0.9172 -0.0000 -0.3985
vn 0.3986 -0.0000 -0.9171
vn 0.2534 -0.7071 -0.6602
vn 0.2534 0.7071 -0.6602
vn 0.9172 -0.0000 -0.3985
vn -0.3986 -0.0000 -0.9171
vn 0.4067 -0.0000 -0.9135
vn -0.9135 -0.0000 -0.4067
vn 0.4067 -0.0000 -0.9136
vn -0.9135 -0.0000 -0.4068
vn -0.2534 -0.7071 -0.6601
vn -0.4067 -0.0000 -0.9136
vn 0.9135 -0.0000 -0.4067
vn 0.2534 -0.7071 -0.6601
vn 0.2534 0.7071 -0.6601
vn -0.9441 -0.0000 0.3298
vn 0.9441 -0.0000 -0.3298
vn 0.9441 -0.0000 0.3298
vn -0.9441 -0.0000 -0.3298
vn 0.9478 -0.0000 -0.3189
vn -0.9478 -0.0000 0.3189
vn -0.9478 -0.0000 -0.3189
vn 0.9478 -0.0000 0.3189
vn 0.3583 -0.0000 0.9336
vn -0.3583 -0.0000 -0.9336
vn -0.2691 -0.6914 -0.6705
vn 0.9135 -0.0000 0.4067
vn -0.4068 -0.0000 0.9135
vn 0.9336 -0.0000 -0.3584
vn -0.9336 -0.0000 0.3583
vt 0.015697 0.016607
vt 0.015697 0.353943
vt 0.000000 0.353943
vt 0.000000 0.000000
vt 0.329637 0.016607
vt 0.345334 0.000000
vt 0.345334 0.353943
vt 0.329637 0.353943
vt 0.996641 0.332138
vt 0.996641 0.686081
vt 0.993280 0.686081
vt 0.993280 0.332138
vt 0.345049 0.353943
vt 0.345049 0.710573
vt 0.341584 0.710573
vt 0.341584 0.353943
vt 0.996641 0.686081
vt 0.996641 0.332138
vt 1.000000 0.332138
vt 1.000000 0.686081
vt 0.951030 0.670340
vt 0.936429 0.670340
vt 0.936429 0.332138
vt 0.951030 0.332138
vt 0.509979 0.670340
vt 0.503925 0.664276
vt 0.503925 0.338202
vt 0.509978 0.332138
vt 0.509979 0.670340
vt 0.509979 0.670340
vt 0.509979 0.332138
vt 0.389343 0.835267
vt 0.374673 0.835577
vt 0.374673 0.670650
vt 0.389343 0.670340
vt 0.389343 0.673372
vt 0.351387 0.338202
vt 0.345334 0.332138
vt 0.670820 0.332138
vt 0.671422 0.332744
vt 0.921826 0.332138
vt 0.936429 0.332138
vt 0.921826 0.670340
vt 0.351388 0.664276
vt 0.345334 0.670340
vt 0.360003 0.670340
vt 0.374673 0.670650
vt 0.374673 0.835577
vt 0.360003 0.835267
vt 0.360003 0.673372
vt 0.671422 0.669734
vt 0.670820 0.670340
vt 0.975373 0.670340
vt 0.963209 0.670340
vt 0.963209 0.332138
vt 0.975373 0.332138
vt 0.286141 0.692145
vt 0.281202 0.686081
vt 0.281202 0.360007
vt 0.286141 0.353943
vt 0.956610 0.326074
vt 0.944431 0.326074
vt 0.944431 0.000000
vt 0.956610 0.000000
vt 0.678568 0.664276
vt 0.673832 0.670340
vt 0.673832 0.332138
vt 0.678568 0.338202
vt 0.389342 0.670340
vt 0.404012 0.670650
vt 0.404012 0.835577
vt 0.389342 0.835267
vt 0.156743 0.360007
vt 0.151804 0.353943
vt 0.433351 0.670651
vt 0.448021 0.670340
vt 0.448021 0.823139
vt 0.433351 0.823449
vt 0.802637 0.332138
vt 0.797900 0.338202
vt 0.951030 0.332138
vt 0.963209 0.332138
vt 0.963209 0.670340
vt 0.951030 0.670340
vt 0.156743 0.686081
vt 0.151804 0.692145
vt 0.956610 0.000000
vt 0.968774 0.000000
vt 0.968774 0.326074
vt 0.956610 0.326074
vt 0.802637 0.670340
vt 0.797900 0.664276
vt 0.360003 0.835267
vt 0.345334 0.835577
vt 0.345334 0.670650
vt 0.360003 0.670340
vt 0.462690 0.823449
vt 0.448021 0.823138
vt 0.448021 0.670340
vt 0.462690 0.670650
vt 0.881636 0.332138
vt 0.848044 0.332138
vt 0.848044 0.000000
vt 0.881636 0.000000
vt 0.837288 0.332138
vt 0.870894 0.332138
vt 0.870894 0.664276
vt 0.837288 0.664276
vt 0.778741 0.000000
vt 0.813393 0.000000
vt 0.813393 0.324209
vt 0.778741 0.324209
vt 0.870894 0.662543
vt 0.870894 0.332138
vt 0.904500 0.332138
vt 0.904500 0.662543
vt 0.802637 0.654615
vt 0.802637 0.332138
vt 0.837289 0.332138
vt 0.837289 0.654615
vt 0.915227 0.000000
vt 0.915227 0.330405
vt 0.881636 0.330405
vt 0.881636 0.000000
vt 0.848044 0.322477
vt 0.813393 0.322477
vt 0.813393 0.000000
vt 0.328798 0.347879
vt 0.328798 0.017473
vt 0.329637 0.348745
vt 0.016536 0.017473
vt 0.016536 0.347879
vt 0.015697 0.348745
vt 0.346159 0.000866
vt 0.346159 0.331272
vt 0.345334 0.332138
vt 0.345334 0.000000
vt 0.653457 0.331272
vt 0.654282 0.332138
vt 0.653457 0.000866
vt 0.654282 0.000000
vt 0.418682 0.670650
vt 0.433351 0.670340
vt 0.433351 0.823139
vt 0.418682 0.823449
vt 0.929830 0.000000
vt 0.944431 0.000000
vt 0.944431 0.326074
vt 0.929830 0.326074
vt 0.418682 0.823449
vt 0.404012 0.823139
vt 0.404012 0.670340
vt 0.418682 0.670650
vt 0.929830 0.326074
vt 0.915227 0.326074
vt 0.563829 0.670340
vt 0.563829 0.829203
vt 0.562789 0.828163
vt 0.562789 0.671380
vt 0.553987 0.671380
vt 0.553987 0.828163
vt 0.552948 0.829203
vt 0.552948 0.670340
vt 0.648380 0.827254
vt 0.643182 0.827254
vt 0.644222 0.826103
vt 0.647341 0.826103
vt 0.068418 0.680017
vt 0.071537 0.680017
vt 0.072577 0.681173
vt 0.067379 0.681173
vt 0.463730 0.670340
vt 0.463730 0.829203
vt 0.462690 0.828163
vt 0.462690 0.671380
vt 0.545186 0.671380
vt 0.545186 0.828163
vt 0.544146 0.829203
vt 0.544146 0.670340
vt 0.643183 0.827254
vt 0.637985 0.827254
vt 0.639024 0.826103
vt 0.642143 0.826103
vt 0.058023 0.680017
vt 0.061142 0.680017
vt 0.062181 0.681173
vt 0.056983 0.681173
vt 0.472532 0.670340
vt 0.472532 0.829203
vt 0.471492 0.828163
vt 0.471492 0.671380
vt 0.536384 0.671380
vt 0.536384 0.828163
vt 0.535344 0.829203
vt 0.535345 0.670340
vt 0.637985 0.827254
vt 0.632787 0.827254
vt 0.633826 0.826103
vt 0.636945 0.826103
vt 0.063221 0.680017
vt 0.066339 0.680017
vt 0.067379 0.681173
vt 0.062181 0.681173
vt 0.572630 0.670340
vt 0.572631 0.829203
vt 0.571591 0.828163
vt 0.571591 0.671380
vt 0.562789 0.671380
vt 0.562789 0.828163
vt 0.561750 0.829203
vt 0.561750 0.670340
vt 0.632787 0.827254
vt 0.627589 0.827254
vt 0.628629 0.826103
vt 0.631747 0.826103
vt 0.052825 0.680017
vt 0.055944 0.680017
vt 0.056983 0.681173
vt 0.051786 0.681173
vt 0.580393 0.828368
vt 0.580393 0.671585
vt 0.581432 0.670545
vt 0.581432 0.829408
vt 0.496858 0.829407
vt 0.496858 0.670545
vt 0.497897 0.671584
vt 0.497897 0.828368
vt 0.663974 0.670340
vt 0.669171 0.670340
vt 0.668132 0.671790
vt 0.665013 0.671790
vt 0.113119 0.687076
vt 0.110001 0.687076
vt 0.108961 0.685627
vt 0.114159 0.685627
vt 0.509979 0.828368
vt 0.509979 0.671584
vt 0.511018 0.670545
vt 0.511018 0.829407
vt 0.526543 0.829407
vt 0.526543 0.670545
vt 0.527582 0.671584
vt 0.527582 0.828368
vt 0.658776 0.670340
vt 0.663974 0.670340
vt 0.662934 0.671790
vt 0.659815 0.671790
vt 0.102724 0.687076
vt 0.099605 0.687076
vt 0.098566 0.685627
vt 0.103763 0.685627
vt 0.480294 0.828368
vt 0.480294 0.671584
vt 0.481333 0.670545
vt 0.481333 0.829407
vt 0.505660 0.829407
vt 0.505660 0.670545
vt 0.506699 0.671584
vt 0.506699 0.828368
vt 0.653578 0.670340
vt 0.658776 0.670340
vt 0.657736 0.671790
vt 0.654618 0.671790
vt 0.107922 0.687076
vt 0.104803 0.687076
vt 0.103763 0.685627
vt 0.108961 0.685627
vt 0.589194 0.828368
vt 0.589194 0.671584
vt 0.590234 0.670545
vt 0.590234 0.829407
vt 0.605758 0.829407
vt 0.605758 0.670545
vt 0.606798 0.671584
vt 0.606798 0.828368
vt 0.648380 0.670340
vt 0.653578 0.670340
vt 0.652539 0.671790
vt 0.649420 0.671790
vt 0.097526 0.687076
vt 0.094407 0.687076
vt 0.093368 0.685627
vt 0.098566 0.685627
vt 0.976151 0.332138
vt 0.976151 0.000000
vt 0.977307 0.001040
vt 0.977307 0.331098
vt 0.878242 0.993642
vt 0.878242 0.663583
vt 0.879393 0.662543
vt 0.879393 0.994681
vt 0.041399 0.688629
vt 0.046592 0.688411
vt 0.045597 0.689493
vt 0.042481 0.689624
vt 0.035124 0.689624
vt 0.032008 0.689493
vt 0.031013 0.688411
vt 0.036206 0.688629
vt 0.810013 0.986753
vt 0.810013 0.654615
vt 0.811170 0.655654
vt 0.811170 0.985713
vt 0.873993 0.993642
vt 0.873993 0.663583
vt 0.875144 0.662543
vt 0.875144 0.994681
vt 0.010240 0.688629
vt 0.015433 0.688411
vt 0.014438 0.689493
vt 0.011322 0.689624
vt 0.019544 0.689624
vt 0.016428 0.689493
vt 0.015433 0.688411
vt 0.020626 0.688629
vt 0.985613 0.663236
vt 0.985613 0.333178
vt 0.987061 0.332138
vt 0.987061 0.664276
vt 0.887817 0.994681
vt 0.887817 0.662543
vt 0.889267 0.663583
vt 0.889267 0.993642
vt 0.031013 0.681230
vt 0.025820 0.681012
vt 0.026902 0.680017
vt 0.030018 0.680147
vt 0.021621 0.680147
vt 0.024737 0.680017
vt 0.025820 0.681012
vt 0.020626 0.681230
vt 0.985840 0.331098
vt 0.985840 0.001040
vt 0.987289 0.000000
vt 0.987289 0.332138
vt 0.891807 0.994681
vt 0.891807 0.662543
vt 0.893257 0.663583
vt 0.893257 0.993642
vt 0.041399 0.681230
vt 0.036206 0.681012
vt 0.037288 0.680017
vt 0.040404 0.680148
vt 0.047587 0.680147
vt 0.050703 0.680017
vt 0.051785 0.681012
vt 0.046592 0.681230
vt 0.644222 0.670340
vt 0.647341 0.670340
vt 0.639024 0.670340
vt 0.642143 0.670340
vt 0.633826 0.670340
vt 0.636945 0.670340
vt 0.628629 0.670340
vt 0.631747 0.670340
vt 0.668132 0.799494
vt 0.665013 0.799494
vt 0.662934 0.799494
vt 0.659815 0.799494
vt 0.657736 0.799494
vt 0.654618 0.799494
vt 0.652539 0.799494
vt 0.649420 0.799494
vt 0.875144 0.993642
vt 0.875144 0.663583
vt 0.870894 0.993642
vt 0.870894 0.663583
vt 0.891807 0.993642
vt 0.891807 0.663583
vt 0.895797 0.993642
vt 0.895797 0.663583
vt 0.571591 0.671566
vt 0.571591 0.828349
vt 0.570552 0.829408
vt 0.570551 0.670545
vt 0.546225 0.670545
vt 0.546225 0.829408
vt 0.545186 0.828349
vt 0.545186 0.671566
vt 0.088170 0.681169
vt 0.082972 0.681169
vt 0.084012 0.680017
vt 0.087130 0.680017
vt 0.623431 0.826856
vt 0.626549 0.826856
vt 0.627589 0.827973
vt 0.622391 0.827973
vt 0.471492 0.671566
vt 0.471492 0.828350
vt 0.470453 0.829408
vt 0.470453 0.670545
vt 0.537423 0.670545
vt 0.537423 0.829408
vt 0.536384 0.828349
vt 0.536384 0.671566
vt 0.093368 0.681169
vt 0.089210 0.680017
vt 0.092328 0.680017
vt 0.618233 0.826856
vt 0.621352 0.826856
vt 0.622391 0.827973
vt 0.617194 0.827973
vt 0.480294 0.671566
vt 0.480294 0.828350
vt 0.479254 0.829408
vt 0.479254 0.670545
vt 0.528622 0.670545
vt 0.528622 0.829408
vt 0.527582 0.828349
vt 0.527582 0.671566
vt 0.082972 0.681170
vt 0.077774 0.681170
vt 0.078814 0.680017
vt 0.081933 0.680017
vt 0.613035 0.826856
vt 0.616154 0.826856
vt 0.617194 0.827973
vt 0.611996 0.827973
vt 0.580393 0.671566
vt 0.580393 0.828349
vt 0.579353 0.829408
vt 0.579353 0.670545
vt 0.555027 0.670545
vt 0.555027 0.829408
vt 0.553987 0.828349
vt 0.553987 0.671566
vt 0.077774 0.681170
vt 0.072577 0.681170
vt 0.073616 0.680017
vt 0.076735 0.680017
vt 0.607837 0.826855
vt 0.610956 0.826855
vt 0.611996 0.827973
vt 0.606798 0.827973
vt 0.588155 0.829203
vt 0.588155 0.670340
vt 0.589195 0.671398
vt 0.589195 0.828182
vt 0.489096 0.828182
vt 0.489096 0.671398
vt 0.490135 0.670340
vt 0.490135 0.829203
vt 0.129752 0.685634
vt 0.134950 0.685634
vt 0.133910 0.687071
vt 0.130792 0.687071
vt 0.305893 0.679628
vt 0.302774 0.679628
vt 0.301734 0.678152
vt 0.306932 0.678152
vt 0.517741 0.829202
vt 0.517741 0.670340
vt 0.518780 0.671398
vt 0.518780 0.828182
vt 0.518780 0.828182
vt 0.518780 0.671398
vt 0.519820 0.670340
vt 0.519820 0.829202
vt 0.119357 0.685634
vt 0.124554 0.685634
vt 0.123515 0.687071
vt 0.120396 0.687071
vt 0.300695 0.679628
vt 0.297576 0.679628
vt 0.296537 0.678152
vt 0.301734 0.678152
vt 0.488056 0.829203
vt 0.488056 0.670340
vt 0.489096 0.671398
vt 0.489096 0.828182
vt 0.497898 0.828182
vt 0.497898 0.671398
vt 0.498937 0.670340
vt 0.498937 0.829203
vt 0.124554 0.685634
vt 0.129752 0.685634
vt 0.128713 0.687071
vt 0.125594 0.687071
vt 0.295497 0.679628
vt 0.292378 0.679628
vt 0.291339 0.678152
vt 0.296537 0.678152
vt 0.596957 0.829203
vt 0.596957 0.670340
vt 0.597996 0.671398
vt 0.597996 0.828182
vt 0.597996 0.671398
vt 0.599036 0.670340
vt 0.599036 0.829203
vt 0.114159 0.685634
vt 0.119357 0.685634
vt 0.118317 0.687071
vt 0.115198 0.687071
vt 0.290299 0.679628
vt 0.287181 0.679628
vt 0.286141 0.678152
vt 0.291339 0.678152
vt 0.886719 0.993642
vt 0.886719 0.663583
vt 0.984685 0.332138
vt 0.984685 -0.000000
vt 0.985840 0.001040
vt 0.985840 0.331098
vt 0.046592 0.681012
vt 0.041399 0.681230
vt 0.042394 0.680148
vt 0.045510 0.680017
vt 0.032095 0.680017
vt 0.035211 0.680147
vt 0.036206 0.681230
vt 0.031013 0.681012
vt 0.882507 0.993642
vt 0.882507 0.663583
vt 0.883605 0.662543
vt 0.883605 0.994681
vt 0.818547 0.986753
vt 0.818547 0.654615
vt 0.819702 0.655654
vt 0.819702 0.985713
vt 0.015433 0.681012
vt 0.010240 0.681230
vt 0.011235 0.680148
vt 0.014351 0.680017
vt 0.016515 0.680017
vt 0.019631 0.680147
vt 0.020626 0.681230
vt 0.015433 0.681012
vt 0.895797 0.994681
vt 0.895797 0.662543
vt 0.897258 0.663583
vt 0.897258 0.993642
vt 0.819702 0.985713
vt 0.819702 0.655654
vt 0.821151 0.654615
vt 0.821151 0.986753
vt 0.025820 0.688411
vt 0.031013 0.688629
vt 0.029931 0.689624
vt 0.026815 0.689493
vt 0.024825 0.689493
vt 0.021709 0.689624
vt 0.020626 0.688629
vt 0.025820 0.688411
vt 0.899694 0.994681
vt 0.899694 0.662543
vt 0.901155 0.663583
vt 0.901155 0.993642
vt 0.829614 0.985713
vt 0.829614 0.655654
vt 0.831062 0.654615
vt 0.831062 0.986753
vt 0.036206 0.688411
vt 0.041399 0.688629
vt 0.040317 0.689624
vt 0.037201 0.689493
vt 0.050791 0.689493
vt 0.047675 0.689624
vt 0.046592 0.688629
vt 0.051785 0.688411
vt 0.623431 0.670340
vt 0.626549 0.670340
vt 0.082972 0.687869
vt 0.088170 0.687869
vt 0.072577 0.687872
vt 0.067379 0.687872
vt 0.618233 0.670340
vt 0.621352 0.670340
vt 0.093368 0.687869
vt 0.062181 0.687872
vt 0.056983 0.687872
vt 0.613035 0.670340
vt 0.616154 0.670340
vt 0.077774 0.687869
vt 0.082972 0.687869
vt 0.067379 0.687872
vt 0.062181 0.687872
vt 0.607837 0.670340
vt 0.610956 0.670340
vt 0.072577 0.687869
vt 0.077774 0.687869
vt 0.056983 0.687872
vt 0.051786 0.687872
vt 0.305893 0.802072
vt 0.302774 0.802072
vt 0.129752 0.680017
vt 0.134950 0.680017
vt 0.114159 0.680017
vt 0.108961 0.680017
vt 0.300695 0.802072
vt 0.297576 0.802072
vt 0.119357 0.680017
vt 0.124554 0.680017
vt 0.103763 0.680017
vt 0.098566 0.680017
vt 0.295497 0.802073
vt 0.292379 0.802073
vt 0.124554 0.680017
vt 0.129752 0.680017
vt 0.108961 0.680017
vt 0.103763 0.680017
vt 0.290299 0.802072
vt 0.287181 0.802072
vt 0.114159 0.680017
vt 0.119357 0.680017
vt 0.098566 0.680017
vt 0.093368 0.680017
vt 0.968774 0.332138
vt 0.968774 0.000000
vt 0.883605 0.993642
vt 0.883605 0.663583
vt 0.977307 0.332138
vt 0.977307 -0.000000
vt 0.802636 0.986753
vt 0.802636 0.654615
vt 0.879393 0.993642
vt 0.879393 0.663583
vt 0.811170 0.986753
vt 0.811170 0.654615
vt 0.993280 0.664276
vt 0.993280 0.332138
vt 0.899694 0.993642
vt 0.899694 0.663583
vt 0.827377 0.986753
vt 0.827377 0.654615
vt 0.993508 0.332138
vt 0.993508 0.000000
vt 0.903591 0.993642
vt 0.903591 0.663583
vt 0.837288 0.986753
vt 0.837288 0.654615
vt 0.286141 0.353943
vt 0.320793 0.353943
vt 0.320793 0.678152
vt 0.286141 0.678152
vt 0.338119 0.353943
vt 0.338119 0.710573
vt 0.320793 0.710573
vt 0.320793 0.694955
vt 0.310553 0.694955
vt 0.310553 0.678152
vt -0.000000 0.700171
vt 0.000000 0.683376
vt 0.010240 0.683376
vt 0.010240 0.700171
vt 0.975373 0.677472
vt 0.975373 0.332138
vt 0.985613 0.332138
vt 0.985613 0.677472
vt 0.320793 0.698315
vt 0.310553 0.698315
vt 0.341584 0.353943
vt 0.341584 0.710573
vt 0.010240 0.680017
vt 0.000000 0.680017
vt 0.904500 0.688768
vt 0.904500 0.332138
vt 0.921826 0.332138
vt 0.921826 0.688768
vt 0.667807 0.664276
vt 0.516003 0.664276
vt 0.667807 0.338202
vt 0.516003 0.338202
vt 0.673832 0.670340
vt 0.673832 0.332138
vt 0.672197 0.333784
vt 0.672197 0.668694
vt 0.671141 0.668602
vt 0.671141 0.333876
s 0
usemtl White_Wood
f 207/505/14 205/506/14 203/507/14 209/508/14
f 206/509/14 207/505/14 209/508/14 208/510/14
f 202/511/14 204/512/14 206/509/14 208/510/14
f 209/513/15 203/514/15 213/515/15 212/516/15
f 208/517/16 209/518/16 212/519/16 211/520/16
f 202/521/17 208/522/17 211/523/17 210/524/17
f 214/525/18 215/526/18 219/527/18 218/528/18
f 215/529/19 216/530/19 220/531/19 219/532/19
f 464/533/16 214/534/16 218/535/16 465/535/16
f 218/536/16 219/537/16 223/538/16 222/539/16 471/540/16
f 219/532/19 220/531/19 224/541/19 223/542/19
f 465/535/20 218/535/20 471/543/20 466/544/20
f 222/545/21 223/546/21 227/526/21 226/547/21
f 223/542/19 224/541/19 228/548/19 227/549/19
f 226/550/22 227/551/22 215/552/22 214/553/22 470/554/22
f 227/549/19 228/548/19 216/530/19 215/529/19
f 467/555/16 470/556/16 214/534/16 464/533/16
f 230/557/23 231/558/23 235/559/23 234/560/23
f 231/561/24 232/562/24 236/563/24 235/564/24
f 232/565/25 233/566/25 237/567/25 236/568/25
f 233/569/26 230/570/26 234/571/26 237/572/26
f 234/573/16 235/574/16 239/575/16 238/576/16
f 235/564/24 236/563/24 240/577/24 239/578/24
f 236/579/22 237/580/22 241/581/22 240/582/22
f 237/572/26 234/571/26 238/583/26 241/584/26
f 238/585/25 239/586/25 243/587/25 242/588/25
f 239/578/24 240/577/24 244/589/24 243/590/24
f 240/591/23 241/592/23 245/593/23 244/594/23
f 241/584/26 238/583/26 242/595/26 245/596/26
f 242/597/22 243/598/22 231/599/22 230/600/22
f 243/590/24 244/589/24 232/562/24 231/561/24
f 244/601/16 245/602/16 233/603/16 232/604/16
f 245/596/26 242/595/26 230/570/26 233/569/26
f 249/605/17 246/606/17 206/607/17 248/608/17
f 251/609/15 207/610/15 247/611/15 250/612/15
f 248/613/16 206/614/16 207/615/16 251/616/16
f 257/617/15 256/618/15 253/619/15 252/620/15
f 258/621/16 257/622/16 252/623/16 255/624/16
f 259/625/17 258/626/17 255/627/17 254/628/17
f 256/607/22 259/629/22 254/630/22 253/631/22
f 252/632/14 253/633/14 206/509/14 246/634/14
f 253/633/14 254/635/14 207/505/14 206/509/14
f 255/636/14 247/637/14 207/505/14 254/635/14
f 252/632/14 246/634/14 247/637/14 255/636/14
f 256/638/27 257/639/27 249/640/27 248/641/27
f 257/639/27 258/642/27 250/643/27 249/640/27
f 258/642/27 259/644/27 251/645/27 250/643/27
f 259/644/27 256/638/27 248/641/27 251/645/27
f 228/646/16 229/647/16 217/648/16 216/649/16
f 224/650/18 225/651/18 229/652/18 228/653/18
f 220/654/22 221/655/22 225/656/22 224/657/22
f 216/658/21 217/659/21 221/625/21 220/650/21
f 261/660/28 265/661/28 264/662/28 260/663/28
f 262/664/29 266/665/29 267/666/29 263/667/29
f 263/668/30 261/669/30 260/670/30 262/671/30
f 266/672/31 264/673/31 265/674/31 267/675/31
f 269/676/28 273/677/28 272/678/28 268/679/28
f 270/680/29 274/681/29 275/682/29 271/683/29
f 271/684/30 269/685/30 268/686/30 270/687/30
f 274/688/31 272/689/31 273/690/31 275/691/31
f 277/692/28 281/693/28 280/694/28 276/695/28
f 278/696/29 282/697/29 283/698/29 279/699/29
f 279/700/30 277/701/30 276/702/30 278/703/30
f 282/704/31 280/705/31 281/706/31 283/707/31
f 285/708/28 289/709/28 288/710/28 284/711/28
f 286/712/29 290/713/29 291/714/29 287/715/29
f 287/716/30 285/717/30 284/718/30 286/719/30
f 290/720/31 288/721/31 289/722/31 291/723/31
f 292/724/32 296/725/32 297/726/32 293/727/32
f 295/728/33 298/729/33 299/730/33 294/731/33
f 293/732/34 295/733/34 294/734/34 292/735/34
f 296/736/35 299/737/35 298/738/35 297/739/35
f 300/740/32 304/741/32 305/742/32 301/743/32
f 303/744/33 306/745/33 307/746/33 302/747/33
f 301/748/34 303/749/34 302/750/34 300/751/34
f 304/752/35 307/753/35 306/754/35 305/755/35
f 308/756/32 312/757/32 313/758/32 309/759/32
f 311/760/33 314/761/33 315/762/33 310/763/33
f 309/764/34 311/765/34 310/766/34 308/767/34
f 312/768/35 315/769/35 314/770/35 313/771/35
f 316/772/32 320/773/32 321/774/32 317/775/32
f 319/776/33 322/777/33 323/778/33 318/779/33
f 317/780/34 319/781/34 318/782/34 316/783/34
f 320/784/35 323/785/35 322/786/35 321/787/35
f 325/788/31 329/789/31 328/790/31 324/791/31
f 326/792/36 330/793/36 331/794/36 327/795/36
f 327/796/28 325/797/28 324/798/28 326/799/28
f 330/800/29 328/801/29 329/802/29 331/803/29
f 333/804/37 337/805/37 336/806/37 332/807/37
f 334/808/36 338/809/36 339/810/36 335/811/36
f 335/812/38 333/813/38 332/814/38 334/815/38
f 338/816/39 336/817/39 337/818/39 339/819/39
f 340/820/35 344/821/35 345/822/35 341/823/35
f 343/824/34 346/825/34 347/826/34 342/827/34
f 341/828/32 343/829/32 342/830/32 340/831/32
f 344/832/33 347/833/33 346/834/33 345/835/33
f 348/836/40 352/837/40 353/838/40 349/839/40
f 351/840/34 354/841/34 355/842/34 350/843/34
f 349/844/41 351/845/41 350/846/41 348/847/41
f 352/848/42 355/849/42 354/850/42 353/851/42
f 262/671/43 260/670/43 264/852/43 266/853/43
f 270/687/43 268/686/43 272/854/43 274/855/43
f 278/703/43 276/702/43 280/856/43 282/857/43
f 286/719/43 284/718/43 288/858/43 290/859/43
f 292/735/24 294/734/24 299/860/24 296/861/24
f 300/751/24 302/750/24 307/862/24 304/863/24
f 308/767/24 310/766/24 315/864/24 312/865/24
f 316/783/24 318/782/24 323/866/24 320/867/24
f 326/792/43 324/868/43 328/869/43 330/793/43
f 334/808/43 332/870/43 336/871/43 338/809/43
f 340/872/24 342/827/24 347/826/24 344/873/24
f 348/874/24 350/843/24 355/842/24 352/875/24
f 357/876/44 360/877/44 361/878/44 356/879/44
f 359/880/45 362/881/45 363/882/45 358/883/45
f 356/884/46 359/885/46 358/886/46 357/887/46
f 360/888/47 363/889/47 362/890/47 361/891/47
f 365/892/44 368/893/44 369/894/44 364/895/44
f 367/896/45 370/897/45 371/898/45 366/899/45
f 364/900/46 367/884/46 366/901/46 365/902/46
f 368/903/47 371/904/47 370/905/47 369/906/47
f 373/907/44 376/908/44 377/909/44 372/910/44
f 375/911/45 378/912/45 379/913/45 374/914/45
f 372/915/46 375/916/46 374/917/46 373/918/46
f 376/919/47 379/920/47 378/921/47 377/922/47
f 381/923/44 384/924/44 385/925/44 380/926/44
f 383/927/45 386/928/45 387/929/45 382/930/45
f 380/931/46 383/932/46 382/933/46 381/934/46
f 384/935/47 387/936/47 386/937/47 385/938/47
f 389/939/48 392/940/48 393/941/48 388/942/48
f 391/943/49 394/944/49 395/945/49 390/946/49
f 390/947/50 389/948/50 388/949/50 391/950/50
f 394/951/51 393/952/51 392/953/51 395/954/51
f 397/955/48 400/956/48 401/957/48 396/958/48
f 399/959/49 402/960/49 403/961/49 398/962/49
f 398/963/50 397/964/50 396/965/50 399/966/50
f 402/967/51 401/968/51 400/969/51 403/970/51
f 405/971/48 408/972/48 409/973/48 404/974/48
f 407/975/49 410/976/49 411/977/49 406/978/49
f 406/979/50 405/980/50 404/981/50 407/982/50
f 410/983/51 409/984/51 408/985/51 411/986/51
f 413/987/48 416/988/48 417/989/48 412/990/48
f 415/990/49 418/991/49 419/992/49 414/993/49
f 414/994/50 413/995/50 412/996/50 415/997/50
f 418/998/51 417/999/51 416/1000/51 419/1001/51
f 421/1002/52 424/1003/52 425/825/52 420/824/52
f 423/1004/53 426/1005/53 427/1006/53 422/1007/53
f 420/1008/44 423/1009/44 422/1010/44 421/1011/44
f 424/1012/45 427/1013/45 426/1014/45 425/1015/45
f 429/1016/54 432/1017/54 433/1018/54 428/1019/54
f 431/1020/55 434/1021/55 435/1022/55 430/1023/55
f 428/1024/56 431/1025/56 430/1026/56 429/1027/56
f 432/1028/45 435/1029/45 434/1030/45 433/1031/45
f 437/1032/57 440/1033/57 441/1034/57 436/1035/57
f 439/1036/58 442/1037/58 443/1038/58 438/1039/58
f 438/1040/59 437/1041/59 436/1042/59 439/1043/59
f 442/1044/60 441/1045/60 440/1046/60 443/1047/60
f 445/1048/57 448/1049/57 449/1050/57 444/1051/57
f 447/1052/58 450/1053/58 451/1054/58 446/1055/58
f 446/1056/59 445/1057/59 444/1058/59 447/1059/59
f 450/1060/49 449/1061/49 448/1062/49 451/1063/49
f 261/660/22 356/879/22 361/878/22 265/661/22
f 357/1064/19 358/1065/19 363/889/19 360/888/19
f 263/1066/61 359/885/61 356/884/61 261/1067/61
f 359/880/16 263/667/16 267/666/16 362/881/16
f 265/674/62 361/1068/62 362/1069/62 267/675/62
f 269/676/22 364/895/22 369/894/22 273/677/22
f 365/1070/19 366/1071/19 371/904/19 368/903/19
f 271/1067/61 367/884/61 364/900/61 269/1072/61
f 367/896/16 271/683/16 275/682/16 370/897/16
f 273/690/62 369/1073/62 370/1074/62 275/691/62
f 277/692/22 372/910/22 377/909/22 281/693/22
f 373/1075/19 374/1076/19 379/920/19 376/919/19
f 279/1077/61 375/916/61 372/915/61 277/1078/61
f 375/911/16 279/699/16 283/698/16 378/912/16
f 281/706/62 377/1079/62 378/1080/62 283/707/62
f 285/708/22 380/926/22 385/925/22 289/709/22
f 381/1081/19 382/1082/19 387/936/19 384/935/19
f 287/1083/61 383/932/61 380/931/61 285/1084/61
f 383/927/16 287/715/16 291/714/16 386/928/16
f 289/722/62 385/1085/62 386/1086/62 291/723/62
f 389/939/22 293/727/22 297/726/22 392/940/22
f 391/1087/26 388/1088/26 393/952/26 394/951/26
f 390/947/63 295/1089/63 293/1090/63 389/948/63
f 295/728/16 390/946/16 395/945/16 298/729/16
f 392/1091/64 297/739/64 298/738/64 395/1092/64
f 397/955/22 301/743/22 305/742/22 400/956/22
f 399/1093/26 396/1094/26 401/968/26 402/967/26
f 398/963/63 303/1095/63 301/1096/63 397/964/63
f 303/744/16 398/962/16 403/961/16 306/745/16
f 400/1097/64 305/755/64 306/754/64 403/1098/64
f 405/971/22 309/759/22 313/758/22 408/972/22
f 407/1099/26 404/1100/26 409/984/26 410/983/26
f 406/979/63 311/1101/63 309/1102/63 405/980/63
f 311/760/16 406/978/16 411/977/16 314/761/16
f 408/1103/64 313/771/64 314/770/64 411/1104/64
f 413/987/22 317/775/22 321/774/22 416/988/22
f 415/1105/26 412/1106/26 417/999/26 418/998/26
f 414/994/63 319/1107/63 317/1108/63 413/995/63
f 319/776/16 414/993/16 419/992/16 322/777/16
f 416/1109/64 321/787/64 322/786/64 419/1110/64
f 325/788/65 420/1111/65 425/1112/65 329/789/65
f 421/1002/19 422/1113/19 427/1114/19 424/1003/19
f 327/796/22 423/1009/22 420/1008/22 325/797/22
f 423/1004/66 327/1115/66 331/1116/66 426/1005/66
f 329/802/16 425/1015/16 426/1014/16 331/803/16
f 333/804/65 428/1117/65 433/1118/65 337/805/65
f 429/1016/19 430/1119/19 435/1120/19 432/1017/19
f 335/812/22 431/1025/22 428/1024/22 333/813/22
f 431/1020/66 335/1121/66 339/1122/66 434/1021/66
f 337/818/16 433/1031/16 434/1030/16 339/819/16
f 437/1123/67 341/823/67 345/822/67 440/1124/67
f 439/1125/26 436/1035/26 441/1034/26 442/1126/26
f 438/1040/22 343/829/22 341/828/22 437/1041/22
f 343/1127/68 438/1039/68 443/1038/68 346/1128/68
f 440/1046/16 345/835/16 346/834/16 443/1047/16
f 445/1129/67 349/839/67 353/838/67 448/1130/67
f 447/1131/26 444/1051/26 449/1050/26 450/1132/26
f 446/1056/22 351/845/22 349/844/22 445/1057/22
f 351/1133/68 446/1055/68 451/1054/68 354/1134/68
f 448/1062/16 353/851/16 354/850/16 451/1063/16
f 246/1135/22 249/1136/22 250/1137/22 247/1138/22
f 247/637/14 246/634/14 204/512/14 205/506/14
f 229/1163/43 467/555/43 464/533/43 217/1164/43
f 225/1165/69 466/544/69 467/555/69 229/1163/69
f 221/1166/43 465/535/43 466/544/43 225/1165/43
f 217/1164/43 464/533/43 465/535/43 221/1166/43
f 222/545/70 226/547/70 473/547/70 472/545/70
f 470/556/16 467/555/16 226/1167/16
f 466/544/71 471/543/71 222/1168/71
f 474/1169/72 477/1170/72 476/1171/72 475/1172/72
f 478/1168/73 481/570/73 480/570/73 479/1168/73
f 466/544/16 222/1168/16 468/1168/16 474/1169/16 475/1172/16
f 474/1169/69 468/1168/69 469/1167/69 477/1170/69
f 467/555/74 466/544/74 475/1172/74 476/1171/74
f 226/1167/22 467/555/22 476/1171/22 477/1170/22 469/1167/22
f 469/1167/69 468/1168/69 479/1168/69 480/570/69
f 473/1167/75 481/570/75 478/1168/75 472/1168/75
f 468/1168/16 222/1168/16 472/1168/16 478/1168/16 479/1168/16
f 226/1167/22 469/1167/22 480/570/22 481/570/22 473/1167/22
usemtl Slab
f 452/1139/22 453/1140/22 458/1141/22 456/1136/22
f 458/1137/15 453/1142/15 455/1143/15 459/1144/15
f 457/1145/17 454/1146/17 452/1147/17 456/1148/17
f 456/1149/14 458/1150/14 459/1151/14 457/1152/14
f 461/1153/15 463/1154/15 455/1143/15 453/1142/15
f 452/1139/22 460/1155/22 461/1156/22 453/1140/22
f 460/1157/17 452/1147/17 454/1146/17 462/1158/17
f 455/1159/16 454/1160/16 457/1161/16 459/1162/16
o Safe
v 1.916620 1.800000 1.481956
v 1.916620 1.800000 0.488821
v 1.916620 0.800000 0.488821
v 1.916620 0.800000 1.488077
v 1.916620 1.850000 1.531460
v 1.916620 1.850000 0.439011
v 1.916620 0.750000 0.439011
v 1.916620 0.750000 1.538193
v 0.918113 1.800057 0.479957
v 0.918113 0.800057 0.479957
v 0.918113 1.800057 1.479957
v 0.918113 0.800057 1.479957
v 0.985186 0.867130 0.547030
v 0.985186 0.867130 1.412884
v 1.851041 0.867130 0.547030
v 1.851041 1.732985 0.547030
v 0.985186 1.732985 1.412884
v 1.851041 1.732985 1.412884
v 1.851041 0.867130 1.412884
v 0.985186 1.732985 0.547030
vn 1.0000 -0.0000 -0.0000
vn 0.0001 1.0000 -0.0000
vn -0.0051 0.0031 1.0000
vn -1.0000 -0.0000 -0.0000
vn -0.0001 -1.0000 -0.0000
vn 0.0089 -0.0000 -1.0000
vn 0.7147 -0.6994 -0.0000
vn 0.7153 0.6988 -0.0000
vn 0.6638 -0.0000 0.7479
vn 0.7399 -0.0022 -0.6727
vn -0.0000 -1.0000 -0.0000
vn -0.0000 -0.0000 -1.0000
vn -0.0000 1.0000 -0.0000
vn -0.0000 -0.0000 1.0000
vt 0.506667 0.541115
vt 0.505447 0.341843
vt 0.515312 0.331879
vt 0.516654 0.551079
vt 0.307543 0.541115
vt 0.297617 0.551079
vt 0.297617 0.331879
vt 0.307543 0.341843
vt 0.532635 0.578676
vt 0.275024 0.580963
vt 0.275024 0.322968
vt 0.532635 0.322452
vt 0.276247 0.849980
vt 0.276251 0.591983
vt 0.533862 0.591968
vt 0.533862 0.849963
vt 0.264109 0.322924
vt 0.264109 0.580919
vt 0.006114 0.580919
vt 0.006114 0.322924
vt 0.540865 0.317365
vt 0.798476 0.319652
vt 0.798476 0.577456
vt 0.540865 0.575361
vt 0.319346 0.281105
vt 0.319346 0.023109
vt 0.576964 0.023124
vt 0.576964 0.281119
vt 0.491683 0.355197
vt 0.319142 0.355197
vt 0.319142 0.527738
vt 0.491683 0.527738
vt 0.284788 0.320566
vt 0.301669 0.337879
vt 0.301669 0.561265
vt 0.284788 0.578561
vt 0.554617 0.262938
vt 0.331231 0.262938
vt 0.331231 0.039552
vt 0.554617 0.039552
vt 0.993799 0.816668
vt 0.770414 0.816668
vt 0.770414 0.593281
vt 0.993799 0.593281
vt 0.770414 0.816668
vt 0.547028 0.816668
vt 0.547028 0.593281
vt 0.244174 0.838161
vt 0.020787 0.838161
vt 0.020787 0.614775
vt 0.244174 0.614775
vt 0.832818 0.237035
vt 0.609432 0.237034
vt 0.609432 0.013648
vt 0.832818 0.013648
s 0
usemtl Brushed_Metal.001
f 485/1173/76 482/1174/76 486/1175/76 489/1176/76
f 484/1177/76 485/1173/76 489/1176/76 488/1178/76
f 484/1177/76 488/1178/76 487/1179/76 483/1180/76
f 482/1174/76 483/1180/76 487/1179/76 486/1175/76
f 483/1181/77 490/1182/77 492/1183/77 482/1184/77
f 485/1185/78 482/1186/78 492/1187/78 493/1188/78
f 493/1189/79 492/1190/79 490/1191/79 491/1192/79
f 491/1193/80 484/1194/80 485/1195/80 493/1196/80
f 491/1197/81 490/1198/81 483/1199/81 484/1200/81
f 482/1174/82 499/1201/82 497/1202/82 483/1180/82
f 484/1177/83 496/1203/83 500/1204/83 485/1173/83
f 483/1205/84 497/1206/84 496/1207/84 484/1208/84
f 485/1173/85 500/1204/85 499/1201/85 482/1174/85
f 497/1209/86 499/1210/86 498/1211/86 501/1212/86
f 500/1213/87 495/1214/87 498/1215/87 499/1216/87
f 495/1217/76 494/1218/76 501/1219/76 498/1215/76
f 494/1220/88 495/1221/88 500/1222/88 496/1223/88
f 494/1224/89 496/1225/89 497/1226/89 501/1227/89
o Window1
v -1.063380 2.519100 -1.048804
v -1.063380 0.558900 -1.048804
v -1.063380 2.519100 -0.066054
v -1.063380 0.558900 -0.066054
v -1.063380 2.430000 -0.958679
v -1.063380 0.648000 -0.958679
v -1.063380 2.430000 -0.156179
v -1.063380 0.648000 -0.156179
v -1.083380 2.519100 -0.066054
v -1.083380 2.519100 -1.048804
v -1.083380 0.558900 -1.048804
v -1.083380 0.558900 -0.066054
v -1.063380 2.519100 -1.048804
v -1.063380 0.558900 -1.048804
v -1.063380 2.519100 -0.066054
v -1.063380 0.558900 -0.066054
v -1.108380 0.630500 -0.138679
v -1.023380 0.630500 -0.138679
v -1.023380 0.665500 -0.173679
v -1.108380 0.665500 -0.173679
v -1.108380 2.447500 -0.138679
v -1.023380 2.447500 -0.138679
v -1.023380 2.412500 -0.173679
v -1.108380 2.412500 -0.173679
v -1.108380 2.447500 -0.976179
v -1.023380 2.447500 -0.976179
v -1.023380 2.412500 -0.941179
v -1.108380 2.412500 -0.941179
v -1.108380 0.630500 -0.976179
v -1.023380 0.630500 -0.976179
v -1.023380 0.665500 -0.941179
v -1.108380 0.665500 -0.941179
v -1.063380 0.665500 -0.941179
v -1.063380 2.412500 -0.941179
v -1.063380 2.412500 -0.173679
v -1.063380 0.665500 -0.173679
v -1.063380 2.430000 -0.958679
v -1.063380 0.648000 -0.958679
v -1.063380 2.430000 -0.156179
v -1.063380 0.648000 -0.156179
v -1.263380 0.648000 -0.958679
v -1.263380 2.430000 -0.958679
v -1.263380 2.430000 -0.156179
v -1.263380 0.648000 -0.156179
v -1.063380 2.425000 -0.953679
v -1.063380 0.653000 -0.953679
v -1.063380 2.425000 -0.161179
v -1.063380 0.653000 -0.161179
v -1.263380 0.653000 -0.953679
v -1.263380 2.425000 -0.953679
v -1.263380 2.425000 -0.161179
v -1.263380 0.653000 -0.161179
v -1.091380 0.995400 -0.952679
v -1.085380 0.989400 -0.958679
v -1.040380 0.995400 -0.952679
v -1.046380 0.989400 -0.958679
v -1.040380 1.013400 -0.952679
v -1.046380 1.019400 -0.958679
v -1.091380 1.013400 -0.952679
v -1.085380 1.019400 -0.958679
v -1.091380 0.995400 -0.162179
v -1.085380 0.989400 -0.156179
v -1.040380 0.995400 -0.162179
v -1.046380 0.989400 -0.156179
v -1.046380 1.019400 -0.156179
v -1.040380 1.013400 -0.162179
v -1.091380 1.013400 -0.162179
v -1.085380 1.019400 -0.156179
v -1.091380 1.351800 -0.952679
v -1.085380 1.345800 -0.958679
v -1.040380 1.351800 -0.952679
v -1.046380 1.345800 -0.958679
v -1.040380 1.369800 -0.952679
v -1.046380 1.375800 -0.958679
v -1.091380 1.369800 -0.952679
v -1.085380 1.375800 -0.958679
v -1.091380 1.351800 -0.162179
v -1.085380 1.345800 -0.156179
v -1.040380 1.351800 -0.162179
v -1.046380 1.345800 -0.156179
v -1.046380 1.375800 -0.156179
v -1.040380 1.369800 -0.162179
v -1.091380 1.369800 -0.162179
v -1.085380 1.375800 -0.156179
v -1.091380 1.708200 -0.952679
v -1.085380 1.702200 -0.958679
v -1.040380 1.708200 -0.952679
v -1.046380 1.702200 -0.958679
v -1.040380 1.726200 -0.952679
v -1.046380 1.732200 -0.958679
v -1.091380 1.726200 -0.952679
v -1.085380 1.732200 -0.958679
v -1.091380 1.708200 -0.162179
v -1.085380 1.702200 -0.156179
v -1.040380 1.708200 -0.162179
v -1.046380 1.702200 -0.156179
v -1.046380 1.732200 -0.156179
v -1.040380 1.726200 -0.162179
v -1.091380 1.726200 -0.162179
v -1.085380 1.732200 -0.156179
v -1.091380 2.064600 -0.952679
v -1.085380 2.058600 -0.958679
v -1.040380 2.064600 -0.952679
v -1.046380 2.058600 -0.958679
v -1.040380 2.082600 -0.952679
v -1.046380 2.088600 -0.958679
v -1.091380 2.082600 -0.952679
v -1.085380 2.088600 -0.958679
v -1.091380 2.064600 -0.162179
v -1.085380 2.058600 -0.156179
v -1.040380 2.064600 -0.162179
v -1.046380 2.058600 -0.156179
v -1.046380 2.088600 -0.156179
v -1.040380 2.082600 -0.162179
v -1.091380 2.082600 -0.162179
v -1.085380 2.088600 -0.156179
v -1.093380 0.654000 -0.548429
v -1.087380 0.648000 -0.542429
v -1.038380 0.654000 -0.548429
v -1.044380 0.648000 -0.542429
v -1.038380 0.654000 -0.566429
v -1.044380 0.648000 -0.572429
v -1.093380 0.654000 -0.566429
v -1.087380 0.648000 -0.572429
v -1.093380 2.424000 -0.548429
v -1.087380 2.430000 -0.542429
v -1.038380 2.424000 -0.548429
v -1.044380 2.430000 -0.542429
v -1.044380 2.430000 -0.572429
v -1.038380 2.424000 -0.566429
v -1.093380 2.424000 -0.566429
v -1.087380 2.430000 -0.572429
vn 1.0000 -0.0000 -0.0000
vn -0.0000 1.0000 -0.0000
vn -0.0000 -1.0000 -0.0000
vn -0.0000 -0.0000 1.0000
vn -0.0000 -0.0000 -1.0000
vn -1.0000 -0.0000 -0.0000
vn -0.7071 -0.7071 -0.0000
vn 0.7071 -0.7071 -0.0000
vn 0.7071 0.7071 -0.0000
vn -0.7071 0.7071 -0.0000
vn 0.7071 -0.0000 -0.7071
vn -0.7071 -0.0000 -0.7071
vn 0.7071 -0.0000 0.7071
vn -0.7071 -0.0000 0.7071
vt 0.236319 0.023589
vt 0.023860 0.023589
vt 0.000000 0.000000
vt 0.260179 0.000000
vt 0.023860 0.495367
vt 0.000000 0.518956
vt 0.236319 0.495367
vt 0.260179 0.518956
vt 0.974333 -0.000000
vt 0.974333 0.260179
vt 0.969038 0.260179
vt 0.969038 -0.000000
vt 0.979627 0.000000
vt 0.979627 0.260179
vt 0.974333 0.000000
vt 0.698334 1.000000
vt 0.698334 0.481044
vt 0.703629 0.481044
vt 0.703629 1.000000
vt 0.980951 0.481044
vt 0.980951 1.000000
vt 0.975656 1.000000
vt 0.975656 0.481044
vt 0.961095 0.481044
vt 0.938592 0.481044
vt 0.938592 0.000000
vt 0.961095 0.000000
vt 0.703629 0.481044
vt 0.694363 0.471778
vt 0.694363 0.009266
vt 0.703629 0.000000
vt 0.687083 0.943556
vt 0.675169 0.943556
vt 0.675169 0.481044
vt 0.687083 0.481044
vt 0.269446 0.471778
vt 0.260179 0.481044
vt 0.260179 0.000000
vt 0.269446 0.009266
vt 0.211797 0.518956
vt 0.234301 0.518956
vt 0.234301 0.740681
vt 0.211797 0.740681
vt 0.491171 0.009266
vt 0.481904 -0.000000
vt 0.117812 0.931960
vt 0.105899 0.931960
vt 0.105899 0.728767
vt 0.117812 0.728767
vt 0.481904 0.000000
vt 0.472638 0.009266
vt 0.916088 0.000000
vt 0.938592 0.000000
vt 0.938592 0.481044
vt 0.916088 0.481044
vt 0.491171 0.471778
vt 0.481904 0.481044
vt 0.926678 0.481044
vt 0.938592 0.481044
vt 0.938592 0.943556
vt 0.926678 0.943556
vt 0.472638 0.471778
vt 0.234301 0.518956
vt 0.256804 0.518956
vt 0.256804 0.740681
vt 0.140316 0.931960
vt 0.128402 0.931960
vt 0.128402 0.728767
vt 0.140316 0.728767
vt 0.916088 0.481044
vt 0.916088 0.943556
vt 0.697673 0.943556
vt 0.697673 0.481044
vt 0.128402 0.931960
vt 0.128402 0.728767
vt 0.150905 0.931960
vt 0.150905 0.728767
vt 0.463372 0.481044
vt 0.516321 0.481044
vt 0.516321 0.952822
vt 0.463372 0.952822
vt -0.000000 0.518956
vt 0.052949 0.518956
vt 0.052949 0.731415
vt -0.000000 0.731415
vt 0.569271 0.952822
vt 0.569271 0.481044
vt 0.052949 0.518956
vt 0.105899 0.518956
vt 0.105899 0.731415
vt 0.052949 0.731415
vt 0.622220 0.481044
vt 0.622220 0.950175
vt 0.569271 0.950175
vt 0.569271 0.481044
vt 0.105899 0.728767
vt 0.105899 0.518956
vt 0.158848 0.518956
vt 0.158848 0.728767
vt 0.675169 0.481044
vt 0.675169 0.950175
vt 0.158848 0.728767
vt 0.158848 0.518956
vt 0.211797 0.518956
vt 0.211797 0.728767
vt 0.704953 0.473102
vt 0.704953 0.942232
vt 0.703629 0.943556
vt 0.703629 0.471778
vt 0.914765 0.473102
vt 0.916088 0.471778
vt 0.916088 0.943556
vt 0.914765 0.942232
vt 0.914765 0.470454
vt 0.914765 0.001324
vt 0.916088 0.000000
vt 0.916088 0.471778
vt 0.704953 0.001324
vt 0.703629 0.000000
vt 0.704953 0.470454
vt 0.703629 0.471778
vt 0.152494 0.728767
vt 0.152494 0.941226
vt 0.150905 0.939638
vt 0.150905 0.730356
vt 0.164408 0.730356
vt 0.164408 0.939638
vt 0.162819 0.941226
vt 0.162819 0.728767
vt 0.060892 0.943874
vt 0.060892 0.731415
vt 0.062480 0.733003
vt 0.062480 0.942285
vt 0.054538 0.733003
vt 0.054538 0.942285
vt 0.052949 0.943874
vt 0.052949 0.731415
vt 0.068834 0.943874
vt 0.067246 0.942285
vt 0.060892 0.731415
vt 0.059303 0.733003
vt 0.232712 0.754183
vt 0.227947 0.754183
vt 0.226358 0.752594
vt 0.234301 0.752594
vt 0.227947 0.740681
vt 0.232712 0.740681
vt 0.234301 0.742269
vt 0.226358 0.742269
vt 0.084719 0.731415
vt 0.084719 0.943874
vt 0.083130 0.942285
vt 0.083130 0.733003
vt 0.094250 0.733003
vt 0.094250 0.942285
vt 0.092661 0.943874
vt 0.092661 0.731415
vt 0.100604 0.731415
vt 0.100604 0.943874
vt 0.099015 0.942285
vt 0.099015 0.733003
vt 0.078365 0.733003
vt 0.078365 0.942285
vt 0.076776 0.943874
vt 0.076776 0.731415
vt 0.255216 0.754183
vt 0.250450 0.754183
vt 0.248862 0.752594
vt 0.256804 0.752594
vt 0.250450 0.740681
vt 0.255216 0.740681
vt 0.256804 0.742269
vt 0.248862 0.742269
vt 0.076776 0.731415
vt 0.076776 0.943874
vt 0.075188 0.942285
vt 0.075188 0.733003
vt 0.086307 0.733003
vt 0.086307 0.942285
vt 0.084719 0.943874
vt 0.084719 0.731415
vt 0.092661 0.731415
vt 0.092661 0.943874
vt 0.091073 0.942285
vt 0.091073 0.733003
vt 0.070423 0.733003
vt 0.070423 0.942285
vt 0.068834 0.943874
vt 0.068834 0.731415
vt 0.232712 0.767685
vt 0.227947 0.767685
vt 0.226358 0.766097
vt 0.234301 0.766097
vt 0.227947 0.754183
vt 0.232712 0.754183
vt 0.234301 0.755771
vt 0.226358 0.755771
vt 0.046860 0.731415
vt 0.046860 0.943874
vt 0.045272 0.942285
vt 0.045272 0.733003
vt 0.032564 0.733003
vt 0.032564 0.942285
vt 0.030975 0.943874
vt 0.030975 0.731415
vt 0.038918 0.731415
vt 0.038918 0.943874
vt 0.037329 0.942285
vt 0.037329 0.733003
vt 0.176321 0.730356
vt 0.176321 0.939638
vt 0.174733 0.941226
vt 0.174733 0.728767
vt 0.038918 0.731415
vt 0.040506 0.733003
vt 0.240655 0.754183
vt 0.235889 0.754183
vt 0.234301 0.752594
vt 0.242243 0.752594
vt 0.235889 0.740681
vt 0.240655 0.740681
vt 0.242243 0.742269
vt 0.234301 0.742269
vt 0.951564 0.952822
vt 0.951564 0.481044
vt 0.953153 0.482633
vt 0.953153 0.951234
vt 0.938592 0.951234
vt 0.938592 0.482633
vt 0.940180 0.481044
vt 0.940180 0.952822
vt 0.966126 0.952822
vt 0.966126 0.481044
vt 0.967714 0.482633
vt 0.967714 0.951234
vt 0.953153 0.951234
vt 0.953153 0.482633
vt 0.954741 0.481044
vt 0.954741 0.952822
vt 0.211797 0.753653
vt 0.219739 0.753653
vt 0.218151 0.755242
vt 0.213386 0.755242
vt 0.219739 0.742269
vt 0.211797 0.742269
vt 0.213386 0.740681
vt 0.218151 0.740681
vt 0.967449 0.001588
vt 0.962684 0.001588
vt 0.961095 0.000000
vt 0.969038 0.000000
vt 0.974068 0.482633
vt 0.969302 0.482633
vt 0.967714 0.481044
vt 0.059303 0.942285
vt 0.211797 0.765567
vt 0.211797 0.755242
vt 0.219740 0.755242
vt 0.219740 0.765567
vt 0.067246 0.733003
vt 0.196971 0.941226
vt 0.186646 0.941226
vt 0.186646 0.728767
vt 0.196971 0.728767
vt 0.196971 0.728767
vt 0.207297 0.728767
vt 0.207297 0.941226
vt 0.234301 0.774833
vt 0.234301 0.764508
vt 0.242243 0.764508
vt 0.242243 0.774833
vt 0.010325 0.943874
vt -0.000000 0.943874
vt 0.000000 0.731415
vt 0.010325 0.731415
vt 0.010325 0.731415
vt 0.020650 0.731415
vt 0.020650 0.943874
vt 0.211797 0.775892
vt 0.219740 0.775892
vt 0.030975 0.943874
vt 0.020650 0.731415
vt 0.030975 0.731415
vt 0.040506 0.942285
vt 0.176321 0.728767
vt 0.186646 0.728767
vt 0.186646 0.941226
vt 0.176321 0.941226
vt 0.234301 0.764508
vt 0.234301 0.754183
vt 0.242243 0.754183
vt 0.242243 0.764508
vt 0.164408 0.728767
vt 0.164408 0.941226
vt 0.974068 0.951234
vt 0.969303 0.951234
vt 0.967449 0.470190
vt 0.962684 0.470190
vt 0.256804 0.754183
vt 0.256804 0.765567
vt 0.248862 0.765567
vt 0.248862 0.754183
s 0
usemtl White_Wood.005
f 508/1228/90 506/1229/90 502/1230/90 504/1231/90
f 506/1229/90 507/1232/90 503/1233/90 502/1230/90
f 507/1232/90 509/1234/90 505/1235/90 503/1233/90
f 509/1234/90 508/1228/90 504/1231/90 505/1235/90
f 516/1236/91 514/1237/91 511/1238/91 510/1239/91
f 515/1240/92 517/1241/92 513/1237/92 512/1242/92
f 517/1243/93 516/1244/93 510/1245/93 513/1246/93
f 514/1247/94 515/1248/94 512/1249/94 511/1250/94
f 518/1251/93 519/1252/93 523/1253/93 522/1254/93
f 519/1255/90 520/1256/90 524/1257/90 523/1258/90
f 537/1259/94 521/1260/94 525/1261/94 536/1262/94
f 521/1263/95 518/1264/95 522/1265/95 525/1266/95
f 522/1267/91 523/1268/91 527/1269/91 526/1270/91
f 523/1258/90 524/1257/90 528/1271/90 527/1272/90
f 536/1273/92 525/1274/92 529/1275/92 535/1276/92
f 525/1266/95 522/1265/95 526/1277/95 529/1278/95
f 526/1279/94 527/1280/94 531/1281/94 530/1282/94
f 527/1272/90 528/1271/90 532/1283/90 531/1284/90
f 535/1285/93 529/1286/93 533/1287/93 534/1288/93
f 529/1278/95 526/1277/95 530/1284/95 533/1289/95
f 530/1290/92 531/1291/92 519/1292/92 518/1269/92
f 531/1284/90 532/1283/90 520/1256/90 519/1255/90
f 534/1293/91 533/1294/91 521/1295/91 537/1296/91
f 533/1289/95 530/1284/95 518/1264/95 521/1263/95
f 528/1297/93 535/1285/93 534/1288/93 532/1298/93
f 520/1299/94 537/1259/94 536/1262/94 524/1300/94
f 524/1301/92 536/1273/92 535/1276/92 528/1302/92
f 532/1303/91 534/1293/91 537/1296/91 520/1304/91
f 543/1305/94 538/1306/94 539/1307/94 542/1308/94
f 544/1309/91 540/1310/91 538/1311/91 543/1312/91
f 545/1313/93 541/1307/93 540/1306/93 544/1314/93
f 542/1315/92 539/1316/92 541/1317/92 545/1318/92
f 551/1319/93 550/1320/93 547/1321/93 546/1322/93
f 552/1323/92 551/1324/92 546/1325/92 548/1326/92
f 553/1320/94 552/1319/94 548/1327/94 549/1328/94
f 550/1329/91 553/1330/91 549/1331/91 547/1332/91
f 546/1333/90 547/1334/90 539/1335/90 538/1336/90
f 548/1337/90 540/1338/90 541/1339/90 549/1340/90
f 546/1333/90 538/1336/90 540/1338/90 548/1337/90
f 547/1334/90 549/1340/90 541/1339/90 539/1335/90
f 550/1341/95 551/1342/95 543/1343/95 542/1344/95
f 551/1342/95 552/1345/95 544/1346/95 543/1343/95
f 552/1345/95 553/1347/95 545/1348/95 544/1346/95
f 553/1347/95 550/1341/95 542/1344/95 545/1348/95
f 555/1349/96 563/1350/96 562/1351/96 554/1352/96
f 556/1353/97 564/1354/97 565/1355/97 557/1356/97
f 559/1357/98 566/1358/98 567/1359/98 558/1360/98
f 560/1361/99 568/1362/99 569/1363/99 561/1364/99
f 557/1365/100 559/1357/100 558/1360/100 556/1366/100
f 561/1364/101 555/1367/101 554/1368/101 560/1361/101
f 564/1369/102 567/1370/102 566/1371/102 565/1372/102
f 568/1373/103 562/1374/103 563/1375/103 569/1376/103
f 571/1377/96 579/1378/96 578/1379/96 570/1380/96
f 572/1381/97 580/1382/97 581/1383/97 573/1384/97
f 575/1385/98 582/1386/98 583/1387/98 574/1388/98
f 576/1389/99 584/1390/99 585/1391/99 577/1392/99
f 573/1384/100 575/1385/100 574/1388/100 572/1381/100
f 577/1392/101 571/1377/101 570/1380/101 576/1389/101
f 580/1393/102 583/1394/102 582/1395/102 581/1396/102
f 584/1397/103 578/1398/103 579/1399/103 585/1400/103
f 587/1401/96 595/1402/96 594/1403/96 586/1404/96
f 588/1405/97 596/1406/97 597/1407/97 589/1408/97
f 591/1409/98 598/1410/98 599/1411/98 590/1412/98
f 592/1413/99 600/1414/99 601/1415/99 593/1416/99
f 589/1408/100 591/1409/100 590/1412/100 588/1405/100
f 593/1416/101 587/1401/101 586/1404/101 592/1413/101
f 596/1417/102 599/1418/102 598/1419/102 597/1420/102
f 600/1421/103 594/1422/103 595/1423/103 601/1424/103
f 603/1425/96 611/1426/96 610/1427/96 602/1428/96
f 604/1429/97 612/1430/97 613/1431/97 605/1432/97
f 607/1433/98 614/1434/98 615/1435/98 606/1436/98
f 608/1437/99 616/1438/99 617/1439/99 609/1440/99
f 605/1432/100 607/1433/100 606/1436/100 604/1429/100
f 609/1441/101 603/1425/101 602/1428/101 608/1442/101
f 612/1443/102 615/1444/102 614/1445/102 613/1446/102
f 616/1447/103 610/1448/103 611/1449/103 617/1450/103
f 619/1451/103 627/1452/103 626/1453/103 618/1454/103
f 620/1455/102 628/1456/102 629/1457/102 621/1458/102
f 623/1459/100 630/1460/100 631/1461/100 622/1462/100
f 624/1463/101 632/1464/101 633/1465/101 625/1466/101
f 621/1467/97 623/1468/97 622/1469/97 620/1470/97
f 625/1471/96 619/1472/96 618/1473/96 624/1474/96
f 628/1475/98 631/1476/98 630/1477/98 629/1478/98
f 632/1479/99 626/1480/99 627/1481/99 633/1250/99
f 560/1361/95 554/1368/95 562/1482/95 568/1362/95
f 555/1349/92 557/1356/92 565/1355/92 563/1350/92
f 561/1483/94 559/1484/94 557/1485/94 555/1486/94
f 556/1366/90 558/1360/90 567/1359/90 564/1487/90
f 559/1488/91 561/1489/91 569/1490/91 566/1491/91
f 563/1375/93 565/1372/93 566/1371/93 569/1376/93
f 576/1389/95 570/1380/95 578/1379/95 584/1390/95
f 571/1492/92 573/1493/92 581/1494/92 579/1488/92
f 577/1495/94 575/1496/94 573/1497/94 571/1498/94
f 572/1381/90 574/1388/90 583/1387/90 580/1382/90
f 575/1499/91 577/1500/91 585/1501/91 582/1502/91
f 579/1399/93 581/1396/93 582/1395/93 585/1400/93
f 592/1413/95 586/1404/95 594/1403/95 600/1414/95
f 587/1503/92 589/1504/92 597/1505/92 595/1499/92
f 593/1506/94 591/1483/94 589/1486/94 587/1507/94
f 588/1405/90 590/1412/90 599/1411/90 596/1406/90
f 591/1508/91 593/1505/91 601/1509/91 598/1510/91
f 595/1423/93 597/1420/93 598/1419/93 601/1424/93
f 608/1442/95 602/1428/95 610/1427/95 616/1511/95
f 603/1512/92 605/1513/92 613/1514/92 611/1515/92
f 609/1516/94 607/1517/94 605/1518/94 603/1519/94
f 604/1429/90 606/1436/90 615/1435/90 612/1430/90
f 607/1520/91 609/1440/91 617/1439/91 614/1521/91
f 611/1449/93 613/1446/93 614/1445/93 617/1450/93
f 624/1522/95 618/1523/95 626/1480/95 632/1479/95
f 619/1451/93 621/1458/93 629/1457/93 627/1452/93
f 625/1471/92 623/1468/92 621/1467/92 619/1472/92
f 620/1524/90 622/1525/90 631/1476/90 628/1475/90
f 623/1459/94 625/1466/94 633/1465/94 630/1460/94
f 627/1526/91 629/1527/91 630/1528/91 633/1529/91
o Door2_Frame
v 1.210079 2.158820 -0.606305
v 1.210079 2.158820 -1.459992
v 1.210079 0.000000 -0.506305
v 1.210079 0.000000 -1.559992
v 1.210079 0.000000 -0.606305
v 1.210079 0.000000 -1.459992
v 1.210079 0.000000 -1.559992
v 1.210079 0.000000 -0.506305
v 1.199079 0.000000 -1.459992
v 1.195079 0.000000 -1.463992
v 1.195079 2.162820 -1.463992
v 1.199079 2.158820 -1.459992
v 1.199079 2.158820 -0.606305
v 1.195079 2.162820 -0.602305
v 1.195079 0.000000 -0.602305
v 1.199079 0.000000 -0.606305
v 1.195079 0.000000 -1.555992
v 1.199079 0.000000 -1.559992
v 1.199079 2.258820 -1.559992
v 1.195079 2.254820 -1.555992
v 1.195079 2.254820 -0.510305
v 1.199079 2.258820 -0.506305
v 1.199079 0.000000 -0.506305
v 1.195079 0.000000 -0.510305
v 1.441537 2.158820 -1.461260
v 1.441537 2.158820 -0.607573
v 1.441537 0.000000 -1.561260
v 1.441537 0.000000 -0.507573
v 1.441537 0.000000 -1.461260
v 1.441537 0.000000 -0.607573
v 1.441537 0.000000 -0.507573
v 1.441537 0.000000 -1.561260
v 1.452537 0.000000 -0.607573
v 1.456537 0.000000 -0.603573
v 1.456537 2.162820 -0.603573
v 1.452537 2.158820 -0.607573
v 1.452537 2.158820 -1.461260
v 1.456537 2.162820 -1.465261
v 1.456537 0.000000 -1.465261
v 1.452537 0.000000 -1.461260
v 1.456537 0.000000 -0.511573
v 1.452537 0.000000 -0.507573
v 1.452537 2.258820 -0.507573
v 1.456537 2.254820 -0.511573
v 1.456537 2.254820 -1.557260
v 1.452537 2.258820 -1.561260
v 1.452537 0.000000 -1.561260
v 1.456537 0.000000 -1.557260
v 1.199079 2.158820 -0.606305
v 1.195079 2.162820 -0.602305
v 1.199079 0.000000 -0.606305
v 1.195079 0.000000 -0.602305
v 1.210079 2.158820 -0.606305
v 1.210079 0.000000 -0.606305
v 1.199079 2.158820 -0.606305
v 1.199079 0.000000 -0.606305
v 1.199079 2.158820 -0.606305
v 1.195079 2.162820 -0.602305
v 1.199079 0.000000 -0.606305
v 1.195079 0.000000 -0.602305
v 1.210079 2.158820 -0.606305
v 1.210079 0.000000 -0.606305
v 1.199079 2.158820 -0.606305
v 1.199079 0.000000 -0.606305
vn -0.0000 1.0000 -0.0000
vn -0.0000 -1.0000 -0.0000
vn -0.7071 -0.7071 -0.0000
vn -0.7071 -0.0000 0.7071
vn -0.0000 -0.0000 1.0000
vn -0.7071 0.7071 -0.0000
vn -0.7071 -0.0000 -0.7071
vn -1.0000 -0.0000 -0.0000
vn -0.0000 -0.0000 -1.0000
vn 0.0052 -0.0000 1.0000
vn 0.7071 -0.7071 -0.0000
vn 0.7071 -0.0000 0.7071
vn 0.7071 -0.0000 -0.7071
vn 0.7071 0.7071 -0.0000
vn 1.0000 -0.0000 -0.0000
vn 0.0055 -0.0000 1.0000
vn -0.0055 -0.0000 -1.0000
vn -0.0052 -0.0000 -1.0000
vt 0.597055 0.262471
vt 0.704068 0.263007
vt 0.704068 0.707889
vt 0.597055 0.707354
vt 0.597438 0.255632
vt 0.597438 0.157906
vt 0.639659 0.158137
vt 0.639659 0.255864
vt 0.817074 0.407157
vt 0.817074 0.046718
vt 0.818763 0.045029
vt 0.818763 0.408846
vt 0.004264 0.000000
vt 0.404653 0.042050
vt 0.404653 0.955224
vt 0.402964 0.955224
vt 0.402964 0.043738
vt 0.366358 0.957356
vt 0.366358 0.045871
vt 0.371002 0.045871
vt 0.371002 0.957356
vt 0.812430 0.407157
vt 0.812430 0.046718
vt 0.595366 0.705665
vt 0.595366 0.264160
vt 0.000303 0.955224
vt 0.000303 0.001517
vt 0.001992 0.003206
vt 0.001992 0.955224
vt 0.893451 0.955193
vt 0.898087 0.003186
vt 0.899787 0.001505
vt 0.895143 0.955201
vt 0.443497 0.003206
vt 0.443497 0.955224
vt 0.899787 0.955224
vt 0.373198 0.087420
vt 0.373198 0.045199
vt 0.377842 0.045199
vt 0.379531 0.046887
vt 0.379531 0.085731
vt 0.377842 0.087420
vt 0.040836 0.042050
vt 0.916464 0.955224
vt 0.921109 0.001517
vt 0.921109 0.955224
vt 0.040836 0.955224
vt 0.639635 0.051600
vt 0.597414 0.051379
vt 0.597438 0.046735
vt 0.599136 0.045055
vt 0.637979 0.045258
vt 0.639659 0.046956
vt 0.639659 0.149326
vt 0.597438 0.149105
vt 0.146742 1.000000
vt 0.049016 1.000000
vt 0.044372 0.046293
vt 0.151386 0.046293
vt 0.710061 0.047253
vt 0.710061 0.407693
vt 0.708372 0.409382
vt 0.708372 0.045564
vt 0.263988 0.045871
vt 0.263988 0.957356
vt 0.262296 0.957356
vt 0.262296 0.044182
vt 0.852414 0.042050
vt 0.852414 0.955224
vt 0.850725 0.955224
vt 0.850725 0.043738
vt 0.588106 0.957356
vt 0.588106 0.045871
vt 0.592751 0.045871
vt 0.592751 0.957356
vt 0.714705 0.047253
vt 0.714705 0.407693
vt 0.268632 0.045871
vt 0.268632 0.957356
vt 0.705757 0.264696
vt 0.705757 0.706200
vt 0.448065 0.955224
vt 0.448065 0.001517
vt 0.449753 0.003206
vt 0.449753 0.955224
vt 0.901979 0.955224
vt 0.901986 0.003206
vt 0.903678 0.001517
vt 0.903671 0.955224
vt 0.891258 0.003206
vt 0.891258 0.955224
vt 0.908316 0.955224
vt 0.639635 0.153970
vt 0.637937 0.155650
vt 0.599094 0.155447
vt 0.597414 0.153749
vt 0.488597 0.042050
vt 0.910068 0.955224
vt 0.914712 0.001517
vt 0.914712 0.955224
vt 0.488597 0.955224
vt 0.379531 0.089975
vt 0.379531 0.132196
vt 0.374887 0.132196
vt 0.373198 0.130507
vt 0.373198 0.091664
vt 0.374887 0.089975
vt 0.490381 0.045871
vt 0.490381 0.957356
vt 0.153114 0.046293
vt 0.260128 0.046293
vt 0.255484 1.000000
vt 0.157758 1.000000
vt 0.925373 0.003227
vt 0.925373 0.914712
vt 0.923681 0.914712
vt 0.923681 0.001538
vt 0.931770 0.022416
vt 0.931770 0.933902
vt 0.927125 0.933902
vt 0.927125 0.022416
s 0
usemtl Door2_Frame
f 655/1530/104 676/1531/104 679/1532/104 652/1533/104
f 662/1534/105 639/1535/105 640/1536/105 665/1537/105
f 645/1538/106 646/1539/106 647/1540/106 644/1541/106
f 646/1542/104 649/1542/104 684/1542/104 682/1542/104
f 644/1543/107 643/1544/107 642/1545/107 645/1546/107
f 639/1547/108 635/1548/108 645/1549/108 642/1550/108
f 635/1551/105 634/1552/105 646/1539/105 645/1538/105
f 634/1542/104 638/1542/104 687/1542/104 686/1542/104
f 653/1553/109 654/1554/109 655/1530/109 652/1533/109
f 656/1555/107 655/1556/107 654/1557/107 657/1558/107
f 650/1559/110 653/1560/110 652/1561/110 651/1562/110
f 643/1544/111 644/1543/111 653/1563/111 650/1564/111
f 652/1561/112 637/1565/112 651/1562/112
f 637/1566/105 639/1567/105 642/1568/105 643/1569/105 650/1570/105 651/1571/105
f 644/1543/111 647/1572/111 654/1557/111 653/1563/111
f 636/1573/108 655/1574/108 656/1575/108
f 647/1572/111 648/1576/111 657/1558/111 654/1557/111
f 638/1577/105 636/1578/105 656/1579/105 657/1580/105 648/1581/105 649/1582/105
f 641/1578/105 636/1578/105 638/1577/105 663/1583/105 661/1584/105 664/1584/105
f 641/1585/113 664/1586/113 676/1587/113 655/1588/113
f 669/1589/114 670/1590/114 671/1591/114 668/1592/114
f 670/1593/115 673/1594/115 672/1595/115 671/1596/115
f 668/1597/116 667/1598/116 666/1599/116 669/1600/116
f 663/1601/112 659/1602/112 669/1603/112 666/1604/112
f 659/1605/105 658/1606/105 670/1590/105 669/1589/105
f 658/1607/108 662/1608/108 673/1594/108 670/1593/108
f 677/1609/117 678/1610/117 679/1532/117 676/1531/117
f 680/1611/116 679/1612/116 678/1613/116 681/1614/116
f 674/1615/115 677/1616/115 676/1617/115 675/1618/115
f 667/1598/118 668/1597/118 677/1619/118 674/1620/118
f 676/1617/108 661/1621/108 675/1618/108
f 661/1584/105 663/1583/105 666/1622/105 667/1623/105 674/1624/105 675/1625/105
f 668/1597/118 671/1626/118 678/1613/118 677/1619/118
f 660/1627/112 679/1628/112 680/1629/112
f 671/1626/118 672/1630/118 681/1614/118 678/1613/118
f 662/1631/105 660/1632/105 680/1633/105 681/1634/105 672/1635/105 673/1636/105
f 635/1551/105 658/1606/105 659/1605/105 634/1552/105
f 658/1607/119 635/1548/119 639/1547/119 662/1608/119
f 634/1637/120 659/1602/120 663/1601/120 638/1638/120
f 652/1639/121 679/1640/121 665/1641/121 640/1642/121
f 684/1542/104 685/1542/104 693/1542/104 692/1542/104
f 647/1542/104 646/1542/104 682/1542/104 683/1542/104
f 649/1542/104 648/1542/104 685/1542/104 684/1542/104
f 648/1542/104 647/1542/104 683/1542/104 685/1542/104
f 686/1542/104 687/1542/104 695/1542/104 694/1542/104
f 649/1542/104 646/1542/104 688/1542/104 689/1542/104
f 638/1542/104 649/1542/104 689/1542/104 687/1542/104
f 646/1542/104 634/1542/104 686/1542/104 688/1542/104
f 690/1643/110 692/1644/110 693/1645/110 691/1646/110
f 694/1647/112 695/1648/112 697/1649/112 696/1650/112
f 687/1542/104 689/1542/104 697/1542/104 695/1542/104
f 683/1542/104 682/1542/104 690/1542/104 691/1542/104
f 689/1542/104 688/1542/104 696/1542/104 697/1542/104
f 685/1542/104 683/1542/104 691/1542/104 693/1542/104
f 682/1542/104 684/1542/104 692/1542/104 690/1542/104
f 688/1542/104 686/1542/104 694/1542/104 696/1542/104
l 637 640
l 660 665
o Door1
v 0.393427 2.158820 0.691814
v 0.393427 0.000000 0.691814
v 0.393427 1.079410 0.691814
v 0.393427 1.582954 0.691814
v 0.393427 0.555896 0.691464
v 0.393427 2.158820 0.620836
v -0.460260 2.158820 0.620836
v 0.393427 0.000000 0.620836
v -0.460260 0.000000 0.620836
v 0.393427 1.079410 0.620836
v -0.460260 1.079410 0.620836
v 0.393427 1.582954 0.620836
v -0.460260 1.582954 0.620836
v 0.393427 0.555896 0.621186
v -0.460260 0.555896 0.621186
v 0.286094 2.040356 0.620836
v -0.354594 2.040359 0.620836
v -0.354594 0.118460 0.620836
v 0.286090 0.118469 0.621793
v -0.356243 1.025589 0.620836
v -0.356243 0.609717 0.621186
v 0.287757 1.025581 0.620836
v 0.287757 0.609724 0.621186
v -0.354676 1.637586 0.620836
v 0.286172 1.637590 0.620836
v -0.356243 1.529134 0.620836
v -0.356243 1.133230 0.620836
v 0.287757 1.529126 0.620836
v 0.287757 1.133238 0.620836
v -0.354676 0.501264 0.621186
v 0.286173 0.501260 0.621186
v 0.286087 2.040367 0.630836
v -0.354602 2.040371 0.630836
v -0.354602 0.118472 0.630836
v 0.286082 0.118481 0.631793
v -0.356251 1.025601 0.630836
v -0.356251 0.609728 0.631186
v 0.287750 1.025593 0.630836
v 0.287750 0.609736 0.631186
v -0.354683 1.637598 0.630836
v 0.286165 1.637602 0.630836
v -0.356251 1.529145 0.630836
v -0.356251 1.133242 0.630836
v 0.287750 1.529138 0.630836
v 0.287750 1.133250 0.630836
v -0.354683 0.501276 0.631186
v 0.286165 0.501272 0.631186
v 0.239453 1.993725 0.630836
v -0.307968 1.993728 0.630836
v -0.307968 0.165116 0.630855
v 0.239449 0.165123 0.631743
v -0.309608 0.978957 0.630875
v -0.309608 0.656372 0.631147
v 0.241107 0.978951 0.630876
v 0.241107 0.656378 0.631147
v -0.308031 1.684241 0.630836
v 0.239513 1.684245 0.630836
v -0.309608 1.482502 0.630836
v -0.309608 1.179886 0.630836
v 0.241107 1.482496 0.630836
v 0.241107 1.179892 0.630836
v -0.308030 0.454633 0.631237
v 0.239512 0.454629 0.631167
v -0.274601 0.943945 0.620905
v -0.309614 0.978966 0.638375
v -0.309614 0.656381 0.638647
v -0.274601 0.691361 0.621118
v 0.241101 0.656387 0.638647
v 0.206114 0.691366 0.621118
v 0.206114 0.943940 0.620905
v 0.241101 0.978960 0.638376
v -0.307974 1.993737 0.638336
v -0.272968 1.958716 0.620836
v -0.308037 1.684250 0.638336
v -0.273016 1.719230 0.620836
v 0.239507 1.684253 0.638336
v 0.204513 1.719233 0.620836
v 0.204467 1.958713 0.620836
v 0.239447 1.993733 0.638336
v -0.274601 1.447490 0.620836
v -0.309614 1.482511 0.638336
v -0.309614 1.179894 0.638336
v -0.274601 1.214874 0.620836
v 0.241101 1.179901 0.638336
v 0.206114 1.214880 0.620836
v 0.206114 1.447484 0.620836
v 0.241101 1.482504 0.638336
v -0.273015 0.419621 0.621186
v -0.308036 0.454642 0.638737
v -0.272969 0.200104 0.620958
v -0.307974 0.165124 0.638355
v 0.239444 0.165132 0.639243
v 0.204465 0.200110 0.621616
v 0.204512 0.419618 0.621241
v 0.239507 0.454638 0.638667
vn 1.0000 -0.0000 -0.0000
vn -0.0000 -0.0007 -1.0000
vn -0.0000 -0.0000 -1.0000
vn -0.0002 0.0007 -1.0000
vn 0.0006 0.0040 -1.0000
vn -0.0045 -0.0003 -1.0000
vn -0.0000 1.0000 -0.0012
vn -0.0000 -1.0000 0.0012
vn 1.0000 -0.0000 0.0008
vn -1.0000 -0.0000 -0.0008
vn -1.0000 0.0002 -0.0008
vn 0.0016 -0.0003 -1.0000
vn -0.0000 -0.0008 -1.0000
vn 0.0007 0.0011 -1.0000
vn -0.0001 -0.0003 -1.0000
vn 0.0007 -0.0018 -1.0000
vn 1.0000 -0.0002 0.0008
vn -1.0000 -0.0002 -0.0008
vn 1.0000 0.0002 0.0008
vn -0.0000 0.4470 -0.8945
vn 0.0014 -0.4477 -0.8942
vn -0.4471 -0.0008 -0.8945
vn -0.0000 0.4464 -0.8948
vn -0.0000 -0.4480 -0.8940
vn -0.4471 0.0001 -0.8945
vn -0.0000 -0.4474 -0.8943
vn 0.4473 0.0001 -0.8944
vn -0.4471 -0.0000 -0.8945
vn 0.4473 -0.0000 -0.8944
vn -0.4465 0.0010 -0.8948
vn -0.0000 0.4468 -0.8947
vn 0.4479 -0.0018 -0.8941
vn 0.4473 -0.0008 -0.8944
vn 1.0000 -0.0000 0.0007
vn -1.0000 -0.0000 -0.0007
vn 1.0000 -0.0002 0.0007
vn -1.0000 -0.0002 -0.0007
vn 1.0000 0.0002 0.0007
vn 0.0007 -0.0003 -1.0000
vt 0.635660 0.180209
vt 0.584980 0.180209
vt 0.584980 0.000000
vt 0.635660 0.000000
vt 0.635660 0.337786
vt 0.584980 0.337786
vt 0.635441 0.501613
vt 0.585199 0.501613
vt 0.000000 0.337786
vt 0.032551 0.354629
vt 0.032551 0.484770
vt -0.000000 0.501613
vt 0.267150 0.337786
vt 0.234082 0.354631
vt 0.234082 0.484768
vt 0.267150 0.501613
vt 0.000000 0.000000
vt 0.033067 0.037070
vt 0.033041 0.163113
vt 0.000000 0.180209
vt 0.267150 0.000000
vt 0.233561 0.037072
vt 0.233586 0.163111
vt 0.267150 0.180209
vt 0.032551 0.197051
vt 0.032551 0.320944
vt 0.234082 0.197054
vt 0.234082 0.320942
vt 0.233586 0.518710
vt 0.033041 0.518709
vt 0.033067 0.638502
vt 0.000000 0.675573
vt 0.233560 0.638500
vt 0.267150 0.675573
vt 0.957955 0.746730
vt 0.964214 0.746728
vt 0.964214 0.948259
vt 0.957955 0.948261
vt 0.968313 0.171327
vt 0.974572 0.171329
vt 0.974572 0.372860
vt 0.968313 0.372858
vt 0.901856 -0.000000
vt 0.908114 0.000007
vt 0.908114 0.130149
vt 0.901856 0.130142
vt 0.920632 0.130137
vt 0.914373 0.130144
vt 0.914373 0.000007
vt 0.920632 0.000000
vt 0.987090 0.171327
vt 0.993348 0.171343
vt 0.993348 0.371837
vt 0.987090 0.371821
vt 0.518665 0.967701
vt 0.512406 0.967718
vt 0.512406 0.847928
vt 0.518665 0.847911
vt 0.989249 0.746728
vt 0.995508 0.746730
vt 0.995508 0.947225
vt 0.989249 0.947222
vt 0.976732 0.746728
vt 0.982990 0.746730
vt 0.982990 0.947275
vt 0.976731 0.947272
vt 0.747106 0.417680
vt 0.761703 0.403087
vt 0.761703 0.603582
vt 0.747106 0.588988
vt 0.472775 0.690193
vt 0.487371 0.675600
vt 0.487371 0.876093
vt 0.472775 0.861500
vt 0.650257 0.014596
vt 0.635660 0.000000
vt 0.765802 0.000000
vt 0.751206 0.014596
vt 0.765799 0.201531
vt 0.751203 0.186935
vt 0.650259 0.186935
vt 0.635663 0.201531
vt 0.650257 0.417661
vt 0.635660 0.403062
vt 0.650259 0.589008
vt 0.635663 0.603607
vt 0.138489 0.690169
vt 0.123893 0.675573
vt 0.247785 0.675573
vt 0.233189 0.690169
vt 0.247783 0.877104
vt 0.233187 0.862508
vt 0.138491 0.862508
vt 0.123895 0.877104
vt 0.367578 0.876117
vt 0.382175 0.861518
vt 0.367582 0.675573
vt 0.382178 0.690172
vt 0.945667 0.000004
vt 0.951925 0.000000
vt 0.951925 0.126042
vt 0.945667 0.126046
vt 0.980831 0.171329
vt 0.987090 0.171327
vt 0.987090 0.371871
vt 0.980831 0.371874
vt 0.964443 0.126043
vt 0.958184 0.126040
vt 0.958184 0.000000
vt 0.964443 0.000004
vt 0.970702 -0.000000
vt 0.970702 0.123892
vt 0.964443 0.123896
vt 0.970271 0.403062
vt 0.976530 0.403065
vt 0.976530 0.604596
vt 0.970271 0.604593
vt 0.962055 0.171329
vt 0.968313 0.171327
vt 0.962055 0.372860
vt 0.499889 0.971803
vt 0.493630 0.971799
vt 0.493630 0.847911
vt 0.499889 0.847915
vt 0.506147 0.847927
vt 0.512406 0.847911
vt 0.512406 0.967705
vt 0.506147 0.967720
vt 0.862651 0.171327
vt 0.851694 0.160381
vt 0.851694 0.010974
vt 0.862651 0.000019
vt 0.873648 0.000000
vt 0.884572 0.010919
vt 0.884644 0.160326
vt 0.873648 0.171308
vt 0.761703 0.575401
vt 0.772660 0.564444
vt 0.851703 0.564444
vt 0.862651 0.575401
vt 0.761705 0.403062
vt 0.772662 0.414011
vt 0.613718 0.675573
vt 0.624689 0.686530
vt 0.624689 0.836963
vt 0.613718 0.847911
vt 0.776750 0.010959
vt 0.765802 0.000000
vt 0.951102 0.171327
vt 0.962055 0.182286
vt 0.962055 0.331722
vt 0.951102 0.342673
vt 0.668519 0.900999
vt 0.657566 0.890052
vt 0.657566 0.815110
vt 0.668519 0.804151
vt 0.856402 0.746728
vt 0.845445 0.757685
vt 0.772651 0.757686
vt 0.761703 0.746729
vt 0.856402 0.919066
vt 0.845445 0.908118
vt 0.591812 0.675573
vt 0.602765 0.686530
vt 0.602765 0.836963
vt 0.591812 0.847911
vt 0.690424 0.898847
vt 0.679471 0.887901
vt 0.679471 0.815110
vt 0.690424 0.804151
vt 0.860502 0.342673
vt 0.871461 0.331716
vt 0.940156 0.331716
vt 0.951102 0.342673
vt 0.860539 0.171327
vt 0.871494 0.182280
vt 0.712401 0.894749
vt 0.701412 0.883759
vt 0.701451 0.815067
vt 0.712401 0.804151
vt 0.646613 0.905096
vt 0.635660 0.894131
vt 0.635660 0.815092
vt 0.646613 0.804151
vt 0.523359 0.948865
vt 0.518665 0.948860
vt 0.518665 0.847911
vt 0.523359 0.847916
vt 0.851701 0.414011
vt 0.721789 0.804151
vt 0.726483 0.804153
vt 0.726483 0.976492
vt 0.721789 0.976490
vt 0.731177 0.804153
vt 0.735871 0.804151
vt 0.735871 0.976490
vt 0.731177 0.976491
vt 0.528053 0.847917
vt 0.532747 0.847911
vt 0.532747 0.948856
vt 0.528053 0.948861
vt 0.934714 -0.000000
vt 0.939408 0.000002
vt 0.939408 0.171310
vt 0.934714 0.171308
vt 0.776752 0.160396
vt 0.542135 0.944761
vt 0.537441 0.944764
vt 0.537441 0.847914
vt 0.542135 0.847911
vt 0.993348 0.171329
vt 0.998042 0.171327
vt 0.998042 0.342673
vt 0.993348 0.342675
vt 0.546829 0.847911
vt 0.551523 0.847914
vt 0.551523 0.944762
vt 0.546829 0.944759
vt 0.560911 0.942611
vt 0.556217 0.942614
vt 0.556217 0.847914
vt 0.560911 0.847911
vt 0.772655 0.908119
vt 0.740565 0.804151
vt 0.745259 0.804153
vt 0.745259 0.976492
vt 0.740565 0.976490
vt 0.735871 0.804153
vt 0.740565 0.804151
vt 0.740565 0.976490
vt 0.735871 0.976491
vt 0.583626 0.847911
vt 0.588320 0.847914
vt 0.588320 0.942610
vt 0.583626 0.942607
vt 0.570299 0.938512
vt 0.565605 0.938527
vt 0.565605 0.847927
vt 0.570299 0.847912
vt 0.940186 0.182310
vt 0.752314 0.975500
vt 0.747620 0.975497
vt 0.747620 0.804151
vt 0.752314 0.804154
vt 0.925326 0.171321
vt 0.920632 0.171308
vt 0.920632 -0.000000
vt 0.925326 0.000013
vt 0.574238 0.847927
vt 0.578932 0.847911
vt 0.578932 0.938509
vt 0.574238 0.938525
vt 0.635660 0.675573
vt 0.584980 0.675573
s 0
usemtl Door1
f 701/1651/122 709/1652/122 703/1653/122 698/1654/122
f 700/1655/122 707/1656/122 709/1652/122 701/1651/122
f 702/1657/122 711/1658/122 707/1656/122 700/1655/122
f 708/1659/123 717/1660/123 718/1661/123 712/1662/123
f 708/1659/124 707/1663/124 719/1664/124 717/1660/124
f 712/1662/124 718/1661/124 720/1665/124 711/1666/124
f 707/1663/123 711/1666/123 720/1665/123 719/1664/123
f 704/1667/124 714/1668/124 721/1669/124 710/1670/124
f 703/1671/124 713/1672/124 714/1668/124 704/1667/124
f 710/1670/124 721/1669/124 722/1673/124 709/1674/124
f 709/1674/124 722/1673/124 713/1672/124 703/1671/124
f 710/1670/124 723/1675/124 724/1676/124 708/1659/124
f 710/1670/124 709/1674/124 725/1677/124 723/1675/124
f 708/1659/124 724/1676/124 726/1678/124 707/1663/124
f 707/1663/124 726/1678/124 725/1677/124 709/1674/124
f 711/1666/124 728/1679/124 727/1680/124 712/1662/124
f 712/1662/125 727/1680/125 715/1681/125 706/1682/125
f 706/1682/126 715/1681/126 716/1683/126 705/1684/126
f 705/1684/127 716/1683/127 728/1679/127 711/1666/127
f 718/1685/128 734/1686/128 736/1687/128 720/1688/128
f 719/1689/129 735/1690/129 733/1691/129 717/1692/129
f 717/1693/130 733/1694/130 734/1695/130 718/1696/130
f 720/1697/131 736/1698/131 735/1699/131 719/1700/131
f 715/1701/128 731/1702/128 732/1703/128 716/1704/128
f 716/1705/132 732/1706/132 744/1707/132 728/1708/132
f 713/1709/129 729/1710/129 730/1711/129 714/1712/129
f 728/1713/129 744/1714/129 743/1715/129 727/1716/129
f 746/1717/124 730/1718/124 729/1719/124 745/1720/124
f 748/1721/133 732/1722/133 731/1723/133 747/1724/133
f 750/1725/134 734/1726/134 733/1727/134 749/1728/134
f 749/1728/134 733/1727/134 735/1729/134 751/1730/134
f 752/1731/134 736/1732/134 734/1726/134 750/1725/134
f 753/1733/124 737/1734/124 730/1718/124 746/1717/124
f 754/1735/124 738/1736/124 737/1734/124 753/1733/124
f 745/1720/124 729/1719/124 738/1736/124 754/1735/124
f 756/1737/124 740/1738/124 739/1739/124 755/1740/124
f 755/1740/124 739/1739/124 741/1741/124 757/1742/124
f 758/1743/124 742/1744/124 740/1738/124 756/1737/124
f 757/1742/124 741/1741/124 742/1744/124 758/1743/124
f 747/1724/135 731/1723/135 743/1745/135 759/1746/135
f 759/1746/136 743/1745/136 744/1747/136 760/1748/136
f 760/1748/137 744/1747/137 732/1722/137 748/1721/137
f 751/1730/134 735/1729/134 736/1732/134 752/1731/134
f 714/1749/138 730/1750/138 737/1751/138 721/1752/138
f 721/1753/128 737/1754/128 738/1755/128 722/1756/128
f 722/1757/139 738/1758/139 729/1759/139 713/1760/139
f 723/1760/130 739/1761/130 740/1762/130 724/1763/130
f 725/1764/129 741/1765/129 739/1766/129 723/1767/129
f 724/1768/128 740/1769/128 742/1692/128 726/1770/128
f 726/1771/131 742/1772/131 741/1773/131 725/1774/131
f 727/1775/140 743/1776/140 731/1777/140 715/1778/140
f 776/1779/141 775/1780/141 770/1781/141 769/1782/141
f 788/1783/142 787/1784/142 790/1785/142 789/1786/142
f 762/1787/143 761/1788/143 764/1789/143 763/1790/143
f 768/1791/144 767/1792/144 761/1788/144 762/1787/144
f 763/1793/145 764/1794/145 766/1795/145 765/1796/145
f 769/1782/146 770/1781/146 772/1797/146 771/1798/146
f 771/1799/147 772/1800/147 774/1801/147 773/1802/147
f 773/1803/148 774/1804/148 775/1805/148 776/1806/148
f 778/1807/149 777/1808/149 780/1809/149 779/1810/149
f 784/1811/141 783/1812/141 777/1808/141 778/1807/141
f 779/1813/147 780/1814/147 782/1815/147 781/1816/147
f 781/1817/150 782/1818/150 783/1819/150 784/1820/150
f 786/1821/151 785/1822/151 787/1823/151 788/1824/151
f 792/1825/152 791/1826/152 785/1822/152 786/1821/152
f 789/1827/153 790/1828/153 791/1829/153 792/1830/153
f 765/1831/154 766/1832/154 767/1833/154 768/1834/154
f 763/1835/155 750/1836/155 749/1837/155 762/1838/155
f 761/1788/134 767/1792/134 766/1839/134 764/1789/134
f 762/1840/129 749/1841/129 751/1842/129 768/1843/129
f 765/1844/128 752/1845/128 750/1846/128 763/1847/128
f 768/1848/156 751/1849/156 752/1850/156 765/1851/156
f 769/1852/129 746/1853/129 745/1854/129 776/1855/129
f 775/1780/124 774/1856/124 772/1797/124 770/1781/124
f 771/1857/157 753/1858/157 746/1859/157 769/1860/157
f 773/1861/128 754/1862/128 753/1863/128 771/1864/128
f 776/1865/158 745/1866/158 754/1867/158 773/1868/158
f 779/1869/155 756/1870/155 755/1871/155 778/1872/155
f 777/1808/124 783/1812/124 782/1873/124 780/1809/124
f 778/1874/129 755/1875/129 757/1876/129 784/1877/129
f 781/1878/128 758/1879/128 756/1880/128 779/1881/128
f 784/1882/156 757/1883/156 758/1884/156 781/1885/156
f 788/1886/159 747/1887/159 759/1888/159 786/1889/159
f 787/1823/160 785/1822/160 791/1826/160 790/1890/160
f 786/1891/129 759/1892/129 760/1893/129 792/1894/129
f 789/1895/128 748/1896/128 747/1897/128 788/1898/128
f 792/1899/132 760/1900/132 748/1901/132 789/1902/132
f 699/1903/122 705/1904/122 711/1658/122 702/1657/122
o Door1_Frame
v -0.465613 2.158820 0.530322
v 0.388074 2.158820 0.530322
v -0.565613 0.000000 0.530322
v 0.488074 0.000000 0.530322
v -0.465613 0.000000 0.530322
v 0.388074 0.000000 0.530322
v 0.488074 0.000000 0.530322
v -0.565613 0.000000 0.530322
v 0.388074 0.000000 0.519322
v 0.392074 0.000000 0.515322
v 0.392074 2.162820 0.515322
v 0.388074 2.158820 0.519322
v -0.465613 2.158820 0.519322
v -0.469613 2.162820 0.515322
v -0.469613 0.000000 0.515322
v -0.465613 0.000000 0.519322
v 0.484074 0.000000 0.515322
v 0.488074 0.000000 0.519322
v 0.488074 2.258820 0.519322
v 0.484074 2.254820 0.515322
v -0.561613 2.254820 0.515322
v -0.565613 2.258820 0.519322
v -0.565613 0.000000 0.519322
v -0.561613 0.000000 0.515322
v 0.389343 2.158820 0.761779
v -0.464344 2.158820 0.761779
v 0.489343 0.000000 0.761779
v -0.564344 0.000000 0.761779
v 0.389343 0.000000 0.761779
v -0.464344 0.000000 0.761779
v -0.564344 0.000000 0.761779
v 0.489343 0.000000 0.761779
v -0.564344 2.258820 0.772779
v 0.489343 2.258820 0.772779
v -0.465613 2.158820 0.519322
v -0.469613 2.162820 0.515322
v -0.465613 0.000000 0.519322
v -0.469613 0.000000 0.515322
v -0.465613 2.158820 0.530322
v -0.465613 0.000000 0.530322
v -0.465613 2.158820 0.519322
v -0.465613 0.000000 0.519322
v -0.465613 2.158820 0.519322
v -0.469613 2.162820 0.515322
v -0.465613 0.000000 0.519322
v -0.469613 0.000000 0.515322
v -0.465613 2.158820 0.530322
v -0.465613 0.000000 0.530322
v -0.465613 2.158820 0.519322
v -0.465613 0.000000 0.519322
vn -0.0000 0.1093 0.9940
vn -0.0537 0.0025 0.9986
vn 0.0537 0.0025 0.9986
vn -0.0000 1.0000 -0.0000
vn -0.0000 -1.0000 -0.0000
vn -0.0000 -0.7071 -0.7071
vn -0.7071 -0.0000 -0.7071
vn -1.0000 -0.0000 -0.0000
vn -0.0000 0.7071 -0.7071
vn 0.7071 -0.0000 -0.7071
vn -0.0000 -0.0000 -1.0000
vn 1.0000 -0.0000 -0.0000
vn -0.0000 0.1093 -0.9940
vn 0.0537 0.0025 -0.9986
vn -0.0537 0.0025 -0.9986
vn -1.0000 -0.0000 0.0052
vn -1.0000 -0.0000 0.0055
vn 1.0000 -0.0000 -0.0055
vn 1.0000 -0.0000 -0.0052
vt 0.255393 0.022180
vt 0.233256 0.000000
vt 0.466511 0.000000
vt 0.444374 0.022180
vt 0.466511 0.499992
vt 0.444374 0.499992
vt 0.255393 0.499992
vt 0.233256 0.499992
vt 0.636611 0.499963
vt 0.692719 0.500244
vt 0.692719 0.733499
vt 0.636611 0.733219
vt 0.080029 0.551231
vt 0.080029 0.499992
vt 0.102165 0.500114
vt 0.102165 0.551352
vt 0.056994 0.689860
vt 0.056994 0.500878
vt 0.057879 0.499992
vt 0.057879 0.690745
vt 0.523507 0.500848
vt 0.523507 0.978748
vt 0.911771 0.021265
vt 0.911771 0.499963
vt 0.910886 0.499946
vt 0.910886 0.022133
vt 0.634176 0.978748
vt 0.634176 0.500848
vt 0.636611 0.500848
vt 0.636611 0.978748
vt 0.054559 0.689860
vt 0.054559 0.500878
vt 0.932137 0.000902
vt 0.700653 0.000902
vt 0.699767 0.000000
vt 0.933023 0.000000
vt 0.699767 0.499946
vt 0.700653 0.499963
vt 0.992454 0.500027
vt 0.994884 0.000881
vt 0.995776 -0.000000
vt 0.993341 0.500031
vt 0.932137 0.499963
vt 0.995776 0.500043
vt 0.105486 0.499992
vt 0.105486 0.522130
vt 0.103051 0.522130
vt 0.102165 0.521244
vt 0.102165 0.500878
vt 0.103051 0.499992
vt 0.721019 0.021265
vt 0.995776 0.500037
vt 0.998211 0.000000
vt 0.998211 0.500037
vt 0.721019 0.499963
vt 0.080016 0.503424
vt 0.057879 0.503308
vt 0.057892 0.500873
vt 0.058782 0.499992
vt 0.079148 0.500099
vt 0.080029 0.500989
vt 0.022137 0.022180
vt 0.000000 0.000000
vt 0.233256 0.000000
vt 0.211119 0.022180
vt 0.233256 0.499992
vt 0.211119 0.499992
vt 0.022137 0.499992
vt 0.000000 0.499992
vt 0.080029 0.554663
vt 0.057892 0.554547
vt 0.986696 0.500037
vt 0.935458 0.500037
vt 0.989131 0.000000
vt 0.003321 0.690140
vt 0.003321 0.501159
vt 0.582938 0.500848
vt 0.582938 0.978748
vt 0.525942 0.500848
vt 0.577180 0.500848
vt 0.577180 0.978748
vt 0.525942 0.978748
vt 0.466511 0.499963
vt 0.522620 0.499963
vt 0.520185 1.000000
vt 0.468946 1.000000
vt 0.522620 0.978748
vt 0.522620 0.499963
s 0
usemtl Door1_Frame
f 794/1905/161 811/1906/161 814/1907/161 793/1908/161
f 793/1908/162 814/1907/162 795/1909/162 797/1910/162
f 798/1911/163 796/1912/163 811/1906/163 794/1905/163
f 814/1913/164 825/1914/164 826/1915/164 811/1916/164
f 821/1917/165 798/1918/165 799/1919/165 824/1920/165
f 804/1921/166 805/1922/166 806/1923/166 803/1924/166
f 805/1925/164 808/1926/164 829/1926/164 827/1925/164
f 803/1927/167 802/1928/167 801/1929/167 804/1930/167
f 798/1931/168 794/1932/168 804/1933/168 801/1934/168
f 794/1935/165 793/1936/165 805/1922/165 804/1921/165
f 793/1908/164 797/1910/164 832/1910/164 831/1908/164
f 812/1937/169 813/1938/169 814/1939/169 811/1940/169
f 815/1941/167 814/1939/167 813/1938/167 816/1942/167
f 809/1943/170 812/1944/170 811/1945/170 810/1946/170
f 802/1928/171 803/1927/171 812/1937/171 809/1947/171
f 811/1945/172 796/1948/172 810/1946/172
f 796/1949/165 798/1950/165 801/1951/165 802/1952/165 809/1953/165 810/1954/165
f 803/1927/171 806/1955/171 813/1938/171 812/1937/171
f 795/1956/168 814/1957/168 815/1958/168
f 806/1955/171 807/1959/171 816/1942/171 813/1938/171
f 797/1960/165 795/1961/165 815/1962/165 816/1963/165 807/1964/165 808/1965/165
f 818/1966/173 825/1967/173 826/1968/173 817/1969/173
f 817/1969/174 826/1968/174 819/1970/174 821/1971/174
f 822/1972/175 820/1973/175 825/1967/175 818/1966/175
f 800/1961/165 795/1961/165 797/1960/165 822/1974/165 820/1975/165 823/1975/165
f 800/1976/176 823/1977/176 825/1940/176 814/1978/176
f 794/1935/165 817/1979/165 818/1980/165 793/1936/165
f 817/1981/177 794/1932/177 798/1931/177 821/1982/177
f 793/1983/178 818/1984/178 822/1985/178 797/1986/178
f 811/1987/179 826/1988/179 824/1989/179 799/1990/179
f 829/1965/164 830/1964/164 838/1964/164 837/1965/164
f 806/1923/164 805/1922/164 827/1922/164 828/1923/164
f 808/1965/164 807/1964/164 830/1964/164 829/1965/164
f 807/1959/164 806/1955/164 828/1955/164 830/1959/164
f 831/1908/164 832/1910/164 840/1910/164 839/1908/164
f 808/1926/164 805/1925/164 833/1925/164 834/1926/164
f 797/1960/164 808/1965/164 834/1965/164 832/1960/164
f 805/1922/164 793/1936/164 831/1936/164 833/1922/164
f 835/1925/170 837/1926/170 838/1991/170 836/1992/170
f 839/1983/172 840/1986/172 842/1926/172 841/1925/172
f 832/1960/164 834/1965/164 842/1965/164 840/1960/164
f 828/1923/164 827/1922/164 835/1922/164 836/1923/164
f 834/1926/164 833/1925/164 841/1925/164 842/1926/164
f 830/1959/164 828/1955/164 836/1955/164 838/1959/164
f 827/1925/164 829/1926/164 837/1926/164 835/1925/164
f 833/1922/164 831/1936/164 839/1936/164 841/1922/164
l 796 799
l 819 824
o Door1_Handles.
v 0.352004 1.085100 0.603231
v 0.352004 1.085100 0.568194
v 0.351668 1.081682 0.603231
v 0.351668 1.081682 0.568194
v 0.350671 1.078396 0.603231
v 0.350671 1.078396 0.568194
v 0.349052 1.075367 0.603231
v 0.349052 1.075367 0.568194
v 0.346873 1.072713 0.603231
v 0.346873 1.072713 0.568194
v 0.344219 1.070534 0.603231
v 0.344219 1.070534 0.568194
v 0.341190 1.068915 0.603231
v 0.341190 1.068915 0.568194
v 0.337904 1.067918 0.603231
v 0.337904 1.067918 0.568194
v 0.334486 1.067582 0.603231
v 0.334486 1.067582 0.568194
v 0.331068 1.067918 0.603231
v 0.331068 1.067918 0.568194
v 0.327782 1.068915 0.603231
v 0.327782 1.068915 0.568194
v 0.324753 1.070534 0.603231
v 0.324753 1.070534 0.568194
v 0.322099 1.072713 0.603231
v 0.322099 1.072713 0.568194
v 0.319920 1.075367 0.603231
v 0.319920 1.075367 0.568194
v 0.318301 1.078396 0.603231
v 0.318301 1.078396 0.568194
v 0.317304 1.081682 0.603231
v 0.317304 1.081682 0.568194
v 0.316968 1.085100 0.603231
v 0.316968 1.085100 0.568194
v 0.317304 1.088517 0.603231
v 0.317304 1.088517 0.568194
v 0.318301 1.091804 0.603231
v 0.318301 1.091804 0.568194
v 0.319920 1.094832 0.603231
v 0.319920 1.094832 0.568194
v 0.322099 1.097487 0.603231
v 0.322099 1.097487 0.568194
v 0.324753 1.099666 0.603231
v 0.324753 1.099666 0.568194
v 0.327782 1.101285 0.603231
v 0.327782 1.101285 0.568194
v 0.331068 1.102281 0.603231
v 0.331068 1.102281 0.568194
v 0.337904 1.102281 0.603231
v 0.337904 1.102281 0.568194
v 0.341190 1.101285 0.603231
v 0.341190 1.101285 0.568194
v 0.344219 1.099666 0.603231
v 0.344219 1.099666 0.568194
v 0.346873 1.097487 0.603231
v 0.346873 1.097487 0.568194
v 0.349052 1.094832 0.603231
v 0.349052 1.094832 0.568194
v 0.350671 1.091804 0.603231
v 0.350671 1.091804 0.568194
v 0.351668 1.088517 0.603231
v 0.351668 1.088517 0.568194
v 0.366637 1.080847 0.568194
v 0.366831 1.085100 0.568194
v 0.366064 1.076757 0.568194
v 0.365133 1.072988 0.568194
v 0.363880 1.069684 0.568194
v 0.362354 1.066973 0.568194
v 0.360612 1.064958 0.568194
v 0.358723 1.063718 0.568194
v 0.208613 1.063299 0.568194
v 0.206648 1.063718 0.568194
v 0.204758 1.064958 0.568194
v 0.203017 1.066973 0.568194
v 0.201491 1.069684 0.568194
v 0.200238 1.072988 0.568194
v 0.199307 1.076757 0.568194
v 0.198734 1.080847 0.568194
v 0.198540 1.085100 0.568194
v 0.198734 1.089353 0.568194
v 0.199307 1.093443 0.568194
v 0.200238 1.097212 0.568194
v 0.201491 1.100515 0.568194
v 0.203017 1.103227 0.568194
v 0.204758 1.105241 0.568194
v 0.206648 1.106482 0.568194
v 0.208613 1.106901 0.568194
v 0.358723 1.106482 0.568194
v 0.360612 1.105241 0.568194
v 0.362354 1.103227 0.568194
v 0.363880 1.100515 0.568194
v 0.365133 1.097212 0.568194
v 0.366064 1.093443 0.568194
v 0.366637 1.089353 0.568194
v 0.366637 1.080847 0.550272
v 0.366831 1.085100 0.550272
v 0.366064 1.076757 0.550272
v 0.365133 1.072988 0.550272
v 0.363880 1.069684 0.550272
v 0.362354 1.066973 0.550272
v 0.360612 1.064958 0.550272
v 0.358723 1.063718 0.550272
v 0.208613 1.063299 0.550272
v 0.206648 1.063718 0.550272
v 0.204758 1.064958 0.550272
v 0.203017 1.066973 0.550272
v 0.201491 1.069684 0.550272
v 0.200238 1.072988 0.550272
v 0.199307 1.076757 0.550272
v 0.198734 1.080847 0.550272
v 0.198540 1.085100 0.550272
v 0.198734 1.089353 0.550272
v 0.199307 1.093443 0.550272
v 0.200238 1.097212 0.550272
v 0.201491 1.100515 0.550272
v 0.203017 1.103227 0.550272
v 0.204758 1.105241 0.550272
v 0.206648 1.106482 0.550272
v 0.208613 1.106901 0.550272
v 0.358723 1.106482 0.550272
v 0.360612 1.105241 0.550272
v 0.362354 1.103227 0.550272
v 0.363880 1.100515 0.550272
v 0.365133 1.097212 0.550272
v 0.366064 1.093443 0.550272
v 0.366637 1.089353 0.550272
v 0.300164 1.085100 0.603231
v 0.300823 1.093577 0.603231
v 0.302776 1.101727 0.603231
v 0.305948 1.109239 0.603231
v 0.310216 1.115824 0.603231
v 0.315417 1.121227 0.603231
v 0.321351 1.125243 0.603231
v 0.327790 1.127715 0.603231
v 0.334486 1.128550 0.603231
v 0.341182 1.127715 0.603231
v 0.347621 1.125243 0.603231
v 0.353554 1.121227 0.603231
v 0.358756 1.115824 0.603231
v 0.363024 1.109239 0.603231
v 0.366196 1.101727 0.603231
v 0.368149 1.093577 0.603231
v 0.368808 1.085100 0.603231
v 0.300164 1.085100 0.620465
v 0.300823 1.093577 0.620465
v 0.302776 1.101727 0.620465
v 0.305948 1.109239 0.620465
v 0.310216 1.115824 0.620465
v 0.315417 1.121227 0.620465
v 0.321351 1.125243 0.620465
v 0.327790 1.127715 0.620465
v 0.334486 1.128550 0.620465
v 0.341182 1.127715 0.620465
v 0.347621 1.125243 0.620465
v 0.353554 1.121227 0.620465
v 0.358756 1.115824 0.620465
v 0.363024 1.109239 0.620465
v 0.366196 1.101727 0.620465
v 0.368149 1.093577 0.620465
v 0.368808 1.085100 0.620465
v 0.368808 0.948312 0.603231
v 0.368149 0.939835 0.603231
v 0.366196 0.931684 0.603231
v 0.363024 0.924173 0.603231
v 0.358756 0.917588 0.603231
v 0.353554 0.912185 0.603231
v 0.347621 0.908169 0.603231
v 0.341182 0.905697 0.603231
v 0.327790 0.905697 0.603231
v 0.321351 0.908169 0.603231
v 0.315417 0.912185 0.603231
v 0.310216 0.917588 0.603231
v 0.305948 0.924173 0.603231
v 0.302776 0.931684 0.603231
v 0.300823 0.939835 0.603231
v 0.300163 0.948312 0.603231
v 0.368808 0.948312 0.620465
v 0.368149 0.939835 0.620465
v 0.366196 0.931684 0.620465
v 0.363024 0.924173 0.620465
v 0.358756 0.917588 0.620465
v 0.353554 0.912185 0.620465
v 0.347621 0.908169 0.620465
v 0.341182 0.905697 0.620465
v 0.327790 0.905697 0.620465
v 0.321351 0.908169 0.620465
v 0.315417 0.912185 0.620465
v 0.310216 0.917588 0.620465
v 0.305948 0.924173 0.620465
v 0.302776 0.931684 0.620465
v 0.300823 0.939835 0.620465
v 0.300163 0.948312 0.620465
v 0.300164 1.016706 0.620465
v 0.368808 1.016706 0.620465
v 0.300164 1.016706 0.603231
v 0.368808 1.016706 0.603231
v 0.336195 1.102450 0.603231
v 0.336195 1.102450 0.568194
v 0.329988 0.939337 0.603231
v 0.332777 1.102450 0.603231
v 0.332777 1.102450 0.568194
v 0.207631 1.106691 0.568194
v 0.207631 1.106691 0.550272
v 0.338984 0.939337 0.603231
v 0.368808 0.965832 0.620465
v 0.368808 0.965832 0.603231
v 0.300164 0.965832 0.620465
v 0.300164 0.965832 0.603231
v 0.329469 0.973953 0.603231
v 0.334486 0.975297 0.603231
v 0.339503 0.973953 0.603231
v 0.343176 0.970280 0.603231
v 0.325796 0.970280 0.603231
v 0.344520 0.965263 0.603231
v 0.343176 0.960246 0.603231
v 0.324452 0.965263 0.603231
v 0.325796 0.960246 0.603231
v 0.338984 0.956573 0.603231
v 0.329988 0.956573 0.603231
v 0.329469 0.973953 0.615546
v 0.334486 0.975297 0.615546
v 0.339503 0.973953 0.615546
v 0.343176 0.970280 0.615545
v 0.329988 0.939337 0.615546
v 0.325796 0.970280 0.615546
v 0.329988 0.956573 0.615546
v 0.338984 0.939337 0.615546
v 0.338984 0.956573 0.615546
v 0.344520 0.965263 0.615545
v 0.343176 0.960246 0.615545
v 0.324452 0.965263 0.615546
v 0.325796 0.960246 0.615546
v 0.334486 0.965293 0.615546
vn 0.9952 -0.0980 -0.0000
vn 0.9569 -0.2903 -0.0000
vn 0.8819 -0.4714 -0.0000
vn 0.7730 -0.6344 -0.0000
vn 0.6344 -0.7730 -0.0000
vn 0.4714 -0.8819 -0.0000
vn 0.2903 -0.9569 -0.0000
vn 0.0980 -0.9952 -0.0000
vn -0.0980 -0.9952 -0.0000
vn -0.2903 -0.9569 -0.0000
vn -0.4714 -0.8819 -0.0000
vn -0.6344 -0.7730 -0.0000
vn -0.7730 -0.6344 -0.0000
vn -0.8819 -0.4714 -0.0000
vn -0.9569 -0.2903 -0.0000
vn -0.9952 -0.0980 -0.0000
vn -0.9952 0.0980 -0.0000
vn -0.9569 0.2903 -0.0000
vn -0.8819 0.4714 -0.0000
vn -0.7730 0.6344 -0.0000
vn -0.6344 0.7730 -0.0000
vn -0.4714 0.8819 -0.0000
vn -0.2903 0.9569 -0.0000
vn 0.0980 0.9952 -0.0000
vn 0.2903 0.9569 -0.0000
vn 0.4714 0.8819 -0.0000
vn 0.6344 0.7730 -0.0000
vn 0.7730 0.6344 -0.0000
vn 0.8819 0.4714 -0.0000
vn 0.9569 0.2903 -0.0000
vn 0.9952 0.0980 -0.0000
vn -0.9350 0.3546 -0.0000
vn -0.0000 -0.0000 1.0000
vn -0.0000 -0.0000 -1.0000
vn 0.5488 -0.8360 -0.0000
vn -0.8714 0.4906 -0.0000
vn 0.0028 -1.0000 -0.0000
vn -0.7565 0.6539 -0.0000
vn -0.2085 -0.9780 -0.0000
vn -0.5488 0.8359 -0.0000
vn -0.5488 -0.8360 -0.0000
vn -0.2085 0.9780 -0.0000
vn -0.7565 -0.6539 -0.0000
vn -0.8714 -0.4906 -0.0000
vn 0.5488 0.8360 -0.0000
vn -0.9350 -0.3546 -0.0000
vn 0.7565 0.6540 -0.0000
vn -0.9708 -0.2398 -0.0000
vn 0.9990 -0.0454 -0.0000
vn 0.8714 0.4906 -0.0000
vn -0.9903 -0.1388 -0.0000
vn 0.9903 -0.1388 -0.0000
vn 0.9350 0.3546 -0.0000
vn -0.9990 -0.0455 -0.0000
vn 0.9708 -0.2398 -0.0000
vn 0.9708 0.2398 -0.0000
vn -0.9990 0.0455 -0.0000
vn 0.9350 -0.3546 -0.0000
vn 0.9903 0.1388 -0.0000
vn -0.9903 0.1388 -0.0000
vn 0.8714 -0.4906 -0.0000
vn 0.9990 0.0454 -0.0000
vn -0.9708 0.2398 -0.0000
vn 0.7565 -0.6540 -0.0000
vn -0.7205 0.6935 -0.0000
vn -0.5604 0.8282 -0.0000
vn -0.3585 0.9335 -0.0000
vn -0.1237 0.9923 -0.0000
vn 0.1237 0.9923 -0.0000
vn 0.3585 0.9335 -0.0000
vn 0.5604 0.8282 -0.0000
vn 0.7205 0.6935 -0.0000
vn 0.8391 0.5440 -0.0000
vn 0.9213 0.3890 -0.0000
vn -0.9970 0.0776 -0.0000
vn 0.9725 0.2330 -0.0000
vn -0.9725 0.2330 -0.0000
vn 0.9970 0.0776 -0.0000
vn -0.9213 0.3890 -0.0000
vn -0.8391 0.5440 -0.0000
vn 0.9725 -0.2330 -0.0000
vn -0.9970 -0.0776 -0.0000
vn 0.9212 -0.3890 -0.0000
vn 0.8391 -0.5440 -0.0000
vn 0.7205 -0.6935 -0.0000
vn 0.5604 -0.8282 -0.0000
vn 0.3585 -0.9335 -0.0000
vn -0.3585 -0.9335 -0.0000
vn -0.5604 -0.8282 -0.0000
vn -0.7205 -0.6935 -0.0000
vn -0.8391 -0.5440 -0.0000
vn -0.9213 -0.3890 -0.0000
vn 0.9970 -0.0776 -0.0000
vn -0.9725 -0.2330 -0.0000
vn 1.0000 -0.0000 -0.0000
vn -1.0000 -0.0000 -0.0000
vn -0.0000 -1.0000 -0.0000
vn -0.0980 0.9952 -0.0000
vn -0.0000 1.0000 -0.0000
vn 0.6590 0.7522 -0.0000
vn 0.2588 -0.9659 -0.0000
vn -0.2588 -0.9659 -0.0000
vn 0.9659 0.2588 -0.0000
vn -0.6590 0.7521 -0.0000
vn -0.9659 0.2588 -0.0000
vn 0.9659 -0.2588 -0.0000
vn -0.9659 -0.2588 -0.0000
vn 0.7071 -0.7071 -0.0000
vn -0.7071 -0.7071 -0.0000
vn 0.0028 1.0000 -0.0000
vt 0.839540 0.645410
vt 0.853695 0.645410
vt 0.853695 0.790520
vt 0.839540 0.790520
vt 0.867306 0.645410
vt 0.867306 0.790520
vt 0.879850 0.645410
vt 0.879850 0.790520
vt 0.890845 0.645410
vt 0.890845 0.790520
vt 0.890831 0.935631
vt 0.879986 0.935631
vt 0.879986 0.790520
vt 0.890831 0.790520
vt 0.867555 0.935631
vt 0.867555 0.790520
vt 0.854014 0.935631
vt 0.854014 0.790520
vt 0.839885 0.935631
vt 0.839885 0.790520
vt 0.825709 0.935631
vt 0.825709 0.790520
vt 0.812031 0.935631
vt 0.812031 0.790520
vt 0.799379 0.935631
vt 0.799379 0.790520
vt 0.788236 0.935631
vt 0.788236 0.790520
vt 0.386914 0.842113
vt 0.375919 0.842113
vt 0.375919 0.697003
vt 0.386914 0.697003
vt 0.363376 0.842113
vt 0.363376 0.697003
vt 0.349764 0.842113
vt 0.349764 0.697003
vt 0.335610 0.842113
vt 0.335610 0.697003
vt 0.321455 0.842113
vt 0.321455 0.697003
vt 0.307844 0.842113
vt 0.307844 0.697003
vt 0.295300 0.842113
vt 0.295300 0.697003
vt 0.284306 0.842113
vt 0.284306 0.697003
vt 0.567457 0.986525
vt 0.556208 0.986525
vt 0.556208 0.841415
vt 0.567457 0.841415
vt 0.543478 0.986525
vt 0.543478 0.841415
vt 0.529754 0.986525
vt 0.529754 0.841415
vt 0.508511 0.986525
vt 0.501457 0.986525
vt 0.501457 0.841415
vt 0.508511 0.841415
vt 0.487969 0.986525
vt 0.487969 0.841415
vt 0.475622 0.986525
vt 0.475622 0.841415
vt 0.464890 0.986525
vt 0.464890 0.841415
vt 0.788236 0.645410
vt 0.799231 0.645410
vt 0.799231 0.790520
vt 0.788236 0.790520
vt 0.811775 0.645410
vt 0.811775 0.790520
vt 0.825386 0.645410
vt 0.825386 0.790520
vt 0.390664 0.716576
vt 0.464890 0.716576
vt 0.464890 0.730259
vt 0.390664 0.730259
vt 0.666115 0.067006
vt 0.653923 0.073746
vt 0.643006 0.082800
vt 0.634013 0.093820
vt 0.627344 0.106382
vt 0.623253 0.120005
vt 0.621898 0.134163
vt 0.623332 0.148314
vt 0.627499 0.161913
vt 0.634238 0.174438
vt 0.643292 0.185408
vt 0.654312 0.194400
vt 0.666875 0.201070
vt 0.680497 0.205161
vt 0.694656 0.206516
vt 0.708806 0.205082
vt 0.722406 0.200915
vt 0.734931 0.194175
vt 0.745900 0.185121
vt 0.754893 0.174101
vt 0.761563 0.161539
vt 0.765653 0.147917
vt 0.766331 0.140838
vt 0.766291 0.126683
vt 0.765574 0.119607
vt 0.761408 0.106008
vt 0.754668 0.093483
vt 0.745614 0.082513
vt 0.734594 0.073521
vt 0.721922 0.066851
vt 0.707931 0.062760
vt 0.711697 0.000752
vt 0.728642 0.003079
vt 0.744262 0.006891
vt 0.757960 0.012041
vt 0.769206 0.018331
vt 0.777571 0.025521
vt 0.782730 0.033333
vt 0.786201 0.655032
vt 0.785344 0.659104
vt 0.784488 0.663175
vt 0.779372 0.671016
vt 0.771048 0.678252
vt 0.759836 0.684605
vt 0.746168 0.689832
vt 0.730569 0.693731
vt 0.713637 0.696152
vt 0.696024 0.697003
vt 0.678407 0.696250
vt 0.661462 0.693924
vt 0.645841 0.690112
vt 0.632144 0.684962
vt 0.620897 0.678671
vt 0.612533 0.671482
vt 0.607374 0.663670
vt 0.605616 0.655536
vt 0.605616 0.033827
vt 0.610732 0.025987
vt 0.619056 0.018750
vt 0.630267 0.012397
vt 0.643935 0.007171
vt 0.659535 0.003272
vt 0.676466 0.000850
vt 0.679362 0.062839
vt 0.500546 0.696251
vt 0.483601 0.693924
vt 0.467980 0.690112
vt 0.454283 0.684962
vt 0.443036 0.678672
vt 0.434672 0.671482
vt 0.429512 0.663670
vt 0.426042 0.041971
vt 0.427754 0.033827
vt 0.432870 0.025987
vt 0.441193 0.018751
vt 0.452405 0.012397
vt 0.466073 0.007171
vt 0.481673 0.003272
vt 0.498604 0.000851
vt 0.516217 0.000000
vt 0.533835 0.000753
vt 0.550779 0.003079
vt 0.566400 0.006891
vt 0.580097 0.012041
vt 0.591344 0.018332
vt 0.599708 0.025521
vt 0.604869 0.033333
vt 0.605747 0.037400
vt 0.606626 0.041467
vt 0.606626 0.663176
vt 0.601510 0.671016
vt 0.593186 0.678252
vt 0.581975 0.684605
vt 0.568307 0.689832
vt 0.552707 0.693731
vt 0.535776 0.696152
vt 0.518163 0.697003
vt 0.788236 0.637670
vt 0.862462 0.637670
vt 0.862462 0.645410
vt 0.788236 0.645410
vt 0.390664 0.705347
vt 0.464890 0.705347
vt 0.788236 0.016077
vt 0.862462 0.016077
vt 0.390664 0.697003
vt 0.464890 0.697003
vt 0.788236 0.007910
vt 0.862462 0.007910
vt 0.862462 0.637263
vt 0.936688 0.637263
vt 0.936688 0.645234
vt 0.862462 0.645234
vt 0.788236 0.000000
vt 0.862462 0.000000
vt 0.862462 0.633171
vt 0.936688 0.633171
vt 0.390664 0.855498
vt 0.464890 0.855498
vt 0.464890 0.863842
vt 0.390664 0.863842
vt 0.390664 0.844269
vt 0.464890 0.844269
vt 0.862462 -0.000000
vt 0.936688 -0.000000
vt 0.936688 0.007676
vt 0.862462 0.007676
vt 0.390664 0.830586
vt 0.464890 0.830586
vt 0.965071 0.653754
vt 0.890845 0.653754
vt 0.890845 0.645410
vt 0.965071 0.645410
vt 0.390664 0.814976
vt 0.464890 0.814976
vt 0.965071 0.746445
vt 0.890845 0.746445
vt 0.890845 0.728829
vt 0.965071 0.728829
vt 0.965071 0.664983
vt 0.890845 0.664983
vt 0.390664 0.798038
vt 0.464890 0.798038
vt 0.965071 0.763383
vt 0.890845 0.763383
vt 0.965071 0.678666
vt 0.890845 0.678666
vt 0.390664 0.780423
vt 0.464890 0.780423
vt 0.965071 0.778993
vt 0.890845 0.778993
vt 0.965071 0.694276
vt 0.890845 0.694276
vt 0.390664 0.762807
vt 0.464890 0.762807
vt 0.965071 0.792676
vt 0.890845 0.792676
vt 0.965071 0.711214
vt 0.890845 0.711214
vt 0.390664 0.745869
vt 0.464890 0.745869
vt 0.965071 0.803905
vt 0.890845 0.803905
vt 0.965071 0.812249
vt 0.890845 0.812249
vt 0.356353 0.022380
vt 0.284972 0.022380
vt 0.284972 -0.000000
vt 0.356353 -0.000000
vt 0.355686 0.642848
vt 0.284306 0.642848
vt 0.284306 0.617806
vt 0.355686 0.617806
vt 0.284306 0.590857
vt 0.355686 0.590857
vt 0.284306 0.920189
vt 0.355686 0.920189
vt 0.284306 0.892567
vt 0.355686 0.892567
vt 0.284306 0.866204
vt 0.355686 0.866204
vt 0.355686 0.842113
vt 0.427734 -0.000000
vt 0.427734 0.022380
vt 0.427734 0.049650
vt 0.356353 0.049650
vt 0.427734 0.080762
vt 0.356353 0.080762
vt 0.356353 0.149629
vt 0.284972 0.149629
vt 0.284972 0.114521
vt 0.356353 0.114521
vt 0.427734 0.114521
vt 0.284972 0.080762
vt 0.427734 0.149629
vt 0.284972 0.049650
vt 0.356353 0.049650
vt 0.356353 0.751269
vt 0.427734 0.751269
vt 0.427734 0.785027
vt 0.356353 0.785027
vt 0.356353 0.751269
vt 0.284972 0.751269
vt 0.284972 0.716161
vt 0.356353 0.716161
vt 0.427734 0.816139
vt 0.356353 0.816139
vt 0.427734 0.843410
vt 0.356353 0.843410
vt 0.427734 0.865790
vt 0.356353 0.865790
vt 0.638837 0.999344
vt 0.567457 0.999344
vt 0.567457 0.975046
vt 0.638837 0.975046
vt 0.567457 0.948552
vt 0.638837 0.948552
vt 0.638837 0.893095
vt 0.567457 0.893095
vt 0.567457 0.866262
vt 0.638837 0.866262
vt 0.567457 0.841414
vt 0.638837 0.841414
vt 0.356353 0.865790
vt 0.284972 0.865790
vt 0.284972 0.843410
vt 0.356353 0.843410
vt 0.284972 0.816140
vt 0.356353 0.816140
vt 0.284972 0.785027
vt 0.356353 0.785027
vt 0.356353 0.716161
vt 0.427734 0.716161
vt 0.427734 0.432895
vt 0.356353 0.432895
vt 0.356353 0.432895
vt 0.284972 0.432895
vt 0.123524 0.783661
vt 0.160782 0.783661
vt 0.169886 0.922989
vt 0.114420 0.922989
vt 0.284306 0.673928
vt 0.284306 0.746489
vt 0.178144 0.697064
vt 0.183713 0.676284
vt 0.920786 0.891980
vt 0.957223 0.884199
vt 0.972131 0.954011
vt 0.935694 0.961792
vt 0.862462 0.629079
vt 0.936688 0.629079
vt 0.522660 0.986525
vt 0.522660 0.841415
vt 0.681911 0.916794
vt 0.681911 0.967799
vt 0.644668 0.967799
vt 0.644668 0.916794
vt 0.356353 0.643599
vt 0.284972 0.643599
vt 0.427734 0.643599
vt 0.356353 0.643599
vt 0.100594 0.676284
vt 0.106161 0.697064
vt 0.000000 0.746489
vt 0.000001 0.673928
vt 0.000001 0.463224
vt 0.106161 0.655504
vt 0.281574 0.781597
vt 0.273485 0.815356
vt 0.260348 0.846468
vt 0.242670 0.873739
vt 0.221129 0.896118
vt 0.196552 0.912749
vt 0.160782 0.712276
vt 0.178144 0.655504
vt 0.284306 0.463224
vt 0.390664 0.863842
vt 0.441669 0.863842
vt 0.441669 0.935228
vt 0.390664 0.935228
vt 0.645475 0.697003
vt 0.645475 0.748007
vt 0.628555 0.748007
vt 0.628555 0.697003
vt 0.737232 0.886474
vt 0.686227 0.886474
vt 0.686227 0.865790
vt 0.737232 0.865790
vt 0.737232 0.907343
vt 0.686227 0.907343
vt 0.686227 0.958795
vt 0.737232 0.958795
vt 0.737232 0.979575
vt 0.686227 0.979575
vt 0.627092 0.697003
vt 0.627092 0.748007
vt 0.609302 0.748007
vt 0.609302 0.697003
vt 0.686227 0.916794
vt 0.665447 0.916794
vt 0.665447 0.865790
vt 0.686227 0.938016
vt 0.737232 0.938016
vt 0.644668 0.865790
vt 0.788236 0.937175
vt 0.737232 0.937175
vt 0.737232 0.865790
vt 0.788236 0.865790
vt 0.686227 0.922804
vt 0.737232 0.922804
vt 0.737232 0.922804
vt 0.686227 0.922804
vt 0.931462 0.852770
vt 0.903650 0.822034
vt 0.922809 0.812249
vt 0.944293 0.813355
vt 0.962346 0.825054
vt 0.891950 0.840087
vt 0.972131 0.844213
vt 0.971025 0.865697
vt 0.900629 0.880730
vt 0.890845 0.861571
vt 0.694079 -0.000000
vt 0.693465 0.061406
vt 0.609302 0.762096
vt 0.609302 0.776319
vt 0.606527 0.790269
vt 0.601085 0.803410
vt 0.593182 0.815236
vt 0.583125 0.825294
vt 0.571299 0.833196
vt 0.558158 0.838639
vt 0.544209 0.841414
vt 0.529985 0.841414
vt 0.516035 0.838640
vt 0.502895 0.833197
vt 0.491068 0.825295
vt 0.481010 0.815238
vt 0.473108 0.803412
vt 0.467665 0.790271
vt 0.464890 0.776321
vt 0.464890 0.762098
vt 0.467665 0.748148
vt 0.473107 0.735007
vt 0.481010 0.723181
vt 0.491067 0.713123
vt 0.502893 0.705221
vt 0.516034 0.699778
vt 0.523008 0.698390
vt 0.537095 0.697003
vt 0.544207 0.697003
vt 0.558157 0.699777
vt 0.571297 0.705220
vt 0.583124 0.713122
vt 0.593181 0.723180
vt 0.601084 0.735005
vt 0.606527 0.748146
vt 0.121374 0.640293
vt 0.000001 0.179958
vt 0.002732 0.144850
vt 0.010821 0.111091
vt 0.023957 0.079979
vt 0.041636 0.052708
vt 0.063177 0.030329
vt 0.087754 0.013698
vt 0.114420 0.003458
vt 0.142153 -0.000000
vt 0.169886 0.003458
vt 0.196552 0.013698
vt 0.221129 0.030329
vt 0.242670 0.052708
vt 0.260349 0.079979
vt 0.273485 0.111091
vt 0.281574 0.144850
vt 0.284306 0.179958
vt 0.162933 0.640293
vt 0.142153 0.634725
vt 0.123524 0.712276
vt 0.087754 0.912749
vt 0.063177 0.896118
vt 0.041636 0.873739
vt 0.023957 0.846468
vt 0.010821 0.815356
vt 0.002732 0.781597
s 0
usemtl Door2_Handles.001_gameasset_Mat_1
f 843/1993/180 845/1994/180 846/1995/180 844/1996/180
f 845/1994/181 847/1997/181 848/1998/181 846/1995/181
f 847/1997/182 849/1999/182 850/2000/182 848/1998/182
f 849/1999/183 851/2001/183 852/2002/183 850/2000/183
f 851/2003/184 853/2004/184 854/2005/184 852/2006/184
f 853/2004/185 855/2007/185 856/2008/185 854/2005/185
f 855/2007/186 857/2009/186 858/2010/186 856/2008/186
f 857/2009/187 859/2011/187 860/2012/187 858/2010/187
f 859/2011/188 861/2013/188 862/2014/188 860/2012/188
f 861/2013/189 863/2015/189 864/2016/189 862/2014/189
f 863/2015/190 865/2017/190 866/2018/190 864/2016/190
f 865/2017/191 867/2019/191 868/2020/191 866/2018/191
f 867/2021/192 869/2022/192 870/2023/192 868/2024/192
f 869/2022/193 871/2025/193 872/2026/193 870/2023/193
f 871/2025/194 873/2027/194 874/2028/194 872/2026/194
f 873/2027/195 875/2029/195 876/2030/195 874/2028/195
f 875/2029/196 877/2031/196 878/2032/196 876/2030/196
f 877/2031/197 879/2033/197 880/2034/197 878/2032/197
f 879/2033/198 881/2035/198 882/2036/198 880/2034/198
f 881/2035/199 883/2037/199 884/2038/199 882/2036/199
f 883/2039/200 885/2040/200 886/2041/200 884/2042/200
f 885/2040/201 887/2043/201 888/2044/201 886/2041/201
f 887/2043/202 889/2045/202 890/2046/202 888/2044/202
f 1039/2047/203 891/2048/203 892/2049/203 1040/2050/203
f 891/2048/204 893/2051/204 894/2052/204 892/2049/204
f 893/2051/205 895/2053/205 896/2054/205 894/2052/205
f 895/2053/206 897/2055/206 898/2056/206 896/2054/206
f 897/2057/207 899/2058/207 900/2059/207 898/2060/207
f 899/2058/208 901/2061/208 902/2062/208 900/2059/208
f 901/2061/209 903/2063/209 904/2064/209 902/2062/209
f 903/2063/210 843/1993/210 844/1996/210 904/2064/210
f 925/2065/211 957/2066/211 956/2067/211 924/2068/211
f 848/2069/212 850/2070/212 852/2071/212 854/2072/212 856/2073/212 858/2074/212 860/2075/212 862/2076/212 864/2077/212 866/2078/212 868/2079/212 870/2080/212 872/2081/212 874/2082/212 876/2083/212 878/2084/212 880/2085/212 882/2086/212 884/2087/212 886/2088/212 888/2089/212 890/2090/212 1043/2091/212 1040/2092/212 892/2093/212 894/2094/212 896/2095/212 898/2096/212 900/2097/212 902/2098/212 904/2099/212 936/2100/212 935/2101/212 934/2102/212 933/2103/212 932/2104/212 931/2105/212 930/2106/212 929/2107/212 1044/2108/212 928/2109/212 927/2110/212 926/2111/212 925/2112/212 924/2113/212 923/2114/212 922/2115/212 921/2116/212 920/2117/212 919/2118/212 918/2119/212 917/2120/212 916/2121/212 915/2122/212 914/2123/212 913/2124/212 912/2125/212 911/2126/212 910/2127/212 909/2128/212 908/2129/212 907/2130/212 905/2131/212 846/2132/212
f 937/2133/213 939/2134/213 940/2135/213 941/2136/213 942/2137/213 943/2138/213 944/2139/213 945/2140/213 946/2141/213 947/2142/213 948/2143/213 949/2144/213 950/2145/213 951/2146/213 952/2147/213 953/2148/213 954/2149/213 955/2150/213 956/2151/213 957/2152/213 958/2153/213 959/2154/213 960/2155/213 1045/2156/213 961/2157/213 962/2158/213 963/2159/213 964/2160/213 965/2161/213 966/2162/213 967/2163/213 968/2164/213 938/2165/213
f 912/2166/214 944/2167/214 943/2168/214 911/2169/214
f 926/2170/215 958/2171/215 957/2066/215 925/2065/215
f 913/2172/216 945/2173/216 944/2167/216 912/2166/216
f 927/2174/217 959/2175/217 958/2171/217 926/2170/217
f 914/2176/218 946/2177/218 945/2173/218 913/2172/218
f 928/2178/219 960/2179/219 959/2180/219 927/2181/219
f 915/2182/220 947/2183/220 946/2177/220 914/2176/220
f 1044/2184/221 1045/2185/221 960/2179/221 928/2178/221
f 916/2186/222 948/2187/222 947/2188/222 915/2189/222
f 917/2190/223 949/2191/223 948/2187/223 916/2186/223
f 931/2192/224 963/2193/224 962/2194/224 930/2195/224
f 918/2196/225 950/2197/225 949/2191/225 917/2190/225
f 932/2198/226 964/2199/226 963/2200/226 931/2201/226
f 919/2202/227 951/2203/227 950/2197/227 918/2196/227
f 905/2204/228 937/2205/228 938/2206/228 906/2207/228
f 933/2208/229 965/2209/229 964/2199/229 932/2198/229
f 920/2210/230 952/2211/230 951/2203/230 919/2202/230
f 907/2212/231 939/2213/231 937/2205/231 905/2204/231
f 934/2214/232 966/2215/232 965/2209/232 933/2208/232
f 921/2216/233 953/2217/233 952/2211/233 920/2210/233
f 908/2218/234 940/2219/234 939/2213/234 907/2212/234
f 935/2220/235 967/2221/235 966/2215/235 934/2214/235
f 922/2222/236 954/2223/236 953/2217/236 921/2216/236
f 909/2224/237 941/2225/237 940/2219/237 908/2218/237
f 936/2226/238 968/2227/238 967/2221/238 935/2220/238
f 923/2228/239 955/2229/239 954/2223/239 922/2222/239
f 910/2230/240 942/2231/240 941/2225/240 909/2224/240
f 906/2207/241 938/2206/241 968/2227/241 936/2226/241
f 924/2068/242 956/2067/242 955/2229/242 923/2228/242
f 911/2232/243 943/2233/243 942/2231/243 910/2230/243
f 973/2234/244 990/2235/244 991/2236/244 974/2237/244
f 974/2238/245 991/2239/245 992/2240/245 975/2241/245
f 975/2241/246 992/2240/246 993/2242/246 976/2243/246
f 976/2243/247 993/2242/247 994/2244/247 977/2245/247
f 977/2245/248 994/2244/248 995/2246/248 978/2247/248
f 978/2247/249 995/2246/249 996/2248/249 979/2249/249
f 979/2249/250 996/2248/250 997/2037/250 980/2250/250
f 980/2237/251 997/2251/251 998/2252/251 981/2234/251
f 981/2234/252 998/2252/252 999/2253/252 982/2254/252
f 982/2254/253 999/2253/253 1000/2255/253 983/2256/253
f 969/2257/254 986/2258/254 987/2259/254 970/2260/254
f 983/2256/255 1000/2255/255 1001/2261/255 984/2260/255
f 970/2260/256 987/2259/256 988/2262/256 971/2256/256
f 984/2260/257 1001/2261/257 1002/2263/257 985/2257/257
f 971/2256/258 988/2262/258 989/2264/258 972/2265/258
f 972/2265/259 989/2264/259 990/2235/259 973/2234/259
f 1004/2266/260 1020/2267/260 1021/2268/260 1005/2269/260
f 1017/2270/261 1033/2271/261 1034/2272/261 1018/2273/261
f 1005/2269/262 1021/2268/262 1022/2274/262 1006/2275/262
f 1006/2275/263 1022/2274/263 1023/2276/263 1007/2277/263
f 1007/2277/264 1023/2276/264 1024/2278/264 1008/2279/264
f 1008/2280/265 1024/2281/265 1025/2282/265 1009/2283/265
f 1009/2283/266 1025/2282/266 1026/2284/266 1010/2285/266
f 1011/2286/267 1027/2287/267 1028/2288/267 1012/2289/267
f 1012/2289/268 1028/2288/268 1029/2290/268 1013/2291/268
f 1013/2292/269 1029/2293/269 1030/2294/269 1014/2295/269
f 1014/2295/270 1030/2294/270 1031/2296/270 1015/2297/270
f 1015/2297/271 1031/2296/271 1032/2298/271 1016/2299/271
f 1003/2300/272 1019/2301/272 1020/2267/272 1004/2266/272
f 1016/2299/273 1032/2298/273 1033/2271/273 1017/2270/273
f 1002/2263/274 1036/2302/274 1038/2303/274 985/2257/274
f 969/2257/275 1037/2304/275 1035/2305/275 986/2258/275
f 1041/2306/213 1046/2307/213 1010/2308/213 1011/2309/213
f 1048/2310/213 1003/2311/213 1057/2312/213 1056/2313/213
f 1068/2314/213 1070/2315/213 1069/2316/213 1066/2317/213
f 1010/2285/276 1026/2284/276 1027/2287/276 1011/2286/276
f 929/2318/221 961/2319/221 1045/2185/221 1044/2184/221
f 889/2045/277 1042/2320/277 1043/2321/277 890/2046/277
f 1041/2322/278 1066/2323/278 1069/2324/278 1046/2325/278
f 1050/2326/275 1018/2273/275 1034/2272/275 1049/2327/275
f 1047/2328/274 1019/2301/274 1003/2300/274 1048/2329/274
f 1058/2330/213 1059/2331/213 1018/2332/213 1050/2333/213
f 1037/2334/213 1055/2335/213 1058/2330/213 1050/2333/213
f 1057/2312/213 1003/2311/213 1004/2336/213 1005/2337/213 1006/2338/213 1007/2339/213 1008/2340/213 1009/2341/213 1010/2308/213 1046/2307/213 1060/2342/213
f 1054/2343/213 1038/2344/213 1048/2310/213 1056/2313/213
f 1036/2302/274 1047/2328/274 1048/2329/274 1038/2303/274
f 1037/2304/275 1050/2326/275 1049/2327/275 1035/2305/275
f 1061/2345/274 1068/2346/274 1066/2347/274 1041/2348/274
f 1059/2349/279 1074/2350/279 1068/2351/279 1061/2352/279
f 1052/2353/280 1063/2354/280 1062/2355/280 1051/2356/280
f 1053/2357/281 1064/2358/281 1063/2354/281 1052/2353/281
f 1058/2359/282 1073/2360/282 1074/2361/282 1059/2362/282
f 1060/2363/283 1070/2364/283 1072/2365/283 1057/2366/283
f 1057/2355/284 1072/2367/284 1071/2368/284 1056/2369/284
f 1055/2370/285 1067/2371/285 1073/2360/285 1058/2359/285
f 1056/2369/286 1071/2368/286 1065/2325/286 1054/2372/286
f 1046/2373/275 1069/2374/275 1070/2375/275 1060/2376/275
f 1051/2377/287 1062/2378/287 1067/2371/287 1055/2370/287
f 1054/2379/288 1065/2380/288 1064/2358/288 1053/2357/288
f 1068/2314/213 1075/2381/213 1070/2315/213
f 1075/2381/213 1062/2382/213 1063/2383/213
f 1075/2381/213 1064/2384/213 1065/2385/213
f 1075/2381/213 1067/2386/213 1062/2382/213
f 1075/2381/213 1063/2383/213 1064/2384/213
f 1075/2381/213 1071/2387/213 1072/2388/213
f 1075/2381/213 1074/2389/213 1073/2390/213
f 1075/2381/213 1072/2388/213 1070/2315/213
f 1075/2381/213 1068/2314/213 1074/2389/213
f 1075/2381/213 1065/2385/213 1071/2387/213
f 1075/2381/213 1073/2390/213 1067/2386/213
f 929/2318/289 930/2195/289 962/2194/289 961/2319/289
f 846/2132/212 905/2131/212 906/2391/212 936/2100/212 904/2099/212 844/2392/212
f 1040/2050/278 1043/2321/278 1042/2320/278 1039/2047/278
f 843/2393/213 845/2394/213 847/2395/213 849/2396/213 851/2397/213 853/2398/213 855/2399/213 857/2400/213 859/2401/213 861/2402/213 863/2403/213 865/2404/213 867/2405/213 869/2406/213 871/2407/213 873/2408/213 875/2409/213 877/2410/213 879/2411/213 881/2412/213 883/2413/213 885/2414/213 887/2415/213 889/2416/213 1042/2417/213 1039/2418/213 891/2419/213 893/2420/213 895/2421/213 897/2422/213 899/2423/213 901/2424/213 903/2425/213
f 1051/2426/213 1055/2335/213 1037/2334/213 969/2427/213 970/2428/213 971/2429/213 972/2430/213 973/2431/213 974/2432/213 975/2433/213 976/2434/213 977/2435/213 978/2436/213 979/2437/213 980/2438/213 981/2439/213 982/2440/213 983/2441/213 984/2442/213 985/2443/213 1038/2344/213 1054/2343/213 1053/2444/213 1052/2445/213
f 1018/2332/213 1059/2331/213 1061/2446/213 1041/2306/213 1011/2309/213 1012/2447/213 1013/2448/213 1014/2449/213 1015/2450/213 1016/2451/213 1017/2452/213
